PAY_4,unemp_x_delinquency,total_delinquency,PAY_5,PAY_6,PAY_1,PAY_2,max_delinquency,PAY_AMT5,PAY_AMT4,PAY_AMT2,AGE,cpi_risk_norm,rate_x_delinquency,avg_payment,PAY_AMT6,PAY_3,PAY_AMT1,PAY_AMT3,LIMIT_BAL,true,pred
0.1111111111111111,0.083631554056889,0.05555555555555555,0.1111111111111111,0.1111111111111111,0.3333333333333333,0.1111111111111111,0.25,-1.4809843220475034,-1.4978381506157068,0.2199904243904509,-0.7958621975017078,-0.1995852013098598,0.0836315540568891,-0.07755055680925535,-1.2558335710649353,0.1111111111111111,0.24173255425619858,0.18040838650574129,0.3871513198050401,0,1
0.1111111111111111,-0.4668695745617363,0.0,0.1111111111111111,0.1111111111111111,0.1111111111111111,0.1111111111111111,0.0,0.2846185206312057,0.2759431547214016,0.4926873395741765,0.74923519556253,-0.2844958199592799,-0.4668695745617363,0.757509272893091,0.30567126224700725,0.1111111111111111,0.5270853668270672,0.3091352594538665,0.0869332819236188,1,0
0.1111111111111111,-0.4668695745617363,0.0,0.0,0.0,0.0,0.0,0.0,0.06180671916679205,-0.17052796553103527,-0.2997212096546743,-0.6416298188340922,-0.2844958199592799,-0.4668695745617363,-0.6905718076246504,0.04710436391588156,0.0,-2.4349041406302154,-1.8377883046032708,0.5191192900072952,1,0
0.1111111111111111,-0.4668695745617363,0.0,0.1111111111111111,0.1111111111111111,0.1111111111111111,0.1111111111111111,0.0,0.16042040378299907,0.18992595533910941,0.2718751554032957,-1.31171478496986,-0.2844958199592799,-0.4668695745617363,0.38641451131496085,0.05693515131531388,0.1111111111111111,0.39541899694300553,0.2529015249281053,0.1673597344439074,1,0
0.3333333333333333,0.6341326826755145,0.1111111111111111,0.0,0.0,0.0,0.3333333333333333,0.25,0.11737112025250039,-0.40720384079033006,0.07573644878978295,0.1423961078279921,-0.0807105616274785,0.6341326826755145,-0.650898611958964,-1.2558335710649353,0.0,-2.4349041406302154,-1.8377883046032708,0.1673597344439074,0,1
0.3333333333333333,0.9093832469848272,0.1388888888888889,0.1111111111111111,0.1111111111111111,0.1111111111111111,0.1111111111111111,0.375,-0.19615414354798336,-0.1903938010314825,-2.476644085611099,-0.3554890506588386,0.4796887097258397,0.9093832469848272,-0.5024036294373325,-0.15928541157707074,0.4444444444444444,0.2505142518560576,-1.8377883046032708,-0.9531238224996238,0,1
0.1111111111111111,-0.4668695745617363,0.0,0.1111111111111111,0.1111111111111111,0.1111111111111111,0.1111111111111111,0.0,0.23495795030387784,0.2438839229005706,0.20593320357301978,0.74923519556253,-0.2844958199592799,-0.4668695745617363,0.36141449630092887,0.21325393916057353,0.1111111111111111,0.16481545962970515,0.2139407496668845,0.1673597344439074,1,0
0.1111111111111111,-0.4668695745617363,0.0,0.1111111111111111,0.0,0.0,0.0,0.0,-0.1789748063130828,-1.4978381506157068,-0.06351905625755919,0.4636163081257023,-0.2844958199592799,-0.4668695745617363,-0.649123719868043,-0.14181595809853542,0.0,0.0096341289758159,-1.8377883046032708,1.0629938337787594,1,0
0.1111111111111111,-0.4668695745617363,0.0,0.1111111111111111,0.1111111111111111,0.1111111111111111,0.1111111111111111,0.0,0.007237426191509312,-0.020363180020070946,-0.034586040962693326,-0.4950413083649336,-0.2844958199592799,-0.4668695745617363,-0.23053023776812961,-0.015781955055106312,0.1111111111111111,0.09434158572956174,-0.09634369408832952,-0.9531238224996238,1,0
0.0,-0.4668695745617363,0.0,0.0,0.0,0.0,0.0,0.0,-1.4809843220475034,-1.4978381506157068,-2.476644085611099,1.2366750160392723,-0.2844958199592799,-0.4668695745617363,0.05289396051336311,-1.2558335710649353,0.0,0.396675588752636,0.36617670021222426,-0.2847917733012345,1,0
0.0,-0.1916190102524236,0.027777777777777776,0.0,0.0,0.2222222222222222,0.0,0.125,0.33687966201807745,-1.4978381506157068,0.9808760608028969,-0.6416298188340922,-0.2462860203394923,-0.1916190102524235,1.0409821233285375,-1.2558335710649353,0.0,-2.4349041406302154,0.6133827888783597,0.5191192900072952,1,0
0.1111111111111111,-0.4668695745617363,0.0,0.1111111111111111,0.1111111111111111,0.1111111111111111,0.1111111111111111,0.0,-0.031672403407900916,-0.020363180020070946,0.07950741572558931,1.6391892378370123,-0.2844958199592799,-0.4668695745617363,-0.11298753047536485,0.10854127650719715,0.1111111111111111,0.051328588941306034,0.005775291400744047,-0.9531238224996238,1,0
0.1111111111111111,-0.1916190102524236,0.027777777777777776,0.1111111111111111,0.0,0.2222222222222222,0.0,0.125,-0.42846419375793426,-1.4978381506157068,-0.504636039758671,1.1620705813604253,0.0975849826884444,-0.1916190102524235,-1.6856286526473698,-0.1845109244123129,0.0,-2.4349041406302154,-1.8377883046032708,-1.666848273078999,0,1
0.1111111111111111,-0.4668695745617363,0.0,0.1111111111111111,0.1111111111111111,0.0,0.1111111111111111,0.0,-0.1037293645278738,0.14322199774777064,0.10848346083980917,-0.7958621975017078,-0.2844958199592799,-0.4668695745617363,0.6975112675956032,0.5388576644625616,0.1111111111111111,0.2711884731247592,0.12386790403924361,-0.3945035917891138,1,0
0.0,-0.1916190102524236,0.027777777777777776,0.0,0.0,0.2222222222222222,0.0,0.125,-1.4809843220475034,-1.4978381506157068,-2.476644085611099,0.74923519556253,-0.2581441931243478,-0.1916190102524235,-5.028059896155144,-1.2558335710649353,0.0,-2.4349041406302154,-1.8377883046032708,1.0152348983243975,0,1
0.1111111111111111,-0.4668695745617363,0.0,0.1111111111111111,0.0,0.1111111111111111,0.1111111111111111,0.0,-1.4809843220475034,-1.4978381506157068,-0.015011832835351221,-1.130080895470915,-0.2844958199592799,-0.4668695745617363,-0.6569989910468251,-1.2558335710649353,0.1111111111111111,-0.04260204376723723,-0.09584057324942366,-0.5135592262370264,1,0
0.0,-0.1916190102524236,0.027777777777777776,0.0,0.0,0.2222222222222222,0.0,0.125,0.16308747552679556,0.8364170640772323,0.628407104351693,0.1423961078279921,-0.269211854259697,-0.1916190102524235,1.5693596679336443,0.29700063922122183,0.0,-0.3564556978799671,0.8993054942573515,1.8373853869087895,1,0
0.1111111111111111,0.9093832469848272,0.1388888888888889,0.3333333333333333,0.1111111111111111,0.2222222222222222,0.3333333333333333,0.25,0.2589858554836899,-1.4978381506157068,0.42394216408510343,-1.130080895470915,-0.0456848708478014,0.9093832469848272,0.4131806162585744,0.2237522791285938,0.1111111111111111,-2.4349041406302154,0.4276185991964999,0.2439439807007004,0,1
0.8888888888888888,8.341148483336271,0.8888888888888888,0.8888888888888888,0.8888888888888888,0.3333333333333333,0.3333333333333333,0.875,-1.4809843220475034,-1.4978381506157068,-2.476644085611099,0.74923519556253,1.9386106998017067,8.34114848333627,-5.028059896155144,-1.2558335710649353,0.8888888888888888,-2.4349041406302154,-1.8377883046032708,-0.1828566844305228,0,1
0.0,-0.4668695745617363,0.0,0.0,0.0,0.0,0.0,0.0,-1.4809843220475034,-1.4978381506157068,-2.476644085611099,1.4469588684499963,-0.2844958199592799,-0.4668695745617363,-5.028059896155144,-1.2558335710649353,0.0,-2.4349041406302154,-1.8377883046032708,0.1673597344439074,1,0
0.1111111111111111,0.083631554056889,0.05555555555555555,0.1111111111111111,0.0,0.0,0.0,0.25,0.10550766064125434,-1.4978381506157068,-2.476644085611099,-0.95842191396722,-0.2080762207197047,0.0836315540568891,-0.6951479867601055,-1.2558335710649353,0.3333333333333333,0.04749416873223237,-1.8377883046032708,0.5191192900072952,1,0
0.1111111111111111,-0.4668695745617363,0.0,0.1111111111111111,0.1111111111111111,0.1111111111111111,0.1111111111111111,0.0,-0.09761462245019431,-0.13486887909161116,-0.11855058508097212,0.5624443361818806,-0.2844958199592799,-0.4668695745617363,-0.2150177760354202,-0.015781955055106312,0.1111111111111111,0.269688548340856,-0.24006037123132573,-1.3723900433022265,1,0
0.1111111111111111,0.9093832469848272,0.1388888888888889,0.3333333333333333,0.1111111111111111,0.2222222222222222,0.3333333333333333,0.25,-0.31854339646043844,-1.4978381506157068,-0.13387036432829214,-1.504321540361816,-0.1183661480500896,0.9093832469848272,-0.4452953844476404,0.07261259370218677,0.1111111111111111,-2.4349041406302154,0.18040838650574129,0.6999923241170234,0,1
0.0,-0.4668695745617363,0.0,0.0,0.0,0.0,0.0,0.0,-0.22887460301959633,-0.22139741587053635,-0.12571885385223677,-0.3554890506588386,-0.2844958199592799,-0.4668695745617363,-0.7965978846761278,-0.1845109244123129,0.0,-0.2888353563911394,-0.3332952455651344,0.5191192900072952,1,0
0.0,-0.4668695745617363,0.0,0.0,0.0,0.0,0.0,0.0,-1.4809843220475034,-1.4978381506157068,-2.476644085611099,0.02609689719025,-0.2844958199592799,-0.4668695745617363,-5.028059896155144,-1.2558335710649353,0.0,-2.4349041406302154,-1.8377883046032708,0.1673597344439074,1,0
0.0,-0.4668695745617363,0.0,0.0,0.0,0.0,0.0,0.0,-1.4809843220475034,-1.4978381506157068,-2.476644085611099,0.6575761498836257,-0.2844958199592799,-0.4668695745617363,-0.4363457368166084,0.20092761070071893,0.0,-2.4349041406302154,0.16544191247502313,1.486110633212629,1,0
0.1111111111111111,0.6341326826755145,0.1111111111111111,0.1111111111111111,0.1111111111111111,0.3333333333333333,0.3333333333333333,0.25,0.11363053313180634,0.12776328546361485,0.055743076375645205,-1.7090442746462755,0.0975993105394455,0.6341326826755145,-0.04652465216166876,0.1812882605018963,0.1111111111111111,-2.4349041406302154,0.07824744290209906,-0.5135592262370264,0,1
0.0,-0.4668695745617363,0.0,0.0,0.0,0.0,0.0,0.0,-1.4809843220475034,-1.4978381506157068,-2.476644085611099,-0.3554890506588386,-0.2844958199592799,-0.4668695745617363,-1.6378921616938666,-1.2558335710649353,0.0,-0.2131146983687719,-1.8377883046032708,-0.9531238224996238,1,0
0.1111111111111111,-0.4668695745617363,0.0,0.1111111111111111,0.1111111111111111,0.0,0.0,0.0,-0.031672403407900916,0.214438587242051,0.7108036730246189,1.3790049371340838,-0.2844958199592799,-0.4668695745617363,0.5822663569787954,0.27738356734502706,0.0,0.03792404477441859,0.07824744290209906,0.8643003776574393,1,0
0.0,-0.1916190102524236,0.027777777777777776,0.0,0.0,0.2222222222222222,0.0,0.125,-1.4809843220475034,-1.4978381506157068,-2.476644085611099,0.02609689719025,-0.2299105088989508,-0.1916190102524235,-5.028059896155144,-1.2558335710649353,0.0,-2.4349041406302154,-1.8377883046032708,0.0869332819236188,0,1
0.1111111111111111,0.083631554056889,0.05555555555555555,0.1111111111111111,0.3333333333333333,0.1111111111111111,0.1111111111111111,0.25,-0.1535158427037196,0.14588966808566228,-0.053015672188814825,-1.504321540361816,0.4796657853361687,0.0836315540568891,-0.4373103516761162,-1.2558335710649353,0.1111111111111111,-0.14922410356796711,-0.19492155453371052,-1.666848273078999,1,0
0.3333333333333333,1.4598843756034523,0.19444444444444442,0.1111111111111111,0.1111111111111111,0.2222222222222222,0.3333333333333333,0.25,0.20060187478420244,-0.0476719142218868,-0.1940527750620471,-1.31171478496986,1.498577642135315,1.4598843756034523,-0.40079616864682605,-1.2558335710649353,0.3333333333333333,-0.06208652614907963,-1.313637081798087,-1.3723900433022265,0,1
0.1111111111111111,-0.4668695745617363,0.0,0.0,0.1111111111111111,0.1111111111111111,0.1111111111111111,0.0,-0.031672403407900916,0.7138069025753654,-0.06552616346685829,0.3608480215924758,-0.2844958199592799,-0.4668695745617363,0.7477544378954062,-0.01668075456567136,0.1111111111111111,-0.08282810616588625,-0.09634369408832952,-1.3723900433022265,1,0
0.0,-0.4668695745617363,0.0,0.0,0.0,0.0,0.0,0.0,-0.035478982298581895,-0.20762968716860375,-0.4833659008213198,-1.130080895470915,-0.2844958199592799,-0.4668695745617363,-0.9963044491650136,-1.2558335710649353,0.0,-0.4947213291085484,-0.3170677375367942,-1.666848273078999,1,0
0.1111111111111111,-0.4668695745617363,0.0,0.1111111111111111,0.1111111111111111,0.1111111111111111,0.1111111111111111,0.0,-0.020253038243862632,-0.011778499179202916,0.032804513559662594,0.74923519556253,-0.2844958199592799,-0.4668695745617363,-0.22646189219682383,-0.002313897994419707,0.1111111111111111,-0.02369570739551127,0.008115419874778342,-0.9531238224996238,1,0
0.0,-0.4668695745617363,0.0,0.0,0.0,0.1111111111111111,0.0,0.0,0.274153556109928,0.47318346748340206,-0.504636039758671,1.0053451065944692,-0.2844958199592799,-0.4668695745617363,0.2792090457855628,-1.2558335710649353,0.0,0.12573256715338607,-0.22916569983464,0.3170934418812415,1,0
0.3333333333333333,2.8361371971500167,0.3333333333333333,0.3333333333333333,0.3333333333333333,0.3333333333333333,0.3333333333333333,0.25,0.16864486108146495,-1.4978381506157068,-0.13387036432829214,1.0053451065944692,0.6325347857855188,2.836137197150016,-0.3346827978395721,-1.2558335710649353,0.3333333333333333,0.0096341289758159,-0.01160329552774256,-0.2847917733012345,0,1
0.1111111111111111,-0.4668695745617363,0.0,0.1111111111111111,0.1111111111111111,0.1111111111111111,0.1111111111111111,0.0,0.11519722477629865,0.12914815757780418,0.16979797490495446,-0.4950413083649336,-0.2844958199592799,-0.4668695745617363,1.2258115334558424,0.1824210687319908,0.1111111111111111,1.1190788506094993,0.18482117078294227,-0.5135592262370264,1,0
0.0,-0.4668695745617363,0.0,0.0,0.0,0.1111111111111111,0.1111111111111111,0.0,-1.4809843220475034,-1.4978381506157068,-0.14082037095110164,-1.9271995283231864,-0.2844958199592799,-0.4668695745617363,0.06500553073846307,-1.2558335710649353,0.1111111111111111,0.5270853668270672,0.07824744290209906,-0.9531238224996238,1,0
0.0,-0.4668695745617363,0.0,0.0,0.0,0.0,0.0,0.0,0.20342236012512438,0.17868724336576913,0.0104722896034069,0.8376265013727084,-0.2844958199592799,-0.4668695745617363,0.38344154516105805,0.3225308677172867,0.0,0.24860886393122,0.18515109682036698,1.1095988810204689,1,0
0.0,-0.1916190102524236,0.027777777777777776,0.0,0.0,0.2222222222222222,0.0,0.125,-1.4809843220475034,-1.4978381506157068,-2.476644085611099,0.6575761498836257,-0.2590225777575635,-0.1916190102524235,-5.028059896155144,-1.2558335710649353,0.0,-2.4349041406302154,-1.8377883046032708,1.0629938337787594,0,1
0.1111111111111111,-0.4668695745617363,0.0,0.1111111111111111,0.1111111111111111,0.1111111111111111,0.1111111111111111,0.0,0.28368844135924903,0.12776328546361485,0.034791834629782185,-1.130080895470915,-0.2844958199592799,-0.4668695745617363,0.9861057151624717,0.6461596890355495,0.1111111111111111,0.08136281572751122,0.07824744290209906,-0.2847917733012345,1,0
0.3333333333333333,0.6341326826755145,0.1111111111111111,0.1111111111111111,0.1111111111111111,0.3333333333333333,0.1111111111111111,0.25,-1.4809843220475034,-1.4978381506157068,0.21961315785587668,-0.95842191396722,-0.1146745826604397,0.6341326826755145,-0.5757926869969202,-1.2558335710649353,0.1111111111111111,-0.08282810616588625,-1.8377883046032708,0.3871513198050401,0,1
0.1111111111111111,-0.4668695745617363,0.0,0.1111111111111111,0.1111111111111111,0.1111111111111111,0.1111111111111111,0.0,0.11363053313180634,0.12776328546361485,0.25535628738857397,1.0053451065944692,-0.2844958199592799,-0.4668695745617363,0.2697737800062164,0.10854127650719715,0.1111111111111111,0.2481498860704566,0.24353148867454516,-0.2847917733012345,1,0
0.0,-0.4668695745617363,0.0,0.0,0.0,0.1111111111111111,0.1111111111111111,0.0,0.32963059030568115,0.14696702787393595,-0.18622478088858616,-0.95842191396722,-0.2844958199592799,-0.4668695745617363,0.006010933531714253,-0.061249333332234875,0.1111111111111111,-0.18016479727277124,-0.020204480265315877,1.3273719327921307,1,0
0.1111111111111111,0.083631554056889,0.05555555555555555,0.1111111111111111,0.3333333333333333,0.1111111111111111,0.1111111111111111,0.25,-1.4809843220475034,0.12776328546361485,-0.060200737786788555,1.6391892378370123,0.2249537406391757,0.0836315540568891,-0.2567850406009787,0.05693515131531388,0.1111111111111111,-0.08282810616588625,0.022032598257449288,-1.3723900433022265,1,0
0.1111111111111111,-0.4668695745617363,0.0,0.1111111111111111,0.1111111111111111,0.1111111111111111,0.1111111111111111,0.0,0.11363053313180634,0.10760500091082818,0.5983105583578366,0.6575761498836257,-0.2844958199592799,-0.4668695745617363,0.6792238932008211,0.10854127650719715,0.1111111111111111,0.5488416372394338,0.3465395667932836,1.0152348983243975,1,0
0.1111111111111111,1.18463381129414,0.16666666666666666,0.1111111111111111,0.1111111111111111,0.3333333333333333,0.3333333333333333,0.25,-1.4809843220475034,-1.4978381506157068,-2.476644085611099,-0.0953809513297535,4.300244586254379,1.18463381129414,-0.7232900808057157,-1.2558335710649353,0.3333333333333333,0.13997425265217076,-0.09634369408832952,-2.102083711231995,0,1
0.1111111111111111,-0.1916190102524236,0.027777777777777776,0.0,0.0,0.2222222222222222,0.0,0.125,0.4487892222296892,0.29249669602588063,0.3307536368157761,-0.7958621975017078,-0.2572030669556937,-0.1916190102524235,1.2023462707578552,0.6836802390836514,0.0,0.3088049825494304,-1.8377883046032708,0.9662521913648202,1,0
0.1111111111111111,-0.1916190102524236,0.027777777777777776,0.0,0.1111111111111111,0.2222222222222222,0.0,0.125,0.05331580804312823,0.6754927875721165,0.16869886832993028,0.6575761498836257,-0.1571313071385413,-0.1916190102524235,0.9355211651627895,0.10854127650719715,0.1111111111111111,0.6274931589922003,0.1820826766643028,-0.7891132362483021,1,0
0.1111111111111111,0.083631554056889,0.05555555555555555,0.3333333333333333,0.1111111111111111,0.1111111111111111,0.1111111111111111,0.25,0.11363053313180634,-1.4978381506157068,-0.060200737786788555,1.3089470244281944,0.0211779919147679,0.0836315540568891,-0.22490377837556208,-0.015781955055106312,0.1111111111111111,0.0096341289758159,0.07824744290209906,-0.9531238224996238,1,0
0.1111111111111111,0.9093832469848272,0.1388888888888889,0.1111111111111111,0.0,0.2222222222222222,0.3333333333333333,0.25,-1.4809843220475034,-1.4978381506157068,-2.476644085611099,-0.222430806752854,-0.0722192733357296,0.9093832469848272,-1.5733736971041308,-1.2558335710649353,0.3333333333333333,-0.2131146983687719,-0.6671070807379125,0.3871513198050401,0,1
0.1111111111111111,0.083631554056889,0.05555555555555555,0.3333333333333333,0.1111111111111111,0.1111111111111111,0.1111111111111111,0.25,-0.17687068600338346,-1.4978381506157068,-0.13387036432829214,-1.504321540361816,1.24375098211194,0.0836315540568891,-0.5254019068435359,-0.18177752305139036,0.1111111111111111,-0.12881500849105557,0.07824744290209906,-2.102083711231995,1,0
0.1111111111111111,-0.4668695745617363,0.0,0.1111111111111111,0.0,0.0,0.0,0.0,-0.16075689160850876,-1.4978381506157068,-0.03560608231555398,-1.7090442746462755,-0.2844958199592799,-0.4668695745617363,-0.8341914451960472,-0.1845109244123129,0.0,-0.27065710253046665,-1.8377883046032708,-0.9531238224996238,1,0
0.1111111111111111,-0.4668695745617363,0.0,0.1111111111111111,0.1111111111111111,0.1111111111111111,0.1111111111111111,0.0,0.2993978021609803,0.31492470755012675,0.3784416058114561,1.0850063694144667,-0.2844958199592799,-0.4668695745617363,0.6183393579878068,0.27295236848406923,0.1111111111111111,0.3323293432228687,0.29008675168904885,0.1673597344439074,1,0
0.3333333333333333,1.18463381129414,0.16666666666666666,0.3333333333333333,0.3333333333333333,0.1111111111111111,0.1111111111111111,0.25,0.19865366409457927,0.4241497408825051,0.4926873395741765,-0.95842191396722,0.0430160464026946,1.18463381129414,0.46182459082024946,-1.2558335710649353,0.1111111111111111,0.30420801898878946,-1.8377883046032708,0.0869332819236188,0,1
0.1111111111111111,-0.4668695745617363,0.0,0.1111111111111111,0.1111111111111111,0.1111111111111111,0.1111111111111111,0.0,0.6816248233933566,0.49224552210794104,1.024398316315675,-0.3554890506588386,-0.2844958199592799,-0.4668695745617363,1.5433002711255852,0.470118235455667,0.1111111111111111,0.5857128759064493,0.5860216664245851,1.561142456786503,1,0
0.1111111111111111,1.7351349399127654,0.2222222222222222,0.3333333333333333,0.3333333333333333,0.3333333333333333,0.3333333333333333,0.25,0.06684590165054824,-1.4978381506157068,-0.1074461255133846,-1.504321540361816,2.7721506012225148,1.7351349399127651,-0.660295692859604,-1.2558335710649353,0.1111111111111111,-2.4349041406302154,0.005775291400744047,-1.666848273078999,0,1
0.3333333333333333,2.8361371971500167,0.3333333333333333,0.3333333333333333,0.3333333333333333,0.3333333333333333,0.3333333333333333,0.25,-0.03146293855160058,0.1754623776158648,0.06641653765401391,-1.9271995283231864,2.7722015436314544,2.836137197150016,-0.3814908206885813,-0.9065623779158363,0.3333333333333333,-0.2131146983687719,-1.8377883046032708,-1.3723900433022265,0,1
0.3333333333333333,2.2856360685313915,0.2777777777777778,0.3333333333333333,0.1111111111111111,0.3333333333333333,0.3333333333333333,0.25,0.18418539902762215,-1.4978381506157068,0.14591209917705136,-0.6416298188340922,0.6707420062875338,2.2856360685313906,0.300239688319546,0.3144271790189087,0.3333333333333333,0.2773988829603999,0.1134598899578306,-0.5135592262370264,0,1
0.1111111111111111,0.083631554056889,0.05555555555555555,0.1111111111111111,0.0,0.0,0.3333333333333333,0.25,-1.4809843220475034,-1.4978381506157068,-0.7785468623026306,0.02609689719025,-0.2420403927034826,0.0836315540568891,-2.0085244155019844,-0.18042627536073494,0.1111111111111111,-2.4349041406302154,-1.8377883046032708,1.3273719327921307,1,0
0.0,-0.1916190102524236,0.027777777777777776,0.0,0.0,0.2222222222222222,0.0,0.125,-1.4809843220475034,-1.4978381506157068,-2.476644085611099,1.5129114345882186,-0.2737324574657663,-0.1916190102524235,-5.028059896155144,-1.2558335710649353,0.0,-2.4349041406302154,-1.8377883046032708,2.43337711773284,0,1
0.1111111111111111,0.083631554056889,0.05555555555555555,0.1111111111111111,0.0,0.0,0.0,0.25,-1.4809843220475034,-1.4978381506157068,-2.476644085611099,1.3089470244281944,0.4796657853361687,0.0836315540568891,-1.5345473448067248,-1.2558335710649353,0.3333333333333333,-0.1626704783002936,-1.8377883046032708,-1.666848273078999,1,0
0.1111111111111111,-0.4668695745617363,0.0,0.1111111111111111,0.1111111111111111,0.1111111111111111,0.1111111111111111,0.0,0.16864486108146495,0.214438587242051,0.16869886832993028,-1.31171478496986,-0.2844958199592799,-0.4668695745617363,0.300239688319546,0.1812882605018963,0.1111111111111111,0.2481498860704566,0.18040838650574129,-0.3945035917891138,1,0
0.3333333333333333,0.6341326826755145,0.1111111111111111,0.0,0.3333333333333333,0.1111111111111111,0.1111111111111111,0.25,-1.4809843220475034,0.1754623776158648,0.16869886832993028,0.1423961078279921,-0.1971589479645469,0.6341326826755145,0.18088555051181665,0.27295236848406923,0.1111111111111111,0.31663300104543846,-1.8377883046032708,1.285678693674575,0,1
0.1111111111111111,-0.4668695745617363,0.0,0.1111111111111111,0.1111111111111111,0.1111111111111111,0.1111111111111111,0.0,0.46140713546779055,0.3236529324331165,0.33742708388807957,-0.3554890506588386,-0.2844958199592799,-0.4668695745617363,0.7693957905944278,0.2799907094430656,0.1111111111111111,0.36283016970125886,0.3752560712052453,0.6417328970763176,1,0
0.1111111111111111,0.083631554056889,0.05555555555555555,0.3333333333333333,0.1111111111111111,0.1111111111111111,0.1111111111111111,0.25,0.08943258073734779,-1.4978381506157068,0.11085280978749044,0.3608480215924758,-0.0661561352760001,0.0836315540568891,0.1341293189228295,0.10719070664972187,0.1111111111111111,0.06703248366894908,0.3529744837312432,-0.6440902286753902,1,0
0.0,-0.4668695745617363,0.0,0.0,0.0,0.0,0.0,0.0,0.3057862080103784,0.3236529324331165,0.5131031692505524,-1.130080895470915,-0.2844958199592799,-0.4668695745617363,0.6215835489450211,0.28669696074197043,0.0,0.09953799120194902,0.2529015249281053,1.3273719327921307,1,0
0.1111111111111111,-0.4668695745617363,0.0,0.1111111111111111,0.1111111111111111,0.1111111111111111,0.1111111111111111,0.0,-0.1386932439311027,-0.12946365119646047,0.0809464037658137,-0.222430806752854,-0.2844958199592799,-0.4668695745617363,-0.33404014502269297,-0.10735048804702164,0.1111111111111111,-0.012312336475528375,-0.04237391369570947,-0.9531238224996238,1,0
0.3333333333333333,1.4598843756034523,0.19444444444444442,0.1111111111111111,0.1111111111111111,0.0,0.4444444444444444,0.375,-0.24620309161875784,-0.24569901810638894,-0.1482068947908121,0.9229385817157996,1.498577642135315,1.4598843756034523,-1.0828356361830347,-0.19686166059755505,0.3333333333333333,-2.4349041406302154,-0.6720016705797187,-1.3723900433022265,0,1
0.1111111111111111,-0.4668695745617363,0.0,0.1111111111111111,0.1111111111111111,0.1111111111111111,0.1111111111111111,0.0,-0.25696334947661975,-0.16838295792244487,-0.038891540158578077,-0.7958621975017078,-0.2844958199592799,-0.4668695745617363,-0.5446712551415699,-0.14001564323410587,0.1111111111111111,-0.024230948184563922,-0.27080908240809903,-0.9531238224996238,1,0
0.0,-0.4668695745617363,0.0,0.0,0.0,0.0,0.0,0.0,0.2335421134143391,0.26970627842843103,0.37908285920187135,0.5624443361818806,-0.2844958199592799,-0.4668695745617363,0.5056419933648467,0.20991966580956267,0.0,0.19832123113362407,0.32978753671742406,0.9662521913648202,1,0
0.0,-0.1916190102524236,0.027777777777777776,0.0,0.0,0.2222222222222222,0.0,0.125,-0.031672403407900916,0.12776328546361485,-0.1940527750620471,-0.4950413083649336,-0.2420405106345698,-0.1916190102524235,-0.4552487516460558,0.10854127650719715,0.0,-2.4349041406302154,-1.8377883046032708,0.3871513198050401,1,0
0.1111111111111111,-0.4668695745617363,0.0,0.1111111111111111,0.1111111111111111,0.1111111111111111,0.1111111111111111,0.0,0.3373132392364718,0.36295675613235856,0.38076749455651904,0.2538723316408949,-0.2844958199592799,-0.4668695745617363,1.0015820714727937,0.3102776052607857,0.1111111111111111,0.8217492689856853,0.3366134795080822,0.5191192900072952,1,0
0.1111111111111111,0.083631554056889,0.05555555555555555,0.1111111111111111,0.1111111111111111,0.3333333333333333,0.1111111111111111,0.25,-0.06279104414039147,-0.11468542767022451,-0.08297964862498919,-1.7090442746462755,0.4796657853361687,0.0836315540568891,-0.28344402564916354,0.10854127650719715,0.1111111111111111,-0.06714785871571029,-0.030269367775838486,-1.666848273078999,0,1
0.1111111111111111,-0.4668695745617363,0.0,0.1111111111111111,0.0,0.1111111111111111,0.1111111111111111,0.0,-1.4809843220475034,-1.4978381506157068,-0.060200737786788555,1.5129114345882186,-0.2844958199592799,-0.4668695745617363,0.1075940141604836,-1.2558335710649353,0.1111111111111111,0.5745895413616111,-0.10688536464147705,-1.3723900433022265,1,0
0.0,-0.4668695745617363,0.0,0.1111111111111111,0.1111111111111111,0.0,0.0,0.0,-0.005687182925108412,0.05456350937976096,0.2683112057194897,1.3790049371340838,-0.2844958199592799,-0.4668695745617363,1.2866882672270719,0.27295236848406923,0.0,0.3647003527839023,0.9587978162159532,0.5814972662319737,1,0
0.1111111111111111,0.6341326826755145,0.1111111111111111,0.1111111111111111,0.1111111111111111,0.3333333333333333,0.3333333333333333,0.25,0.2185142480175868,0.25406944149657135,0.27460302385729995,1.5129114345882186,0.0211810486223196,0.6341326826755145,0.28586575620272703,0.20379951016410267,0.1111111111111111,-2.4349041406302154,0.2498592335544538,-0.2847917733012345,0,1
0.0,-0.1916190102524236,0.027777777777777776,0.0,0.0,0.2222222222222222,0.0,0.125,0.3232829551964475,-1.4978381506157068,0.017853675089789346,1.9258553163226204,-0.2526542937416511,-0.1916190102524235,0.13100068389753539,0.3333354774730562,0.0,-0.696009428330851,-1.8377883046032708,0.7564222381735122,1,0
0.0,-0.4668695745617363,0.0,0.0,0.1111111111111111,0.0,0.0,0.0,-1.4809843220475034,0.2830399071466619,-2.476644085611099,-1.504321540361816,-0.2844958199592799,-0.4668695745617363,-0.20278910554807467,0.13314678911561498,0.0,0.06283747218401088,-1.8377883046032708,0.6999923241170234,1,0
0.3333333333333333,1.4598843756034523,0.19444444444444442,0.1111111111111111,0.1111111111111111,0.2222222222222222,0.3333333333333333,0.25,0.3057862080103784,-0.020363180020070946,0.16869886832993028,-0.3554890506588386,0.60705576978589,1.4598843756034523,-0.11740473814974728,-0.015781955055106312,0.3333333333333333,-2.4349041406302154,-1.8377883046032708,-0.7891132362483021,0,1
0.1111111111111111,-0.4668695745617363,0.0,0.1111111111111111,0.1111111111111111,0.1111111111111111,0.1111111111111111,0.0,0.5986575069612913,0.46535165651756244,0.5608737646357244,0.1423961078279921,-0.2844958199592799,-0.4668695745617363,1.2009126299718649,0.41445291328806366,0.1111111111111111,0.61362120221367,0.47089929258657703,1.1095988810204689,1,0
0.0,-0.1916190102524236,0.027777777777777776,0.0,0.0,0.2222222222222222,0.0,0.125,-1.4809843220475034,-1.4978381506157068,-2.476644085611099,-0.7958621975017078,-0.2208130328678629,-0.1916190102524235,-5.028059896155144,-1.2558335710649353,0.0,-2.4349041406302154,-1.8377883046032708,-0.0875094222424097,0,1
0.1111111111111111,0.6341326826755145,0.1111111111111111,0.1111111111111111,0.1111111111111111,0.3333333333333333,0.3333333333333333,0.25,0.24833870910986947,0.272386000952281,0.33742708388807957,-1.31171478496986,-0.0297646715936118,0.6341326826755145,0.26755887628083247,0.10854127650719715,0.1111111111111111,-2.4349041406302154,0.19334175121249722,-0.0875094222424097,0,1
0.0,-0.4668695745617363,0.0,0.0,0.0,0.1111111111111111,0.1111111111111111,0.0,-0.3312611711923831,-1.4978381506157068,-2.476644085611099,-1.130080895470915,-0.2844958199592799,-0.4668695745617363,-0.2566217529609218,0.20178334479930826,0.1111111111111111,0.27033223006329665,-1.8377883046032708,-0.9531238224996238,1,0
0.1111111111111111,0.9093832469848272,0.1388888888888889,0.1111111111111111,0.1111111111111111,0.2222222222222222,0.3333333333333333,0.25,-0.011697378387615939,-0.020363180020070946,-2.476644085611099,-1.504321540361816,0.9891280815368592,0.9093832469848272,-0.2989254434999257,0.05693515131531388,0.3333333333333333,0.0096341289758159,0.07824744290209906,-1.3723900433022265,0,1
0.0,-0.4668695745617363,0.0,0.1111111111111111,0.0,0.0,0.0,0.0,-0.036978175257168934,-0.5108694033197995,0.3393374357004491,1.0850063694144667,-0.2844958199592799,-0.4668695745617363,0.07033401112928495,-0.26053029706890873,0.1111111111111111,-0.09161540606706751,0.3314537720242779,0.5191192900072952,1,0
0.3333333333333333,3.111387761459329,0.3611111111111111,0.4444444444444444,0.3333333333333333,0.3333333333333333,0.3333333333333333,0.375,-1.4809843220475034,-1.4978381506157068,-2.476644085611099,-1.31171478496986,3.026926323930682,3.1113877614593286,0.22279254580123545,0.4805240422790004,0.3333333333333333,-2.4349041406302154,-0.14386638314896705,-1.3723900433022265,0,1
0.0,-0.4668695745617363,0.0,0.0,0.0,0.0,0.0,0.0,-0.13115135523840257,0.0866461738814739,-0.18047314591531022,-0.7958621975017078,-0.2844958199592799,-0.4668695745617363,-0.45723540580071587,-0.10089754224503887,0.0,-0.19989679268035127,-0.09533845464392833,-0.2847917733012345,1,0
0.3333333333333333,1.4598843756034523,0.19444444444444442,0.1111111111111111,0.1111111111111111,0.2222222222222222,0.3333333333333333,0.25,0.11363053313180634,0.066276523690121,0.2637189492662903,0.4636163081257023,-0.1953393236596071,1.4598843756034523,-0.08513008977797318,0.1812882605018963,0.3333333333333333,-2.4349041406302154,-1.8377883046032708,2.140314080450793,0,1
0.1111111111111111,-0.4668695745617363,0.0,0.1111111111111111,0.1111111111111111,0.1111111111111111,0.1111111111111111,0.0,0.11363053313180634,-0.06564077290971382,0.034791834629782185,-1.7090442746462755,-0.2844958199592799,-0.4668695745617363,-0.26392732643442585,-0.1026345547097686,0.1111111111111111,0.004776175070544459,-0.21749787014544092,-0.7891132362483021,1,0
0.1111111111111111,-0.4668695745617363,0.0,0.0,0.0,0.0,0.0,0.0,0.1552404113136291,0.21839244898306953,0.3984783081391995,-0.6416298188340922,-0.2844958199592799,-0.4668695745617363,0.2339198511431092,0.18283662347702082,0.0,0.07761207039063552,-1.8377883046032708,-0.9531238224996238,1,0
0.0,0.6341326826755145,0.1111111111111111,0.0,0.0,0.3333333333333333,0.3333333333333333,0.25,-1.4809843220475034,-1.4978381506157068,-2.476644085611099,1.0850063694144667,-0.1995849654476854,0.6341326826755145,-5.028059896155144,-1.2558335710649353,0.0,-2.4349041406302154,-1.8377883046032708,1.3273719327921307,0,1
0.3333333333333333,2.8361371971500167,0.3333333333333333,0.3333333333333333,0.4444444444444444,0.2222222222222222,0.3333333333333333,0.375,0.3057862080103784,0.3236529324331165,-0.060200737786788555,-1.7090442746462755,4.300473811813412,2.836137197150016,0.07620860033444504,-0.0346731798337947,0.3333333333333333,-0.2131146983687719,-1.8377883046032708,-1.666848273078999,0,1
0.1111111111111111,0.083631554056889,0.05555555555555555,0.1111111111111111,0.1111111111111111,0.3333333333333333,0.1111111111111111,0.25,-0.031672403407900916,-0.12946365119646047,0.0,-1.31171478496986,-0.1455516624742182,0.0836315540568891,0.07620860033444504,0.27295236848406923,0.1111111111111111,0.13997425265217076,0.07824744290209906,-0.1828566844305228,0,1
0.3333333333333333,2.8361371971500167,0.3333333333333333,0.3333333333333333,0.3333333333333333,0.3333333333333333,0.3333333333333333,0.25,-1.4809843220475034,0.2534171714435722,0.21961315785587668,0.02609689719025,0.3705279127646692,2.836137197150016,0.422287058427118,0.21400316754995638,0.3333333333333333,0.47132720481592627,0.21925214039343546,0.0869332819236188,0,1
0.3333333333333333,3.6618888900779543,0.41666666666666663,0.5555555555555556,0.4444444444444444,0.3333333333333333,0.3333333333333333,0.5,-1.4809843220475034,-1.4978381506157068,0.034791834629782185,1.6996876816479582,3.536375884529138,3.661888890077954,-0.15133418564170553,-0.015781955055106312,0.3333333333333333,0.13997425265217076,0.21925214039343546,-1.3723900433022265,0,1
0.1111111111111111,0.9093832469848272,0.1388888888888889,0.1111111111111111,0.1111111111111111,0.2222222222222222,0.3333333333333333,0.25,0.3057862080103784,0.3320388515893662,-2.476644085611099,0.5624443361818806,-0.0115692646576344,0.9093832469848272,0.5685411528165828,0.27295236848406923,0.3333333333333333,0.4123958978726874,0.35508346069795704,0.0869332819236188,0,1
0.3333333333333333,1.7351349399127654,0.2222222222222222,0.3333333333333333,0.3333333333333333,0.1111111111111111,0.1111111111111111,0.25,0.11363053313180634,-1.4978381506157068,0.034791834629782185,1.3089470244281944,0.3268579172039191,1.7351349399127651,-0.22490377837556208,-1.2558335710649353,0.3333333333333333,0.18953232746223397,-0.09634369408832952,-0.2847917733012345,0,1
0.0,-0.4668695745617363,0.0,0.0,0.0,0.0,0.0,0.0,0.13179631348480716,0.21923027754021632,0.575301608427886,0.3608480215924758,-0.2844958199592799,-0.4668695745617363,0.7243252849199471,0.19520828654665148,0.0,0.5560626821572658,0.35415768402366693,0.1673597344439074,1,0
0.1111111111111111,0.3588821183662018,0.08333333333333333,0.1111111111111111,0.1111111111111111,0.2222222222222222,0.3333333333333333,0.25,0.4290728839133621,0.3011257616335053,0.4031137305813003,1.5769583967038283,-0.0934474586850288,0.3588821183662018,0.6094871959838606,0.2618486501379135,0.1111111111111111,-2.4349041406302154,0.34215650631874583,-0.0875094222424097,1,0
0.1111111111111111,0.9093832469848272,0.1388888888888889,0.3333333333333333,0.1111111111111111,0.2222222222222222,0.3333333333333333,0.25,0.006539905894159156,-1.4978381506157068,-0.043881809452999555,-1.7090442746462755,1.6259081932793418,0.9093832469848272,-0.2926893565317833,0.14857534644596138,0.1111111111111111,-2.4349041406302154,0.12376276808084535,-1.666848273078999,0,1
0.0,-0.4668695745617363,0.0,0.0,0.0,0.0,0.0,0.0,-1.4809843220475034,0.36508116564535387,0.6677770566671215,0.6575761498836257,-0.2844958199592799,-0.4668695745617363,0.5591454334317952,-1.2558335710649353,0.0,-0.31818782496718123,0.4086526016896813,1.8373853869087895,1,0
0.1111111111111111,0.3588821183662018,0.08333333333333333,0.1111111111111111,0.1111111111111111,0.2222222222222222,0.3333333333333333,0.25,-0.2802961560058283,-0.28164738747805435,-0.11230678732209605,1.4469588684499963,2.00787438314755,0.3588821183662018,-0.7206517656209128,-0.015781955055106312,0.1111111111111111,-2.0816009388130823,-0.06467616788376504,-2.102083711231995,0,1
0.3333333333333333,1.4598843756034523,0.19444444444444442,0.0,0.0,0.2222222222222222,0.3333333333333333,0.25,-1.4809843220475034,-1.4978381506157068,-2.476644085611099,-0.7958621975017078,0.0976013574630238,1.4598843756034523,-1.181084203433356,-1.2558335710649353,0.3333333333333333,0.0096341289758159,-1.8377883046032708,0.0869332819236188,0,1
0.1111111111111111,0.083631554056889,0.05555555555555555,0.1111111111111111,0.1111111111111111,0.0,0.3333333333333333,0.25,-1.4809843220475034,-1.4978381506157068,-0.08180262161684389,-1.31171478496986,0.2249537406391757,0.0836315540568891,-0.4758434306326321,-0.018674100402803866,0.0,-2.4349041406302154,0.2139407496668845,-1.3723900433022265,1,0
0.3333333333333333,1.18463381129414,0.16666666666666666,0.3333333333333333,0.3333333333333333,0.1111111111111111,0.1111111111111111,0.25,-1.4809843220475034,-0.04287136549723655,-0.060200737786788555,-0.7958621975017078,-0.1263860589496875,1.18463381129414,-0.5249119834713413,-0.055789143861963854,0.1111111111111111,-0.15453537925888908,-0.09634369408832952,1.0152348983243975,1,0
0.3333333333333333,1.7351349399127654,0.2222222222222222,0.3333333333333333,0.3333333333333333,0.0,0.0,0.25,-0.6186091650643002,-1.4978381506157068,-0.8921574195960921,0.6575761498836257,1.7533024224345426,1.7351349399127651,-1.9788579444882053,-0.517973284904083,0.3333333333333333,-0.5455826219529935,-1.8377883046032708,-1.3723900433022265,0,1
0.0,-0.4668695745617363,0.0,0.0,0.0,0.0,0.0,0.0,-1.4809843220475034,0.019125198902278005,-0.5123298419798108,0.3608480215924758,-0.2844958199592799,-0.4668695745617363,-0.5534330453880661,-1.2558335710649353,0.0,-0.37610881610861485,0.1792297309204131,-2.102083711231995,1,0
0.0,-0.4668695745617363,0.0,0.0,0.1111111111111111,0.0,0.0,0.0,0.23098125874457032,0.8111288595264408,0.2895985300192899,-1.504321540361816,-0.2844958199592799,-0.4668695745617363,1.136796497630734,0.10854127650719715,0.0,-0.09107446653479219,0.3712698683521392,0.0869332819236188,1,0
0.1111111111111111,-0.4668695745617363,0.0,0.1111111111111111,0.1111111111111111,0.1111111111111111,0.1111111111111111,0.0,0.37635904418299726,0.24739437221879784,0.5315972218020605,0.3608480215924758,-0.2844958199592799,-0.4668695745617363,0.7659218601633497,0.27295236848406923,0.1111111111111111,0.38856701644178904,0.39393321331111475,0.3170934418812415,1,0
0.3333333333333333,2.010385504222078,0.25,0.1111111111111111,0.1111111111111111,0.4444444444444444,0.3333333333333333,0.375,-0.24913711197965666,-0.21599673831435315,0.1795287835743337,1.3790049371340838,3.154231403870239,2.0103855042220777,-0.4715373574182541,0.10854127650719715,0.3333333333333333,-2.4349041406302154,-1.8377883046032708,-1.666848273078999,0,1
0.1111111111111111,-0.4668695745617363,0.0,0.1111111111111111,0.1111111111111111,0.0,0.1111111111111111,0.0,0.3057862080103784,0.3236529324331165,0.33742708388807957,-0.7958621975017078,-0.2844958199592799,-0.4668695745617363,1.0899067452683302,0.232909330105537,0.1111111111111111,0.9299389832772492,0.42758709717101306,-0.0875094222424097,1,0
0.0,-0.4668695745617363,0.0,0.0,0.0,0.0,0.0,0.0,-1.4809843220475034,-0.04358461395942979,-0.39330356884437706,1.2366750160392723,-0.2844958199592799,-0.4668695745617363,-0.3124044854302929,0.10881017526490083,0.0,0.13997425265217076,-0.09634369408832952,0.0021753538983214,1,0
0.3333333333333333,0.6341326826755145,0.1111111111111111,0.0,0.3333333333333333,0.1111111111111111,0.1111111111111111,0.25,-1.4809843220475034,0.3797510958821628,-0.04619445169806665,1.0850063694144667,-0.1046851568747772,0.6341326826755145,-0.043618905808201526,0.18803789901264062,0.0,-2.4349041406302154,-1.8377883046032708,0.3170934418812415,0,1
0.3333333333333333,1.7351349399127654,0.2222222222222222,0.3333333333333333,0.3333333333333333,0.1111111111111111,0.1111111111111111,0.25,0.11363053313180634,-0.020363180020070946,-0.1940527750620471,1.6996876816479582,1.7533024224345426,1.7351349399127651,-0.353312973572868,-1.2558335710649353,0.3333333333333333,0.13997425265217076,-1.8377883046032708,-1.3723900433022265,0,1
0.1111111111111111,0.3588821183662018,0.08333333333333333,0.1111111111111111,0.1111111111111111,0.2222222222222222,0.3333333333333333,0.25,0.34402645711219737,0.21600061950035476,0.16869886832993028,-0.6416298188340922,0.0020755279147641,0.3588821183662018,0.25531795713675326,0.16890900987517174,0.1111111111111111,-2.4349041406302154,0.15793327657258968,-0.5135592262370264,1,0
0.1111111111111111,-0.1916190102524236,0.027777777777777776,0.1111111111111111,0.1111111111111111,0.2222222222222222,0.0,0.125,-0.02937971352558223,-0.037712321184419764,0.034791834629782185,0.5624443361818806,-0.2572030669556937,-0.1916190102524235,0.9298907432432457,0.27295236848406923,0.1111111111111111,0.9615980916882605,-0.06556606627182392,0.9662521913648202,1,0
0.1111111111111111,-0.4668695745617363,0.0,0.1111111111111111,0.1111111111111111,0.1111111111111111,0.1111111111111111,0.0,0.5752018820197092,0.6201088676968384,0.7784856885019996,1.3089470244281944,-0.2844958199592799,-0.4668695745617363,1.9121431464457619,0.8428372211067278,0.1111111111111111,0.7338225244622574,0.6456163668549717,0.8643003776574393,1,0
0.1111111111111111,-0.4668695745617363,0.0,0.1111111111111111,0.1111111111111111,0.1111111111111111,0.1111111111111111,0.0,0.4046032247727056,0.4241497408825051,0.5370577548417982,1.4469588684499963,-0.2844958199592799,-0.4668695745617363,0.9606094123210508,0.35076636680614964,0.1111111111111111,0.5307939763978908,0.42783900320732504,0.7564222381735122,1,0
0.1111111111111111,-0.4668695745617363,0.0,0.1111111111111111,0.1111111111111111,0.1111111111111111,0.1111111111111111,0.0,0.47091710672943515,0.36284997966396115,0.49342979186808666,0.2538723316408949,-0.2844958199592799,-0.4668695745617363,1.8272989532069055,0.875795442924334,0.1111111111111111,0.5270853668270672,0.48685849286680244,0.6417328970763176,1,0
0.3333333333333333,2.2856360685313915,0.2777777777777778,0.3333333333333333,0.3333333333333333,0.2222222222222222,0.2222222222222222,0.25,-0.03870476143310599,-0.03267480749045036,-2.476644085611099,-1.9271995283231864,1.2438732394109595,2.2856360685313906,-0.004725587036236798,0.0032546655521961104,0.3333333333333333,0.42047010155206693,0.030698616631191496,-0.9531238224996238,0,1
0.0,0.083631554056889,0.05555555555555555,0.0,0.0,0.3333333333333333,0.0,0.25,-1.4809843220475034,0.4296903478203643,0.07412799133137572,0.4636163081257023,-0.0661561352760001,0.0836315540568891,0.6177078596285465,-1.2558335710649353,0.0,0.02653912371846649,0.6292158782021846,-0.6440902286753902,0,1
0.1111111111111111,-0.4668695745617363,0.0,0.1111111111111111,0.1111111111111111,0.1111111111111111,0.1111111111111111,0.0,-0.031672403407900916,-0.020363180020070946,0.034791834629782185,1.0053451065944692,-0.2844958199592799,-0.4668695745617363,-0.15133418564170553,-0.015781955055106312,0.1111111111111111,0.08136281572751122,0.07824744290209906,-0.6440902286753902,1,0
0.1111111111111111,-0.4668695745617363,0.0,0.1111111111111111,0.1111111111111111,0.1111111111111111,0.1111111111111111,0.0,-0.02224715056121111,-0.00530978777127908,0.2956512045689566,-0.3554890506588386,-0.2844958199592799,-0.4668695745617363,-0.0784231002725856,-0.007546225712777239,0.1111111111111111,0.005428157925765442,-0.08143302588283054,-0.9531238224996238,1,0
0.0,-0.4668695745617363,0.0,0.0,0.0,0.0,0.0,0.0,0.14348228372656133,0.21936959706675893,0.6313915283609538,-0.3554890506588386,-0.2844958199592799,-0.4668695745617363,0.9081264286359849,-0.15888698769050652,0.0,0.8236345326520305,0.2504324671835559,0.0869332819236188,1,0
0.3333333333333333,0.9093832469848272,0.1388888888888889,0.0,0.1111111111111111,0.2222222222222222,0.0,0.25,0.45117298070474154,0.42026576641823576,-2.476644085611099,1.1620705813604253,0.0976002657677195,0.9093832469848272,0.3045896042969509,-0.04178463181474268,0.3333333333333333,-0.724647628070405,-1.8377883046032708,-0.2847917733012345,0,1
0.0,0.083631554056889,0.05555555555555555,0.0,0.0,0.3333333333333333,0.0,0.25,-0.06085535302542331,-0.2384694125069342,-0.5310110321961095,1.0850063694144667,-0.1945904884170285,0.0836315540568891,-1.0859718690169262,-1.2558335710649353,0.0,-0.5410973270256719,-0.3534173708971113,0.3170934418812415,0,1
0.0,0.083631554056889,0.05555555555555555,0.1111111111111111,0.1111111111111111,0.0,0.0,0.25,0.19865366409457927,0.12776328546361485,-2.476644085611099,-0.0953809513297535,-0.2278886360321305,0.0836315540568891,1.054542487681199,0.1812882605018963,0.3333333333333333,0.04433566587405043,0.8820489057472813,0.9159689132265976,1,0
0.1111111111111111,-0.4668695745617363,0.0,0.1111111111111111,0.1111111111111111,0.0,0.1111111111111111,0.0,-0.053751546627400455,0.018591671476249207,0.034791834629782185,-1.130080895470915,-0.2844958199592799,-0.4668695745617363,-0.2567850406009787,-0.015781955055106312,0.1111111111111111,-0.08282810616588625,0.005775291400744047,-0.9531238224996238,1,0
0.3333333333333333,2.8361371971500167,0.3333333333333333,0.3333333333333333,0.6666666666666666,0.0,0.0,0.625,0.11363053313180634,0.12776328546361485,-2.476644085611099,1.8157962335875484,0.3705279127646692,2.836137197150016,0.003205276774789403,0.1812882605018963,0.4444444444444444,0.13997425265217076,0.07824744290209906,0.0869332819236188,0,1
0.0,0.083631554056889,0.05555555555555555,0.0,0.3333333333333333,0.0,0.0,0.25,-1.4809843220475034,-0.5108694033197995,-0.3985778397275008,-0.0953809513297535,-0.1571302457764458,0.0836315540568891,-0.34495772558977633,0.17881914410368577,0.0,-0.5670610812666722,0.1935012850511174,-0.0875094222424097,1,0
0.0,-0.4668695745617363,0.0,0.0,0.1111111111111111,0.1111111111111111,0.1111111111111111,0.0,0.3057862080103784,0.4779362787432158,0.33742708388807957,-0.3554890506588386,-0.2844958199592799,-0.4668695745617363,1.0718686890677462,0.27295236848406923,0.1111111111111111,0.8803671307111754,0.3113932332565499,1.0629938337787594,1,0
0.3333333333333333,2.560886632840704,0.3055555555555555,0.3333333333333333,0.3333333333333333,0.2222222222222222,0.3333333333333333,0.25,0.14293598384450348,0.3320388515893662,0.45788174772413515,-1.130080895470915,0.4160148380463074,2.5608866328407034,0.13746831277704066,-1.2558335710649353,0.3333333333333333,-2.4349041406302154,-1.8377883046032708,-0.0875094222424097,0,1
0.1111111111111111,-0.4668695745617363,0.0,0.1111111111111111,0.1111111111111111,0.1111111111111111,0.1111111111111111,0.0,0.19865366409457927,0.3236529324331165,0.356674874839011,-1.130080895470915,-0.2844958199592799,-0.4668695745617363,0.5342028937211194,0.17972642431954644,0.1111111111111111,0.38856701644178904,0.2529015249281053,1.0152348983243975,1,0
0.1111111111111111,-0.4668695745617363,0.0,0.1111111111111111,0.1111111111111111,0.1111111111111111,0.1111111111111111,0.0,0.3015489596095801,0.31492470755012675,0.5315972218020605,-0.6416298188340922,-0.2844958199592799,-0.4668695745617363,0.8272054012916439,0.30567126224700725,0.1111111111111111,0.49675913479274253,0.42400176759450015,0.6417328970763176,1,0
0.1111111111111111,0.3588821183662018,0.08333333333333333,0.1111111111111111,0.1111111111111111,0.2222222222222222,0.3333333333333333,0.25,0.5845592421512802,0.5838316461715314,1.007460595605875,0.02609689719025,-0.2449683115562402,0.3588821183662018,1.631883971609298,0.49094906603426125,0.1111111111111111,-2.4349041406302154,0.8894874506905643,2.082866912739321,1,0
0.0,-0.1916190102524236,0.027777777777777776,0.0,0.0,0.2222222222222222,0.0,0.125,-1.4809843220475034,-1.4978381506157068,-2.476644085611099,1.3089470244281944,-0.215023741216749,-0.1916190102524235,-5.028059896155144,-1.2558335710649353,0.0,-2.4349041406302154,-1.8377883046032708,-0.1828566844305228,0,1
0.0,0.6341326826755145,0.1111111111111111,0.0,0.0,0.3333333333333333,0.3333333333333333,0.25,0.10021048611729469,0.12776328546361485,0.37320699507208765,0.1423961078279921,0.0975993105394455,0.6341326826755145,0.06980871900860178,0.11479959865018789,0.0,-2.4349041406302154,0.044894797107469984,-0.5135592262370264,0,1
0.1111111111111111,0.9093832469848272,0.1388888888888889,0.3333333333333333,0.1111111111111111,0.2222222222222222,0.3333333333333333,0.25,0.3679215067788623,-1.4978381506157068,0.33742708388807957,-0.95842191396722,0.4796887097258397,0.9093832469848272,0.7135562822115953,0.44967299456374094,0.1111111111111111,-2.4349041406302154,0.483827131156964,-0.9531238224996238,0,1
0.3333333333333333,2.2856360685313915,0.2777777777777778,0.3333333333333333,0.3333333333333333,0.3333333333333333,0.0,0.25,-1.4809843220475034,0.039766003408195714,0.960842101011953,0.02609689719025,2.2627519830329987,2.2856360685313906,1.2266542306686041,0.18688213270627943,0.3333333333333333,0.9110169982361035,0.34697370995366633,-1.3723900433022265,0,1
0.3333333333333333,1.7351349399127654,0.2222222222222222,0.1111111111111111,0.1111111111111111,0.3333333333333333,0.3333333333333333,0.25,0.03885253254617039,-0.020363180020070946,-0.31175358898650224,-1.31171478496986,2.7721506012225148,1.7351349399127651,-0.6309128637305025,-1.2558335710649353,0.3333333333333333,-0.08282810616588625,-1.8377883046032708,-1.666848273078999,0,1
0.0,0.9093832469848272,0.1388888888888889,0.0,0.0,0.2222222222222222,0.3333333333333333,0.25,-1.4809843220475034,-1.4978381506157068,-2.476644085611099,0.5624443361818806,-0.0456848708478014,0.9093832469848272,-5.028059896155144,-1.2558335710649353,0.3333333333333333,-2.4349041406302154,-1.8377883046032708,0.2439439807007004,0,1
0.0,-0.4668695745617363,0.0,0.0,0.0,0.1111111111111111,0.1111111111111111,0.0,-0.3758981148351963,-0.4248654346694974,0.034791834629782185,-0.7958621975017078,-0.2844958199592799,-0.4668695745617363,-0.052374696707980596,0.2184340260758331,0.0,0.2324632635633931,-0.09634369408832952,1.486110633212629,1,0
0.0,-0.1916190102524236,0.027777777777777776,0.0,0.0,0.2222222222222222,0.0,0.125,-1.4809843220475034,-1.4978381506157068,-2.476644085611099,0.1423961078279921,-0.2367336301369842,-0.1916190102524235,-1.414434245665154,0.04507190186257559,0.0,-2.4349041406302154,-1.8377883046032708,0.2439439807007004,1,0
0.0,-0.1916190102524236,0.027777777777777776,0.0,0.0,0.2222222222222222,0.0,0.125,-1.4809843220475034,-1.4978381506157068,-2.476644085611099,-0.3554890506588386,0.0975849826884444,-0.1916190102524235,-2.871569959132393,-1.2558335710649353,0.0,-0.8213949444894436,-1.8377883046032708,-1.666848273078999,0,1
0.1111111111111111,-0.4668695745617363,0.0,0.1111111111111111,0.1111111111111111,0.1111111111111111,0.1111111111111111,0.0,-1.4809843220475034,0.066276523690121,0.034791834629782185,-1.9271995283231864,-0.2844958199592799,-0.4668695745617363,-0.395136393596439,-1.2558335710649353,0.1111111111111111,0.0096341289758159,-0.0790706519217759,-1.1433092459291831,1,0
0.3333333333333333,1.7351349399127654,0.2222222222222222,0.3333333333333333,0.3333333333333333,0.1111111111111111,0.1111111111111111,0.25,0.2589858554836899,0.4241497408825051,0.39765349836135255,-1.504321540361816,0.1521866685233528,1.7351349399127651,0.6923154129280004,0.27295236848406923,0.3333333333333333,0.5577332855671004,-1.8377883046032708,0.0869332819236188,0,1
0.1111111111111111,0.083631554056889,0.05555555555555555,0.1111111111111111,0.1111111111111111,0.3333333333333333,0.1111111111111111,0.25,-0.10760598866112799,-0.10273869574514555,-0.018291654946366694,-1.7090442746462755,0.0211779919147679,0.0836315540568891,-0.3497326538202877,-0.07542378996310348,0.1111111111111111,-0.0004878267878984854,-0.029495572980572354,-0.9531238224996238,0,1
0.0,-0.4668695745617363,0.0,0.0,0.0,0.0,0.0,0.0,-0.19206298176002123,-1.4978381506157068,-2.476644085611099,0.5624443361818806,-0.2844958199592799,-0.4668695745617363,-1.2953246743486406,-1.2558335710649353,0.0,-0.15001522434378067,-1.8377883046032708,-0.7891132362483021,1,0
0.1111111111111111,0.6341326826755145,0.1111111111111111,0.1111111111111111,0.0,0.3333333333333333,0.3333333333333333,0.25,0.9892262215246455,0.19800285038346174,0.20017849783525957,-0.6416298188340922,-0.0493592245867171,0.6341326826755145,1.63961442073625,0.21838539041987984,0.1111111111111111,-2.4349041406302154,0.13446858275768922,0.0021753538983214,0,1
0.1111111111111111,-0.4668695745617363,0.0,0.1111111111111111,0.1111111111111111,0.1111111111111111,0.1111111111111111,0.0,0.2589858554836899,0.29743561498149257,0.03495690639527149,1.7585321597554342,-0.2844958199592799,-0.4668695745617363,0.15096712107701382,0.10854127650719715,0.1111111111111111,0.022086380077491564,-0.27080908240809903,-0.9531238224996238,1,0
0.1111111111111111,-0.4668695745617363,0.0,0.1111111111111111,0.1111111111111111,0.1111111111111111,0.1111111111111111,0.0,0.3057862080103784,0.3236529324331165,0.5664037311873185,0.3608480215924758,-0.2844958199592799,-0.4668695745617363,0.7693957905944278,0.19286853421519484,0.1111111111111111,0.5270853668270672,0.3091352594538665,0.8643003776574393,1,0
0.0,-0.4668695745617363,0.0,0.0,0.0,0.0,0.0,0.0,-1.4809843220475034,-1.4978381506157068,-2.476644085611099,-0.4950413083649336,-0.2844958199592799,-0.4668695745617363,-5.028059896155144,-1.2558335710649353,0.0,-2.4349041406302154,-1.8377883046032708,1.199597083727945,1,0
0.1111111111111111,-0.4668695745617363,0.0,0.1111111111111111,0.1111111111111111,0.1111111111111111,0.1111111111111111,0.0,0.1253530818337242,0.1355292538194705,0.03313656497630993,1.4469588684499963,-0.2844958199592799,-0.4668695745617363,0.12189379548264592,0.11678102861398539,0.1111111111111111,0.23898758815481372,0.07862506612869025,0.6999923241170234,1,0
0.1111111111111111,0.083631554056889,0.05555555555555555,0.1111111111111111,0.1111111111111111,0.1111111111111111,0.1111111111111111,0.25,-0.031672403407900916,0.018591671476249207,-2.476644085611099,1.4469588684499963,0.0211779919147679,0.0836315540568891,-0.22257346340321077,0.0013089566649129294,0.3333333333333333,0.24274617508114593,-0.0723423737244373,-0.9531238224996238,1,0
0.0,-0.4668695745617363,0.0,0.0,0.0,0.1111111111111111,0.1111111111111111,0.0,-1.4809843220475034,-1.4978381506157068,-2.476644085611099,-0.95842191396722,-0.2844958199592799,-0.4668695745617363,-1.624862480191563,-1.2558335710649353,0.1111111111111111,-0.20675266233542738,-1.8377883046032708,0.2439439807007004,1,0
0.0,0.083631554056889,0.05555555555555555,0.3333333333333333,0.1111111111111111,0.1111111111111111,0.1111111111111111,0.25,-0.10670500358470443,-1.4978381506157068,-0.22265056867457275,-1.7090442746462755,0.0211779919147679,0.0836315540568891,0.3942166787497102,-0.11342517568166595,0.0,-0.201442160542091,0.6380079015675219,-0.9531238224996238,1,0
0.1111111111111111,-0.4668695745617363,0.0,0.1111111111111111,0.1111111111111111,0.1111111111111111,0.1111111111111111,0.0,0.3592929107363523,0.36808981498195387,0.5494586203254689,0.3608480215924758,-0.2844958199592799,-0.4668695745617363,0.9334427938965334,0.31697277634271875,0.1111111111111111,0.45533257435354596,0.5390177383335322,0.7564222381735122,1,0
0.0,-0.4668695745617363,0.0,0.0,0.0,0.0,0.0,0.0,-0.42846419375793426,0.05137949822158888,0.7782247915930556,0.3608480215924758,-0.2844958199592799,-0.4668695745617363,0.5218037763182933,-0.30128481327064616,0.0,0.3370668709443834,-1.8377883046032708,0.1673597344439074,1,0
0.0,-0.4668695745617363,0.0,0.0,0.0,0.0,0.0,0.0,0.13275552428340434,-0.04192405291530618,-0.11750172346436627,1.3790049371340838,-0.2844958199592799,-0.4668695745617363,-0.17126649565907667,-1.2558335710649353,0.0,0.07236578058149083,0.12741668212857143,-0.6440902286753902,1,0
0.1111111111111111,-0.4668695745617363,0.0,0.1111111111111111,0.1111111111111111,0.1111111111111111,0.0,0.0,0.31753200888343697,0.33647441079358265,0.44857565069185484,2.270217178922634,-0.2844958199592799,-0.4668695745617363,1.867355287167458,0.1812882605018963,0.1111111111111111,1.447695180639514,0.3091352594538665,0.3871513198050401,1,0
0.3333333333333333,2.010385504222078,0.25,0.3333333333333333,0.1111111111111111,0.2222222222222222,0.3333333333333333,0.25,-0.031672403407900916,-1.4978381506157068,0.19001494244369144,0.9229385817157996,1.0910363334739357,2.0103855042220777,-0.20196179438965411,0.2237050635851947,0.3333333333333333,-2.4349041406302154,-0.15252708390055125,-0.9531238224996238,0,1
0.3333333333333333,0.083631554056889,0.05555555555555555,0.1111111111111111,0.1111111111111111,0.1111111111111111,0.1111111111111111,0.25,0.05331580804312823,-0.020363180020070946,0.21961315785587668,0.1423961078279921,0.2249537406391757,0.0836315540568891,-0.30980505208547404,-1.2558335710649353,0.1111111111111111,-0.08801167735396759,-1.8377883046032708,-1.3723900433022265,1,0
0.3333333333333333,2.560886632840704,0.3055555555555555,0.3333333333333333,0.3333333333333333,0.2222222222222222,0.3333333333333333,0.25,-1.4809843220475034,0.07465860767532255,0.20017849783525957,-0.95842191396722,1.3967101453479835,2.5608866328407034,-0.48442536145988135,-0.03849868398505948,0.3333333333333333,-2.4349041406302154,-1.8377883046032708,-0.9531238224996238,0,1
0.3333333333333333,1.7351349399127654,0.2222222222222222,0.3333333333333333,0.3333333333333333,0.1111111111111111,0.1111111111111111,0.25,0.11363053313180634,0.1167995589950884,-2.476644085611099,0.74923519556253,0.9381994275369115,1.7351349399127651,0.9462178707028631,-1.2558335710649353,0.3333333333333333,0.989335083590372,0.2465214461162724,-0.9531238224996238,0,1
0.1111111111111111,0.6341326826755145,0.1111111111111111,0.3333333333333333,0.3333333333333333,0.1111111111111111,0.1111111111111111,0.25,0.6425129411565718,-1.4978381506157068,-0.04788659947767968,-0.222430806752854,-0.2099399224492042,0.6341326826755145,0.8510441523031891,-1.2558335710649353,0.1111111111111111,0.21274082392153607,0.5499537582139596,1.5239621819167464,1,0
0.0,0.083631554056889,0.05555555555555555,0.0,0.0,0.0,0.0,0.25,-1.4809843220475034,-1.4978381506157068,-2.476644085611099,1.4469588684499963,0.2249537406391757,0.0836315540568891,-0.920011416573317,-1.2558335710649353,0.3333333333333333,-0.013691814979758318,-0.07006330343676226,-1.3723900433022265,1,0
0.1111111111111111,0.083631554056889,0.05555555555555555,0.1111111111111111,0.3333333333333333,0.1111111111111111,0.1111111111111111,0.25,-1.4809843220475034,0.3236529324331165,0.16869886832993028,0.9229385817157996,-0.1571302457764458,0.0836315540568891,0.43366215148648424,0.3973473314367822,0.1111111111111111,0.13997425265217076,0.07824744290209906,-0.0875094222424097,1,0
0.1111111111111111,0.083631554056889,0.05555555555555555,0.1111111111111111,0.1111111111111111,0.0,0.0,0.25,-1.4809843220475034,-1.4978381506157068,-2.476644085611099,0.9229385817157996,0.4796657853361687,0.0836315540568891,-1.2744822128635878,-1.2558335710649353,0.3333333333333333,-0.0358669194180388,-1.8377883046032708,-1.666848273078999,1,0
0.1111111111111111,-0.4668695745617363,0.0,0.1111111111111111,0.1111111111111111,0.1111111111111111,0.1111111111111111,0.0,0.564321791648821,0.38372718829020314,0.4713671374376505,0.2538723316408949,-0.2844958199592799,-0.4668695745617363,1.1439180917958176,0.5217512668649608,0.1111111111111111,0.49320600580578183,0.39393321331111475,0.7564222381735122,1,0
0.1111111111111111,0.3588821183662018,0.08333333333333333,0.1111111111111111,0.1111111111111111,0.2222222222222222,0.3333333333333333,0.25,-0.3684621299960217,-0.3802836621858927,-0.13222389348690278,-1.31171478496986,0.0430137070656397,0.3588821183662018,-0.6322074372194878,-1.2558335710649353,0.1111111111111111,-2.4349041406302154,0.18040838650574129,-0.6440902286753902,1,0
0.3333333333333333,2.8361371971500167,0.3333333333333333,0.3333333333333333,0.3333333333333333,0.3333333333333333,0.3333333333333333,0.25,-0.031672403407900916,0.12776328546361485,-0.31175358898650224,0.1423961078279921,1.243878333889583,2.836137197150016,-0.4125729071515308,-1.2558335710649353,0.3333333333333333,-0.04260204376723723,-0.09634369408832952,-0.7891132362483021,0,1
0.1111111111111111,-0.4668695745617363,0.0,0.1111111111111111,0.1111111111111111,0.1111111111111111,0.1111111111111111,0.0,-0.15998279834580836,0.15122299849801982,0.06746516148703824,1.6996876816479582,-0.2844958199592799,-0.4668695745617363,-0.17176898525745374,-0.2049073722195121,0.1111111111111111,0.08709768911788164,-0.023389270876992854,-0.5135592262370264,1,0
0.1111111111111111,-0.4668695745617363,0.0,0.0,0.0,0.1111111111111111,0.1111111111111111,0.0,-1.4809843220475034,-1.4978381506157068,0.05090380957037403,-1.130080895470915,-0.2844958199592799,-0.4668695745617363,-0.740022176188871,-1.2558335710649353,0.1111111111111111,-0.024230948184563922,-1.8377883046032708,-0.9531238224996238,1,0
0.1111111111111111,-0.4668695745617363,0.0,0.0,0.0,0.1111111111111111,0.1111111111111111,0.0,-1.4809843220475034,-1.4978381506157068,-0.18237925388542992,-1.9271995283231864,-0.2844958199592799,-0.4668695745617363,-0.9054928865120108,-1.2558335710649353,0.1111111111111111,0.0096341289758159,-1.8377883046032708,-2.102083711231995,1,0
0.3333333333333333,2.8361371971500167,0.3333333333333333,0.3333333333333333,0.3333333333333333,0.3333333333333333,0.3333333333333333,0.25,0.05331580804312823,-1.4978381506157068,-2.476644085611099,0.1423961078279921,1.243878333889583,2.836137197150016,-0.5127802940355883,-1.2558335710649353,0.3333333333333333,0.08136281572751122,0.005775291400744047,-0.7891132362483021,0,1
0.1111111111111111,0.6341326826755145,0.1111111111111111,0.1111111111111111,0.3333333333333333,0.1111111111111111,0.1111111111111111,0.25,-1.4809843220475034,-0.09654852506560477,-2.476644085611099,-1.31171478496986,0.7344033012376314,0.6341326826755145,-0.5519009001538807,-0.0594107524704438,0.3333333333333333,0.10610322534842281,-0.09634369408832952,-1.3723900433022265,1,0
0.3333333333333333,1.7351349399127654,0.2222222222222222,0.1111111111111111,0.1111111111111111,0.3333333333333333,0.3333333333333333,0.25,0.4586320272271614,-0.11972545981448468,-0.060200737786788555,-0.6416298188340922,0.9381994275369115,1.7351349399127651,0.23659884965294414,-0.05895403495379969,0.3333333333333333,0.2159720611693672,-1.8377883046032708,-0.9531238224996238,0,1
0.3333333333333333,1.4598843756034523,0.19444444444444442,0.0,0.3333333333333333,0.0,0.0,0.375,-1.4809843220475034,0.4680482714898197,-2.476644085611099,0.5624443361818806,0.7853625215998877,1.4598843756034523,0.0005592544606783007,-0.030732519091018897,0.4444444444444444,-0.15213444409308702,-1.8377883046032708,-0.9531238224996238,0,1
0.0,-0.1916190102524236,0.027777777777777776,0.0,0.0,0.2222222222222222,0.0,0.125,-1.4809843220475034,-1.4978381506157068,-2.476644085611099,0.5624443361818806,-0.2497596226976441,-0.1916190102524235,-5.028059896155144,-1.2558335710649353,0.0,-2.4349041406302154,-1.8377883046032708,0.6417328970763176,0,1
0.0,-0.4668695745617363,0.0,0.0,0.0,0.0,0.0,0.0,-1.4809843220475034,-1.4978381506157068,-2.476644085611099,1.5769583967038283,-0.2844958199592799,-0.4668695745617363,-1.6359212824839382,-1.2558335710649353,0.0,-2.4349041406302154,-0.0955893889171222,1.3273719327921307,1,0
0.3333333333333333,1.7351349399127654,0.2222222222222222,0.3333333333333333,0.3333333333333333,0.1111111111111111,0.1111111111111111,0.25,-0.031672403407900916,-1.4978381506157068,-2.476644085611099,0.9229385817157996,2.7721506012225148,1.7351349399127651,-0.537270192471432,-1.2558335710649353,0.3333333333333333,0.08136281572751122,0.05170390327415423,-1.666848273078999,0,1
0.0,-0.1916190102524236,0.027777777777777776,0.0,0.0,0.2222222222222222,0.0,0.125,-1.4809843220475034,-0.16838295792244487,-0.1940527750620471,-0.95842191396722,-0.1571313071385413,-0.1916190102524235,-1.0337845739024458,-0.015781955055106312,0.0,-2.4349041406302154,-1.8377883046032708,-0.7891132362483021,1,0
0.0,-0.4668695745617363,0.0,0.0,0.0,0.0,0.0,0.0,-1.4809843220475034,-1.4978381506157068,-2.476644085611099,-0.6416298188340922,-0.2844958199592799,-0.4668695745617363,-5.028059896155144,-1.2558335710649353,0.0,-2.4349041406302154,-1.8377883046032708,0.3871513198050401,1,0
0.1111111111111111,0.083631554056889,0.05555555555555555,0.1111111111111111,0.1111111111111111,0.1111111111111111,0.1111111111111111,0.25,0.21601951442088205,0.37394923536609265,-0.28505450115469494,1.8715489758828685,0.0211779919147679,0.0836315540568891,0.18763719886365174,0.13212718028528841,0.3333333333333333,0.11000851135105805,-0.27080908240809903,-0.9531238224996238,1,0
0.3333333333333333,2.2856360685313915,0.2777777777777778,0.3333333333333333,0.3333333333333333,0.0,0.3333333333333333,0.25,-1.4809843220475034,-0.22030631418898516,-2.476644085611099,1.0053451065944692,2.2627519830329987,2.2856360685313906,-0.4672591174961469,0.10854127650719715,0.3333333333333333,-0.08282810616588625,0.07824744290209906,-1.3723900433022265,0,1
0.1111111111111111,1.4598843756034523,0.19444444444444442,0.1111111111111111,0.3333333333333333,0.4444444444444444,0.3333333333333333,0.375,-1.4809843220475034,0.34788430945442445,0.06626646218845192,-1.9271995283231864,0.3841706584134897,1.4598843756034523,-0.020649574460975,0.13165463094556504,0.1111111111111111,-2.4349041406302154,0.005775291400744047,-0.5135592262370264,0,1
0.3333333333333333,1.7351349399127654,0.2222222222222222,0.3333333333333333,0.3333333333333333,0.3333333333333333,0.1111111111111111,0.25,0.5362240682264986,0.24739437221879784,0.7953968943269203,-0.222430806752854,0.1521866685233528,1.7351349399127651,0.9798325765605369,0.30567126224700725,0.1111111111111111,0.36283016970125886,0.07824744290209906,0.0869332819236188,0,1
0.1111111111111111,0.083631554056889,0.05555555555555555,0.1111111111111111,0.1111111111111111,0.3333333333333333,0.1111111111111111,0.25,0.06684590165054824,0.066276523690121,-0.018873842113316566,1.3089470244281944,-0.0297667943178028,0.0836315540568891,-0.15133418564170553,-0.015781955055106312,0.1111111111111111,-0.04260204376723723,0.07824744290209906,-0.7891132362483021,0,1
0.1111111111111111,0.3588821183662018,0.08333333333333333,0.1111111111111111,0.1111111111111111,0.2222222222222222,0.3333333333333333,0.25,0.05331580804312823,0.018591671476249207,0.20662100692098356,1.0850063694144667,-0.029765379172273,0.3588821183662018,-0.1433061880523081,0.05693515131531388,0.1111111111111111,-2.4349041406302154,0.08459134363995437,-0.3945035917891138,1,0
0.1111111111111111,1.4598843756034523,0.19444444444444442,0.1111111111111111,0.1111111111111111,0.4444444444444444,0.3333333333333333,0.375,0.006539905894159156,-0.013633642563090373,-1.1841463773998737,-1.9271995283231864,0.4796930764321994,1.4598843756034523,-0.3907231322684398,0.016913033023074397,0.3333333333333333,0.004122867719024505,-0.05723625494433617,-0.6440902286753902,0,1
0.1111111111111111,-0.4668695745617363,0.0,0.0,0.0,0.1111111111111111,0.0,0.0,0.2222952882438676,0.20249561753178008,-0.17857797170304815,-1.504321540361816,-0.2844958199592799,-0.4668695745617363,0.2767026720074467,0.2762595565504045,0.1111111111111111,0.2915512823293786,-0.09634369408832952,-0.7891132362483021,1,0
0.3333333333333333,1.4598843756034523,0.19444444444444442,0.1111111111111111,0.1111111111111111,0.2222222222222222,0.3333333333333333,0.25,0.3057862080103784,-0.020363180020070946,0.33742708388807957,0.4636163081257023,1.498577642135315,1.4598843756034523,-0.05435630423986578,-1.2558335710649353,0.3333333333333333,-2.4349041406302154,-1.8377883046032708,-1.3723900433022265,0,1
0.1111111111111111,-0.4668695745617363,0.0,0.1111111111111111,0.1111111111111111,0.1111111111111111,0.1111111111111111,0.0,-0.24854701584890848,-0.24205366622281366,-0.038891540158578077,0.5624443361818806,-0.2844958199592799,-0.4668695745617363,-0.6980043700042273,-1.2558335710649353,0.1111111111111111,-0.08282810616588625,-0.3626619187952092,-1.666848273078999,1,0
0.1111111111111111,-0.4668695745617363,0.0,0.1111111111111111,0.0,0.1111111111111111,0.0,0.0,0.38197634948561937,-1.1536510563699378,-0.15341913292680842,-1.130080895470915,-0.2844958199592799,-0.4668695745617363,0.35593687299495896,-1.2558335710649353,0.1111111111111111,0.4004638446238767,0.32764230286163326,-0.3945035917891138,1,0
0.1111111111111111,-0.4668695745617363,0.0,0.1111111111111111,0.1111111111111111,0.0,0.1111111111111111,0.0,0.11363053313180634,0.12776328546361485,0.034791834629782185,-0.7958621975017078,-0.2844958199592799,-0.4668695745617363,0.003205276774789403,0.10854127650719715,0.1111111111111111,0.0096341289758159,0.07824744290209906,-1.666848273078999,1,0
0.0,-0.1916190102524236,0.027777777777777776,0.0,0.0,0.2222222222222222,0.0,0.125,-1.4809843220475034,-1.4978381506157068,-2.476644085611099,0.2538723316408949,-0.2649010031927661,-0.1916190102524235,-5.028059896155144,-1.2558335710649353,0.0,-2.4349041406302154,-1.8377883046032708,1.4475584443037126,0,1
0.0,-0.1916190102524236,0.027777777777777776,0.0,0.0,0.2222222222222222,0.0,0.125,-1.4809843220475034,-1.4978381506157068,-2.476644085611099,-0.95842191396722,-0.1995856730302776,-0.1916190102524235,-5.028059896155144,-1.2558335710649353,0.0,-2.4349041406302154,-1.8377883046032708,-0.3945035917891138,0,1
0.3333333333333333,2.010385504222078,0.25,0.1111111111111111,0.1111111111111111,0.3333333333333333,0.3333333333333333,0.375,0.3057862080103784,0.3626362666558231,-2.476644085611099,-0.95842191396722,0.2067719795836819,2.0103855042220777,0.5893307527171857,0.30567126224700725,0.4444444444444444,0.5883814700359237,-1.8377883046032708,0.0869332819236188,0,1
0.1111111111111111,-0.4668695745617363,0.0,0.1111111111111111,0.1111111111111111,0.1111111111111111,0.1111111111111111,0.0,0.11363053313180634,0.018591671476249207,0.06157998457994166,-1.9271995283231864,-0.2844958199592799,-0.4668695745617363,-0.15826353123490386,0.05693515131531388,0.1111111111111111,-0.07604414078640814,-0.09634369408832952,-1.3723900433022265,1,0
0.3333333333333333,0.6341326826755145,0.1111111111111111,0.0,0.0,0.0,0.0,0.25,-0.17561827012726708,-1.2013715244496062,-2.476644085611099,0.8376265013727084,-0.1918658202470713,0.6341326826755145,0.20032365802919402,-1.2558335710649353,0.3333333333333333,0.6669735514087551,-0.4899778975685686,1.199597083727945,1,0
0.3333333333333333,2.8361371971500167,0.3333333333333333,0.3333333333333333,0.3333333333333333,0.3333333333333333,0.3333333333333333,0.25,0.16042040378299907,-1.4978381506157068,-0.1940527750620471,-1.9271995283231864,2.7722015436314544,2.836137197150016,-0.2093690741262723,-0.015602733984602518,0.3333333333333333,0.0096341289758159,0.10237470054395734,-1.3723900433022265,0,1
0.1111111111111111,-0.4668695745617363,0.0,0.0,0.1111111111111111,0.1111111111111111,0.1111111111111111,0.0,0.046930427269706046,0.7910755365707707,-0.02121290414330778,1.2366750160392723,-0.2844958199592799,-0.4668695745617363,0.9868919296517793,0.040019164319600904,0.1111111111111111,0.1772681876304262,-0.18830726508760562,-0.5135592262370264,1,0
0.3333333333333333,2.2856360685313915,0.2777777777777778,0.3333333333333333,0.1111111111111111,0.3333333333333333,0.3333333333333333,0.25,-0.11809712648701261,-1.4978381506157068,-0.2676949205590814,1.3089470244281944,0.4796963514947189,2.2856360685313906,-0.23068721309096074,0.1812882605018963,0.3333333333333333,0.15708527213281365,-0.1525270839005515,-0.2847917733012345,0,1
0.1111111111111111,1.7351349399127654,0.2222222222222222,0.1111111111111111,0.3333333333333333,0.3333333333333333,0.3333333333333333,0.25,-0.1271490900706133,-0.02014964483939455,-2.476644085611099,1.9258553163226204,0.9381994275369115,1.7351349399127651,-0.38495025148573936,-0.09634604924643074,0.3333333333333333,0.1802129145795076,-0.09634369408832952,-0.9531238224996238,0,1
0.3333333333333333,3.111387761459329,0.3611111111111111,0.3333333333333333,0.3333333333333333,0.4444444444444444,0.3333333333333333,0.375,-1.4809843220475034,-0.020363180020070946,-0.1625931438033047,1.3790049371340838,3.026926323930682,3.1113877614593286,-0.32556073441332944,0.12564033518978174,0.3333333333333333,-0.024230948184563922,-0.05042906437089462,-1.3723900433022265,0,1
0.3333333333333333,0.083631554056889,0.05555555555555555,0.1111111111111111,0.1111111111111111,0.1111111111111111,0.1111111111111111,0.25,-0.031672403407900916,-0.18710726377043052,0.05090380957037403,0.74923519556253,0.4796657853361687,0.0836315540568891,-0.4274098149399247,-0.015781955055106312,0.1111111111111111,-0.04260204376723723,-1.8377883046032708,-1.666848273078999,1,0
0.3333333333333333,2.560886632840704,0.3055555555555555,0.3333333333333333,0.3333333333333333,0.2222222222222222,0.3333333333333333,0.25,0.12386069444290213,-1.4978381506157068,-2.476644085611099,-1.504321540361816,1.3967101453479835,2.5608866328407034,-0.3922243496178539,-1.2558335710649353,0.3333333333333333,-0.024230948184563922,0.1538601831392337,-0.9531238224996238,0,1
0.3333333333333333,1.4598843756034523,0.19444444444444442,0.1111111111111111,0.1111111111111111,0.2222222222222222,0.3333333333333333,0.25,0.11363053313180634,-0.020363180020070946,0.23796784272265611,0.02609689719025,2.3900697985747907,1.4598843756034523,-0.315669569631199,-0.07718227738103715,0.3333333333333333,-2.4349041406302154,-1.8377883046032708,-1.666848273078999,0,1
0.1111111111111111,-0.4668695745617363,0.0,0.1111111111111111,0.1111111111111111,0.1111111111111111,0.1111111111111111,0.0,0.21218812386795324,0.1996891746211725,0.25535628738857397,0.2538723316408949,-0.2844958199592799,-0.4668695745617363,0.2900964515332164,0.17912208069407212,0.1111111111111111,0.1290755331518779,0.15848363368338322,-0.5135592262370264,1,0
0.1111111111111111,0.3588821183662018,0.08333333333333333,0.1111111111111111,0.1111111111111111,0.2222222222222222,0.3333333333333333,0.25,0.11363053313180634,0.3236529324331165,0.2798348545565959,0.4636163081257023,-0.1571298919851497,0.3588821183662018,0.3141702550503108,-1.2558335710649353,0.1111111111111111,0.30420801898878946,0.18040838650574129,0.3871513198050401,1,0
0.1111111111111111,-0.4668695745617363,0.0,0.1111111111111111,0.1111111111111111,0.1111111111111111,0.1111111111111111,0.0,-1.4809843220475034,-1.4978381506157068,0.2718751554032957,-0.0953809513297535,-0.2844958199592799,-0.4668695745617363,-0.15833389603012424,-1.2558335710649353,0.1111111111111111,0.1706153525976616,0.07824744290209906,-0.5135592262370264,1,0
0.0,0.3588821183662018,0.08333333333333333,0.0,0.0,0.2222222222222222,0.3333333333333333,0.25,0.033852145426946,-1.4978381506157068,-0.3362019528423835,0.3608480215924758,-0.0552381685230802,0.3588821183662018,-0.40059319825406237,0.24020595705009098,0.0,-1.6637639611143773,-0.3798973367424818,-0.2847917733012345,1,0
0.1111111111111111,-0.4668695745617363,0.0,0.1111111111111111,0.1111111111111111,0.1111111111111111,0.1111111111111111,0.0,-0.031672403407900916,0.15763820015463306,-0.060200737786788555,-0.95842191396722,-0.2844958199592799,-0.4668695745617363,-0.041964188832330676,0.11540496140680959,0.1111111111111111,0.0096341289758159,0.1167250062941798,-1.1433092459291831,1,0
0.3333333333333333,1.7351349399127654,0.2222222222222222,0.3333333333333333,0.3333333333333333,0.3333333333333333,0.1111111111111111,0.25,0.21080734478507798,-1.4978381506157068,0.2637189492662903,0.5624443361818806,-0.0807098823455483,1.7351349399127651,-0.0817367596394866,-1.2558335710649353,0.1111111111111111,-0.0019839855468523357,-0.003460088052991548,1.0629938337787594,0,1
0.3333333333333333,2.2856360685313915,0.2777777777777778,0.3333333333333333,0.1111111111111111,0.2222222222222222,0.4444444444444444,0.375,-0.031672403407900916,-1.4978381506157068,-2.476644085611099,-1.504321540361816,2.2627519830329987,2.2856360685313906,-0.7571882432389957,-0.015781955055106312,0.3333333333333333,-2.4349041406302154,0.05170390327415423,-1.3723900433022265,0,1
0.1111111111111111,-0.4668695745617363,0.0,0.1111111111111111,0.1111111111111111,0.1111111111111111,0.1111111111111111,0.0,0.18418539902762215,0.13304132892194565,0.3026242443531959,-1.504321540361816,-0.2844958199592799,-0.4668695745617363,0.30905005421099513,0.13361543138497342,0.1111111111111111,0.2773988829603999,0.16320372109900366,0.0021753538983214,1,0
0.3333333333333333,0.083631554056889,0.05555555555555555,0.1111111111111111,0.1111111111111111,0.1111111111111111,0.1111111111111111,0.25,0.3442011710692899,-0.8919399915533109,0.2662689743947536,1.6996876816479582,-0.2080762207197047,0.0836315540568891,0.09518907257766777,-0.07146792985167084,0.1111111111111111,0.13997425265217076,-1.3861512193837573,0.5191192900072952,1,0
0.0,0.083631554056889,0.05555555555555555,0.3333333333333333,0.1111111111111111,0.0,0.1111111111111111,0.25,-1.4809843220475034,-1.4978381506157068,-0.11750172346436627,1.3089470244281944,0.4796657853361687,0.0836315540568891,-0.6400285059143982,-0.3552825791201095,0.0,-0.2131146983687719,0.09363981902557966,-1.666848273078999,1,0
0.1111111111111111,0.3588821183662018,0.08333333333333333,0.1111111111111111,0.1111111111111111,0.2222222222222222,0.3333333333333333,0.25,0.13999811125226114,-0.018872891998311568,-0.009113533321395969,0.02609689719025,0.4796785209384036,0.3588821183662018,-0.40425622252124954,-1.2558335710649353,0.1111111111111111,-2.4349041406302154,-0.001897168054636256,-1.3723900433022265,1,0
0.1111111111111111,-0.4668695745617363,0.0,0.1111111111111111,0.1111111111111111,0.0,0.0,0.0,-1.4809843220475034,-1.4978381506157068,0.14401941297414983,1.1620705813604253,-0.2844958199592799,-0.4668695745617363,-0.8436358829003556,-1.2558335710649353,0.0,-0.4243516626005816,-0.9564465226122669,0.6999923241170234,1,0
0.1111111111111111,-0.4668695745617363,0.0,0.1111111111111111,0.1111111111111111,0.1111111111111111,0.1111111111111111,0.0,-0.031672403407900916,-0.020363180020070946,-0.058882686310977865,1.3790049371340838,-0.2844958199592799,-0.4668695745617363,0.4840558288883328,-0.07972466956477688,0.1111111111111111,-0.1253728761915619,0.6495517507384837,-0.9531238224996238,1,0
0.3333333333333333,0.6341326826755145,0.1111111111111111,0.0,0.3333333333333333,0.0,0.0,0.25,-1.4809843220475034,0.521623335538934,-0.293419280388156,-1.130080895470915,-0.0493592245867171,0.6341326826755145,0.28923651819633167,0.13686210701186666,0.0,0.11641374710779676,-1.8377883046032708,0.0021753538983214,0,1
0.1111111111111111,0.9093832469848272,0.1388888888888889,0.1111111111111111,0.3333333333333333,0.2222222222222222,0.3333333333333333,0.25,-1.4809843220475034,0.08377733802751197,-0.04096166680425481,-0.95842191396722,-0.0722192733357296,0.9093832469848272,-0.6181045130470487,-0.04832760964709939,0.1111111111111111,-2.4349041406302154,-0.20948245849068803,0.3871513198050401,0,1
0.1111111111111111,0.083631554056889,0.05555555555555555,0.1111111111111111,0.1111111111111111,0.3333333333333333,0.0,0.25,-0.03125368263783486,-0.5173177953394423,0.43797805975704646,-0.3554890506588386,-0.1945904884170285,0.0836315540568891,0.01603558033628082,-0.012583040711655105,0.0,-0.11931638017893806,0.07824744290209906,0.3170934418812415,0,1
0.0,-0.4668695745617363,0.0,0.0,0.0,0.0,0.0,0.0,-1.4809843220475034,0.024388519504153473,-2.476644085611099,-0.3554890506588386,-0.2844958199592799,-0.4668695745617363,-1.1745178157923617,-1.2558335710649353,0.0,-2.4349041406302154,-0.1566515622489695,0.9662521913648202,1,0
0.0,-0.1916190102524236,0.027777777777777776,0.0,0.0,0.2222222222222222,0.0,0.125,-1.4809843220475034,-1.4978381506157068,-2.476644085611099,-0.7958621975017078,-0.2420405106345698,-0.1916190102524235,-5.028059896155144,-1.2558335710649353,0.0,-2.4349041406302154,-1.8377883046032708,0.3871513198050401,0,1
0.4444444444444444,3.937139454387268,0.4444444444444444,0.3333333333333333,0.3333333333333333,0.2222222222222222,0.5555555555555556,0.5,0.151860300008783,-1.4978381506157068,-2.476644085611099,1.0053451065944692,3.791100664828365,3.937139454387266,-0.4891642875396221,0.03126839304430128,0.5555555555555556,0.0096341289758159,-1.8377883046032708,-1.3723900433022265,0,1
0.1111111111111111,0.083631554056889,0.05555555555555555,0.1111111111111111,0.3333333333333333,0.1111111111111111,0.1111111111111111,0.25,0.4043673854716937,0.558568664766645,0.5127147479364129,2.177710748592142,-0.2317925662894157,0.0836315540568891,0.8827963971725157,-1.2558335710649353,0.1111111111111111,0.40401946166367503,0.394652265165458,1.0152348983243975,1,0
0.1111111111111111,-0.4668695745617363,0.0,0.1111111111111111,0.0,0.1111111111111111,0.1111111111111111,0.0,0.9043173535772745,0.3010307147583054,0.33603679754304344,1.1620705813604253,-0.2844958199592799,-0.4668695745617363,1.4557335129175324,0.14214604287236868,0.1111111111111111,0.3304383245690315,0.23427491545775686,0.0869332819236188,1,0
0.0,-0.4668695745617363,0.0,0.0,0.0,0.0,0.0,0.0,-1.4809843220475034,-1.4978381506157068,-2.476644085611099,-0.6416298188340922,-0.2844958199592799,-0.4668695745617363,-5.028059896155144,-1.2558335710649353,0.0,-2.4349041406302154,-1.8377883046032708,1.3273719327921307,1,0
0.1111111111111111,0.3588821183662018,0.08333333333333333,0.1111111111111111,0.1111111111111111,0.2222222222222222,0.3333333333333333,0.25,0.6075726407181999,0.5513191242342087,0.6790215616716487,0.3608480215924758,-0.2335492789487679,0.3588821183662018,1.2325662855513282,0.43846938855231643,0.1111111111111111,-2.4349041406302154,0.5809296451057236,1.668921836399024,1,0
0.0,-0.4668695745617363,0.0,0.0,0.0,0.0,0.0,0.0,0.14132335489539846,-0.019723213061650077,-0.1920783201912264,-0.0953809513297535,-0.2844958199592799,-0.4668695745617363,-0.09539145025339539,-0.7473004275357399,0.0,-2.4349041406302154,0.35638221985063584,0.6417328970763176,0,1
0.0,-0.1916190102524236,0.027777777777777776,0.0,0.0,0.2222222222222222,0.0,0.125,-1.4809843220475034,0.15614596232898256,-2.476644085611099,-0.7958621975017078,-0.1889720373345985,-0.1916190102524235,-1.0934443963169291,-1.2558335710649353,0.0,-2.4349041406302154,-1.8377883046032708,-0.5135592262370264,1,0
0.1111111111111111,0.083631554056889,0.05555555555555555,0.3333333333333333,0.1111111111111111,0.1111111111111111,0.1111111111111111,0.25,0.45075304454978676,-0.5892742221902805,0.6067795525816582,0.9229385817157996,-0.2351927652352168,0.0836315540568891,1.1864397034001661,0.38900856890195773,0.1111111111111111,0.5577332855671004,0.7593908946548219,1.1095988810204689,1,0
0.1111111111111111,1.4598843756034523,0.19444444444444442,0.1111111111111111,0.3333333333333333,0.2222222222222222,0.3333333333333333,0.25,-1.4809843220475034,0.41295659635638515,-2.476644085611099,-0.0953809513297535,-0.0616051364358781,1.4598843756034523,1.7021179993577902,0.8710147678100988,0.3333333333333333,0.4014158596269659,0.07824744290209906,0.7564222381735122,0,1
0.1111111111111111,-0.4668695745617363,0.0,0.1111111111111111,0.1111111111111111,0.1111111111111111,0.1111111111111111,0.0,-0.031672403407900916,0.12776328546361485,-0.038891540158578077,0.74923519556253,-0.2844958199592799,-0.4668695745617363,0.08620470644284951,0.232909330105537,0.1111111111111111,0.13997425265217076,0.07875081492481575,-0.9531238224996238,1,0
0.1111111111111111,-0.4668695745617363,0.0,0.1111111111111111,0.1111111111111111,0.1111111111111111,0.1111111111111111,0.0,0.4043673854716937,0.3955971410661783,0.4926873395741765,0.1423961078279921,-0.2844958199592799,-0.4668695745617363,0.8995152296312822,0.3572998073251172,0.1111111111111111,0.38856701644178904,0.45727239579997386,1.7378785539272517,1,0
0.0,-0.4668695745617363,0.0,0.0,0.0,0.0,0.0,0.0,0.06763061217710553,-0.1055838215095548,-0.04367236974281401,-0.95842191396722,-0.2844958199592799,-0.4668695745617363,0.7197100937713959,0.5764370861118309,0.0,0.015210520943539288,0.1266901244106837,0.5191192900072952,1,0
0.1111111111111111,-0.4668695745617363,0.0,0.1111111111111111,0.1111111111111111,0.1111111111111111,0.1111111111111111,0.0,-0.09704145532817755,-0.0669649595905562,-0.04325388820269269,-0.222430806752854,-0.2844958199592799,-0.4668695745617363,-0.28446493039492793,0.0916223345060399,0.1111111111111111,-0.09796198604729224,-0.011243718495857454,-1.3723900433022265,1,0
0.0,-0.1916190102524236,0.027777777777777776,0.0,0.0,0.2222222222222222,0.0,0.125,-1.4809843220475034,-1.4978381506157068,-2.476644085611099,-0.4950413083649336,-0.1316589140222559,-0.1916190102524235,-5.028059896155144,-1.2558335710649353,0.0,-2.4349041406302154,-1.8377883046032708,-0.9531238224996238,0,1
0.1111111111111111,0.083631554056889,0.05555555555555555,0.1111111111111111,0.1111111111111111,0.1111111111111111,0.1111111111111111,0.25,-0.12616034180112537,-0.12453913011636841,-0.1940527750620471,0.9229385817157996,0.4796657853361687,0.0836315540568891,-0.2907095919698475,0.13747391804205747,0.3333333333333333,-0.021563608316092907,-0.034371227055806544,-1.666848273078999,1,0
0.3333333333333333,2.8361371971500167,0.3333333333333333,0.3333333333333333,0.3333333333333333,0.3333333333333333,0.3333333333333333,0.25,0.20553002657306216,0.35904257655150684,0.13390092072414314,-0.6416298188340922,0.6325347857855188,2.836137197150016,0.15083480994301704,-1.2558335710649353,0.3333333333333333,0.1706153525976616,-1.8377883046032708,-0.2847917733012345,0,1
0.0,-0.1916190102524236,0.027777777777777776,0.0,0.0,0.2222222222222222,0.0,0.125,-1.4809843220475034,-1.4978381506157068,0.09251550751761975,-0.95842191396722,-0.2208130328678629,-0.1916190102524235,-1.065708456530478,-1.2558335710649353,0.0,-2.4349041406302154,-1.8377883046032708,-0.0875094222424097,1,0
0.1111111111111111,0.083631554056889,0.05555555555555555,0.1111111111111111,0.0,0.3333333333333333,0.1111111111111111,0.25,-1.4809843220475034,-1.4978381506157068,-0.018873842113316566,0.4636163081257023,0.2249537406391757,0.0836315540568891,-0.6148706482498757,-1.2558335710649353,0.1111111111111111,-0.006008110210854344,-0.07051747194991384,-1.3723900433022265,0,1
0.1111111111111111,0.083631554056889,0.05555555555555555,0.0,0.0,0.0,0.0,0.25,0.7893686229407841,0.19723192140987378,-2.476644085611099,0.2538723316408949,-0.233549335555847,0.0836315540568891,1.2042070820196198,0.4108270646053488,0.3333333333333333,0.5270853668270672,-1.8377883046032708,1.0629938337787594,1,0
0.0,1.4598843756034523,0.19444444444444442,0.3333333333333333,0.3333333333333333,0.2222222222222222,0.0,0.25,0.17902974580555658,-1.4978381506157068,-2.476644085611099,-0.222430806752854,-0.0170272226207668,1.4598843756034523,-0.5073927468707112,-1.2558335710649353,0.3333333333333333,-0.3976112996289958,0.10792224508343672,0.5191192900072952,0,1
0.1111111111111111,-0.4668695745617363,0.0,0.1111111111111111,0.1111111111111111,0.1111111111111111,0.1111111111111111,0.0,-0.07843085670165796,-0.020363180020070946,0.03528680271000362,-1.9271995283231864,-0.2844958199592799,-0.4668695745617363,-0.26665675894397495,-0.03890615268944402,0.1111111111111111,0.0096341289758159,-0.030657157785564992,-0.9531238224996238,1,0
0.0,0.083631554056889,0.05555555555555555,0.3333333333333333,0.1111111111111111,0.1111111111111111,0.1111111111111111,0.25,0.07227821476081255,-1.4978381506157068,0.017853675089789346,-0.95842191396722,0.0211779919147679,0.0836315540568891,1.0522413702111653,0.06142263222793808,0.1111111111111111,0.01489446152430385,0.8967274531550865,-0.9531238224996238,1,0
0.0,-0.4668695745617363,0.0,0.0,0.0,0.0,0.0,0.0,-0.17603491184546596,-0.283833322683991,-0.6010949721906617,0.1423961078279921,-0.2844958199592799,-0.4668695745617363,-1.2706934993383059,-0.46707438800058704,0.0,-0.6093144262638732,-0.40688611890430865,-0.2847917733012345,0,1
0.1111111111111111,0.9093832469848272,0.1388888888888889,0.1111111111111111,0.1111111111111111,0.2222222222222222,0.3333333333333333,0.25,0.19865366409457927,0.214438587242051,-2.476644085611099,-0.7958621975017078,0.3523267441444129,0.9093832469848272,0.2336474618791863,0.27295236848406923,0.3333333333333333,0.13997425265217076,0.18040838650574129,-0.7891132362483021,0,1
0.0,-0.1916190102524236,0.027777777777777776,0.0,0.0,0.2222222222222222,0.0,0.125,-1.4809843220475034,-1.4978381506157068,0.5012069340167656,1.3790049371340838,-0.2632681063313813,-0.1916190102524235,-0.24794407555882716,-1.2558335710649353,0.0,-2.4349041406302154,-1.8377883046032708,1.3273719327921307,1,0
0.3333333333333333,1.4598843756034523,0.19444444444444442,0.1111111111111111,0.1111111111111111,0.2222222222222222,0.3333333333333333,0.25,0.3057862080103784,0.214438587242051,0.16869886832993028,-0.7958621975017078,0.309875208543736,1.4598843756034523,0.46182459082024946,0.27295236848406923,0.3333333333333333,0.45533257435354596,-1.8377883046032708,-0.3945035917891138,0,1
0.3333333333333333,2.560886632840704,0.3055555555555555,0.3333333333333333,0.3333333333333333,0.2222222222222222,0.3333333333333333,0.25,-1.4809843220475034,0.3011257616335053,0.39765349836135255,0.1423961078279921,0.6495157962597452,2.5608866328407034,0.030211570385128454,0.10854127650719715,0.3333333333333333,-2.4349041406302154,-1.8377883046032708,-0.3945035917891138,0,1
0.1111111111111111,-0.4668695745617363,0.0,0.1111111111111111,0.1111111111111111,0.1111111111111111,0.1111111111111111,0.0,-0.2837522314751988,-0.16838295792244487,0.21676984313247286,-1.130080895470915,-0.2844958199592799,-0.4668695745617363,-0.009653776925479437,-0.14001564323410587,0.1111111111111111,0.20687631454243124,0.20480647378947592,-0.5135592262370264,1,0
0.0,-0.4668695745617363,0.0,0.0,0.0,0.0,0.0,0.0,0.4909146555647359,0.38037520412757464,0.8414702812658875,0.2538723316408949,-0.2844958199592799,-0.4668695745617363,1.0380258961336843,0.3041091646661807,0.0,0.19969158683998878,0.3620022280794215,0.6999923241170234,1,0
0.3333333333333333,2.8361371971500167,0.3333333333333333,0.3333333333333333,0.3333333333333333,0.3333333333333333,0.3333333333333333,0.25,0.10724407230306736,-1.4978381506157068,-2.476644085611099,0.2538723316408949,4.300473811813412,2.836137197150016,-0.5381439700842905,-1.2558335710649353,0.3333333333333333,-0.04260204376723723,0.03024184189440318,-1.666848273078999,0,1
0.0,0.083631554056889,0.05555555555555555,0.1111111111111111,0.0,0.0,0.3333333333333333,0.25,0.3315685166615628,-1.4978381506157068,-0.1625931438033047,0.3608480215924758,-0.1889714403146885,0.0836315540568891,-0.31602667050072675,-1.2558335710649353,0.0,-2.4349041406302154,-0.20401956914178188,0.2439439807007004,1,0
0.3333333333333333,1.4598843756034523,0.19444444444444442,0.1111111111111111,0.1111111111111111,0.2222222222222222,0.3333333333333333,0.25,-0.011697378387615939,0.066276523690121,0.16869886832993028,0.4636163081257023,0.60705576978589,1.4598843756034523,-0.3922243496178539,-0.015781955055106312,0.3333333333333333,-2.4349041406302154,-1.8377883046032708,-0.7891132362483021,0,1
0.0,-0.4668695745617363,0.0,0.0,0.0,0.0,0.0,0.0,-1.4809843220475034,-1.4978381506157068,-2.476644085611099,0.4636163081257023,-0.2844958199592799,-0.4668695745617363,-5.028059896155144,-1.2558335710649353,0.0,-2.4349041406302154,-1.8377883046032708,0.5191192900072952,1,0
0.1111111111111111,0.6341326826755145,0.1111111111111111,0.1111111111111111,0.3333333333333333,0.1111111111111111,0.1111111111111111,0.25,-1.4809843220475034,0.6179382730367919,-1.4707608717611047,-0.4950413083649336,-0.0807105616274785,0.6341326826755145,1.1193445439862577,0.27295236848406923,0.3333333333333333,0.5270853668270672,0.7607303389978436,0.1673597344439074,1,0
0.0,-0.1916190102524236,0.027777777777777776,0.0,0.0,0.2222222222222222,0.0,0.125,-1.4809843220475034,-1.4978381506157068,-2.476644085611099,1.3089470244281944,-0.2497596226976441,-0.1916190102524235,-5.028059896155144,-1.2558335710649353,0.0,-2.4349041406302154,-1.8377883046032708,0.6417328970763176,0,1
0.1111111111111111,0.083631554056889,0.05555555555555555,0.1111111111111111,0.1111111111111111,0.3333333333333333,0.1111111111111111,0.25,-0.031672403407900916,0.214438587242051,-0.10041091545176654,-0.4950413083649336,-0.2462859248152321,0.0836315540568891,-0.17652559386127104,0.012525788285051761,0.1111111111111111,-0.05730145932103819,-0.09086383791019664,1.486110633212629,0,1
0.0,-0.4668695745617363,0.0,0.0,0.0,0.0,0.1111111111111111,0.0,-0.04553281838202407,-1.4978381506157068,-2.476644085611099,-1.130080895470915,-0.2844958199592799,-0.4668695745617363,-0.8225723092754195,-0.015423691688263465,0.1111111111111111,-0.2121523322644971,-0.2703064631855168,0.0021753538983214,1,0
0.1111111111111111,0.083631554056889,0.05555555555555555,0.0,0.0,0.3333333333333333,0.0,0.25,0.34068618200076517,-0.25962352200296185,-0.3351884823183917,0.2538723316408949,-0.2317925662894157,0.0836315540568891,-0.28487340690033336,-0.12294100215379163,0.0,-0.5689983788915405,-1.8377883046032708,1.0152348983243975,0,1
0.3333333333333333,0.083631554056889,0.05555555555555555,0.1111111111111111,0.1111111111111111,0.1111111111111111,0.1111111111111111,0.25,0.2672619317513289,0.47186486317693166,0.44857565069185484,-0.95842191396722,-0.1455516624742182,0.0836315540568891,0.6346140476603745,0.27295236848406923,0.1111111111111111,0.30420801898878946,-1.8377883046032708,-0.1828566844305228,1,0
0.1111111111111111,1.18463381129414,0.16666666666666666,0.1111111111111111,0.1111111111111111,0.2222222222222222,0.4444444444444444,0.375,0.029357261941373242,0.014093073420951698,-1.5606053597818246,-1.7090442746462755,0.2249650616147337,1.18463381129414,-0.5038252582901732,0.01928845081540143,0.3333333333333333,-2.4349041406302154,0.05600566865192716,-0.3945035917891138,0,1
0.0,1.18463381129414,0.16666666666666666,0.4444444444444444,0.3333333333333333,0.2222222222222222,0.0,0.375,-1.4809843220475034,-1.4978381506157068,-2.476644085611099,0.5624443361818806,-0.0297639640110196,1.18463381129414,-1.675105594024645,-0.09439049805771137,0.0,-2.4349041406302154,-0.3992343640411307,0.3871513198050401,0,1
0.1111111111111111,-0.4668695745617363,0.0,0.1111111111111111,0.1111111111111111,0.1111111111111111,0.1111111111111111,0.0,0.18366048248811315,0.214438587242051,0.23796784272265611,0.74923519556253,-0.2844958199592799,-0.4668695745617363,0.30699779935237365,0.1812882605018963,0.1111111111111111,0.18953232746223397,0.18040838650574129,-0.5135592262370264,1,0
0.0,0.083631554056889,0.05555555555555555,0.1111111111111111,0.1111111111111111,0.0,0.3333333333333333,0.25,-0.016515666362733553,-0.04622040096392105,-0.5636925919375713,-1.7090442746462755,0.097594534469716,0.0836315540568891,-0.13336772854041914,-0.04918950752030197,0.0,-2.4349041406302154,0.38079998945365606,-1.1433092459291831,1,0
0.0,-0.4668695745617363,0.0,0.0,0.0,0.0,0.0,0.0,0.09316415725953443,0.6315470471264694,0.5681828660324588,0.3608480215924758,-0.2844958199592799,-0.4668695745617363,0.7958343550782488,0.09561874471129156,0.0,0.0233208938130201,0.16659796492864015,1.199597083727945,1,0
0.0,-0.1916190102524236,0.027777777777777776,0.0,0.0,0.2222222222222222,0.0,0.125,-1.4809843220475034,-1.4978381506157068,-2.476644085611099,0.5624443361818806,-0.2367336301369842,-0.1916190102524235,-5.028059896155144,-1.2558335710649353,0.0,-2.4349041406302154,-1.8377883046032708,0.2439439807007004,0,1
0.1111111111111111,-0.4668695745617363,0.0,0.1111111111111111,0.1111111111111111,0.1111111111111111,0.1111111111111111,0.0,-0.06182096594394337,-0.08758678929803386,0.2678222202354302,1.1620705813604253,-0.2844958199592799,-0.4668695745617363,-0.04397402686417557,0.1812882605018963,0.1111111111111111,-0.015077236328412898,-0.19492155453371052,-0.9531238224996238,1,0
0.1111111111111111,0.083631554056889,0.05555555555555555,0.1111111111111111,0.0,0.1111111111111111,0.1111111111111111,0.25,-1.4809843220475034,-1.4978381506157068,-2.476644085611099,0.6575761498836257,0.4796657853361687,0.0836315540568891,-1.0324652861512962,-1.2558335710649353,0.3333333333333333,0.060787813026504996,-0.5569519559542916,-1.666848273078999,1,0
0.4444444444444444,2.2856360685313915,0.2777777777777778,0.3333333333333333,0.3333333333333333,0.1111111111111111,0.1111111111111111,0.375,0.03885253254617039,-1.4978381506157068,-0.1940527750620471,-0.0953809513297535,3.5363122065179637,2.2856360685313906,-0.31656268330822224,-1.2558335710649353,0.4444444444444444,0.30420801898878946,-1.8377883046032708,-1.666848273078999,0,1
0.1111111111111111,-0.4668695745617363,0.0,0.1111111111111111,0.1111111111111111,0.1111111111111111,0.1111111111111111,0.0,0.25909069258539974,0.2759431547214016,0.33176328759158996,-1.130080895470915,-0.2844958199592799,-0.4668695745617363,0.5230114608966848,0.232909330105537,0.1111111111111111,0.323428064557037,0.25912409361742555,0.7564222381735122,1,0
0.0,-0.4668695745617363,0.0,0.0,0.0,0.0,0.0,0.0,-0.25574014463392186,-1.4978381506157068,-2.476644085611099,-0.0953809513297535,-0.2844958199592799,-0.4668695745617363,-1.8243691188850175,-0.17555695391141726,0.0,-2.4349041406302154,-1.8377883046032708,1.1095988810204689,1,0
0.1111111111111111,-0.4668695745617363,0.0,0.1111111111111111,0.1111111111111111,0.1111111111111111,0.1111111111111111,0.0,0.05331580804312823,0.018591671476249207,0.034791834629782185,0.5624443361818806,-0.2844958199592799,-0.4668695745617363,-0.013543755734125175,0.05693515131531388,0.1111111111111111,0.2324632635633931,0.005775291400744047,-0.6440902286753902,1,0
0.3333333333333333,2.2856360685313915,0.2777777777777778,0.1111111111111111,0.1111111111111111,0.2222222222222222,0.5555555555555556,0.5,-0.1064055331039316,-0.04287136549723655,-2.476644085611099,-1.9271995283231864,1.2438732394109595,2.2856360685313906,-0.740022176188871,-0.07972466956477688,0.4444444444444444,-0.06208652614907963,-1.8377883046032708,-0.9531238224996238,0,1
0.3333333333333333,0.3588821183662018,0.08333333333333333,0.1111111111111111,0.1111111111111111,0.2222222222222222,0.0,0.25,-1.4809843220475034,0.3153352653466343,0.4715432755901649,1.5129114345882186,-0.2377081717682121,0.3588821183662018,0.1425001855184951,0.14850356484644558,0.0,-2.4349041406302154,-1.8377883046032708,1.8047152235915511,1,0
0.1111111111111111,0.9093832469848272,0.1388888888888889,0.3333333333333333,0.1111111111111111,0.2222222222222222,0.3333333333333333,0.25,0.2589858554836899,-1.4978381506157068,0.16869886832993028,0.2538723316408949,0.3523267441444129,0.9093832469848272,0.5567028338463358,0.3333354774730562,0.1111111111111111,0.31681855183423063,0.442866495718539,-0.7891132362483021,0,1
0.1111111111111111,-0.4668695745617363,0.0,0.1111111111111111,0.1111111111111111,0.1111111111111111,0.1111111111111111,0.0,0.32493582651498576,0.3781993782464736,0.6945781907212136,0.5624443361818806,-0.2844958199592799,-0.4668695745617363,1.0158696814353412,0.2700214131527996,0.1111111111111111,0.6396851926361523,0.47497829121629737,1.6335973378751631,1,0
0.1111111111111111,0.9093832469848272,0.1388888888888889,0.1111111111111111,0.3333333333333333,0.2222222222222222,0.3333333333333333,0.25,-1.4809843220475034,0.066276523690121,-0.038891540158578077,-0.7958621975017078,1.6259081932793418,0.9093832469848272,-0.4870796040978054,-0.015781955055106312,0.1111111111111111,-1.4880007338279437,0.022032598257449288,-1.666848273078999,0,1
0.1111111111111111,-0.1916190102524236,0.027777777777777776,0.1111111111111111,0.1111111111111111,0.2222222222222222,0.0,0.125,-1.4809843220475034,-1.4978381506157068,0.16869886832993028,-0.222430806752854,-0.2299105088989508,-0.1916190102524235,-0.5757926869969202,0.10854127650719715,0.0,-2.4349041406302154,-1.8377883046032708,0.0869332819236188,1,0
0.1111111111111111,0.9093832469848272,0.1388888888888889,0.1111111111111111,0.3333333333333333,0.2222222222222222,0.3333333333333333,0.25,-1.4809843220475034,0.10524323791544427,-0.018873842113316566,-0.3554890506588386,0.3523267441444129,0.9093832469848272,-0.3822799551434473,0.08964009583713212,0.1111111111111111,-2.4349041406302154,-0.01160329552774256,-0.7891132362483021,0,1
0.1111111111111111,0.6341326826755145,0.1111111111111111,0.1111111111111111,0.3333333333333333,0.0,0.3333333333333333,0.25,-1.4809843220475034,-0.020363180020070946,-0.1940527750620471,-1.130080895470915,-0.0297646715936118,0.6341326826755145,-0.5757926869969202,0.10854127650719715,0.1111111111111111,-2.4349041406302154,-0.09634369408832952,-0.0875094222424097,1,0
0.1111111111111111,-0.4668695745617363,0.0,0.1111111111111111,0.1111111111111111,0.0,0.1111111111111111,0.0,-0.33213707658246494,-0.3302759480715859,-0.16319385511743364,1.8157962335875484,-0.2844958199592799,-0.4668695745617363,-0.8932054379188138,-0.3277839820425376,0.1111111111111111,-0.17756548909525025,-0.4648648554779333,-0.9531238224996238,1,0
0.1111111111111111,0.6341326826755145,0.1111111111111111,0.1111111111111111,0.1111111111111111,0.3333333333333333,0.3333333333333333,0.25,0.3547919585064962,0.3703360350780464,0.49380039328860975,0.6575761498836257,-0.1455510309127367,0.6341326826755145,0.6783299217269537,0.3201462223973949,0.1111111111111111,-1.9173243051832538,0.3640778410488459,0.6417328970763176,0,1
0.1111111111111111,-0.4668695745617363,0.0,0.1111111111111111,0.0,0.0,0.0,0.0,0.2653886661751719,0.12776328546361485,0.26847404018890436,-0.222430806752854,-0.2844958199592799,-0.4668695745617363,0.04765675861369156,-0.21659427311646556,0.0,-0.5729083411369763,0.07824744290209906,0.0021753538983214,1,0
0.1111111111111111,0.083631554056889,0.05555555555555555,0.1111111111111111,0.3333333333333333,0.1111111111111111,0.1111111111111111,0.25,-0.19569560995306062,0.066276523690121,-0.049161422146484765,-0.222430806752854,-0.1571302457764458,0.0836315540568891,0.12876988522256091,0.3333354774730562,0.1111111111111111,0.0096341289758159,0.07824744290209906,-0.0875094222424097,1,0
0.0,-0.4668695745617363,0.0,0.0,0.0,0.0,0.0,0.0,-1.4809843220475034,-1.4978381506157068,-2.476644085611099,1.1620705813604253,-0.2844958199592799,-0.4668695745617363,-5.028059896155144,-1.2558335710649353,0.0,-2.4349041406302154,-1.8377883046032708,1.3273719327921307,0,1
0.4444444444444444,2.2856360685313915,0.2777777777777778,0.3333333333333333,0.1111111111111111,0.2222222222222222,0.3333333333333333,0.375,0.11363053313180634,-1.4978381506157068,0.09541429936025897,-1.504321540361816,2.2627519830329987,2.2856360685313906,-0.6598451745581841,-1.2558335710649353,0.3333333333333333,-2.4349041406302154,-1.8377883046032708,-1.3723900433022265,0,1
0.1111111111111111,-0.4668695745617363,0.0,0.1111111111111111,0.0,0.1111111111111111,0.1111111111111111,0.0,-1.4809843220475034,-1.4978381506157068,0.09883240487051116,1.3089470244281944,-0.2844958199592799,-0.4668695745617363,-0.41765519112613586,-1.2558335710649353,0.1111111111111111,0.08136281572751122,-0.00749880872921027,-0.9531238224996238,1,0
0.0,-0.4668695745617363,0.0,0.0,0.0,0.0,0.0,0.0,-1.4809843220475034,-1.4978381506157068,-2.476644085611099,-0.222430806752854,-0.2844958199592799,-0.4668695745617363,-1.873218969294285,-1.2558335710649353,0.0,-0.3281393778419977,-1.8377883046032708,-0.9531238224996238,1,0
0.0,-0.1916190102524236,0.027777777777777776,0.0,0.0,0.2222222222222222,0.0,0.125,-1.4809843220475034,-1.4978381506157068,-2.476644085611099,0.74923519556253,-0.2638418267707287,-0.1916190102524235,-5.028059896155144,-1.2558335710649353,0.0,-2.4349041406302154,-1.8377883046032708,1.3682240822548568,0,1
0.3333333333333333,1.7351349399127654,0.2222222222222222,0.4444444444444444,0.4444444444444444,0.1111111111111111,0.1111111111111111,0.375,0.11384010261592441,0.15763820015463306,0.4240946640332317,0.74923519556253,-0.0297636102182493,1.7351349399127651,0.6269457978251336,-1.2558335710649353,0.1111111111111111,0.38856701644178904,0.5594659976634546,0.7564222381735122,0,1
0.0,-0.4668695745617363,0.0,0.0,0.0,0.0,0.0,0.0,-1.4809843220475034,-1.4978381506157068,0.25553559283774613,-1.504321540361816,-0.2844958199592799,-0.4668695745617363,-0.6214792406700255,-1.2558335710649353,0.0,-0.7184029574279608,-0.24364852373056853,-0.3945035917891138,1,0
0.1111111111111111,-0.4668695745617363,0.0,0.1111111111111111,0.1111111111111111,0.1111111111111111,0.1111111111111111,0.0,0.19865366409457927,0.214438587242051,0.12647886847422787,-0.6416298188340922,-0.2844958199592799,-0.4668695745617363,0.22344991033072584,0.1812882605018963,0.1111111111111111,0.150515689149979,0.07824744290209906,-0.2847917733012345,1,0
0.1111111111111111,-0.4668695745617363,0.0,0.1111111111111111,0.1111111111111111,0.1111111111111111,0.1111111111111111,0.0,0.11363053313180634,0.12776328546361485,0.10848346083980917,-0.6416298188340922,-0.2844958199592799,-0.4668695745617363,0.05666772811172043,0.10854127650719715,0.1111111111111111,0.08136281572751122,0.07950399314438782,-0.5135592262370264,1,0
0.1111111111111111,0.9093832469848272,0.1388888888888889,0.0,0.1111111111111111,0.2222222222222222,0.3333333333333333,0.25,0.3679838853211465,1.1147066353792472,-2.476644085611099,0.6575761498836257,-0.093446821860342,0.9093832469848272,1.9434153022857323,0.2849598405137579,0.3333333333333333,0.3126488641947435,0.34900422611190063,0.5191192900072952,0,1
0.1111111111111111,0.6341326826755145,0.1111111111111111,0.1111111111111111,0.1111111111111111,0.3333333333333333,0.3333333333333333,0.25,-0.1064055331039316,-0.003920466634580242,0.04758485615594852,-1.504321540361816,0.3268518037888158,0.6341326826755145,-0.5060824340335689,-0.015066141993938723,0.1111111111111111,-2.4349041406302154,-0.1886702074924367,-0.9531238224996238,0,1
0.4444444444444444,3.111387761459329,0.3611111111111111,0.3333333333333333,0.3333333333333333,0.3333333333333333,0.3333333333333333,0.375,0.11363053313180634,0.018591671476249207,0.2594804437169419,1.0053451065944692,1.7023839572220312,3.1113877614593286,-0.06350011676499775,0.10854127650719715,0.3333333333333333,-2.4349041406302154,0.03730458856720431,-0.9531238224996238,0,1
0.0,-0.4668695745617363,0.0,0.0,0.0,0.0,0.0,0.0,-1.4809843220475034,-1.4978381506157068,0.5392528137287013,-0.7958621975017078,-0.2844958199592799,-0.4668695745617363,0.6855071097242851,0.16704098413972915,0.0,0.6960481664772368,0.29663282875022295,0.3871513198050401,1,0
0.3333333333333333,4.487640583005893,0.5,0.4444444444444444,0.3333333333333333,0.5555555555555556,0.5555555555555556,0.5,0.11363053313180634,-1.4978381506157068,-2.476644085611099,-1.7090442746462755,4.300550225426821,4.487640583005892,-0.6158531964356745,-1.2558335710649353,0.4444444444444444,-0.719952793840549,0.13446858275768922,-1.3723900433022265,0,1
0.3333333333333333,2.010385504222078,0.25,0.3333333333333333,0.1111111111111111,0.2222222222222222,0.3333333333333333,0.25,0.3671715138948441,-1.4978381506157068,-2.476644085611099,1.4469588684499963,-0.0473311784448913,2.0103855042220777,0.71276414583404,0.3333354774730562,0.3333333333333333,0.4123958978726874,0.5751543653927822,1.0152348983243975,0,1
0.1111111111111111,-0.4668695745617363,0.0,0.1111111111111111,0.1111111111111111,0.1111111111111111,0.1111111111111111,0.0,-0.22995039530624575,0.12776328546361485,-0.11127753062753284,1.0053451065944692,-0.2844958199592799,-0.4668695745617363,-0.4520605207621747,-0.1845109244123129,0.1111111111111111,-0.1265979840853157,-0.202096878991036,-1.666848273078999,1,0
0.1111111111111111,0.6341326826755145,0.1111111111111111,0.1111111111111111,0.1111111111111111,0.3333333333333333,0.3333333333333333,0.25,-0.011697378387615939,0.066276523690121,0.10901145317231987,2.483863260981445,0.3268518037888158,0.6341326826755145,-0.2984904783494785,0.03140630306814073,0.1111111111111111,-2.4349041406302154,-0.05042906437089462,-0.9531238224996238,0,1
0.1111111111111111,0.3588821183662018,0.08333333333333333,0.1111111111111111,0.1111111111111111,0.2222222222222222,0.3333333333333333,0.25,-0.031672403407900916,-0.020363180020070946,0.034791834629782185,0.1423961078279921,0.1740148978517919,0.3588821183662018,-0.5137426881645986,-0.08465673382266095,0.1111111111111111,-1.9173243051832538,-0.15033385167146385,-0.9531238224996238,0,1
0.1111111111111111,0.083631554056889,0.05555555555555555,0.1111111111111111,0.1111111111111111,0.3333333333333333,0.1111111111111111,0.25,-0.021447229530358713,-0.016132469034368106,0.11760366895698081,-1.7090442746462755,-0.0297667943178028,0.0836315540568891,-0.15868583225664065,-0.0019815092194356396,0.1111111111111111,0.018354147473292056,0.025161917861290132,-0.7891132362483021,0,1
0.1111111111111111,1.18463381129414,0.16666666666666666,0.1111111111111111,0.1111111111111111,0.2222222222222222,0.4444444444444444,0.375,-0.03399042739279907,0.0019336068950664943,-1.9449000722341456,-0.6416298188340922,1.243852861836087,1.18463381129414,-0.7061650460213944,-0.019038917372292397,0.3333333333333333,-2.4349041406302154,-0.09135711293377474,-1.3723900433022265,0,1
0.1111111111111111,-0.4668695745617363,0.0,0.0,0.0,0.1111111111111111,0.1111111111111111,0.0,-0.20220812076731515,-0.24205366622281366,-0.1940527750620471,-0.95842191396722,-0.2844958199592799,-0.4668695745617363,-0.8388968188915573,-0.16250504744989117,0.1111111111111111,-0.17670370090685472,-1.8377883046032708,-0.2847917733012345,1,0
0.1111111111111111,-0.4668695745617363,0.0,0.1111111111111111,0.1111111111111111,0.1111111111111111,0.1111111111111111,0.0,0.3799831845042932,0.4030415636668088,0.6040788725843649,-0.3554890506588386,-0.2844958199592799,-0.4668695745617363,0.9786213005585442,0.30992743791734495,0.1111111111111111,0.638209119137205,0.37734116683533264,1.3273719327921307,1,0
0.0,-0.1916190102524236,0.027777777777777776,0.1111111111111111,0.0,0.2222222222222222,0.0,0.125,-0.22887460301959633,-0.22139741587053635,-2.476644085611099,0.4636163081257023,-0.2590225777575635,-0.1916190102524235,-1.0831201349820065,-0.12622845462244348,0.0,-2.4349041406302154,-0.09634369408832952,1.0629938337787594,1,0
0.3333333333333333,1.4598843756034523,0.19444444444444442,0.1111111111111111,0.1111111111111111,0.2222222222222222,0.3333333333333333,0.25,-0.20315520606063805,-0.1484276388262529,0.1529146459748972,-0.7958621975017078,2.3900697985747907,1.4598843756034523,-0.6675460048333411,-0.13930054313604165,0.3333333333333333,-2.4349041406302154,-1.8377883046032708,-1.666848273078999,0,1
0.1111111111111111,-0.4668695745617363,0.0,0.1111111111111111,0.1111111111111111,0.1111111111111111,0.1111111111111111,0.0,-0.17687068600338346,-0.020363180020070946,0.038404497313681465,0.3608480215924758,-0.2844958199592799,-0.4668695745617363,-0.2729858672934792,-0.23146499342530566,0.1111111111111111,0.1486435532685795,-0.09634369408832952,-0.2847917733012345,1,0
0.0,-0.4668695745617363,0.0,0.0,0.0,0.0,0.0,0.0,0.24877953729658128,-0.14803916375906678,0.021655288632532486,0.3608480215924758,-0.2844958199592799,-0.4668695745617363,-0.0972739692706438,0.1768681478600174,0.0,-0.4051106091944457,-0.2468306114300373,1.0152348983243975,1,0
0.1111111111111111,-0.4668695745617363,0.0,0.1111111111111111,0.0,0.1111111111111111,0.1111111111111111,0.0,-1.4809843220475034,-1.4978381506157068,-0.03478979744880234,-1.31171478496986,-0.2844958199592799,-0.4668695745617363,-0.8103993418836994,-1.2558335710649353,0.1111111111111111,-0.00922997645810883,-1.8377883046032708,-1.3723900433022265,1,0
0.1111111111111111,0.6341326826755145,0.1111111111111111,0.3333333333333333,0.3333333333333333,0.1111111111111111,0.1111111111111111,0.25,-1.4809843220475034,0.066276523690121,-0.060200737786788555,0.5624443361818806,0.0551447677567291,0.6341326826755145,-0.2855726903951195,0.0850983607360946,0.1111111111111111,-0.08282810616588625,0.005775291400744047,-0.3945035917891138,1,0
0.1111111111111111,-0.4668695745617363,0.0,0.1111111111111111,0.1111111111111111,0.1111111111111111,0.1111111111111111,0.0,0.15455148118326137,0.16673593377072146,0.0809464037658137,0.74923519556253,-0.2844958199592799,-0.4668695745617363,0.35246580126750404,0.37235388042488066,0.1111111111111111,0.04216421648155949,0.1134598899578306,-0.1828566844305228,1,0
0.0,-0.4668695745617363,0.0,0.0,0.1111111111111111,0.0,0.0,0.0,-1.4809843220475034,-0.25702342352210616,0.178888903842196,1.0053451065944692,-0.2844958199592799,-0.4668695745617363,-0.3090977194553841,0.02279365357854673,0.0,0.1200825547637397,-1.8377883046032708,1.285678693674575,1,0
0.1111111111111111,0.6341326826755145,0.1111111111111111,0.1111111111111111,0.1111111111111111,0.3333333333333333,0.3333333333333333,0.25,0.27293063649791044,0.24119702560576337,0.2070133954846282,-0.7958621975017078,-0.0493592245867171,0.6341326826755145,0.2277441798847106,0.13416063866482975,0.1111111111111111,-1.0421817297109623,0.21364645487968173,0.0021753538983214,0,1
0.0,-0.4668695745617363,0.0,0.0,0.0,0.0,0.0,0.0,-1.4809843220475034,-0.15675299925015765,-0.633150833521768,0.3608480215924758,-0.2844958199592799,-0.4668695745617363,-1.6020365476889518,-1.2558335710649353,0.0,-0.6405164088259279,-1.8377883046032708,-1.3723900433022265,1,0
0.0,-0.4668695745617363,0.0,0.0,0.0,0.0,0.0,0.0,-1.4809843220475034,0.024561751968611396,-0.27604912372276585,1.0053451065944692,-0.2844958199592799,-0.4668695745617363,-1.0743570431475347,-1.2558335710649353,0.0,-2.4349041406302154,-0.37001122821452725,-0.0875094222424097,1,0
0.1111111111111111,0.083631554056889,0.05555555555555555,0.3333333333333333,0.1111111111111111,0.1111111111111111,0.1111111111111111,0.25,0.19865366409457927,-1.4978381506157068,0.1232101319848419,-0.222430806752854,-0.2180439511956038,0.0836315540568891,0.2353577637238828,0.16890900987517174,0.1111111111111111,0.0976588803573525,0.35508346069795704,0.6999923241170234,1,0
0.0,-0.4668695745617363,0.0,0.0,0.0,0.0,0.0,0.0,0.09339519146367445,0.5266976098715213,0.7081900088901337,0.8376265013727084,-0.2844958199592799,-0.4668695745617363,1.0395439883352753,0.4931094518409319,0.0,0.5368402175445685,-1.8377883046032708,1.199597083727945,1,0
0.3333333333333333,1.4598843756034523,0.19444444444444442,0.1111111111111111,0.1111111111111111,0.2222222222222222,0.3333333333333333,0.25,-0.011697378387615939,0.012083310553986181,0.22429830629969633,0.5624443361818806,-0.0297637618438426,1.4598843756034523,-0.3597686010969941,0.004219667270185835,0.3333333333333333,-2.4349041406302154,-1.8377883046032708,0.5814972662319737,0,1
0.0,-0.4668695745617363,0.0,0.0,0.0,0.0,0.0,0.0,0.006539905894159156,0.5149814631065435,-0.1940527750620471,-0.4950413083649336,-0.2844958199592799,-0.4668695745617363,1.2716351760492888,0.7337347140145948,0.0,-0.2131146983687719,-0.09634369408832952,0.2439439807007004,1,0
0.1111111111111111,-0.4668695745617363,0.0,0.1111111111111111,0.1111111111111111,0.1111111111111111,0.1111111111111111,0.0,-0.031672403407900916,-0.11204520320124457,-0.060200737786788555,-1.9271995283231864,-0.2844958199592799,-0.4668695745617363,-0.4343139325768407,-0.015781955055106312,0.1111111111111111,-0.11859720634246156,-0.18614051716160288,-0.9531238224996238,1,0
0.1111111111111111,-0.4668695745617363,0.0,0.1111111111111111,0.1111111111111111,0.1111111111111111,0.1111111111111111,0.0,0.3374936322617383,0.34403164778013556,0.5315972218020605,1.7585321597554342,-0.2844958199592799,-0.4668695745617363,0.7976296631113244,0.2900563190762661,0.1111111111111111,0.4572960632549125,0.35508346069795704,0.5814972662319737,1,0
0.1111111111111111,-0.4668695745617363,0.0,0.1111111111111111,0.1111111111111111,0.1111111111111111,0.1111111111111111,0.0,0.43959528381392954,0.4331265772230196,0.653383746041454,-0.6416298188340922,-0.2844958199592799,-0.4668695745617363,1.9989026088625292,0.931407765302455,0.1111111111111111,0.5270853668270672,0.42783900320732504,1.2431022551165405,1,0
0.1111111111111111,-0.4668695745617363,0.0,0.1111111111111111,0.1111111111111111,0.1111111111111111,0.1111111111111111,0.0,-0.3088966837270661,-0.20814314591629246,0.0369313612660919,-1.504321540361816,-0.2844958199592799,-0.4668695745617363,-0.632351435141434,-0.24573249218212043,0.1111111111111111,-0.12881500849105557,-0.3838053755925958,-1.1433092459291831,1,0
0.4444444444444444,3.6618888900779543,0.41666666666666663,0.3333333333333333,0.3333333333333333,0.3333333333333333,0.3333333333333333,0.5,0.11363053313180634,0.13819223942991316,-2.476644085611099,-1.31171478496986,2.0080577690960792,3.661888890077954,-0.11082267868121463,-1.2558335710649353,0.5555555555555556,0.36283016970125886,-1.8377883046032708,-0.9531238224996238,0,1
0.3333333333333333,1.4598843756034523,0.19444444444444442,0.1111111111111111,0.0,0.3333333333333333,0.0,0.375,0.2094174170755434,-1.4978381506157068,-2.476644085611099,-0.4950413083649336,0.1612836896806392,1.4598843756034523,-0.5934797739975977,-1.2558335710649353,0.4444444444444444,-0.04241303968704692,-1.2573907469345689,-0.0875094222424097,0,1
0.1111111111111111,-0.4668695745617363,0.0,0.1111111111111111,0.1111111111111111,0.1111111111111111,0.1111111111111111,0.0,-0.004947872781388551,0.3236529324331165,0.16869886832993028,-0.6416298188340922,-0.2844958199592799,-0.4668695745617363,0.5670376122921608,0.3973473314367822,0.1111111111111111,0.13997425265217076,0.35508346069795704,0.6417328970763176,1,0
0.0,-0.4668695745617363,0.0,0.1111111111111111,0.1111111111111111,0.1111111111111111,0.1111111111111111,0.0,-0.2837522314751988,0.12776328546361485,-0.34598822012232755,-0.95842191396722,-0.2844958199592799,-0.4668695745617363,0.043001031711074424,0.20012163769313637,0.0,0.0096341289758159,0.2815170403090649,-1.666848273078999,1,0
0.3333333333333333,2.560886632840704,0.3055555555555555,0.3333333333333333,0.3333333333333333,0.2222222222222222,0.3333333333333333,0.25,0.11363053313180634,-1.4978381506157068,-2.476644085611099,0.02609689719025,0.916372445798759,2.5608866328407034,-0.5127802940355883,-1.2558335710649353,0.3333333333333333,-0.08282810616588625,0.07824744290209906,-0.6440902286753902,0,1
0.0,-0.4668695745617363,0.0,0.0,0.0,0.0,0.0,0.0,-0.21739129166283935,-1.4978381506157068,0.0809464037658137,0.2538723316408949,-0.2844958199592799,-0.4668695745617363,-0.4066071458867924,0.18981475736928755,0.0,-0.3771772238460933,-1.8377883046032708,1.668921836399024,1,0
0.1111111111111111,0.083631554056889,0.05555555555555555,0.3333333333333333,0.0,0.1111111111111111,0.1111111111111111,0.25,-0.31608981251207946,-1.114660594938363,0.257298528389013,-0.0953809513297535,-0.2117152319262978,0.0836315540568891,0.057484147476601556,0.30695473037167503,0.1111111111111111,-0.18987948039188884,0.04069001726851605,0.5814972662319737,1,0
0.1111111111111111,0.3588821183662018,0.08333333333333333,0.1111111111111111,0.1111111111111111,0.2222222222222222,0.3333333333333333,0.25,0.3057862080103784,0.214438587242051,0.16869886832993028,-0.7958621975017078,-0.0934474586850288,0.3588821183662018,0.10518826667169565,-1.2558335710649353,0.1111111111111111,-2.4349041406302154,0.18040838650574129,-0.0875094222424097,1,0
0.1111111111111111,0.083631554056889,0.05555555555555555,0.1111111111111111,0.3333333333333333,0.1111111111111111,0.1111111111111111,0.25,-1.4809843220475034,-0.16838295792244487,-0.18237925388542992,-0.222430806752854,-0.1889714403146885,0.0836315540568891,-0.715896460409307,-0.015781955055106312,0.1111111111111111,-0.15453537925888908,-0.39180806223249853,0.2439439807007004,1,0
0.0,-0.1916190102524236,0.027777777777777776,0.0,0.0,0.2222222222222222,0.0,0.125,-1.4809843220475034,-1.4978381506157068,-2.476644085611099,1.3790049371340838,-0.20807660281388,-0.1916190102524235,-5.028059896155144,-1.2558335710649353,0.0,-2.4349041406302154,-1.8377883046032708,-0.2847917733012345,0,1
0.1111111111111111,-0.4668695745617363,0.0,0.1111111111111111,0.1111111111111111,0.1111111111111111,0.1111111111111111,0.0,0.11363053313180634,0.12776328546361485,0.034791834629782185,-1.9271995283231864,-0.2844958199592799,-0.4668695745617363,-0.00982243190043095,0.10854127650719715,0.1111111111111111,-0.030360099362461087,0.07824744290209906,-0.1828566844305228,1,0
0.1111111111111111,-0.4668695745617363,0.0,0.1111111111111111,0.1111111111111111,0.1111111111111111,0.1111111111111111,0.0,0.19154423969583573,0.23155067604930119,0.11268396089000897,0.8376265013727084,-0.2844958199592799,-0.4668695745617363,0.20061010924509606,0.157670700350545,0.1111111111111111,0.061472485274025074,0.13547442390327438,-0.7891132362483021,1,0
0.3333333333333333,0.6341326826755145,0.1111111111111111,0.1111111111111111,0.1111111111111111,0.1111111111111111,0.1111111111111111,0.25,0.10043389299267505,0.1129400668601307,0.03970846005909461,1.2366750160392723,0.1521835494072796,0.6341326826755145,0.13100068389753539,0.10018713266464359,0.3333333333333333,0.40655538067346964,-1.8377883046032708,-0.6440902286753902,1,0
0.0,-0.4668695745617363,0.0,0.0,0.0,0.0,0.0,0.0,0.8573698084209732,0.3604873073673766,1.4603256896850394,1.9258553163226204,-0.2844958199592799,-0.4668695745617363,2.3936086944001977,0.9356207946216297,0.0,-1.9173243051832538,0.6440728991434305,1.7715522582507326,1,0
0.1111111111111111,-0.4668695745617363,0.0,0.1111111111111111,0.1111111111111111,0.0,0.0,0.0,0.4707643179126623,0.3236529324331165,1.3873645673005333,-0.95842191396722,-0.2844958199592799,-0.4668695745617363,1.668782946034424,0.2735257046064468,0.0,0.1035931218795526,0.3092864219511139,1.561142456786503,1,0
0.1111111111111111,-0.4668695745617363,0.0,0.0,0.0,0.1111111111111111,0.1111111111111111,0.0,-1.4809843220475034,-1.4978381506157068,-0.1940527750620471,1.5769583967038283,-0.2844958199592799,-0.4668695745617363,-1.0726742800912639,-1.2558335710649353,0.1111111111111111,-0.11502526551304132,-1.8377883046032708,-0.9531238224996238,1,0
0.0,0.083631554056889,0.05555555555555555,0.0,0.0,0.3333333333333333,0.0,0.25,-1.4809843220475034,-1.4978381506157068,-2.476644085611099,-1.504321540361816,0.2249537406391757,0.0836315540568891,-1.8012328682280123,-1.2558335710649353,0.0,-0.2929268929199516,-1.8377883046032708,-1.3723900433022265,0,1
0.1111111111111111,-0.4668695745617363,0.0,0.1111111111111111,0.1111111111111111,0.1111111111111111,0.1111111111111111,0.0,0.08575319356172201,0.06050019776789523,0.04471325895204173,0.2538723316408949,-0.2844958199592799,-0.4668695745617363,-0.04581186044354961,0.10473377249251282,0.1111111111111111,0.08136281572751122,-0.009275161793371506,-0.5135592262370264,1,0
0.0,-0.1916190102524236,0.027777777777777776,0.0,0.0,0.2222222222222222,0.0,0.125,-1.4809843220475034,-1.4978381506157068,-2.476644085611099,0.6575761498836257,-0.2590225777575635,-0.1916190102524235,-5.028059896155144,-1.2558335710649353,0.0,-2.4349041406302154,-1.8377883046032708,1.0629938337787594,0,1
0.1111111111111111,-0.4668695745617363,0.0,0.1111111111111111,0.1111111111111111,0.1111111111111111,0.1111111111111111,0.0,-0.031672403407900916,-0.12946365119646047,0.05090380957037403,1.3089470244281944,-0.2844958199592799,-0.4668695745617363,-0.2567850406009787,-0.015781955055106312,0.1111111111111111,0.0096341289758159,-0.01160329552774256,-0.7891132362483021,1,0
0.1111111111111111,0.083631554056889,0.05555555555555555,0.1111111111111111,0.1111111111111111,0.3333333333333333,0.1111111111111111,0.25,0.39083030464541124,0.3955971410661783,0.5315972218020605,-0.7958621975017078,-0.233549335555847,0.0836315540568891,0.9342535650308812,0.30585063256892686,0.1111111111111111,0.5720272761527729,0.42758709717101306,1.0629938337787594,0,1
0.3333333333333333,0.083631554056889,0.05555555555555555,0.1111111111111111,0.1111111111111111,0.1111111111111111,0.1111111111111111,0.25,-0.031672403407900916,-0.09654852506560477,0.04932751301282032,0.02609689719025,-0.0297667943178028,0.0836315540568891,-0.3832676981197954,0.044560169834700084,0.1111111111111111,-0.08282810616588625,-1.8377883046032708,-0.7891132362483021,1,0
0.3333333333333333,0.083631554056889,0.05555555555555555,0.1111111111111111,0.1111111111111111,0.1111111111111111,0.1111111111111111,0.25,0.12275948962466958,0.09125917284980617,0.13911932807499858,1.5769583967038283,0.4796657853361687,0.0836315540568891,-0.2634322729740883,-1.2558335710649353,0.1111111111111111,-0.08261392671528767,-1.8377883046032708,-1.666848273078999,1,0
0.0,1.18463381129414,0.16666666666666666,0.3333333333333333,0.1111111111111111,0.3333333333333333,0.3333333333333333,0.25,-0.07712544467242505,-1.3496048375326566,-0.3626050635543782,-1.130080895470915,2.0079889959270663,1.18463381129414,0.08065949331215154,-0.06688085054270765,0.0,-2.4349041406302154,0.515353646362968,-1.666848273078999,0,1
0.4444444444444444,1.7351349399127654,0.2222222222222222,0.3333333333333333,0.1111111111111111,0.1111111111111111,0.1111111111111111,0.375,0.26921851233687344,-1.4978381506157068,0.33742708388807957,-0.6416298188340922,0.1857773707858456,1.7351349399127651,0.5940213865060694,0.27295236848406923,0.4444444444444444,0.6597540644413262,-1.8377883046032708,0.0021753538983214,0,1
0.0,-0.4668695745617363,0.0,0.0,0.0,0.0,0.0,0.0,-1.4809843220475034,-1.4978381506157068,-2.476644085611099,0.1423961078279921,-0.2844958199592799,-0.4668695745617363,-5.028059896155144,-1.2558335710649353,0.0,-2.4349041406302154,-1.8377883046032708,0.6999923241170234,1,0
0.1111111111111111,-0.4668695745617363,0.0,0.1111111111111111,0.1111111111111111,0.1111111111111111,0.1111111111111111,0.0,0.47190753074823016,0.43736449256029597,0.6366946978213068,-0.6416298188340922,-0.2844958199592799,-0.4668695745617363,1.2555505870150938,0.28643080330718096,0.1111111111111111,0.6755580203172455,0.7290244014774278,2.223906638893516,1,0
0.1111111111111111,0.083631554056889,0.05555555555555555,0.1111111111111111,0.1111111111111111,0.3333333333333333,0.1111111111111111,0.25,0.47494471565738927,0.49414217124898024,0.6017420617855448,-0.222430806752854,-0.2497595437519207,0.0836315540568891,1.143475230005126,0.43006921587535435,0.1111111111111111,0.5720272761527729,0.491277090930023,1.6335973378751631,0,1
0.1111111111111111,-0.4668695745617363,0.0,0.1111111111111111,0.1111111111111111,0.1111111111111111,0.1111111111111111,0.0,0.5062066625999129,0.9787350564448721,0.4926873395741765,-0.222430806752854,-0.2844958199592799,-0.4668695745617363,1.68341293386614,0.3572998073251172,0.1111111111111111,0.5270853668270672,0.35508346069795704,0.6417328970763176,1,0
0.1111111111111111,0.083631554056889,0.05555555555555555,0.1111111111111111,0.1111111111111111,0.3333333333333333,0.1111111111111111,0.25,0.19872355549491127,0.3236529324331165,0.3505732374012529,1.0053451065944692,-0.2080762207197047,0.0836315540568891,0.5688930516209877,0.1812882605018963,0.1111111111111111,0.45577440228353866,0.2529015249281053,0.5191192900072952,0,1
0.1111111111111111,-0.4668695745617363,0.0,0.1111111111111111,0.1111111111111111,0.1111111111111111,0.1111111111111111,0.0,-0.016126104438052926,0.011531899507590097,0.05728913035152748,-1.31171478496986,-0.2844958199592799,-0.4668695745617363,-0.17119474256175288,0.011912147047364584,0.1111111111111111,-0.0051655882901636635,0.0464715426655191,-0.9531238224996238,1,0
0.1111111111111111,-0.4668695745617363,0.0,0.1111111111111111,0.1111111111111111,0.1111111111111111,0.1111111111111111,0.0,0.11363053313180634,0.0,0.10848346083980917,-0.7958621975017078,-0.2844958199592799,-0.4668695745617363,0.758918817046337,0.05693515131531388,0.1111111111111111,0.025316925826723576,0.7469156587988368,-0.9531238224996238,1,0
0.1111111111111111,-0.4668695745617363,0.0,0.1111111111111111,0.0,0.0,0.0,0.0,0.4495727313762759,-0.046703144883761,1.0614196019913393,0.4636163081257023,-0.2844958199592799,-0.4668695745617363,1.1443508258915747,0.41155811764194117,0.0,-0.23265115791362534,-1.8377883046032708,1.285678693674575,1,0
0.1111111111111111,0.083631554056889,0.05555555555555555,0.1111111111111111,0.3333333333333333,0.1111111111111111,0.1111111111111111,0.25,-1.4809843220475034,0.0820638490124016,-0.11102071667620021,0.5624443361818806,-0.1889714403146885,0.0836315540568891,-0.40763189674269557,-0.015781955055106312,0.1111111111111111,-0.13936814149278817,-0.032409633836191595,0.2439439807007004,1,0
0.0,-0.4668695745617363,0.0,0.0,0.0,0.0,0.0,0.0,-0.2663720580178166,-0.25962352200296185,-2.476644085611099,-1.130080895470915,-0.2844958199592799,-0.4668695745617363,-0.9519047513928122,0.013594638070886957,0.0,-2.4349041406302154,-0.09634369408832952,-0.3945035917891138,1,0
0.1111111111111111,-0.4668695745617363,0.0,0.1111111111111111,0.1111111111111111,0.1111111111111111,0.1111111111111111,0.0,0.3060377416570077,0.3239093538855156,0.39765349836135255,-0.222430806752854,-0.2844958199592799,-0.4668695745617363,0.696544981626419,0.30585063256892686,0.1111111111111111,0.37337333432966896,0.35508346069795704,0.8643003776574393,1,0
0.1111111111111111,-0.4668695745617363,0.0,0.1111111111111111,0.1111111111111111,0.1111111111111111,0.1111111111111111,0.0,0.16042040378299907,-0.07870470972534525,-0.10215572367307334,-0.222430806752854,-0.2844958199592799,-0.4668695745617363,-0.22904082605813766,0.08964009583713212,0.1111111111111111,-0.11955646263367715,-0.17661424232303088,-1.3723900433022265,1,0
0.1111111111111111,-0.4668695745617363,0.0,0.1111111111111111,0.1111111111111111,0.0,0.0,0.0,0.3442710159296509,0.34430360498996365,0.3716619977556528,-0.0953809513297535,-0.2844958199592799,-0.4668695745617363,1.7912647647087856,0.240979621554806,0.1111111111111111,1.401456547314179,0.3553773143737125,0.9662521913648202,1,0
0.0,-0.4668695745617363,0.0,0.0,0.0,0.1111111111111111,0.1111111111111111,0.0,0.10287579294346057,-1.4978381506157068,-0.1074461255133846,-2.160312568658551,-0.2844958199592799,-0.4668695745617363,-0.4776649287085658,-1.2558335710649353,0.1111111111111111,-0.024230948184563922,-0.15252708390055125,-2.102083711231995,1,0
0.1111111111111111,-0.4668695745617363,0.0,0.1111111111111111,0.1111111111111111,0.1111111111111111,0.1111111111111111,0.0,0.3057862080103784,-0.06910086214624117,-0.03174656624508933,0.5624443361818806,-0.2844958199592799,-0.4668695745617363,-0.004056395189917627,-0.015781955055106312,0.1111111111111111,0.0096341289758159,-0.00485753283318338,-1.3723900433022265,1,0
0.1111111111111111,0.6341326826755145,0.1111111111111111,0.1111111111111111,0.3333333333333333,0.3333333333333333,0.1111111111111111,0.25,-1.4809843220475034,-0.12946365119646047,-0.16560768234201723,0.6575761498836257,0.7344033012376314,0.6341326826755145,-0.5938872977327593,-0.015781955055106312,0.1111111111111111,-0.2131146983687719,-0.05573139401720503,-1.3723900433022265,0,1
0.0,-0.4668695745617363,0.0,0.0,0.0,0.0,0.0,0.0,-1.4809843220475034,-1.4978381506157068,-2.476644085611099,1.8157962335875484,-0.2844958199592799,-0.4668695745617363,-5.028059896155144,-1.2558335710649353,0.0,-2.4349041406302154,-1.8377883046032708,1.0629938337787594,1,0
0.1111111111111111,0.9093832469848272,0.1388888888888889,0.4444444444444444,0.3333333333333333,0.0,0.1111111111111111,0.375,-1.4809843220475034,-1.4978381506157068,-0.060200737786788555,0.74923519556253,0.9891280815368592,0.9093832469848272,-0.5076312645113519,0.0013089566649129294,0.1111111111111111,-0.1593917029163177,0.04618559430064315,-1.3723900433022265,0,1
0.1111111111111111,-0.4668695745617363,0.0,0.1111111111111111,0.1111111111111111,0.1111111111111111,0.1111111111111111,0.0,-0.031672403407900916,0.7457841230725359,0.3689107160964178,-0.7958621975017078,-0.2844958199592799,-0.4668695745617363,0.9654323689153941,-0.10147468064324724,0.1111111111111111,0.3406465500697549,0.14915034027229246,0.0869332819236188,1,0
0.0,-0.1916190102524236,0.027777777777777776,0.0,0.0,0.2222222222222222,0.0,0.125,0.3688241852320678,-1.4978381506157068,-2.476644085611099,1.6391892378370123,-0.2462860203394923,-0.1916190102524235,-0.1393967909142752,-1.2558335710649353,0.0,0.131285026097367,-1.8377883046032708,0.5191192900072952,1,0
0.0,-0.4668695745617363,0.0,0.0,0.0,0.0,0.0,0.0,-1.4809843220475034,-1.4978381506157068,-2.476644085611099,-0.6416298188340922,-0.2844958199592799,-0.4668695745617363,-5.028059896155144,-1.2558335710649353,0.0,-2.4349041406302154,-1.8377883046032708,0.5814972662319737,1,0
0.1111111111111111,1.18463381129414,0.16666666666666666,0.1111111111111111,0.1111111111111111,0.3333333333333333,0.3333333333333333,0.25,-0.031672403407900916,0.44423812695990667,-2.476644085611099,0.3608480215924758,0.0976009025892222,1.18463381129414,0.49316425878172565,0.10854127650719715,0.3333333333333333,0.25571528866671944,0.4593917602828005,-0.0875094222424097,0,1
0.0,-0.4668695745617363,0.0,0.0,0.0,0.0,0.0,0.0,-1.4809843220475034,-1.4978381506157068,-2.476644085611099,0.1423961078279921,-0.2844958199592799,-0.4668695745617363,-5.028059896155144,-1.2558335710649353,0.0,-2.4349041406302154,-1.8377883046032708,0.6999923241170234,1,0
0.1111111111111111,1.4598843756034523,0.19444444444444442,0.3333333333333333,0.3333333333333333,0.2222222222222222,0.3333333333333333,0.25,0.16042040378299907,-1.4978381506157068,0.2637189492662903,-1.504321540361816,1.498577642135315,1.4598843756034523,-0.3060119961713659,-0.17166893429764887,0.1111111111111111,-2.4349041406302154,-0.22493634798497716,-1.3723900433022265,0,1
0.1111111111111111,-0.4668695745617363,0.0,0.1111111111111111,0.1111111111111111,0.1111111111111111,0.1111111111111111,0.0,0.12074236796650738,0.13210084404868222,0.16869886832993028,0.1423961078279921,-0.2844958199592799,-0.4668695745617363,0.8634386247026499,0.1812882605018963,0.1111111111111111,0.902355136885753,0.05170390327415423,-0.1828566844305228,1,0
0.1111111111111111,-0.4668695745617363,0.0,0.1111111111111111,0.1111111111111111,0.1111111111111111,0.1111111111111111,0.0,0.05331580804312823,-0.020363180020070946,-0.10190590049916318,-1.7090442746462755,-0.2844958199592799,-0.4668695745617363,-0.25190385000087095,-0.015781955055106312,0.1111111111111111,0.0096341289758159,-0.0230124943395663,-0.9531238224996238,1,0
0.1111111111111111,-0.4668695745617363,0.0,0.1111111111111111,0.0,0.1111111111111111,0.1111111111111111,0.0,-1.4809843220475034,-1.4978381506157068,0.3604550640722583,-0.0953809513297535,-0.2844958199592799,-0.4668695745617363,-0.032994685627783446,-1.2558335710649353,0.1111111111111111,0.30420801898878946,-0.09634369408832952,0.4544096728511559,1,0
0.3333333333333333,0.083631554056889,0.05555555555555555,0.1111111111111111,0.1111111111111111,0.1111111111111111,0.1111111111111111,0.25,-0.031672403407900916,-0.28902244472125804,0.11990873271450468,-1.7090442746462755,0.0211779919147679,0.0836315540568891,-0.4129863278055807,-0.015781955055106312,0.1111111111111111,-0.07772676298045061,-1.8377883046032708,-0.9531238224996238,1,0
0.0,1.4598843756034523,0.19444444444444442,0.0,0.0,0.4444444444444444,0.3333333333333333,0.375,-1.4809843220475034,-1.4978381506157068,-0.5402922922717568,0.5624443361818806,0.7853625215998877,1.4598843756034523,-2.3254641829600615,-1.2558335710649353,0.3333333333333333,-2.4349041406302154,-1.8377883046032708,-0.9531238224996238,0,1
0.1111111111111111,0.083631554056889,0.05555555555555555,0.0,0.0,0.3333333333333333,0.0,0.25,0.02315644489723045,0.03553110332609445,0.1211824086625698,1.2366750160392723,-0.1669275222729985,0.0836315540568891,-0.2653319920356426,0.031130376976603844,0.0,-0.08261392671528767,-1.8377883046032708,0.0021753538983214,0,1
0.1111111111111111,0.3588821183662018,0.08333333333333333,0.1111111111111111,0.1111111111111111,0.2222222222222222,0.3333333333333333,0.25,0.3537265810132059,-0.15837619843326853,0.08465870272894467,-2.160312568658551,0.4796785209384036,0.3588821183662018,0.37779968064695346,-0.10794878822499314,0.1111111111111111,-2.4349041406302154,0.5169840911139691,-1.3723900433022265,1,0
0.0,-0.4668695745617363,0.0,0.0,0.0,0.1111111111111111,0.1111111111111111,0.0,-1.4809843220475034,-1.4978381506157068,-2.476644085611099,-1.9271995283231864,-0.2844958199592799,-0.4668695745617363,-1.6378921616938666,-1.2558335710649353,0.1111111111111111,-0.2131146983687719,-1.8377883046032708,-1.666848273078999,1,0
0.0,-0.1916190102524236,0.027777777777777776,0.0,0.0,0.2222222222222222,0.0,0.125,-1.4809843220475034,-1.4978381506157068,-2.476644085611099,-1.31171478496986,-0.2208130328678629,-0.1916190102524235,-1.6398689270624869,-0.01632069449067146,0.0,-2.4349041406302154,-1.8377883046032708,-0.0875094222424097,1,0
0.0,-0.1916190102524236,0.027777777777777776,0.0,0.0,0.2222222222222222,0.0,0.125,-1.4809843220475034,-1.4978381506157068,-2.476644085611099,1.6391892378370123,-0.20807660281388,-0.1916190102524235,-5.028059896155144,-1.2558335710649353,0.0,-2.4349041406302154,-1.8377883046032708,-0.2847917733012345,0,1
0.3333333333333333,1.4598843756034523,0.19444444444444442,0.1111111111111111,0.0,0.2222222222222222,0.3333333333333333,0.25,-0.04620554702745469,-0.9334613164360495,-0.0009185191675057272,-1.130080895470915,0.2504387000585193,1.4598843756034523,-0.48442536145988135,0.1812882605018963,0.3333333333333333,-2.4349041406302154,-1.8377883046032708,-0.2847917733012345,0,1
0.1111111111111111,1.18463381129414,0.16666666666666666,0.1111111111111111,0.1111111111111111,0.3333333333333333,0.3333333333333333,0.25,0.22428431919137498,0.214438587242051,-2.476644085611099,-1.31171478496986,0.2886468757888082,1.18463381129414,0.49253283832304495,0.3561746162832491,0.3333333333333333,0.45533257435354596,0.16302380427722835,-0.5135592262370264,0,1
0.3333333333333333,2.560886632840704,0.3055555555555555,0.3333333333333333,0.3333333333333333,0.2222222222222222,0.3333333333333333,0.25,0.5362240682264986,-1.4978381506157068,0.7216763735214582,-0.3554890506588386,0.1825125826125307,2.5608866328407034,0.8629424635639573,0.3333354774730562,0.3333333333333333,-2.4349041406302154,0.35508346069795704,0.3871513198050401,0,1
0.3333333333333333,1.7351349399127654,0.2222222222222222,0.1111111111111111,0.1111111111111111,0.3333333333333333,0.3333333333333333,0.25,-0.4614975599638623,-0.43353643856768437,0.034791834629782185,-0.7958621975017078,1.7533024224345426,1.7351349399127651,-0.6222046451207646,-0.5937170139633319,0.3333333333333333,0.061472485274025074,-1.8377883046032708,-1.3723900433022265,0,1
0.0,-0.4668695745617363,0.0,0.0,0.0,0.0,0.0,0.0,0.6062046962267913,0.6305210184127961,1.124556041502445,1.5129114345882186,-0.2844958199592799,-0.4668695745617363,1.5777156252777895,0.6141164593420568,0.0,-2.4349041406302154,-1.8377883046032708,0.6417328970763176,1,0
0.0,-0.4668695745617363,0.0,0.1111111111111111,0.1111111111111111,0.0,0.0,0.0,-1.1901688271439377,-1.1536510563699378,0.026431289036103117,0.3608480215924758,-0.2844958199592799,-0.4668695745617363,0.18004200684877775,0.017062421202481703,0.0,-0.3782491929492808,0.5281147673949012,0.5191192900072952,1,0
0.1111111111111111,-0.1916190102524236,0.027777777777777776,0.1111111111111111,0.1111111111111111,0.2222222222222222,0.0,0.125,0.2979658577876806,0.27292878161339956,0.36284943562907873,1.0850063694144667,-0.2208130328678629,-0.1916190102524235,1.5965749255745683,0.37627151444352924,0.1111111111111111,1.2870630582451554,0.2529015249281053,-0.0875094222424097,1,0
0.0,-0.4668695745617363,0.0,0.0,0.1111111111111111,0.0,0.0,0.0,-1.4809843220475034,0.0735597974702508,-0.2777456159316628,0.6575761498836257,-0.2844958199592799,-0.4668695745617363,-0.5324230069028941,0.05196415790145149,0.0,-0.294578195306492,-0.16019500465693898,-1.1433092459291831,1,0
0.0,-0.4668695745617363,0.0,0.0,0.0,0.0,0.0,0.0,-1.4809843220475034,-1.4978381506157068,-2.476644085611099,0.02609689719025,-0.2844958199592799,-0.4668695745617363,-5.028059896155144,-1.2558335710649353,0.0,-2.4349041406302154,-1.8377883046032708,1.3273719327921307,1,0
0.3333333333333333,2.010385504222078,0.25,0.1111111111111111,0.1111111111111111,0.4444444444444444,0.3333333333333333,0.375,-0.0182777031574547,-0.010959128576550377,0.22064960600352257,0.1423961078279921,1.0910363334739357,2.0103855042220777,-0.3767756702361193,0.006767924974320478,0.3333333333333333,-2.4349041406302154,-1.8377883046032708,-0.9531238224996238,0,1
0.0,2.2856360685313915,0.2777777777777778,0.3333333333333333,0.3333333333333333,0.3333333333333333,0.3333333333333333,0.25,0.011715638068930676,-1.053138211366556,-0.020236281700726423,1.0850063694144667,-0.0885476522941423,2.2856360685313906,-0.1257924288077436,-1.0070077525659287,0.3333333333333333,-2.2119946385717246,0.39176366794257056,1.4475584443037126,0,1
0.0,-0.1916190102524236,0.027777777777777776,0.0,0.0,0.2222222222222222,0.0,0.125,0.009143733731478516,0.323224878916145,-2.113672328199152,0.9229385817157996,-0.2257116711161392,-0.1916190102524235,0.43719145573291396,0.38900856890195773,0.0,0.38523547384837065,-0.11272903631207819,0.0021753538983214,1,0
0.1111111111111111,-0.4668695745617363,0.0,0.1111111111111111,0.1111111111111111,0.1111111111111111,0.1111111111111111,0.0,0.4043673854716937,0.4106060458237249,0.5315972218020605,0.2538723316408949,-0.2844958199592799,-0.4668695745617363,0.9139588043846211,0.33044083340340535,0.1111111111111111,0.49424046097786556,0.39750813433987614,0.8643003776574393,1,0
0.3333333333333333,0.6341326826755145,0.1111111111111111,0.1111111111111111,0.1111111111111111,0.0,0.3333333333333333,0.25,0.03369874210299445,0.12776328546361485,0.9616737298002895,-0.222430806752854,0.2249622313236743,0.6341326826755145,0.7736984608008068,0.10854127650719715,0.0,-2.4349041406302154,-1.8377883046032708,-0.7891132362483021,0,1
0.0,-0.4668695745617363,0.0,0.0,0.0,0.0,0.0,0.0,0.15455148118326137,0.27151467623001785,0.55576181667126,1.3089470244281944,-0.2844958199592799,-0.4668695745617363,0.5643037091141819,0.11899487881785094,0.0,0.33432644091558694,0.2755992516923847,-0.7891132362483021,1,0
0.0,-0.4668695745617363,0.0,0.0,0.0,0.0,0.0,0.0,0.16042040378299907,0.12257078842195747,-2.476644085611099,0.1423961078279921,-0.2844958199592799,-0.4668695745617363,-0.6525297880733817,-1.2558335710649353,0.0,-2.4349041406302154,-1.8377883046032708,1.3273719327921307,1,0
0.3333333333333333,0.6341326826755145,0.1111111111111111,0.0,0.1111111111111111,0.0,0.3333333333333333,0.25,-1.4809843220475034,-0.13596651434476648,-0.37265151389121803,1.0053451065944692,-0.123612495476627,0.6341326826755145,-1.3909164748280816,-0.23691367145164213,0.0,-2.4349041406302154,-1.8377883046032708,0.4544096728511559,0,1
0.1111111111111111,-0.4668695745617363,0.0,0.1111111111111111,0.1111111111111111,0.1111111111111111,0.1111111111111111,0.0,0.3566434482280004,0.3955971410661783,0.6008800809249746,-0.3554890506588386,-0.2844958199592799,-0.4668695745617363,0.9660376017505685,0.3009742891538064,0.1111111111111111,0.6377535762702007,0.3936450172452983,1.3273719327921307,1,0
0.0,-0.4668695745617363,0.0,0.0,0.0,0.1111111111111111,0.1111111111111111,0.0,-1.4809843220475034,0.18743409499561126,-0.1940527750620471,-0.222430806752854,-0.2844958199592799,-0.4668695745617363,1.0828992973145168,0.7038911297402352,0.1111111111111111,-0.14738568857174558,-0.030269367775838486,0.3871513198050401,1,0
0.1111111111111111,0.9093832469848272,0.1388888888888889,0.1111111111111111,0.1111111111111111,0.2222222222222222,0.3333333333333333,0.25,0.006539905894159156,0.12776328546361485,-2.476644085611099,-0.7958621975017078,0.9891280815368592,0.9093832469848272,-0.24866960732997528,-0.015781955055106312,0.3333333333333333,0.0096341289758159,0.07824744290209906,-1.3723900433022265,0,1
0.0,-0.4668695745617363,0.0,0.0,0.0,0.0,0.0,0.0,-1.4809843220475034,-0.22139741587053635,-0.08534635739684174,1.4469588684499963,-0.2844958199592799,-0.4668695745617363,-0.5484664859849743,-0.06032768875422031,0.0,0.04906186284719808,-0.3332952455651344,0.2439439807007004,1,0
0.0,-0.4668695745617363,0.0,0.0,0.0,0.0,0.0,0.0,0.8608592304605054,-1.4978381506157068,-0.27101129602529567,-0.6416298188340922,-0.2844958199592799,-0.4668695745617363,1.1978183864044771,0.07811587074190778,0.0,-2.4349041406302154,-1.8377883046032708,0.5191192900072952,1,0
0.1111111111111111,-0.4668695745617363,0.0,0.1111111111111111,0.1111111111111111,0.1111111111111111,0.1111111111111111,0.0,0.0875416019734784,0.09515327130109466,0.01576148151205687,-1.9271995283231864,-0.2844958199592799,-0.4668695745617363,0.060976074898961743,0.14857534644596138,0.1111111111111111,-0.031453945427883115,0.21664681015404083,-0.9531238224996238,1,0
0.1111111111111111,0.9093832469848272,0.1388888888888889,0.1111111111111111,0.3333333333333333,0.2222222222222222,0.3333333333333333,0.25,-0.053751546627400455,0.07273196882745898,-0.04179336298102906,1.2366750160392723,0.4796887097258397,0.9093832469848272,-0.5332904047840868,-1.2558335710649353,0.1111111111111111,-2.4349041406302154,-0.030269367775838486,-0.9531238224996238,0,1
0.3333333333333333,2.8361371971500167,0.3333333333333333,0.5555555555555556,0.5555555555555556,0.1111111111111111,0.1111111111111111,0.5,0.3057862080103784,0.3236529324331165,0.33742708388807957,2.314884223916934,1.243878333889583,2.836137197150016,0.5147910485732438,-0.015781955055106312,0.3333333333333333,0.30420801898878946,0.3091352594538665,-0.7891132362483021,0,1
0.1111111111111111,0.083631554056889,0.05555555555555555,0.1111111111111111,0.1111111111111111,0.3333333333333333,0.1111111111111111,0.25,0.4711651514597781,0.48545149980426605,0.597890366091483,-0.95842191396722,-0.2453061864262523,0.0836315540568891,1.194873593999174,0.43006921587535435,0.1111111111111111,0.6977170950397797,0.5078490532608906,1.4475584443037126,0,1
0.0,-0.4668695745617363,0.0,0.0,0.0,0.0,0.0,0.0,-1.4809843220475034,-1.4978381506157068,-2.476644085611099,0.6575761498836257,-0.2844958199592799,-0.4668695745617363,-5.028059896155144,-1.2558335710649353,0.0,-2.4349041406302154,-1.8377883046032708,0.3871513198050401,1,0
0.0,-0.4668695745617363,0.0,0.0,0.0,0.0,0.0,0.0,-1.4809843220475034,-0.10590229582854539,-0.2947596113612805,1.4469588684499963,-0.2844958199592799,-0.4668695745617363,-0.024892450820688746,0.3862042784272381,0.0,-0.602773378399174,-0.32755904072907777,-0.7891132362483021,1,0
0.1111111111111111,0.9093832469848272,0.1388888888888889,0.0,0.0,0.2222222222222222,0.3333333333333333,0.25,0.006539905894159156,0.5101198978461506,-2.476644085611099,0.4636163081257023,0.9891280815368592,0.9093832469848272,0.1578111063287888,-1.2558335710649353,0.3333333333333333,0.0096341289758159,-1.8377883046032708,-1.3723900433022265,0,1
0.3333333333333333,1.18463381129414,0.16666666666666666,0.1111111111111111,0.1111111111111111,0.0,0.3333333333333333,0.25,-0.3136645943316165,-0.22249411296978905,0.09486410584134773,-1.130080895470915,1.243852861836087,1.18463381129414,-0.8068281725029249,-0.1480757270230598,0.3333333333333333,-2.4349041406302154,-1.8377883046032708,-1.3723900433022265,0,1
0.3333333333333333,1.7351349399127654,0.2222222222222222,0.3333333333333333,0.3333333333333333,0.1111111111111111,0.1111111111111111,0.25,0.3509039468803462,0.3236529324331165,0.16869886832993028,-0.3554890506588386,0.0211825769990206,1.7351349399127651,0.8354251510158989,0.3974729178490605,0.3333333333333333,0.5577332855671004,0.3939692146618301,0.5191192900072952,0,1
0.0,-0.4668695745617363,0.0,0.0,0.0,0.0,0.0,0.0,-1.4809843220475034,-1.4978381506157068,-2.476644085611099,1.0053451065944692,-0.2844958199592799,-0.4668695745617363,-5.028059896155144,-1.2558335710649353,0.0,-2.4349041406302154,-1.8377883046032708,1.3273719327921307,0,1
0.1111111111111111,-0.4668695745617363,0.0,0.1111111111111111,0.1111111111111111,0.0,0.1111111111111111,0.0,0.23098125874457032,0.3236529324331165,0.39765349836135255,-0.7958621975017078,-0.2844958199592799,-0.4668695745617363,0.5755438254737038,0.27295236848406923,0.1111111111111111,0.30420801898878946,0.2529015249281053,-0.3945035917891138,1,0
0.0,-0.1916190102524236,0.027777777777777776,0.0,0.0,0.2222222222222222,0.0,0.125,-0.038055625166334095,-1.4978381506157068,-2.476644085611099,0.1423961078279921,-0.20807660281388,-0.1916190102524235,-1.2506009682855697,-0.04918950752030197,0.0,-2.4349041406302154,-1.8377883046032708,-0.2847917733012345,1,0
0.3333333333333333,2.8361371971500167,0.3333333333333333,0.3333333333333333,0.3333333333333333,0.3333333333333333,0.3333333333333333,0.25,0.3057862080103784,0.3626362666558231,0.39765349836135255,-0.4950413083649336,0.1740217754781709,2.836137197150016,0.5974671360048284,-1.2558335710649353,0.3333333333333333,0.3934761399043834,0.3491332798513553,0.5191192900072952,0,1
0.0,0.6341326826755145,0.1111111111111111,0.0,0.0,0.3333333333333333,0.3333333333333333,0.25,0.8502932328288908,0.30591797830373885,0.016460352490262262,-0.0953809513297535,-0.1316566214801296,0.6341326826755145,1.45702821975554,0.3889145409846745,0.0,0.6863976063636682,0.44239163212516935,0.5191192900072952,0,1
0.3333333333333333,1.7351349399127654,0.2222222222222222,0.1111111111111111,0.1111111111111111,0.2222222222222222,0.3333333333333333,0.375,-0.031672403407900916,0.21507898006499682,-2.476644085611099,0.2538723316408949,0.1521866685233528,1.7351349399127651,1.4271928502194131,0.7995160221711602,0.4444444444444444,0.31681855183423063,-1.8377883046032708,0.0869332819236188,0,1
0.0,-0.4668695745617363,0.0,0.0,0.1111111111111111,0.1111111111111111,0.1111111111111111,0.0,-0.011697378387615939,0.4767774073979444,0.3438388357858415,0.8376265013727084,-0.2844958199592799,-0.4668695745617363,0.5716173350639234,0.3973473314367822,0.1111111111111111,-0.12856791632892892,-0.22493634798497716,-0.5135592262370264,1,0
0.0,-0.4668695745617363,0.0,0.1111111111111111,0.1111111111111111,0.1111111111111111,0.1111111111111111,0.0,-0.4458351364207994,0.066276523690121,0.16869886832993028,-0.95842191396722,-0.2844958199592799,-0.4668695745617363,0.022438986812522627,-0.5209401274467481,0.1111111111111111,-0.08282810616588625,0.3615932332523762,-0.5135592262370264,1,0
0.1111111111111111,0.6341326826755145,0.1111111111111111,0.1111111111111111,0.1111111111111111,0.3333333333333333,0.3333333333333333,0.25,0.05331580804312823,0.0,0.034791834629782185,-1.504321540361816,0.7344033012376314,0.6341326826755145,-0.3922243496178539,-0.015781955055106312,0.1111111111111111,-2.4349041406302154,-0.09634369408832952,-1.3723900433022265,0,1
0.0,-0.4668695745617363,0.0,0.0,0.1111111111111111,0.0,0.0,0.0,-1.4809843220475034,0.25389174687423394,0.0007329811808440312,1.1620705813604253,-0.2844958199592799,-0.4668695745617363,-0.06502625635193732,0.09003829874520847,0.0,-0.02351749157871017,0.05226311250319606,0.3170934418812415,1,0
0.3333333333333333,2.560886632840704,0.3055555555555555,0.3333333333333333,0.3333333333333333,0.2222222222222222,0.3333333333333333,0.25,0.16864486108146495,0.1754623776158648,0.10848346083980917,-0.95842191396722,0.916372445798759,2.5608866328407034,0.10518826667169565,-0.015781955055106312,0.3333333333333333,0.1290755331518779,0.13446858275768922,-0.6440902286753902,0,1
0.1111111111111111,0.6341326826755145,0.1111111111111111,0.1111111111111111,0.1111111111111111,0.3333333333333333,0.3333333333333333,0.25,0.20342236012512438,0.16159774707448948,0.4149222687345443,1.1620705813604253,-0.0934470606700971,0.6341326826755145,1.3439706051499278,0.7637217755964261,0.1111111111111111,-2.4349041406302154,0.11070627445229987,0.2439439807007004,0,1
0.0,-0.4668695745617363,0.0,0.0,0.0,0.0,0.0,0.0,-0.1271490900706133,-0.1744440448263983,0.21629356925476145,0.5624443361818806,-0.2844958199592799,-0.4668695745617363,-0.5304446413108445,-1.2558335710649353,0.0,-0.2970711568850465,-1.8377883046032708,0.6999923241170234,1,0
0.0,-0.1916190102524236,0.027777777777777776,0.0,0.0,0.2222222222222222,0.0,0.125,-1.4809843220475034,-1.4978381506157068,-2.476644085611099,-0.7958621975017078,-0.029771039660052,-0.1916190102524235,-1.8012328682280123,-1.2558335710649353,0.0,-0.2929268929199516,-1.8377883046032708,-1.3723900433022265,1,0
0.1111111111111111,0.9093832469848272,0.1388888888888889,0.1111111111111111,0.1111111111111111,0.2222222222222222,0.3333333333333333,0.25,0.19675774023533074,0.2217931105533013,-2.476644085611099,-0.95842191396722,0.1931230931641269,0.9093832469848272,0.17733541995033536,0.17082120715671992,0.3333333333333333,0.2087853837024527,0.17948276435970328,-0.5135592262370264,0,1
0.3333333333333333,1.18463381129414,0.16666666666666666,0.3333333333333333,0.1111111111111111,0.1111111111111111,0.1111111111111111,0.25,0.19865366409457927,-1.4978381506157068,-2.476644085611099,-0.6416298188340922,-0.0851402136682515,1.18463381129414,0.10518826667169565,0.1812882605018963,0.3333333333333333,0.30420801898878946,0.18040838650574129,0.6999923241170234,0,1
0.0,-0.1916190102524236,0.027777777777777776,0.0,0.0,0.2222222222222222,0.0,0.125,-1.4809843220475034,-1.4978381506157068,-2.476644085611099,0.4636163081257023,-0.2462860203394923,-0.1916190102524235,-5.028059896155144,-1.2558335710649353,0.0,-2.4349041406302154,-1.8377883046032708,0.5191192900072952,0,1
0.0,-0.4668695745617363,0.0,0.1111111111111111,0.1111111111111111,0.0,0.1111111111111111,0.0,0.11363053313180634,0.44472421755600344,0.33742708388807957,0.8376265013727084,-0.2844958199592799,-0.4668695745617363,1.2347826266139037,0.1629808427605812,0.1111111111111111,0.7653467389388845,0.8181552124201018,1.0629938337787594,1,0
0.3333333333333333,2.560886632840704,0.3055555555555555,0.3333333333333333,0.3333333333333333,0.2222222222222222,0.3333333333333333,0.25,0.43088293549916945,0.620087484288594,0.7417049963359509,0.1423961078279921,0.0517507529397424,2.5608866328407034,1.0055226073185473,0.36817999423781783,0.3333333333333333,-2.4349041406302154,-1.8377883046032708,0.8111528623165425,0,1
0.0,0.083631554056889,0.05555555555555555,0.1111111111111111,0.0,0.0,0.0,0.25,0.10561660846824521,-1.4978381506157068,-2.476644085611099,0.1423961078279921,-0.2208127675240223,0.0836315540568891,-0.3773632303684587,0.10168445010439077,0.3333333333333333,-0.3514774183874196,0.10792224508343672,0.7564222381735122,1,0
0.1111111111111111,0.6341326826755145,0.1111111111111111,0.3333333333333333,0.3333333333333333,0.1111111111111111,0.1111111111111111,0.25,0.1336150799250516,-1.4978381506157068,-0.060200737786788555,-1.7090442746462755,1.2438273906316173,0.6341326826755145,-0.3346827978395721,-1.2558335710649353,0.1111111111111111,0.0096341289758159,0.005775291400744047,-1.666848273078999,1,0
0.3333333333333333,1.7351349399127654,0.2222222222222222,0.1111111111111111,0.1111111111111111,0.3333333333333333,0.3333333333333333,0.25,0.38653568819576345,0.3966028045321756,0.5315972218020605,2.3585463816400574,0.0372708290060258,1.7351349399127651,0.8381321288222603,0.3973473314367822,0.3333333333333333,0.49320600580578183,-1.8377883046032708,0.4544096728511559,0,1
0.0,-0.4668695745617363,0.0,0.0,0.0,0.1111111111111111,0.1111111111111111,0.0,-1.4809843220475034,-1.4978381506157068,-2.476644085611099,0.4636163081257023,-0.2844958199592799,-0.4668695745617363,-1.6378921616938666,-1.2558335710649353,0.1111111111111111,-0.2131146983687719,-1.8377883046032708,-0.5135592262370264,1,0
0.3333333333333333,0.083631554056889,0.05555555555555555,0.1111111111111111,0.1111111111111111,0.1111111111111111,0.1111111111111111,0.25,0.3057862080103784,0.3236529324331165,0.7798044091232375,-0.4950413083649336,-0.1945904884170285,0.0836315540568891,0.792848032350251,0.2540452092359328,0.1111111111111111,0.36283016970125886,-1.8377883046032708,0.3170934418812415,1,0
0.0,-0.4668695745617363,0.0,0.0,0.0,0.0,0.0,0.0,-1.4809843220475034,-1.4978381506157068,-2.476644085611099,-0.6416298188340922,-0.2844958199592799,-0.4668695745617363,-5.028059896155144,-1.2558335710649353,0.0,-2.4349041406302154,-1.8377883046032708,0.0869332819236188,1,0
0.3333333333333333,0.6341326826755145,0.1111111111111111,0.0,0.0,0.0,0.3333333333333333,0.25,-0.22887460301959633,-0.22139741587053635,0.07412799133137572,-0.3554890506588386,-0.1316566214801296,0.6341326826755145,-0.8262296815205835,-0.1845109244123129,0.0,-2.4349041406302154,-1.8377883046032708,0.5191192900072952,0,1
0.1111111111111111,0.083631554056889,0.05555555555555555,0.1111111111111111,0.1111111111111111,0.3333333333333333,0.1111111111111111,0.25,0.28368844135924903,0.3236529324331165,0.4926873395741765,-0.3554890506588386,-0.1945904884170285,0.0836315540568891,0.7208855538070074,0.27295236848406923,0.1111111111111111,0.45533257435354596,0.3091352594538665,0.3170934418812415,0,1
0.3333333333333333,1.7351349399127654,0.2222222222222222,0.1111111111111111,0.1111111111111111,0.2222222222222222,0.3333333333333333,0.375,-0.17687068600338346,-0.09654852506560477,-2.0186247226964618,0.74923519556253,2.7721506012225148,1.7351349399127651,-0.32528900545476125,0.1812882605018963,0.4444444444444444,0.150515689149979,-1.8377883046032708,-1.666848273078999,0,1
0.1111111111111111,-0.4668695745617363,0.0,0.0,0.0,0.1111111111111111,0.1111111111111111,0.0,-1.4809843220475034,-1.4978381506157068,-0.1940527750620471,0.4636163081257023,-0.2844958199592799,-0.4668695745617363,-1.1488849341938483,-1.2558335710649353,0.1111111111111111,-0.1824930639723371,-1.8377883046032708,-0.9531238224996238,1,0
0.0,-0.1916190102524236,0.027777777777777776,0.0,0.0,0.2222222222222222,0.0,0.125,-1.4809843220475034,-1.4978381506157068,-2.476644085611099,0.4636163081257023,-0.2581441931243478,-0.1916190102524235,-5.028059896155144,-1.2558335710649353,0.0,-2.4349041406302154,-1.8377883046032708,1.0152348983243975,0,1
0.3333333333333333,2.8361371971500167,0.3333333333333333,0.3333333333333333,0.3333333333333333,0.3333333333333333,0.3333333333333333,0.25,0.33626388956270875,-1.4978381506157068,-2.476644085611099,-0.3554890506588386,4.300473811813412,2.836137197150016,-0.07992157036782734,-1.2558335710649353,0.3333333333333333,0.11779445949640988,0.07837338018006512,-1.666848273078999,0,1
0.3333333333333333,3.111387761459329,0.3611111111111111,0.3333333333333333,0.1111111111111111,0.5555555555555556,0.4444444444444444,0.5,-0.025477690417612765,-0.9049048982835057,-2.476644085611099,-0.4950413083649336,3.026926323930682,3.1113877614593286,0.6873726584911085,0.5992603517425905,0.3333333333333333,-2.4349041406302154,0.06532490766478248,-1.3723900433022265,0,1
0.1111111111111111,-0.4668695745617363,0.0,0.1111111111111111,0.1111111111111111,0.1111111111111111,0.1111111111111111,0.0,-0.1785522904881659,0.5376793712371717,0.0555880723231873,-0.0953809513297535,-0.2844958199592799,-0.4668695745617363,0.3319866428999716,-0.1319591349622806,0.1111111111111111,-0.026560674523550487,-0.0538096811009098,-0.9531238224996238,1,0
0.1111111111111111,-0.4668695745617363,0.0,0.1111111111111111,0.1111111111111111,0.1111111111111111,0.1111111111111111,0.0,-0.1386932439311027,-0.13341407439500422,-0.13691037109541274,0.8376265013727084,-0.2844958199592799,-0.4668695745617363,-0.6404657313705363,-0.3039439713470323,0.1111111111111111,-0.10823002357858277,-0.23784343999602506,-1.666848273078999,1,0
0.0,-0.1916190102524236,0.027777777777777776,0.0,0.0,0.2222222222222222,0.0,0.125,-1.4809843220475034,-1.4978381506157068,-2.476644085611099,-0.222430806752854,-0.2335495053763295,-0.1916190102524235,-5.028059896155144,-1.2558335710649353,0.0,-2.4349041406302154,-1.8377883046032708,0.1673597344439074,0,1
0.3333333333333333,2.8361371971500167,0.3333333333333333,0.3333333333333333,0.3333333333333333,0.3333333333333333,0.3333333333333333,0.25,0.5062066625999129,-1.4978381506157068,-0.1940527750620471,-1.7090442746462755,2.7722015436314544,2.836137197150016,0.48883749843295926,-1.2558335710649353,0.3333333333333333,0.5270853668270672,-0.09634369408832952,-1.3723900433022265,0,1
0.0,-0.1916190102524236,0.027777777777777776,0.0,0.0,0.2222222222222222,0.0,0.125,-1.4809843220475034,-1.4978381506157068,-2.476644085611099,-0.6416298188340922,-0.2685750236822781,-0.1916190102524235,-5.028059896155144,-1.2558335710649353,0.0,-2.4349041406302154,-1.8377883046032708,1.7715522582507326,0,1
0.1111111111111111,-0.4668695745617363,0.0,0.1111111111111111,0.1111111111111111,0.1111111111111111,0.1111111111111111,0.0,0.11363053313180634,0.066276523690121,0.034791834629782185,0.74923519556253,-0.2844958199592799,-0.4668695745617363,-0.12632858634667274,0.023947006219769564,0.1111111111111111,-0.05849106770536915,0.005775291400744047,-1.3723900433022265,1,0
0.0,1.4598843756034523,0.19444444444444442,0.0,0.0,0.4444444444444444,0.3333333333333333,0.375,-0.11904850696642434,0.40454404768044466,-2.476644085611099,0.74923519556253,1.498577642135315,1.4598843756034523,0.12208309146701556,0.2916156980402305,0.3333333333333333,-0.4855975843289521,-0.30991652155209237,-1.3723900433022265,0,1
0.0,-0.4668695745617363,0.0,0.0,0.0,0.0,0.0,0.0,-0.2728874586092021,0.11634909971178356,-0.3454658624929588,1.6996876816479582,-0.2844958199592799,-0.4668695745617363,-0.7026324074066205,-0.059868635084055696,0.0,-0.43506183432298773,-1.8377883046032708,0.1673597344439074,1,0
0.1111111111111111,-0.4668695745617363,0.0,0.1111111111111111,0.0,0.0,0.0,0.0,0.42055880506221127,0.5438151803952896,0.41324595053307717,0.74923519556253,-0.2844958199592799,-0.4668695745617363,0.7280423553198458,-0.21659427311646556,0.0,-0.3625331782752416,0.35508346069795704,1.8373853869087895,1,0
0.1111111111111111,-0.4668695745617363,0.0,0.0,0.0,0.0,0.0,0.0,0.3174923418631515,0.4143095268659429,-0.45893788208214203,0.8376265013727084,-0.2844958199592799,-0.4668695745617363,0.5371421838163026,0.4118728814732875,0.0,0.10311277760326307,-1.8377883046032708,0.3871513198050401,1,0
0.1111111111111111,0.9093832469848272,0.1388888888888889,0.1111111111111111,0.3333333333333333,0.2222222222222222,0.3333333333333333,0.25,-1.4809843220475034,0.08086949332276064,-0.04013205900676944,-0.95842191396722,1.6259081932793418,0.9093832469848272,-0.6454412443315191,-0.23146499342530566,0.1111111111111111,-2.4349041406302154,-0.09634369408832952,-1.666848273078999,0,1
0.1111111111111111,0.083631554056889,0.05555555555555555,0.1111111111111111,0.1111111111111111,0.1111111111111111,0.1111111111111111,0.25,-0.25635085550528847,-0.1718253737510574,0.034791834629782185,-1.7090442746462755,0.4796657853361687,0.0836315540568891,-0.5809694047277155,-0.20184781142551123,0.3333333333333333,-0.09505569193186081,-0.37604896494356493,-1.666848273078999,1,0
0.5555555555555556,3.937139454387268,0.4444444444444444,0.4444444444444444,0.4444444444444444,0.3333333333333333,0.3333333333333333,0.5,-0.031672403407900916,0.066276523690121,0.2707453360696211,1.5769583967038283,2.160894675033103,3.937139454387266,-0.09235143184624266,0.08964009583713212,0.3333333333333333,0.0096341289758159,-1.8377883046032708,-0.9531238224996238,0,1
0.1111111111111111,0.083631554056889,0.05555555555555555,0.3333333333333333,0.1111111111111111,0.1111111111111111,0.1111111111111111,0.25,0.31621902058713014,-0.6487695245596323,0.33828481471686156,-0.4950413083649336,-0.2150234254360083,0.0836315540568891,0.7146674463898552,0.2426020435703108,0.1111111111111111,0.5270853668270672,0.49913062057582563,0.6417328970763176,1,0
0.0,-0.4668695745617363,0.0,0.0,0.0,0.0,0.0,0.0,-1.4809843220475034,0.789231527405292,0.1430689883510878,1.4469588684499963,-0.2844958199592799,-0.4668695745617363,0.9583084171455607,0.11755045536250698,0.0,-0.01874262151502056,-1.8377883046032708,1.3273719327921307,1,0
0.3333333333333333,1.18463381129414,0.16666666666666666,0.0,0.3333333333333333,0.0,0.0,0.25,-1.3355765745957204,0.26525774640556726,-2.2476344041537804,0.4636163081257023,-0.108142695153826,1.18463381129414,-0.5963377234071661,-0.1305941862764505,0.3333333333333333,-0.42809112837654467,-1.663071230334876,0.8643003776574393,0,1
0.0,-0.4668695745617363,0.0,0.0,0.0,0.0,0.0,0.0,0.050784931065047535,-0.2035658030617731,-0.4567377110318541,1.8157962335875484,-0.2844958199592799,-0.4668695745617363,-0.9035375336996255,-0.08282385252664477,0.0,-2.4349041406302154,-1.8377883046032708,0.3170934418812415,1,0
0.0,-0.1916190102524236,0.027777777777777776,0.0,0.0,0.2222222222222222,0.0,0.125,-1.4809843220475034,-1.4978381506157068,-2.476644085611099,-0.6416298188340922,-0.2632681063313813,-0.1916190102524235,-5.028059896155144,-1.2558335710649353,0.0,-2.4349041406302154,-1.8377883046032708,1.3273719327921307,0,1
0.0,-0.4668695745617363,0.0,0.0,0.0,0.0,0.0,0.0,-0.22567993666888586,-0.2181406707131452,-0.499604605490829,1.2366750160392723,-0.2844958199592799,-0.4668695745617363,-1.0673735805422968,-0.18177752305139036,0.0,-0.5105274799617376,-0.3294566415853505,1.8373853869087895,1,0
0.0,0.083631554056889,0.05555555555555555,0.0,0.0,0.3333333333333333,0.0,0.25,-0.1386932439311027,-1.4978381506157068,-2.476644085611099,0.02609689719025,-0.1995852013098598,0.0836315540568891,-0.4199812198004186,-1.2558335710649353,0.0,0.34795240176712494,-1.8377883046032708,0.3871513198050401,0,1
0.3333333333333333,2.560886632840704,0.3055555555555555,0.1111111111111111,0.1111111111111111,0.3333333333333333,0.5555555555555556,0.5,0.023317751353586928,0.0,-2.476644085611099,-1.504321540361816,2.5174767633322266,2.5608866328407034,-0.660295692859604,0.10854127650719715,0.4444444444444444,-2.4349041406302154,-1.8377883046032708,-1.3723900433022265,0,1
0.1111111111111111,-0.4668695745617363,0.0,0.1111111111111111,0.1111111111111111,0.1111111111111111,0.1111111111111111,0.0,0.19865366409457927,0.214438587242051,0.16869886832993028,-0.3554890506588386,-0.2844958199592799,-0.4668695745617363,0.20692139935584722,0.27295236848406923,0.1111111111111111,0.0096341289758159,-0.37758127031044264,-0.9531238224996238,1,0
0.1111111111111111,-0.4668695745617363,0.0,0.1111111111111111,0.0,0.1111111111111111,0.1111111111111111,0.0,-1.4809843220475034,-1.4978381506157068,-0.1473461271347972,1.5769583967038283,-0.2844958199592799,-0.4668695745617363,-0.8381102633080662,-1.2558335710649353,0.1111111111111111,-0.1741321066630006,-0.07673021304024771,-1.3723900433022265,1,0
0.3333333333333333,1.4598843756034523,0.19444444444444442,0.1111111111111111,0.1111111111111111,0.2222222222222222,0.3333333333333333,0.25,0.05978376196511155,0.039927221256524106,0.2637189492662903,-0.6416298188340922,0.309875208543736,1.4598843756034523,-0.12585942475350823,0.1812882605018963,0.3333333333333333,-2.4349041406302154,-1.8377883046032708,-0.3945035917891138,0,1
0.1111111111111111,0.083631554056889,0.05555555555555555,0.1111111111111111,0.1111111111111111,0.3333333333333333,0.1111111111111111,0.25,0.06867234758243834,0.03765903596436334,0.10861553804794595,-0.3554890506588386,0.0211779919147679,0.0836315540568891,0.2656703629446887,0.08001860821264545,0.1111111111111111,0.48248957089400496,0.07887650101897097,-0.9531238224996238,0,1
0.0,0.083631554056889,0.05555555555555555,0.0,0.0,0.0,0.0,0.25,-0.08481246015680924,-0.22139741587053635,-0.5037921283630488,2.314884223916934,-0.2080762207197047,0.0836315540568891,-0.9763910430234779,-1.131420661815432,0.3333333333333333,-0.2933389242808473,-0.3332952455651344,0.5191192900072952,1,0
0.3333333333333333,2.560886632840704,0.3055555555555555,0.3333333333333333,0.3333333333333333,0.2222222222222222,0.3333333333333333,0.25,-1.4809843220475034,0.019125198902278005,0.034791834629782185,-1.130080895470915,3.918393009165688,2.5608866328407034,-0.5887437779974113,0.07938660091459916,0.3333333333333333,-2.4349041406302154,-1.8377883046032708,-1.666848273078999,0,1
0.1111111111111111,-0.4668695745617363,0.0,0.1111111111111111,0.1111111111111111,0.1111111111111111,0.1111111111111111,0.0,0.09454656118245498,0.1167995589950884,0.10181136148574509,-0.0953809513297535,-0.2844958199592799,-0.4668695745617363,0.12060230932535139,0.23146799829761128,0.1111111111111111,0.08264609928666643,0.03372280955528098,0.0869332819236188,1,0
0.0,-0.1916190102524236,0.027777777777777776,0.0,0.0,0.2222222222222222,0.0,0.125,0.19830385738328365,-1.4978381506157068,-0.0411693946525023,-0.4950413083649336,-0.20807660281388,-0.1916190102524235,-0.5206405524774478,-1.2558335710649353,0.0,-0.2649448665016757,-1.8377883046032708,-0.2847917733012345,1,0
0.0,-0.4668695745617363,0.0,0.0,0.0,0.0,0.0,0.0,-1.4809843220475034,-1.4978381506157068,-2.476644085611099,0.2538723316408949,-0.2844958199592799,-0.4668695745617363,-1.4857375387510106,-1.2558335710649353,0.0,-0.1388576803805532,-1.8377883046032708,-0.1828566844305228,1,0
0.3333333333333333,1.18463381129414,0.16666666666666666,0.1111111111111111,0.1111111111111111,0.0,0.3333333333333333,0.25,-0.42846419375793426,-1.4978381506157068,-0.060200737786788555,-1.504321540361816,4.300244586254379,1.18463381129414,-1.3079927442121226,-1.2558335710649353,0.3333333333333333,-2.4349041406302154,-1.8377883046032708,-2.102083711231995,0,1
0.1111111111111111,-0.4668695745617363,0.0,0.1111111111111111,0.1111111111111111,0.1111111111111111,0.1111111111111111,0.0,0.4894167251625484,0.558568664766645,0.7003547950218976,-0.4950413083649336,-0.2844958199592799,-0.4668695745617363,1.294821085489817,0.43739575281617793,0.1111111111111111,0.6574683477978348,0.5860216664245851,1.2431022551165405,1,0
0.3333333333333333,0.6341326826755145,0.1111111111111111,0.3333333333333333,0.0,0.0,0.0,0.25,-1.4809843220475034,0.20158944894849765,-0.3470354195148856,1.0850063694144667,-0.0807105616274785,0.6341326826755145,-0.48615518153746146,0.10952527536296507,0.0,-0.647881397123625,-1.4883541560664815,0.1673597344439074,0,1
0.5555555555555556,5.863893404552456,0.6388888888888888,0.5555555555555556,0.4444444444444444,0.2222222222222222,0.7777777777777777,0.75,-1.4809843220475034,-1.4978381506157068,-2.476644085611099,-0.95842191396722,8.503362640938379,5.863893404552456,-1.6378921616938666,-1.2558335710649353,0.6666666666666666,-2.4349041406302154,-0.09634369408832952,-1.666848273078999,0,1
0.1111111111111111,-0.4668695745617363,0.0,0.1111111111111111,0.1111111111111111,0.1111111111111111,0.1111111111111111,0.0,-0.0950476137701424,0.26497661652982574,-0.038891540158578077,-1.9271995283231864,-0.2844958199592799,-0.4668695745617363,0.17881695579715476,0.10854127650719715,0.1111111111111111,0.31114199490191086,0.12418304905625553,-1.666848273078999,1,0
0.0,-0.4668695745617363,0.0,0.0,0.0,0.0,0.0,0.0,0.4043673854716937,0.2040722315813048,0.23029133334010166,-1.504321540361816,-0.2844958199592799,-0.4668695745617363,0.46454857704389113,0.10854127650719715,0.0,0.30759826281013203,0.14172056366742106,0.0869332819236188,1,0
0.1111111111111111,0.3588821183662018,0.08333333333333333,0.1111111111111111,0.1111111111111111,0.2222222222222222,0.3333333333333333,0.25,-1.4809843220475034,0.066276523690121,0.05944152318713579,-1.7090442746462755,0.1740148978517919,0.3588821183662018,-0.26923106490713405,0.198063493321804,0.1111111111111111,-2.4349041406302154,-0.09634369408832952,-0.9531238224996238,1,0
0.1111111111111111,-0.4668695745617363,0.0,0.1111111111111111,0.1111111111111111,0.0,0.0,0.0,0.11363053313180634,0.12776328546361485,0.034791834629782185,-0.3554890506588386,-0.2844958199592799,-0.4668695745617363,0.25203277934153984,-0.015781955055106312,0.1111111111111111,0.4740311014665248,0.07824744290209906,-0.5135592262370264,1,0
0.1111111111111111,-0.4668695745617363,0.0,0.1111111111111111,0.1111111111111111,0.1111111111111111,0.1111111111111111,0.0,-0.028552181737845614,-0.05208651866781282,0.10980186295541049,-1.7090442746462755,-0.2844958199592799,-0.4668695745617363,-0.2715648817662647,-0.17997811061554644,0.1111111111111111,0.053999737950916026,-0.14084400333363825,-0.7891132362483021,1,0
0.1111111111111111,-0.4668695745617363,0.0,0.1111111111111111,0.0,0.1111111111111111,0.1111111111111111,0.0,0.7486921089191151,-0.4985281641814581,0.04758485615594852,-0.3554890506588386,-0.2844958199592799,-0.4668695745617363,0.9468806718693972,0.10854127650719715,0.1111111111111111,-0.02191797797529691,0.14915034027229246,-0.9531238224996238,1,0
0.1111111111111111,-0.4668695745617363,0.0,0.1111111111111111,0.0,0.1111111111111111,0.0,0.0,0.20156923700768148,-0.46527686787840006,0.5079782972983412,0.8376265013727084,-0.2844958199592799,-0.4668695745617363,0.30301430856180595,0.1746476260898993,0.0,0.1772681876304262,-0.07836623565539767,1.486110633212629,1,0
0.1111111111111111,-0.4668695745617363,0.0,0.1111111111111111,0.1111111111111111,0.1111111111111111,0.1111111111111111,0.0,-0.17561827012726708,-0.16415642775348446,0.0571348501097541,-0.0953809513297535,-0.2844958199592799,-0.4668695745617363,-0.39282579122726646,-0.14001564323410587,0.1111111111111111,-0.027822168454001373,-0.0587501541294098,-0.9531238224996238,1,0
0.1111111111111111,0.083631554056889,0.05555555555555555,0.1111111111111111,0.1111111111111111,0.1111111111111111,0.1111111111111111,0.25,0.06684590165054824,0.08006953428893196,-2.476644085611099,-1.31171478496986,-0.0297667943178028,0.0836315540568891,-0.10820807348150456,0.03670377846036888,0.3333333333333333,0.19858926040308056,0.07824744290209906,-0.7891132362483021,1,0
0.0,-0.1916190102524236,0.027777777777777776,0.0,0.0,0.2222222222222222,0.0,0.125,-1.4809843220475034,-1.4978381506157068,-2.476644085611099,-0.6416298188340922,-0.1316589140222559,-0.1916190102524235,-5.028059896155144,-1.2558335710649353,0.0,-2.4349041406302154,-1.8377883046032708,-0.9531238224996238,0,1
0.1111111111111111,-0.4668695745617363,0.0,0.1111111111111111,0.1111111111111111,0.1111111111111111,0.1111111111111111,0.0,0.3057862080103784,0.3236529324331165,0.3689107160964178,-0.95842191396722,-0.2844958199592799,-0.4668695745617363,0.6644892704931713,0.27295236848406923,0.1111111111111111,0.4169568938128751,0.3091352594538665,0.3170934418812415,1,0
0.0,-0.1916190102524236,0.027777777777777776,0.1111111111111111,0.0,0.2222222222222222,0.0,0.125,0.05331580804312823,-1.4978381506157068,-2.476644085611099,0.02609689719025,-0.2367336301369842,-0.1916190102524235,-0.8853497567752245,-1.2558335710649353,0.0,-2.4349041406302154,0.026712128507652567,0.2439439807007004,1,0
0.1111111111111111,-0.4668695745617363,0.0,0.1111111111111111,0.1111111111111111,0.1111111111111111,0.1111111111111111,0.0,-0.17687068600338346,-0.16838295792244487,-0.1419460658450451,0.1423961078279921,-0.2844958199592799,-0.4668695745617363,-0.12438707816017627,0.27295236848406923,0.1111111111111111,0.043758044823948676,-0.27080908240809903,-1.666848273078999,1,0
0.1111111111111111,-0.4668695745617363,0.0,0.1111111111111111,0.1111111111111111,0.1111111111111111,0.1111111111111111,0.0,-0.031672403407900916,-0.020363180020070946,0.08323582743865729,1.3790049371340838,-0.2844958199592799,-0.4668695745617363,-0.2932067922159454,-0.055789143861963854,0.1111111111111111,-0.13030156167666335,-0.038941679037892814,-1.666848273078999,1,0
0.0,-0.4668695745617363,0.0,0.0,0.0,0.0,0.0,0.0,-0.2663720580178166,-0.25962352200296185,-0.32326329735285253,0.02609689719025,-0.2844958199592799,-0.4668695745617363,-0.7186799078200585,0.0816931615802706,0.0,-0.3504909438924708,-0.37835093031791756,0.3170934418812415,1,0
0.1111111111111111,0.6341326826755145,0.1111111111111111,0.1111111111111111,0.3333333333333333,0.3333333333333333,0.1111111111111111,0.25,-1.4809843220475034,0.5655804877219398,0.5203977154990589,0.2538723316408949,-0.1571297150887646,0.6341326826755145,0.9205265941536265,0.3572998073251172,0.1111111111111111,0.4785874030098646,0.4010330618240294,0.7564222381735122,0,1
0.1111111111111111,0.9093832469848272,0.1388888888888889,0.1111111111111111,0.1111111111111111,0.2222222222222222,0.3333333333333333,0.25,0.114154064813948,0.12797692730523838,-0.8511260193184813,-1.130080895470915,0.4796887097258397,0.9093832469848272,-0.11331615688875653,0.18146760095364944,0.3333333333333333,-0.04071698307562879,-0.04917293158888652,-0.9531238224996238,0,1
0.3333333333333333,2.8361371971500167,0.3333333333333333,0.3333333333333333,0.3333333333333333,0.3333333333333333,0.3333333333333333,0.25,0.21218812386795324,0.2250049321910802,0.16869886832993028,-0.4950413083649336,0.2886504579082685,2.836137197150016,0.3055678994749043,0.18717177273556096,0.3333333333333333,0.1706153525976616,0.19667093960107287,0.2439439807007004,0,1
0.0,-0.1916190102524236,0.027777777777777776,0.0,0.0,0.2222222222222222,0.0,0.125,0.37605918844847325,0.1713180967935814,-2.476644085611099,1.3790049371340838,-0.1995856730302776,-0.1916190102524235,0.15689391225559918,0.2114934805888257,0.0,-2.4349041406302154,0.09599887654984592,-0.3945035917891138,1,0
0.0,-0.4668695745617363,0.0,0.1111111111111111,0.1111111111111111,0.0,0.0,0.0,-1.4809843220475034,-1.4978381506157068,0.6362136623588688,1.8157962335875484,-0.2844958199592799,-0.4668695745617363,0.5241667612013204,-1.2558335710649353,0.0,0.32889364189057896,0.44637050066882383,1.2431022551165405,1,0
0.1111111111111111,1.7351349399127654,0.2222222222222222,0.1111111111111111,0.3333333333333333,0.3333333333333333,0.3333333333333333,0.25,-1.4809843220475034,-0.14533941959159932,-2.476644085611099,0.2538723316408949,0.9381994275369115,1.7351349399127651,-0.45359774942903885,0.10854127650719715,0.3333333333333333,0.07591639595647949,-0.09634369408832952,-0.9531238224996238,0,1
0.3333333333333333,2.560886632840704,0.3055555555555555,0.3333333333333333,0.3333333333333333,0.2222222222222222,0.3333333333333333,0.25,0.03885253254617039,0.035695544292043226,-0.13387036432829214,0.4636163081257023,0.916372445798759,2.5608866328407034,-0.21716775709951927,0.044560169834700084,0.3333333333333333,-0.006852845220298006,-0.01160329552774256,-0.6440902286753902,0,1
0.3333333333333333,3.386638325768641,0.38888888888888884,0.1111111111111111,0.1111111111111111,0.6666666666666666,0.5555555555555556,0.625,0.0324674602928818,0.029356150555713754,-2.476644085611099,-0.222430806752854,1.855220863159056,3.386638325768641,-0.7408699878144791,0.027785748141074307,0.4444444444444444,-2.4349041406302154,-1.8377883046032708,-0.9531238224996238,0,1
0.0,-0.4668695745617363,0.0,0.0,0.0,0.0,0.0,0.0,-1.3355765745957204,-0.41789884257114984,0.44867002119571103,-1.31171478496986,-0.2844958199592799,-0.4668695745617363,-0.3367066356642652,-1.2558335710649353,0.0,-1.7661756344547435,-1.1725783919199946,-1.3723900433022265,0,1
0.0,0.6341326826755145,0.1111111111111111,0.0,0.0,0.3333333333333333,0.3333333333333333,0.25,-1.4809843220475034,-1.4978381506157068,-2.476644085611099,0.02609689719025,-0.1995849654476854,0.6341326826755145,-5.028059896155144,-1.2558335710649353,0.0,-2.4349041406302154,-1.8377883046032708,1.3273719327921307,0,1
0.1111111111111111,-0.4668695745617363,0.0,0.1111111111111111,0.1111111111111111,0.1111111111111111,0.1111111111111111,0.0,-0.031672403407900916,-0.020363180020070946,-0.018873842113316566,2.129787037334135,-0.2844958199592799,-0.4668695745617363,-0.17978844650629278,0.10854127650719715,0.1111111111111111,-0.04260204376723723,0.03730458856720431,-1.3723900433022265,1,0
0.1111111111111111,0.083631554056889,0.05555555555555555,0.3333333333333333,0.1111111111111111,0.1111111111111111,0.1111111111111111,0.25,-0.031672403407900916,-1.4978381506157068,-0.11333926044905676,-1.130080895470915,0.4796657853361687,0.0836315540568891,-0.41495361004645653,-0.015781955055106312,0.1111111111111111,-0.12881500849105557,0.05170390327415423,-1.666848273078999,1,0
0.0,-0.4668695745617363,0.0,0.0,0.0,0.0,0.0,0.0,0.2558161295611148,0.1116763456848486,-2.476644085611099,0.8376265013727084,-0.2844958199592799,-0.4668695745617363,-0.24184887074182873,0.1478562353590827,0.0,-2.4349041406302154,-1.8377883046032708,1.0152348983243975,1,0
0.1111111111111111,-0.4668695745617363,0.0,0.1111111111111111,0.1111111111111111,0.1111111111111111,0.1111111111111111,0.0,-0.031672403407900916,-0.020363180020070946,0.03627451983353801,0.74923519556253,-0.2844958199592799,-0.4668695745617363,0.10599115446328246,0.1812882605018963,0.1111111111111111,0.010276346729311395,0.30933678931197806,0.6417328970763176,1,0
0.1111111111111111,0.6341326826755145,0.1111111111111111,0.1111111111111111,0.1111111111111111,0.3333333333333333,0.3333333333333333,0.25,0.016267069294569985,0.03454179331654632,-0.06777067707031761,-0.4950413083649336,0.3268518037888158,0.6341326826755145,-0.23977648855917028,0.1820641115963835,0.1111111111111111,-2.4349041406302154,-0.03378114456250664,-0.9531238224996238,0,1
0.1111111111111111,-0.4668695745617363,0.0,0.1111111111111111,0.1111111111111111,0.1111111111111111,0.1111111111111111,0.0,0.2897068227468416,0.28122250121096015,0.356674874839011,-0.6416298188340922,-0.2844958199592799,-0.4668695745617363,0.5575384436601554,0.2501755266426272,0.1111111111111111,0.322943102454672,0.2529015249281053,-0.1828566844305228,1,0
0.1111111111111111,0.9093832469848272,0.1388888888888889,0.3333333333333333,0.1111111111111111,0.2222222222222222,0.3333333333333333,0.25,-0.031672403407900916,-1.4978381506157068,-0.1074461255133846,-1.9271995283231864,3.5361211852187697,0.9093832469848272,-0.6754911822230814,-0.015781955055106312,0.1111111111111111,-2.4349041406302154,-0.09634369408832952,-2.102083711231995,0,1
0.3333333333333333,2.560886632840704,0.3055555555555555,0.3333333333333333,0.3333333333333333,0.2222222222222222,0.3333333333333333,0.25,-0.8057316540023416,0.3696473999131176,0.45788174772413515,-0.222430806752854,0.6495157962597452,2.5608866328407034,0.22281720726367765,0.19839003656626086,0.3333333333333333,-2.4349041406302154,-1.8377883046032708,-0.3945035917891138,0,1
0.1111111111111111,-0.4668695745617363,0.0,0.1111111111111111,0.1111111111111111,0.1111111111111111,0.1111111111111111,0.0,-0.2837522314751988,-0.2773414272638226,-0.1625931438033047,-0.95842191396722,-0.2844958199592799,-0.4668695745617363,-0.537270192471432,-0.015781955055106312,0.1111111111111111,0.0096341289758159,-0.22493634798497716,-2.102083711231995,1,0
0.1111111111111111,0.3588821183662018,0.08333333333333333,0.1111111111111111,0.1111111111111111,0.2222222222222222,0.3333333333333333,0.25,-0.031672403407900916,-1.4978381506157068,-0.1643985643163983,-0.222430806752854,-0.1412092504923928,0.3588821183662018,-0.794018863812633,-1.2558335710649353,0.1111111111111111,-2.4349041406302154,0.005775291400744047,0.2439439807007004,1,0
0.1111111111111111,-0.4668695745617363,0.0,0.1111111111111111,0.1111111111111111,0.1111111111111111,0.1111111111111111,0.0,-1.4809843220475034,-1.4978381506157068,-2.476644085611099,0.1423961078279921,-0.2844958199592799,-0.4668695745617363,-5.028059896155144,-1.2558335710649353,0.1111111111111111,-2.4349041406302154,-1.8377883046032708,0.3871513198050401,1,0
0.1111111111111111,-0.4668695745617363,0.0,0.1111111111111111,0.1111111111111111,0.1111111111111111,0.1111111111111111,0.0,0.42469251588060974,0.49682281922212856,0.6267182312445675,-0.95842191396722,-0.2844958199592799,-0.4668695745617363,1.1892568333551126,0.38744129150536455,0.1111111111111111,0.7499787905697693,0.4966995812540681,1.0629938337787594,1,0
0.1111111111111111,-0.4668695745617363,0.0,0.0,0.0,0.1111111111111111,0.1111111111111111,0.0,0.10441505902471358,0.500744461060229,-0.056479831125268706,-1.31171478496986,-0.2844958199592799,-0.4668695745617363,0.516722526286478,0.3254477100920743,0.1111111111111111,0.08136281572751122,0.07824744290209906,-1.3723900433022265,1,0
0.0,-0.4668695745617363,0.0,0.0,0.0,0.1111111111111111,0.1111111111111111,0.0,-1.4809843220475034,-1.4978381506157068,-2.476644085611099,-0.222430806752854,-0.2844958199592799,-0.4668695745617363,-5.028059896155144,-1.2558335710649353,0.0,-2.4349041406302154,-1.8377883046032708,1.199597083727945,1,0
0.1111111111111111,-0.4668695745617363,0.0,0.1111111111111111,0.1111111111111111,0.1111111111111111,0.1111111111111111,0.0,0.12386069444290213,0.3104232686633314,0.48853194418979096,0.3608480215924758,-0.2844958199592799,-0.4668695745617363,1.3394905435360744,0.7189350798342334,0.1111111111111111,0.40776928328536544,0.45160844652646404,0.9159689132265976,1,0
0.3333333333333333,1.18463381129414,0.16666666666666666,0.3333333333333333,0.1111111111111111,0.1111111111111111,0.1111111111111111,0.25,-0.031672403407900916,-1.4978381506157068,-2.476644085611099,-1.9271995283231864,2.0079889959270663,1.18463381129414,-0.31656268330822224,-0.17997811061554644,0.3333333333333333,0.13997425265217076,0.18040838650574129,-1.666848273078999,0,1
0.1111111111111111,-0.4668695745617363,0.0,0.1111111111111111,0.0,0.1111111111111111,0.1111111111111111,0.0,-1.4809843220475034,0.27540798060406974,0.26511978669091996,-0.95842191396722,-0.2844958199592799,-0.4668695745617363,0.13018208024632463,-1.2558335710649353,0.1111111111111111,0.25884044009829416,0.10111237237752817,0.2439439807007004,1,0
0.1111111111111111,-0.4668695745617363,0.0,0.1111111111111111,0.1111111111111111,0.1111111111111111,0.1111111111111111,0.0,0.5624790264950417,1.2772538913451101,0.7605885497259607,-0.4950413083649336,-0.2844958199592799,-0.4668695745617363,2.513159369903881,0.5217512668649608,0.1111111111111111,0.7531785625839265,0.7161328441463779,1.668921836399024,1,0
0.3333333333333333,2.560886632840704,0.3055555555555555,0.3333333333333333,0.3333333333333333,0.2222222222222222,0.3333333333333333,0.25,-1.4809843220475034,0.3459666543373588,0.4380755058960076,0.4636163081257023,0.4160148380463074,2.5608866328407034,0.021206173705649995,-1.2558335710649353,0.3333333333333333,-2.4349041406302154,-1.8377883046032708,-0.0875094222424097,0,1
0.1111111111111111,0.083631554056889,0.05555555555555555,0.1111111111111111,0.1111111111111111,0.1111111111111111,0.1111111111111111,0.25,0.11363053313180634,0.09527771440363407,-2.476644085611099,-1.130080895470915,-0.0661561352760001,0.0836315540568891,0.1027737431453153,0.10854127650719715,0.3333333333333333,0.3582968514069958,0.1150977349445994,-0.6440902286753902,1,0
0.1111111111111111,-0.4668695745617363,0.0,0.1111111111111111,0.0,0.1111111111111111,0.1111111111111111,0.0,-1.4809843220475034,-1.4978381506157068,0.09001042375076007,-0.3554890506588386,-0.2844958199592799,-0.4668695745617363,0.5099631886324959,0.49597082434690953,0.1111111111111111,0.20956311185220755,0.12397299616359517,-0.9531238224996238,1,0
0.1111111111111111,0.9093832469848272,0.1388888888888889,0.3333333333333333,0.1111111111111111,0.2222222222222222,0.3333333333333333,0.25,0.22508700669610765,-1.0279496654271199,0.3026242443531959,0.4636163081257023,-0.2080759914613655,0.9093832469848272,0.24987154651017163,0.13447144374196576,0.1111111111111111,-2.4349041406302154,0.4010330618240294,1.8373853869087895,0,1
0.1111111111111111,0.6341326826755145,0.1111111111111111,0.3333333333333333,0.3333333333333333,0.1111111111111111,0.1111111111111111,0.25,0.25634775436706114,0.08006953428893196,0.20017849783525957,-0.4950413083649336,0.0551447677567291,0.6341326826755145,0.26034620195023156,-1.2558335710649353,0.1111111111111111,0.1754499360286865,0.33315489072787546,-0.3945035917891138,1,0
0.1111111111111111,1.18463381129414,0.16666666666666666,0.1111111111111111,0.1111111111111111,0.3333333333333333,0.3333333333333333,0.25,0.19865366409457927,0.214438587242051,-2.476644085611099,0.5624443361818806,0.0211820675384221,1.18463381129414,0.3510331460639733,0.1812882605018963,0.3333333333333333,0.37851806784192493,0.3091352594538665,0.1673597344439074,0,1
0.1111111111111111,0.9093832469848272,0.1388888888888889,0.0,0.0,0.4444444444444444,0.3333333333333333,0.375,0.14493216620586116,-1.4978381506157068,-0.1940527750620471,1.4469588684499963,-0.0297642470445282,0.9093832469848272,-0.8460182002134989,-1.2558335710649353,0.1111111111111111,-2.4349041406302154,-1.8377883046032708,0.1673597344439074,0,1
0.0,-0.4668695745617363,0.0,0.0,0.0,0.0,0.0,0.0,-0.12387122594128142,0.14618403215922673,0.3098124681238251,-0.6416298188340922,-0.2844958199592799,-0.4668695745617363,0.08508521591975649,-1.131420661815432,0.0,0.09049015726292031,0.2252988234060426,1.0629938337787594,1,0
0.0,0.9093832469848272,0.1388888888888889,0.0,0.3333333333333333,0.2222222222222222,0.3333333333333333,0.25,-1.4809843220475034,0.0968889193902196,0.7237552829321644,1.3790049371340838,0.9891280815368592,0.9093832469848272,0.6026357902618037,0.290610149823752,0.0,-2.4349041406302154,0.3690542594284389,-1.3723900433022265,0,1
0.1111111111111111,-0.4668695745617363,0.0,0.1111111111111111,0.0,0.1111111111111111,0.1111111111111111,0.0,0.7105535314860727,-0.020363180020070946,0.09910433174327209,1.6996876816479582,-0.2844958199592799,-0.4668695745617363,0.841884762138378,-0.024979145528007687,0.1111111111111111,0.08213340020129119,-0.030269367775838486,-1.3723900433022265,1,0
0.1111111111111111,0.3588821183662018,0.08333333333333333,0.1111111111111111,0.1111111111111111,0.2222222222222222,0.3333333333333333,0.25,0.23688925371826502,0.8645434027982991,0.032804513559662594,0.8376265013727084,0.0975977185029357,0.3588821183662018,1.2113190472278803,0.06851168927575109,0.1111111111111111,0.01991451168530983,0.13446858275768922,-0.7891132362483021,1,0
0.0,-0.4668695745617363,0.0,0.1111111111111111,0.1111111111111111,0.1111111111111111,0.0,0.0,0.19865366409457927,-0.020363180020070946,0.16979797490495446,-0.7958621975017078,-0.2844958199592799,-0.4668695745617363,0.19394883638544505,-1.2558335710649353,0.0,0.13997425265217076,0.35508346069795704,-1.666848273078999,1,0
0.1111111111111111,0.083631554056889,0.05555555555555555,0.1111111111111111,0.1111111111111111,0.3333333333333333,0.1111111111111111,0.25,-0.011697378387615939,0.035695544292043226,0.23796784272265611,0.5624443361818806,-0.0661561352760001,0.0836315540568891,0.019540914553971733,0.016913033023074397,0.1111111111111111,0.20739809469992543,-0.030269367775838486,-0.6440902286753902,0,1
0.1111111111111111,0.083631554056889,0.05555555555555555,0.1111111111111111,0.0,0.3333333333333333,0.1111111111111111,0.25,-0.28445033207336795,-0.5634078453642654,-0.18333644759720805,-1.31171478496986,0.0211779919147679,0.0836315540568891,-0.10077085586842727,0.3341194922899548,0.1111111111111111,-0.04411808868776136,-0.624812482164508,-0.9531238224996238,0,1
0.1111111111111111,0.083631554056889,0.05555555555555555,0.1111111111111111,0.1111111111111111,0.3333333333333333,0.1111111111111111,0.25,0.0021270583613964395,-0.02975293223915765,0.03643885265550539,-1.130080895470915,0.0211779919147679,0.0836315540568891,0.608118155975231,-1.2558335710649353,0.1111111111111111,0.8217364061401269,-0.15378898118743553,-0.9531238224996238,0,1
0.0,-0.4668695745617363,0.0,0.1111111111111111,0.0,0.0,0.0,0.0,-0.48742917650202766,-1.4978381506157068,-0.08749098821305488,-0.6416298188340922,-0.2844958199592799,-0.4668695745617363,-1.2386158656751924,-1.2558335710649353,0.0,-0.9232746236089249,-0.4659536841973853,1.8047152235915511,1,0
0.3333333333333333,1.4598843756034523,0.19444444444444442,0.1111111111111111,0.1111111111111111,0.2222222222222222,0.3333333333333333,0.25,-0.011697378387615939,0.0,0.21961315785587668,0.74923519556253,0.7853625215998877,1.4598843756034523,-0.2902799908347457,0.10854127650719715,0.3333333333333333,-2.4349041406302154,-1.8377883046032708,-0.9531238224996238,0,1
0.1111111111111111,-0.4668695745617363,0.0,0.1111111111111111,0.1111111111111111,0.1111111111111111,0.1111111111111111,0.0,0.2526518197548504,0.2534171714435722,0.2876072932488321,1.8157962335875484,-0.2844958199592799,-0.4668695745617363,0.514307297182614,0.2416645349056016,0.1111111111111111,0.38856701644178904,0.21925214039343546,0.0869332819236188,1,0
0.1111111111111111,0.3588821183662018,0.08333333333333333,0.1111111111111111,0.1111111111111111,0.2222222222222222,0.3333333333333333,0.25,0.4895215797312873,0.5172071519175309,0.6776797026530302,0.5624443361818806,-0.2225338403936263,0.3588821183662018,1.067510464570943,0.3891776951234196,0.1111111111111111,-1.8586914367545917,0.5298635324565625,1.3682240822548568,1,0
0.3333333333333333,2.010385504222078,0.25,0.4444444444444444,0.3333333333333333,0.1111111111111111,0.1111111111111111,0.375,-1.4809843220475034,-1.4978381506157068,-0.1940527750620471,-0.3554890506588386,0.698032761115479,2.0103855042220777,-0.5996191337007027,-0.17997811061554644,0.3333333333333333,0.08136281572751122,-0.116519535660596,-0.6440902286753902,0,1
0.0,-0.1916190102524236,0.027777777777777776,0.0,0.0,0.2222222222222222,0.0,0.125,-1.4809843220475034,-1.4978381506157068,-2.476644085611099,0.1423961078279921,-0.2335495053763295,-0.1916190102524235,-5.028059896155144,-1.2558335710649353,0.0,-2.4349041406302154,-1.8377883046032708,0.1673597344439074,0,1
0.0,-0.1916190102524236,0.027777777777777776,0.0,0.0,0.2222222222222222,0.0,0.125,-1.4809843220475034,-1.4978381506157068,-2.476644085611099,0.6575761498836257,-0.2590225777575635,-0.1916190102524235,-5.028059896155144,-1.2558335710649353,0.0,-2.4349041406302154,-1.8377883046032708,1.0629938337787594,0,1
0.3333333333333333,0.083631554056889,0.05555555555555555,0.1111111111111111,0.1111111111111111,0.1111111111111111,0.1111111111111111,0.25,-0.42846419375793426,-1.4978381506157068,-0.1074461255133846,1.3790049371340838,0.2249537406391757,0.0836315540568891,-0.8210383886685736,-1.2558335710649353,0.1111111111111111,0.0096341289758159,-1.8377883046032708,-1.3723900433022265,1,0
0.3333333333333333,1.4598843756034523,0.19444444444444442,0.1111111111111111,0.1111111111111111,0.2222222222222222,0.3333333333333333,0.25,-0.39632517311084764,-1.4978381506157068,0.06806288418602986,-0.7958621975017078,2.3900697985747907,1.4598843756034523,-1.0643240459742764,-1.2558335710649353,0.3333333333333333,-2.4349041406302154,-1.8377883046032708,-1.666848273078999,0,1
0.1111111111111111,-0.4668695745617363,0.0,0.1111111111111111,0.1111111111111111,0.1111111111111111,0.1111111111111111,0.0,-0.06996156194360863,-0.06749693863522563,-0.09425361589553392,0.9229385817157996,-0.2844958199592799,-0.4668695745617363,-0.3379977619255093,-0.04768389148960487,0.1111111111111111,0.005265286089826876,-0.017795917333693467,0.1673597344439074,1,0
0.1111111111111111,1.18463381129414,0.16666666666666666,0.1111111111111111,0.1111111111111111,0.3333333333333333,0.3333333333333333,0.25,0.11373534404388194,0.214438587242051,-2.476644085611099,-1.130080895470915,-0.0147798253325259,1.18463381129414,0.1075940141604836,0.1812882605018963,0.3333333333333333,0.08772862993864343,0.21925214039343546,0.3170934418812415,0,1
0.0,-0.1916190102524236,0.027777777777777776,0.0,0.0,0.2222222222222222,0.0,0.125,-1.4809843220475034,-1.4978381506157068,-2.476644085611099,0.1423961078279921,-0.2395431541881542,-0.1916190102524235,-0.8688825149803978,-1.2558335710649353,0.0,0.1616254477748026,-1.8377883046032708,0.3170934418812415,1,0
0.0,-0.4668695745617363,0.0,0.0,0.0,0.0,0.0,0.0,-1.4809843220475034,-1.4978381506157068,-2.476644085611099,1.6391892378370123,-0.2844958199592799,-0.4668695745617363,-5.028059896155144,-1.2558335710649353,0.0,-2.4349041406302154,-1.8377883046032708,1.4082741704448445,0,1
0.1111111111111111,-0.4668695745617363,0.0,0.1111111111111111,0.1111111111111111,0.1111111111111111,0.1111111111111111,0.0,0.3057862080103784,0.47186486317693166,0.3689107160964178,-0.7958621975017078,-0.2844958199592799,-0.4668695745617363,0.7392694063850916,0.27295236848406923,0.1111111111111111,0.30420801898878946,0.35508346069795704,1.4475584443037126,1,0
0.3333333333333333,1.7351349399127654,0.2222222222222222,0.3333333333333333,0.3333333333333333,0.1111111111111111,0.1111111111111111,0.25,-0.004395095027663922,0.05153219759664451,0.1684786075672701,-1.31171478496986,0.479694441038171,1.7351349399127651,-0.17935246903156637,-1.2558335710649353,0.3333333333333333,0.0663595593112858,-0.054022482680966204,-0.5135592262370264,0,1
0.3333333333333333,0.9093832469848272,0.1388888888888889,0.1111111111111111,0.1111111111111111,0.1111111111111111,0.1111111111111111,0.375,-0.2837522314751988,-0.2773414272638226,-2.476644085611099,-1.7090442746462755,1.6259081932793418,0.9093832469848272,-0.46513032303023666,0.05693515131531388,0.4444444444444444,0.1706153525976616,-0.26533463618771924,-1.666848273078999,0,1
0.1111111111111111,0.3588821183662018,0.08333333333333333,0.1111111111111111,0.1111111111111111,0.2222222222222222,0.3333333333333333,0.25,0.3321612178466729,0.3436035864739946,0.5323671509932838,0.9229385817157996,-0.1638333265972902,0.3588821183662018,0.655908081426619,0.30567126224700725,0.1111111111111111,-2.4349041406302154,0.35508346069795704,0.4544096728511559,1,0
0.1111111111111111,0.083631554056889,0.05555555555555555,0.1111111111111111,0.1111111111111111,0.1111111111111111,0.1111111111111111,0.25,0.1336150799250516,0.1754623776158648,-2.476644085611099,-0.4950413083649336,-0.1455516624742182,0.0836315540568891,0.18976163561156847,0.12201581779487031,0.3333333333333333,0.4123958978726874,0.08483689987623327,-0.1828566844305228,1,0
0.0,-0.4668695745617363,0.0,0.0,0.0,0.0,0.0,0.0,-0.08319876730620854,0.21149672770108943,-0.4930130425863576,-0.7958621975017078,-0.2844958199592799,-0.4668695745617363,-0.06362207852056918,0.15950328460205204,0.0,-0.15614601918580906,0.1675720388696863,0.5814972662319737,1,0
0.1111111111111111,-0.4668695745617363,0.0,0.1111111111111111,0.1111111111111111,0.1111111111111111,0.1111111111111111,0.0,0.6595231729018657,0.70679484969058,0.7660493836186342,-0.0953809513297535,-0.2844958199592799,-0.4668695745617363,1.6693302740865512,0.5618014829009423,0.1111111111111111,0.7806281708752216,0.7294623092469033,1.9013142578933817,1,0
0.3333333333333333,2.8361371971500167,0.3333333333333333,0.3333333333333333,0.3333333333333333,0.3333333333333333,0.3333333333333333,0.25,-1.4809843220475034,-1.4978381506157068,-2.476644085611099,-1.7090442746462755,2.7722015436314544,2.836137197150016,-0.4776649287085658,-1.2558335710649353,0.3333333333333333,0.1706153525976616,0.13446858275768922,-1.3723900433022265,0,1
0.3333333333333333,2.010385504222078,0.25,0.3333333333333333,0.4444444444444444,0.1111111111111111,0.1111111111111111,0.375,0.10287579294346057,0.34010830410539794,0.21961315785587668,-0.222430806752854,0.1453638884413813,2.0103855042220777,0.4478931444214867,-1.2558335710649353,0.3333333333333333,0.49320600580578183,0.23325537736854896,0.2439439807007004,0,1
0.3333333333333333,2.560886632840704,0.3055555555555555,0.3333333333333333,0.3333333333333333,0.2222222222222222,0.3333333333333333,0.25,-1.4809843220475034,-0.0680302443123023,0.12143655569952808,-0.6416298188340922,1.3967101453479835,2.5608866328407034,-0.6910437409392006,-0.055789143861963854,0.3333333333333333,-2.4349041406302154,-1.8377883046032708,-0.9531238224996238,0,1
0.1111111111111111,0.6341326826755145,0.1111111111111111,0.3333333333333333,0.3333333333333333,0.1111111111111111,0.1111111111111111,0.25,0.19865366409457927,-1.4978381506157068,-0.11671725661758069,-1.504321540361816,1.2438273906316173,0.6341326826755145,-0.2848055822015288,-1.2558335710649353,0.1111111111111111,-0.08282810616588625,0.07824744290209906,-1.666848273078999,1,0
0.0,-0.4668695745617363,0.0,0.0,0.0,0.0,0.0,0.0,-1.4809843220475034,-1.4978381506157068,-2.476644085611099,-1.504321540361816,-0.2844958199592799,-0.4668695745617363,-5.028059896155144,-1.2558335710649353,0.0,-2.4349041406302154,-1.8377883046032708,0.1673597344439074,1,0
0.0,-0.4668695745617363,0.0,0.0,0.0,0.0,0.0,0.0,-0.2267394290025756,-1.4978381506157068,-0.6257537081600761,-0.222430806752854,-0.2844958199592799,-0.4668695745617363,-0.5308151347129706,-0.09411286476616676,0.0,0.2358215233683933,-1.8377883046032708,0.2439439807007004,1,0
0.3333333333333333,1.4598843756034523,0.19444444444444442,0.0,0.3333333333333333,0.2222222222222222,0.0,0.25,-1.4809843220475034,-0.031321287366632165,-2.476644085611099,0.1423961078279921,0.309875208543736,1.4598843756034523,-1.2691840655128304,-1.2558335710649353,0.3333333333333333,-0.2847952224357086,-1.8377883046032708,-0.3945035917891138,0,1
0.1111111111111111,-0.4668695745617363,0.0,0.1111111111111111,0.1111111111111111,0.1111111111111111,0.1111111111111111,0.0,0.4880136329916922,0.9546901613220271,0.5593923385526708,-0.0953809513297535,-0.2844958199592799,-0.4668695745617363,1.6357324050348383,0.3088434346509004,0.1111111111111111,0.6038174536731904,0.32391495126060277,1.285678693674575,1,0
0.3333333333333333,2.8361371971500167,0.3333333333333333,0.3333333333333333,0.3333333333333333,0.3333333333333333,0.3333333333333333,0.25,-1.4809843220475034,0.3236529324331165,0.3026242443531959,0.1423961078279921,0.1142153926227767,2.836137197150016,0.4507029909134518,0.2540452092359328,0.3333333333333333,0.35192960291975667,0.23997567561776,0.6999923241170234,0,1
0.3333333333333333,2.560886632840704,0.3055555555555555,0.3333333333333333,0.3333333333333333,0.2222222222222222,0.3333333333333333,0.25,0.006539905894159156,-1.4978381506157068,-0.1940527750620471,0.9229385817157996,0.0809894582409387,2.5608866328407034,-0.43356694255490164,-1.2558335710649353,0.3333333333333333,-0.2131146983687719,0.18040838650574129,0.6999923241170234,0,1
0.3333333333333333,1.7351349399127654,0.2222222222222222,0.3333333333333333,0.3333333333333333,0.1111111111111111,0.1111111111111111,0.25,-1.4809843220475034,0.1140824598848333,-2.476644085611099,-0.0953809513297535,0.2712808099809667,1.7351349399127651,0.15413467940451595,0.10854127650719715,0.3333333333333333,0.3376469404255859,0.3399806609796267,-0.1828566844305228,0,1
0.1111111111111111,-0.4668695745617363,0.0,0.1111111111111111,0.1111111111111111,0.1111111111111111,0.1111111111111111,0.0,0.18418539902762215,0.1996891746211727,0.14591209917705136,0.8376265013727084,-0.2844958199592799,-0.4668695745617363,0.23714109383088752,0.18068916152380704,0.1111111111111111,0.11779445949640988,0.1718659405051064,-0.6440902286753902,1,0
0.0,-0.1916190102524236,0.027777777777777776,0.0,0.0,0.2222222222222222,0.0,0.125,-0.16467079312609492,-1.4978381506157068,-2.476644085611099,1.3790049371340838,-0.26201942096705,-0.1916190102524235,-0.823917412110048,-1.2558335710649353,0.0,-2.4349041406302154,0.17230000890341282,1.2431022551165405,1,0
0.1111111111111111,1.4598843756034523,0.19444444444444442,0.3333333333333333,0.1111111111111111,0.4444444444444444,0.3333333333333333,0.375,0.12215638704494965,-1.4978381506157068,0.0056385211519427774,-0.7958621975017078,0.2504387000585193,1.4598843756034523,-0.10482445471163458,0.10298443427682366,0.1111111111111111,-2.4349041406302154,0.27340185045077775,-0.2847917733012345,0,1
0.0,-0.4668695745617363,0.0,0.0,0.0,0.0,0.0,0.0,-1.4809843220475034,-1.4978381506157068,-2.476644085611099,-0.7958621975017078,-0.2844958199592799,-0.4668695745617363,-5.028059896155144,-1.2558335710649353,0.0,-2.4349041406302154,-1.8377883046032708,0.4544096728511559,1,0
0.0,-0.1916190102524236,0.027777777777777776,0.0,0.0,0.2222222222222222,0.0,0.125,-1.4809843220475034,-1.4978381506157068,-2.476644085611099,0.02609689719025,-0.2462860203394923,-0.1916190102524235,-5.028059896155144,-1.2558335710649353,0.0,-2.4349041406302154,-1.8377883046032708,0.5191192900072952,0,1
0.0,-0.4668695745617363,0.0,0.0,0.0,0.0,0.0,0.0,-1.4809843220475034,-1.4978381506157068,-2.476644085611099,0.5624443361818806,-0.2844958199592799,-0.4668695745617363,-5.028059896155144,-1.2558335710649353,0.0,-2.4349041406302154,-1.8377883046032708,0.6999923241170234,1,0
0.1111111111111111,-0.4668695745617363,0.0,0.1111111111111111,0.1111111111111111,0.1111111111111111,0.1111111111111111,0.0,0.3491032574021598,0.36284997966396115,0.5808502435108827,0.3608480215924758,-0.2844958199592799,-0.4668695745617363,0.9554110687168929,0.27298825569546475,0.1111111111111111,0.6975468062175926,0.355335356245175,0.9662521913648202,1,0
0.1111111111111111,0.083631554056889,0.05555555555555555,0.1111111111111111,0.1111111111111111,0.3333333333333333,0.1111111111111111,0.25,-1.4809843220475034,-0.44104090910723037,0.16869886832993028,-1.31171478496986,0.2249537406391757,0.0836315540568891,-0.4620055793279756,-1.2558335710649353,0.1111111111111111,-0.06208652614907963,-0.05042906437089462,-1.3723900433022265,0,1
0.0,-0.4668695745617363,0.0,0.0,0.0,0.0,0.0,0.0,-1.4809843220475034,-1.4978381506157068,-2.476644085611099,0.74923519556253,-0.2844958199592799,-0.4668695745617363,-5.028059896155144,-1.2558335710649353,0.0,-2.4349041406302154,-1.8377883046032708,-0.0875094222424097,1,0
0.1111111111111111,0.083631554056889,0.05555555555555555,0.1111111111111111,0.1111111111111111,0.0,0.3333333333333333,0.25,-0.0264975224512116,0.0215975439604977,0.8217329592103494,-1.130080895470915,-0.1146755261012753,0.0836315540568891,0.529927652614,-0.14001564323410587,0.0,-0.2131146983687719,-0.05042906437089462,-0.3945035917891138,1,0
0.0,-0.4668695745617363,0.0,0.0,0.0,0.1111111111111111,0.0,0.0,-0.005687182925108412,0.12776328546361485,-2.476644085611099,1.7585321597554342,-0.2844958199592799,-0.4668695745617363,-0.28200043413773246,0.002931841927049252,0.0,-0.19591324900479126,0.13446858275768922,-0.3945035917891138,1,0
0.0,-0.4668695745617363,0.0,0.0,0.0,0.0,0.0,0.0,0.21133442806778266,0.13304132892194565,-0.07116629926950806,0.5624443361818806,-0.2844958199592799,-0.4668695745617363,0.14507577234328692,0.10601193578836506,0.0,0.2147853792575757,0.1266901244106837,0.8643003776574393,1,0
0.0,-0.4668695745617363,0.0,0.0,0.0,0.0,0.0,0.0,-1.4809843220475034,-1.4978381506157068,-2.476644085611099,-0.6416298188340922,-0.2844958199592799,-0.4668695745617363,-1.0337845739024458,-1.2558335710649353,0.0,0.08136281572751122,-1.8377883046032708,1.3273719327921307,1,0
0.0,-0.1916190102524236,0.027777777777777776,0.0,0.0,0.2222222222222222,0.0,0.125,-1.4809843220475034,-1.4978381506157068,-2.476644085611099,1.5769583967038283,-0.2497596226976441,-0.1916190102524235,-5.028059896155144,-1.2558335710649353,0.0,-2.4349041406302154,-1.8377883046032708,0.6417328970763176,0,1
0.1111111111111111,-0.4668695745617363,0.0,0.0,0.0,0.1111111111111111,0.1111111111111111,0.0,0.15873609898101454,-0.07926674806640066,-0.1599033775354381,-1.7090442746462755,-0.2844958199592799,-0.4668695745617363,-0.4084528412766086,-1.2558335710649353,0.1111111111111111,-0.18483830997736975,-0.09634369408832952,-1.3723900433022265,1,0
0.1111111111111111,0.3588821183662018,0.08333333333333333,0.1111111111111111,0.0,0.2222222222222222,0.3333333333333333,0.25,-1.4809843220475034,-1.4978381506157068,-0.018873842113316566,1.9787763552100937,0.861746587983893,0.3588821183662018,-0.6166965430508731,-1.2558335710649353,0.1111111111111111,-2.4349041406302154,0.18040838650574129,-1.666848273078999,1,0
0.1111111111111111,0.9093832469848272,0.1388888888888889,0.1111111111111111,0.1111111111111111,0.2222222222222222,0.3333333333333333,0.25,-0.011506929862364968,-0.09593924982249426,-2.476644085611099,-0.0953809513297535,0.4796887097258397,0.9093832469848272,-0.4215188604529613,-0.1299155847603933,0.3333333333333333,-0.02191797797529691,0.09868477618238311,-0.9531238224996238,0,1
0.0,-0.4668695745617363,0.0,0.0,0.0,0.0,0.0,0.0,-1.4809843220475034,-1.4978381506157068,-2.476644085611099,0.2538723316408949,-0.2844958199592799,-0.4668695745617363,-5.028059896155144,-1.2558335710649353,0.0,-2.4349041406302154,-1.8377883046032708,1.3273719327921307,0,1
0.1111111111111111,0.3588821183662018,0.08333333333333333,0.1111111111111111,0.1111111111111111,0.2222222222222222,0.3333333333333333,0.25,-0.031672403407900916,-0.09654852506560477,0.034791834629782185,1.1620705813604253,-0.1081433734298578,0.3588821183662018,-0.3724827596083206,0.10854127650719715,0.1111111111111111,-0.9507255344098884,-0.09634369408832952,0.0021753538983214,1,0
0.1111111111111111,0.9093832469848272,0.1388888888888889,0.1111111111111111,0.1111111111111111,0.2222222222222222,0.3333333333333333,0.25,0.11519722477629865,0.066276523690121,-0.9551366959425549,-1.130080895470915,0.1400549146857315,0.9093832469848272,-0.1639874554561933,0.016913033023074397,0.3333333333333333,0.14061657729950422,0.005775291400744047,-0.3945035917891138,0,1
0.1111111111111111,0.3588821183662018,0.08333333333333333,0.1111111111111111,0.1111111111111111,0.2222222222222222,0.3333333333333333,0.25,0.3551900842679136,0.214438587242051,0.15441249848381097,-0.0953809513297535,0.0020755279147641,0.3588821183662018,0.16402319286443398,-1.2558335710649353,0.1111111111111111,-2.4349041406302154,0.18875206458508645,-0.5135592262370264,1,0
0.3333333333333333,2.2856360685313915,0.2777777777777778,0.3333333333333333,0.0,0.3333333333333333,0.3333333333333333,0.25,0.021699077920150803,-1.4978381506157068,0.10848346083980917,0.4636163081257023,2.2627519830329987,2.2856360685313906,-0.6138895564621334,-0.028794164538211788,0.3333333333333333,-2.4349041406302154,-1.8377883046032708,-1.3723900433022265,0,1
0.3333333333333333,2.2856360685313915,0.2777777777777778,0.1111111111111111,0.1111111111111111,0.2222222222222222,0.5555555555555556,0.5,-0.2343095970677861,-0.1918179270424799,-2.476644085611099,0.4636163081257023,3.5363122065179637,2.2856360685313906,-1.532861009001251,-0.2064569348266685,0.4444444444444444,-2.4349041406302154,-1.8377883046032708,-1.666848273078999,0,1
0.3333333333333333,1.18463381129414,0.16666666666666666,0.0,0.0,0.0,0.3333333333333333,0.25,-1.4809843220475034,-0.008721913572890243,0.08008376324506211,-0.7958621975017078,2.0079889959270663,1.18463381129414,-0.6778008964860062,-0.027832780947905762,0.3333333333333333,-2.4349041406302154,-1.8377883046032708,-1.666848273078999,0,1
0.1111111111111111,0.9093832469848272,0.1388888888888889,0.1111111111111111,0.1111111111111111,0.2222222222222222,0.3333333333333333,0.25,0.15661152100610903,0.12776328546361485,-2.476644085611099,1.6996876816479582,0.4796887097258397,0.9093832469848272,0.03311609130321688,0.232909330105537,0.3333333333333333,0.025316925826723576,0.07824744290209906,-0.9531238224996238,0,1
0.0,-0.1916190102524236,0.027777777777777776,0.0,0.0,0.2222222222222222,0.0,0.125,0.3958048792670328,0.4756796490799884,0.8781131104969889,1.6391892378370123,-0.2539279496957324,-0.1916190102524235,0.9169320812701459,-1.2558335710649353,0.0,0.24738346427493746,-1.8377883046032708,0.8111528623165425,1,0
0.1111111111111111,0.083631554056889,0.05555555555555555,0.1111111111111111,0.0,0.0,0.0,0.25,-0.02104840994986472,-1.4978381506157068,-2.476644085611099,-0.6416298188340922,-0.1753251978386217,0.0836315540568891,-0.7203227144356046,-0.0924560232735743,0.3333333333333333,0.05650999692275741,-1.8377883046032708,0.0869332819236188,1,0
0.3333333333333333,2.8361371971500167,0.3333333333333333,0.3333333333333333,0.3333333333333333,0.3333333333333333,0.3333333333333333,0.25,-1.4809843220475034,0.22144857130416912,-2.476644085611099,-0.6416298188340922,0.8617895715368965,2.836137197150016,0.21789314332142565,0.2416645349056016,0.3333333333333333,0.1706153525976616,0.35508346069795704,-0.5135592262370264,0,1
0.1111111111111111,0.3588821183662018,0.08333333333333333,0.1111111111111111,0.1111111111111111,0.2222222222222222,0.3333333333333333,0.25,0.10287579294346057,0.12776328546361485,0.03987109414150926,-0.95842191396722,-0.0552381685230802,0.3588821183662018,-0.1350346360542368,0.10854127650719715,0.1111111111111111,-1.8091180528529025,0.05170390327415423,-0.2847917733012345,1,0
0.1111111111111111,-0.4668695745617363,0.0,0.0,0.0,0.0,0.0,0.0,-0.20315520606063805,-0.19517823918609783,-0.37265151389121803,1.8157962335875484,-0.2844958199592799,-0.4668695745617363,-1.2673021010785497,-0.23691367145164213,0.0,-2.4349041406302154,-1.8377883046032708,0.0021753538983214,1,0
0.1111111111111111,-0.4668695745617363,0.0,0.1111111111111111,0.1111111111111111,0.1111111111111111,0.1111111111111111,0.0,-0.031672403407900916,0.043918667201769915,-0.1289553642896601,0.6575761498836257,-0.2844958199592799,-0.4668695745617363,-0.3183525341707236,0.10854127650719715,0.1111111111111111,-0.08282810616588625,-0.39018706978679374,-0.5135592262370264,1,0
0.1111111111111111,-0.4668695745617363,0.0,0.1111111111111111,0.1111111111111111,0.1111111111111111,0.1111111111111111,0.0,0.19865366409457927,0.1754623776158648,0.16869886832993028,0.3608480215924758,-0.2844958199592799,-0.4668695745617363,0.2895959161969545,0.14857534644596138,0.1111111111111111,0.30420801898878946,0.13446858275768922,-0.7891132362483021,1,0
0.0,-0.1916190102524236,0.027777777777777776,0.0,0.0,0.2222222222222222,0.0,0.125,-1.4809843220475034,-1.4978381506157068,-0.724479175000734,0.8376265013727084,-0.2675136396224425,-0.1916190102524235,0.8352997046387189,-1.2558335710649353,0.0,-2.4349041406302154,0.845540293476656,1.668921836399024,1,0
0.0,-0.4668695745617363,0.0,0.0,0.0,0.0,0.0,0.0,-0.5540041984190524,-0.5528449346720672,-1.0166983361604944,-0.4950413083649336,-0.2844958199592799,-0.4668695745617363,-1.077978974290688,0.10197659675512077,0.0,-1.0138472753854293,-0.7239600668126859,0.8111528623165425,0,1
0.1111111111111111,1.18463381129414,0.16666666666666666,0.1111111111111111,0.1111111111111111,0.3333333333333333,0.3333333333333333,0.25,-0.32269757252797804,-0.22359646317184267,-2.476644085611099,-1.31171478496986,2.0079889959270663,1.18463381129414,-0.5723638991764706,-1.2558335710649353,0.3333333333333333,0.2324632635633931,-0.3326514049683238,-1.666848273078999,0,1
0.1111111111111111,-0.4668695745617363,0.0,0.1111111111111111,0.1111111111111111,0.1111111111111111,0.1111111111111111,0.0,0.19865366409457927,0.22144857130416912,0.33742708388807957,1.0850063694144667,-0.2844958199592799,-0.4668695745617363,0.3872791170118365,0.03126839304430128,0.1111111111111111,0.2733899399151538,0.2825833239152785,0.5191192900072952,1,0
0.1111111111111111,0.083631554056889,0.05555555555555555,0.1111111111111111,0.1111111111111111,0.3333333333333333,0.1111111111111111,0.25,0.05331580804312823,0.08006953428893196,0.1795287835743337,0.8376265013727084,-0.1316573856684801,0.0836315540568891,0.1595981637688137,0.10854127650719715,0.1111111111111111,0.30420801898878946,0.07824744290209906,-0.2847917733012345,0,1
0.1111111111111111,-0.4668695745617363,0.0,0.1111111111111111,0.1111111111111111,0.1111111111111111,0.1111111111111111,0.0,0.16042040378299907,0.018591671476249207,-0.060200737786788555,0.2538723316408949,-0.2844958199592799,-0.4668695745617363,-0.24866960732997528,-1.2558335710649353,0.1111111111111111,-0.08282810616588625,0.005775291400744047,-0.3945035917891138,1,0
0.3333333333333333,2.8361371971500167,0.3333333333333333,0.3333333333333333,0.3333333333333333,0.3333333333333333,0.3333333333333333,0.25,-0.05351884661889676,-0.06776342523130284,-0.038891540158578077,0.02609689719025,4.300473811813412,2.836137197150016,-0.1133819017555218,-1.131420661815432,0.3333333333333333,0.15951467317198714,0.22424224735877346,-1.666848273078999,0,1
0.0,-0.1916190102524236,0.027777777777777776,0.0,0.0,0.2222222222222222,0.0,0.125,0.37740517675852714,-1.4978381506157068,-2.476644085611099,-0.6416298188340922,-0.029771039660052,-0.1916190102524235,-0.3500146075820022,-1.2558335710649353,0.0,-2.4349041406302154,-1.8377883046032708,-1.3723900433022265,1,0
0.3333333333333333,3.386638325768641,0.38888888888888884,0.3333333333333333,0.3333333333333333,0.2222222222222222,0.5555555555555556,0.5,-1.4809843220475034,0.04580841851773005,-2.476644085611099,0.02609689719025,5.064635417108861,3.386638325768641,-0.8379137703733847,0.10854127650719715,0.4444444444444444,-2.4349041406302154,-1.8377883046032708,-1.666848273078999,0,1
0.0,-0.1916190102524236,0.027777777777777776,0.0,0.0,0.2222222222222222,0.0,0.125,-1.4809843220475034,-1.4978381506157068,-2.476644085611099,1.3790049371340838,-0.2462860203394923,-0.1916190102524235,-1.8420440395132285,-1.2558335710649353,0.0,-0.31288676373097957,-1.8377883046032708,0.5191192900072952,1,0
0.1111111111111111,1.7351349399127654,0.2222222222222222,0.0,0.4444444444444444,0.0,0.4444444444444444,0.375,-1.4809843220475034,0.13376996835145818,-2.476644085611099,0.5624443361818806,1.7533024224345426,1.7351349399127651,-1.162539108570257,-1.2558335710649353,0.3333333333333333,-2.4349041406302154,-1.8377883046032708,-1.3723900433022265,0,1
0.0,-0.4668695745617363,0.0,0.0,0.1111111111111111,0.0,0.0,0.0,-1.4809843220475034,0.24794342378015582,-0.5910654661956495,-1.130080895470915,-0.2844958199592799,-0.4668695745617363,-0.09637623514361728,0.27971441169799716,0.0,-0.5073034887176503,-0.11679247933275104,-0.1828566844305228,1,0
0.1111111111111111,-0.4668695745617363,0.0,0.1111111111111111,0.1111111111111111,0.0,0.1111111111111111,0.0,0.11363053313180634,0.06994916488101137,0.16869886832993028,1.0053451065944692,-0.2844958199592799,-0.4668695745617363,0.07214763072735397,0.10854127650719715,0.1111111111111111,0.08136281572751122,0.11258200154198865,-0.7891132362483021,1,0
0.0,-0.4668695745617363,0.0,0.0,0.0,0.0,0.0,0.0,-1.4809843220475034,-1.4978381506157068,-2.476644085611099,-0.7958621975017078,-0.2844958199592799,-0.4668695745617363,-5.028059896155144,-1.2558335710649353,0.0,-2.4349041406302154,-1.8377883046032708,1.285678693674575,1,0
0.0,-0.4668695745617363,0.0,0.0,0.0,0.0,0.0,0.0,-1.4809843220475034,-1.4978381506157068,-0.14392530832581077,0.4636163081257023,-0.2844958199592799,-0.4668695745617363,0.6554143512273469,0.5863612297963795,0.0,0.05817268274552819,-1.8377883046032708,1.8373853869087895,1,0
0.1111111111111111,0.083631554056889,0.05555555555555555,0.1111111111111111,0.1111111111111111,0.3333333333333333,0.1111111111111111,0.25,0.11363053313180634,0.066276523690121,-0.01539600861323546,-0.6416298188340922,-0.1826031907933792,0.0836315540568891,0.04935568636988595,0.27295236848406923,0.1111111111111111,-0.06208652614907963,-0.08429741416826127,0.1673597344439074,0,1
0.0,-0.1916190102524236,0.027777777777777776,0.0,0.0,0.2222222222222222,0.0,0.125,-1.4809843220475034,-1.4978381506157068,-2.476644085611099,0.02609689719025,-0.2526542937416511,-0.1916190102524235,-5.028059896155144,-1.2558335710649353,0.0,-2.4349041406302154,-1.8377883046032708,0.7564222381735122,0,1
0.1111111111111111,-0.4668695745617363,0.0,0.1111111111111111,0.1111111111111111,0.1111111111111111,0.1111111111111111,0.0,-1.4809843220475034,-0.43060686582819924,-0.14335859955607017,1.1620705813604253,-0.2844958199592799,-0.4668695745617363,-0.6510467346955375,-1.2558335710649353,0.1111111111111111,-0.16821050218130285,0.07824744290209906,-2.102083711231995,1,0
0.0,1.7351349399127654,0.2222222222222222,0.3333333333333333,0.3333333333333333,0.0,0.3333333333333333,0.25,0.0012332392156009556,-1.4978381506157068,-2.476644085611099,0.2538723316408949,1.7533024224345426,1.7351349399127651,-0.9437861896128196,-1.2558335710649353,0.3333333333333333,-0.729412017925748,0.004934238045837286,-1.3723900433022265,0,1
0.0,-0.1916190102524236,0.027777777777777776,0.0,0.0,0.2222222222222222,0.0,0.125,-1.4809843220475034,-1.4978381506157068,-2.476644085611099,-0.7958621975017078,-0.2512698855774418,-0.1916190102524235,-5.028059896155144,-1.2558335710649353,0.0,-2.4349041406302154,-1.8377883046032708,0.6999923241170234,0,1
0.0,-0.4668695745617363,0.0,0.0,0.0,0.0,0.0,0.0,-0.047783688003817014,0.25359526066886406,0.5647809979641775,0.4636163081257023,-0.2844958199592799,-0.4668695745617363,0.5499314351301734,0.3383662254209425,0.0,0.026234009432593384,0.2286504090501567,0.7564222381735122,1,0
0.1111111111111111,-0.4668695745617363,0.0,0.1111111111111111,0.1111111111111111,0.1111111111111111,0.1111111111111111,0.0,0.14293598384450348,0.15763820015463306,0.16869886832993028,-0.0953809513297535,-0.2844958199592799,-0.4668695745617363,0.16302797231611899,0.13967441346545956,0.1111111111111111,0.13997425265217076,0.1134598899578306,-0.3945035917891138,1,0
0.3333333333333333,2.8361371971500167,0.3333333333333333,0.3333333333333333,0.3333333333333333,0.3333333333333333,0.3333333333333333,0.25,0.11363053313180634,0.14813617228388773,0.05090380957037403,0.1423961078279921,0.3705279127646692,2.836137197150016,0.0860101484033496,0.1412512015314614,0.3333333333333333,0.11779445949640988,0.09053966174801081,0.0869332819236188,0,1
0.1111111111111111,1.18463381129414,0.16666666666666666,0.1111111111111111,0.1111111111111111,0.2222222222222222,0.4444444444444444,0.375,-0.031672403407900916,-0.020363180020070946,-2.476644085611099,0.6575761498836257,2.0079889959270663,1.18463381129414,-0.6910437409392006,-0.015781955055106312,0.3333333333333333,-2.4349041406302154,-0.05042906437089462,-1.666848273078999,0,1
0.1111111111111111,0.3588821183662018,0.08333333333333333,0.1111111111111111,0.1111111111111111,0.2222222222222222,0.3333333333333333,0.25,-0.3824885742007073,-0.25897052770727974,-0.09303580717522368,-0.7958621975017078,0.861746587983893,0.3588821183662018,-0.8580601293056114,-0.21714401286381083,0.1111111111111111,-2.4349041406302154,-0.08048541778705759,-1.666848273078999,0,1
0.1111111111111111,1.18463381129414,0.16666666666666666,0.1111111111111111,0.0,0.2222222222222222,0.4444444444444444,0.375,0.14833599979593173,-1.4978381506157068,-2.0186247226964618,0.4636163081257023,-0.1316563667489812,1.18463381129414,-1.070995784401508,-1.2558335710649353,0.3333333333333333,-2.4349041406302154,-1.8377883046032708,1.0629938337787594,0,1
0.0,-0.4668695745617363,0.0,0.0,0.0,0.0,0.0,0.0,-1.4809843220475034,0.7762396513015173,0.25232871258353157,-0.6416298188340922,-0.2844958199592799,-0.4668695745617363,1.1021058348677182,0.23019726812492006,0.0,-0.7215101355434785,0.5619554417770158,1.0629938337787594,1,0
0.1111111111111111,0.9093832469848272,0.1388888888888889,0.3333333333333333,0.1111111111111111,0.2222222222222222,0.3333333333333333,0.25,0.4030786993189654,-1.0054177432868876,0.5647477978303261,-0.222430806752854,-0.1612381831491223,0.9093832469848272,0.8608937442669415,0.3588633179710675,0.1111111111111111,-1.1346975320108106,0.6295554148173989,1.1095988810204689,0,1
0.1111111111111111,0.3588821183662018,0.08333333333333333,0.1111111111111111,0.1111111111111111,0.2222222222222222,0.3333333333333333,0.25,-0.04801010900383921,-0.12839880850339674,0.06566547769940452,1.0850063694144667,0.288639711684214,0.3588821183662018,-0.704235815277989,-0.18497056585990598,0.1111111111111111,-2.4349041406302154,-1.4321078212029634,-1.1433092459291831,0,1
0.1111111111111111,-0.4668695745617363,0.0,0.1111111111111111,0.1111111111111111,0.1111111111111111,0.1111111111111111,0.0,0.3332312389949168,0.2985926356523543,0.43553251837854445,1.0053451065944692,-0.2844958199592799,-0.4668695745617363,0.7450999294475514,0.28999105002565684,0.1111111111111111,0.5081452849150417,0.31024168502232874,0.8643003776574393,1,0
0.3333333333333333,0.6341326826755145,0.1111111111111111,0.0,0.0,0.0,0.0,0.25,-1.4809843220475034,-1.4978381506157068,-2.476644085611099,0.02609689719025,1.2438273906316173,0.6341326826755145,-1.8012328682280123,-1.2558335710649353,0.3333333333333333,-0.2929268929199516,-1.8377883046032708,-1.666848273078999,1,0
0.1111111111111111,-0.4668695745617363,0.0,0.1111111111111111,0.1111111111111111,0.1111111111111111,0.1111111111111111,0.0,0.28674218217918074,0.21178552648323645,0.19135401979127187,-0.7958621975017078,-0.2844958199592799,-0.4668695745617363,0.36761054475459626,0.10573880884669949,0.1111111111111111,0.31971162338110404,0.16810176962144419,0.0869332819236188,1,0
0.3333333333333333,0.9093832469848272,0.1388888888888889,0.0,0.0,0.2222222222222222,0.0,0.25,0.20573287497193513,0.3273412834499127,-2.476644085611099,-1.130080895470915,0.0094249242564235,0.9093832469848272,0.24804607135916634,0.1478562353590827,0.3333333333333333,0.39802337281328487,-1.8377883046032708,0.0021753538983214,0,1
0.3333333333333333,2.010385504222078,0.25,0.3333333333333333,0.1111111111111111,0.2222222222222222,0.3333333333333333,0.25,-0.031672403407900916,-1.4978381506157068,-2.476644085611099,0.02609689719025,2.0080272027337704,2.0103855042220777,-0.5127802940355883,-0.015781955055106312,0.3333333333333333,-0.04260204376723723,0.05170390327415423,-1.3723900433022265,0,1
0.3333333333333333,1.4598843756034523,0.19444444444444442,0.3333333333333333,0.4444444444444444,0.1111111111111111,0.1111111111111111,0.375,-1.4809843220475034,0.19191458288873467,0.20017849783525957,-0.7958621975017078,2.3900697985747907,1.4598843756034523,-0.22490377837556208,-0.14001564323410587,0.1111111111111111,0.0096341289758159,-1.8377883046032708,-1.666848273078999,0,1
0.1111111111111111,-0.4668695745617363,0.0,0.1111111111111111,0.1111111111111111,0.1111111111111111,0.1111111111111111,0.0,0.2711570126632358,0.29185262718417543,0.4717633163120872,1.5129114345882186,-0.2844958199592799,-0.4668695745617363,0.6853694400178262,0.2779778473858904,0.1111111111111111,0.40650860048090914,0.33647785214048076,0.3170934418812415,1,0
0.0,-0.4668695745617363,0.0,0.0,0.0,0.0,0.0,0.0,-1.4809843220475034,0.4827454549732312,0.5910322583744911,-0.222430806752854,-0.2844958199592799,-0.4668695745617363,0.5351661048233629,0.20247563716727848,0.0,-0.2896495098213908,-0.020204480265315877,1.0629938337787594,1,0
0.3333333333333333,2.8361371971500167,0.3333333333333333,0.3333333333333333,0.4444444444444444,0.2222222222222222,0.3333333333333333,0.375,-1.4809843220475034,0.066276523690121,-0.060200737786788555,0.1423961078279921,1.243878333889583,2.836137197150016,-0.9133725801173161,-1.2558335710649353,0.3333333333333333,-2.4349041406302154,-1.8377883046032708,-0.7891132362483021,0,1
0.1111111111111111,0.083631554056889,0.05555555555555555,0.1111111111111111,0.1111111111111111,0.3333333333333333,0.1111111111111111,0.25,-0.09963313046765077,-0.06197608529062502,-0.09768755612109054,-0.222430806752854,0.4796657853361687,0.0836315540568891,-0.3055723505586457,0.07991342808235943,0.1111111111111111,-0.12269395516060319,0.023445601714410378,-1.666848273078999,0,1
0.1111111111111111,-0.4668695745617363,0.0,0.1111111111111111,0.1111111111111111,0.0,0.1111111111111111,0.0,-0.04553281838202407,-0.020363180020070946,0.16869886832993028,1.6391892378370123,-0.2844958199592799,-0.4668695745617363,-0.05761178653492708,-0.01399774665372392,0.1111111111111111,0.13997425265217076,0.07824744290209906,-0.3945035917891138,1,0
0.3333333333333333,2.8361371971500167,0.3333333333333333,0.3333333333333333,0.3333333333333333,0.3333333333333333,0.3333333333333333,0.25,-1.4809843220475034,0.04580841851773005,-2.476644085611099,1.3790049371340838,2.7722015436314544,2.836137197150016,-0.2889071379793501,0.00787151142008286,0.3333333333333333,-0.08282810616588625,0.2340713374766228,-1.3723900433022265,0,1
0.3333333333333333,1.4598843756034523,0.19444444444444442,0.1111111111111111,0.0,0.2222222222222222,0.3333333333333333,0.25,-0.08373528687271306,-1.4978381506157068,0.16269967152135997,0.5624443361818806,0.126993221942705,1.4598843756034523,-0.7701840433154586,-1.2558335710649353,0.3333333333333333,-2.4349041406302154,-1.8377883046032708,0.0021753538983214,0,1
0.0,-0.4668695745617363,0.0,0.0,0.0,0.1111111111111111,0.0,0.0,0.6763282002141258,0.26793795442497165,-2.476644085611099,1.3089470244281944,-0.2844958199592799,-0.4668695745617363,0.9558948417343863,0.4898911972877406,0.0,-0.2916939568416265,-1.8377883046032708,0.7564222381735122,1,0
0.1111111111111111,1.4598843756034523,0.19444444444444442,0.1111111111111111,0.1111111111111111,0.4444444444444444,0.3333333333333333,0.375,-0.031672403407900916,-0.020363180020070946,-0.1940527750620471,0.8376265013727084,0.7853625215998877,1.4598843756034523,-0.4552487516460558,-0.015781955055106312,0.3333333333333333,-0.2131146983687719,-0.09634369408832952,-0.9531238224996238,0,1
0.3333333333333333,1.7351349399127654,0.2222222222222222,0.1111111111111111,0.1111111111111111,0.3333333333333333,0.3333333333333333,0.25,0.035380040281312794,0.03154610356751331,-0.060200737786788555,1.3089470244281944,0.9381994275369115,1.7351349399127651,-0.1151594861562758,0.09763173650770275,0.3333333333333333,0.2324632635633931,-1.8377883046032708,-0.9531238224996238,0,1
0.1111111111111111,-0.4668695745617363,0.0,0.1111111111111111,0.1111111111111111,0.0,0.1111111111111111,0.0,0.23098125874457032,0.24800434258577472,0.33742708388807957,0.9229385817157996,-0.2844958199592799,-0.4668695745617363,0.4757388778975263,0.2089482041426418,0.1111111111111111,0.3348530150164412,0.21925214039343546,0.0869332819236188,1,0
0.3333333333333333,2.010385504222078,0.25,0.3333333333333333,0.1111111111111111,0.2222222222222222,0.3333333333333333,0.25,0.11363053313180634,-1.4978381506157068,0.034791834629782185,-0.6416298188340922,6.592614789361209,2.0103855042220777,-0.353312973572868,-0.015781955055106312,0.3333333333333333,-0.2131146983687719,-0.09634369408832952,-2.102083711231995,0,1
0.3333333333333333,1.4598843756034523,0.19444444444444442,0.1111111111111111,0.1111111111111111,0.2222222222222222,0.3333333333333333,0.25,0.19865366409457927,-0.07234525507737063,0.29150192929081603,0.1423961078279921,0.7853625215998877,1.4598843756034523,-0.25393330656605906,-1.2558335710649353,0.3333333333333333,-2.4349041406302154,-1.8377883046032708,-0.9531238224996238,0,1
0.1111111111111111,-0.4668695745617363,0.0,0.1111111111111111,0.1111111111111111,0.1111111111111111,0.1111111111111111,0.0,-0.4631300898850235,-0.4291569927107801,-0.17481992779125646,-0.4950413083649336,-0.2844958199592799,-0.4668695745617363,-0.9963044491650136,-0.5432063233629901,0.1111111111111111,-0.18074528557693115,-0.5665251365008932,-0.5135592262370264,1,0
0.0,-0.4668695745617363,0.0,0.0,0.0,0.0,0.0,0.0,0.30043311104165377,0.6416033724158484,0.4554410466834606,-0.222430806752854,-0.2844958199592799,-0.4668695745617363,1.4353189503925328,-1.2558335710649353,0.0,1.1053867612069872,0.4825637791908985,1.285678693674575,1,0
0.1111111111111111,1.4598843756034523,0.19444444444444442,0.1111111111111111,0.3333333333333333,0.2222222222222222,0.3333333333333333,0.25,-1.4809843220475034,0.356343818966518,-2.0186247226964618,-0.222430806752854,0.0126913453136904,1.4598843756034523,0.41404061355346167,0.1723992891279564,0.3333333333333333,0.4405692628934085,0.3552094399375331,0.3871513198050401,0,1
0.3333333333333333,1.7351349399127654,0.2222222222222222,0.3333333333333333,0.3333333333333333,0.0,0.0,0.25,0.45117298070474154,-1.4978381506157068,-2.476644085611099,0.1423961078279921,0.2249664767720562,1.7351349399127651,0.7979781860023655,-1.2558335710649353,0.3333333333333333,0.5233985495585937,0.6585316031976932,-0.0875094222424097,0,1
0.1111111111111111,0.3588821183662018,0.08333333333333333,0.1111111111111111,0.1111111111111111,0.2222222222222222,0.2222222222222222,0.125,0.08635102536032951,0.7769383709062632,-0.1940527750620471,-0.6416298188340922,-0.029765379172273,0.3588821183662018,0.9497343742493898,0.09877196196547983,0.2222222222222222,0.150515689149979,-0.16214899472576216,-0.3945035917891138,0,1
0.0,-0.4668695745617363,0.0,0.1111111111111111,0.1111111111111111,0.1111111111111111,0.0,0.0,-1.4809843220475034,-1.4978381506157068,0.1233364524343845,-1.130080895470915,-0.2844958199592799,-0.4668695745617363,0.44402418650183634,-0.03308651856516118,0.0,0.5162949236288303,0.4880757730499001,1.0629938337787594,1,0
0.1111111111111111,-0.4668695745617363,0.0,0.0,0.0,0.1111111111111111,0.1111111111111111,0.0,-0.015543114615442104,0.047992227807580876,-0.1940527750620471,-1.9271995283231864,-0.2844958199592799,-0.4668695745617363,-0.5844431808858424,-0.18822144181412054,0.1111111111111111,-0.19560885671213027,-0.9017324931156265,-0.9531238224996238,1,0
0.1111111111111111,-0.4668695745617363,0.0,0.1111111111111111,0.1111111111111111,0.1111111111111111,0.1111111111111111,0.0,-0.009800629153445282,-0.278053093363775,-0.1572353323627636,-0.222430806752854,-0.2844958199592799,-0.4668695745617363,0.8736250210937907,0.6470861309345056,0.1111111111111111,-0.043169723408355946,-0.4121194582348165,-0.9531238224996238,1,0
0.1111111111111111,-0.4668695745617363,0.0,0.1111111111111111,0.1111111111111111,0.1111111111111111,0.1111111111111111,0.0,0.0921213430019922,0.066276523690121,0.1722032154742507,0.5624443361818806,-0.2844958199592799,-0.4668695745617363,0.711593066262855,0.546835951604776,0.1111111111111111,0.2324632635633931,0.03251748289939617,-0.9531238224996238,1,0
0.0,0.083631554056889,0.05555555555555555,0.0,0.0,0.3333333333333333,0.0,0.25,-0.37807201031139825,-1.4978381506157068,0.49285247321837566,-0.95842191396722,-0.0297667943178028,0.0836315540568891,-0.15482478779154255,-1.2558335710649353,0.0,-0.3976112996289958,-0.1890336732462665,-0.7891132362483021,0,1
0.1111111111111111,-0.4668695745617363,0.0,0.1111111111111111,0.1111111111111111,0.1111111111111111,0.1111111111111111,0.0,0.23098125874457032,0.24739437221879784,0.1795287835743337,2.314884223916934,-0.2844958199592799,-0.4668695745617363,0.4432306595184482,0.33588111491225797,0.1111111111111111,0.14370318797513737,0.18867079311683255,-0.2847917733012345,1,0
0.1111111111111111,-0.4668695745617363,0.0,0.1111111111111111,0.1111111111111111,0.1111111111111111,0.1111111111111111,0.0,-0.024462792278651634,-0.024461393026417897,0.10848346083980917,1.5769583967038283,-0.2844958199592799,-0.4668695745617363,0.7792829607184433,-0.005502675510889944,0.1111111111111111,0.04027036021255999,0.7689951840530072,-0.7891132362483021,1,0
0.1111111111111111,0.083631554056889,0.05555555555555555,0.1111111111111111,0.1111111111111111,0.2222222222222222,0.2222222222222222,0.125,-0.01112655072613305,-0.015923114670434158,1.438395652520333,1.0850063694144667,-0.0661561352760001,0.0836315540568891,1.6522448968834278,-0.013820297418117232,0.0,-2.4349041406302154,0.05586804186357465,-0.6440902286753902,0,1
0.1111111111111111,0.3588821183662018,0.08333333333333333,0.1111111111111111,0.4444444444444444,0.1111111111111111,0.1111111111111111,0.375,-0.42846419375793426,-0.054579034828187135,-0.1493580845678637,0.8376265013727084,0.861746587983893,0.3588821183662018,-0.6564013508747397,-1.2558335710649353,0.1111111111111111,-0.17527249946506634,-0.060273200797077944,-1.666848273078999,1,0
0.0,-0.4668695745617363,0.0,0.0,0.0,0.0,0.0,0.0,-0.08917733099000497,-0.11735865579923827,-0.4060166034490112,0.1423961078279921,-0.2844958199592799,-0.4668695745617363,-0.8506084155800197,-0.13093445156735328,0.0,-0.5729083411369763,-0.25805607109716167,0.3170934418812415,1,0
0.0,-0.4668695745617363,0.0,0.0,0.0,0.0,0.0,0.0,-1.4809843220475034,-1.4978381506157068,-2.476644085611099,-0.7958621975017078,-0.2844958199592799,-0.4668695745617363,-5.028059896155144,-1.2558335710649353,0.0,-2.4349041406302154,-1.8377883046032708,1.0629938337787594,1,0
0.0,-0.1916190102524236,0.027777777777777776,0.0,0.0,0.2222222222222222,0.0,0.125,-1.4809843220475034,-1.4978381506157068,-2.476644085611099,0.02609689719025,-0.2572030669556937,-0.1916190102524235,-5.028059896155144,-1.2558335710649353,0.0,-2.4349041406302154,-1.8377883046032708,0.9662521913648202,0,1
0.0,-0.4668695745617363,0.0,0.0,0.0,0.0,0.0,0.0,0.6675263227636592,0.6362480173940595,0.7646926135743174,0.2538723316408949,-0.2844958199592799,-0.4668695745617363,1.8459052636914013,0.49672552763116873,0.0,1.2025084876210335,0.7375583099079474,1.8373853869087895,1,0
0.0,-0.4668695745617363,0.0,0.0,0.0,0.0,0.0,0.0,-0.22887460301959633,-0.22139741587053635,-0.21377332503343166,1.0850063694144667,-0.2844958199592799,-0.4668695745617363,-0.9015879404031287,-1.2558335710649353,0.0,-0.23230994787292963,-0.3332952455651344,-0.9531238224996238,1,0
0.0,-0.4668695745617363,0.0,0.0,0.0,0.0,0.0,0.0,0.010861835359376126,-0.14959731612145427,-0.39371011069353196,-0.6416298188340922,-0.2844958199592799,-0.4668695745617363,-0.5232001018153101,0.12766757480169946,0.0,-0.5729083411369763,-0.2486671474714884,0.3871513198050401,1,0
0.1111111111111111,1.7351349399127654,0.2222222222222222,0.1111111111111111,0.3333333333333333,0.3333333333333333,0.3333333333333333,0.25,0.3057862080103784,0.4241497408825051,-2.476644085611099,0.5624443361818806,0.1857773707858456,1.7351349399127651,0.45903397363275916,-1.2558335710649353,0.3333333333333333,0.3348530150164412,0.32848391785588393,0.0021753538983214,0,1
0.1111111111111111,-0.4668695745617363,0.0,0.1111111111111111,0.1111111111111111,0.1111111111111111,0.1111111111111111,0.0,0.19865366409457927,0.32838949388922595,0.17100278394743545,0.8376265013727084,-0.2844958199592799,-0.4668695745617363,0.5438455817574468,0.27295236848406923,0.1111111111111111,0.36400698231355433,0.30973936628971593,0.0869332819236188,1,0
0.1111111111111111,0.6341326826755145,0.1111111111111111,0.1111111111111111,0.3333333333333333,0.3333333333333333,0.1111111111111111,0.25,-1.4809843220475034,0.3236529324331165,0.16869886832993028,0.02609689719025,-0.0066075049891565,0.6341326826755145,0.27220164386391876,0.1812882605018963,0.1111111111111111,0.30420801898878946,0.08075431047294637,-0.1828566844305228,0,1
0.0,-0.4668695745617363,0.0,0.0,0.0,0.0,0.0,0.0,0.10907339582883313,-1.4978381506157068,-2.476644085611099,0.6575761498836257,-0.2844958199592799,-0.4668695745617363,0.023883278332515738,-1.2558335710649353,0.0,0.3998435201298191,0.23270993283522226,1.0152348983243975,1,0
0.1111111111111111,-0.4668695745617363,0.0,0.1111111111111111,0.1111111111111111,0.1111111111111111,0.1111111111111111,0.0,0.3060377416570077,0.4740137547625252,0.3378892156293813,-0.222430806752854,-0.2844958199592799,-0.4668695745617363,0.7144227737833012,0.23358099068921864,0.1111111111111111,0.36336561843166226,0.3099404139227915,0.1673597344439074,1,0
0.3333333333333333,1.4598843756034523,0.19444444444444442,0.1111111111111111,0.1111111111111111,0.2222222222222222,0.3333333333333333,0.25,0.006539905894159156,0.018591671476249207,-0.22882628365535493,1.2366750160392723,1.498577642135315,1.4598843756034523,-0.402320433799515,0.016913033023074397,0.3333333333333333,-0.2131146983687719,-0.09634369408832952,-1.3723900433022265,0,1
0.0,-0.1916190102524236,0.027777777777777776,0.0,0.0,0.2222222222222222,0.0,0.125,-1.4809843220475034,-1.4978381506157068,-2.476644085611099,1.0850063694144667,-0.2526542937416511,-0.1916190102524235,-5.028059896155144,-1.2558335710649353,0.0,-2.4349041406302154,-1.8377883046032708,0.7564222381735122,0,1
0.1111111111111111,-0.4668695745617363,0.0,0.1111111111111111,0.1111111111111111,0.1111111111111111,0.1111111111111111,0.0,-0.1386932439311027,-0.09654852506560477,-0.1074461255133846,1.3089470244281944,-0.2844958199592799,-0.4668695745617363,-0.5114592828193004,-0.055789143861963854,0.1111111111111111,-0.06208652614907963,-0.26533463618771924,-0.9531238224996238,1,0
0.0,-0.4668695745617363,0.0,0.0,0.0,0.0,0.0,0.0,0.03060688014818684,-1.4978381506157068,-0.06530254847913172,-0.7958621975017078,-0.2844958199592799,-0.4668695745617363,-0.1623571051540555,-1.2558335710649353,0.0,0.3895548545190453,-1.8377883046032708,1.0629938337787594,1,0
0.4444444444444444,3.937139454387268,0.4444444444444444,0.4444444444444444,0.4444444444444444,0.4444444444444444,0.3333333333333333,0.375,-1.4809843220475034,-1.4978381506157068,-2.476644085611099,0.4636163081257023,0.9382116543671184,3.937139454387266,-1.3708374898582583,0.05693515131531388,0.3333333333333333,-2.4349041406302154,-1.8377883046032708,-0.2847917733012345,0,1
0.0,-0.4668695745617363,0.0,0.0,0.0,0.0,0.0,0.0,-1.4809843220475034,-1.4978381506157068,-0.7937141918942113,0.6575761498836257,-0.2844958199592799,-0.4668695745617363,-0.26137352653786355,-1.2558335710649353,0.0,0.45055438633744394,-1.8377883046032708,0.6999923241170234,1,0
0.0,-0.4668695745617363,0.0,0.0,0.0,0.0,0.0,0.0,-1.4809843220475034,-1.4978381506157068,0.33109053001490035,0.2538723316408949,-0.2844958199592799,-0.4668695745617363,0.9126904084197974,0.5360373388483075,0.0,0.30420801898878946,0.6002798085416851,1.155113830650042,1,0
0.1111111111111111,-0.4668695745617363,0.0,0.1111111111111111,0.1111111111111111,0.1111111111111111,0.1111111111111111,0.0,-0.11464518712119652,-0.020363180020070946,0.45971192070069744,0.1423961078279921,-0.2844958199592799,-0.4668695745617363,-0.001219853835365164,-0.09383566025207715,0.1111111111111111,-0.06919490848682809,-0.15410544507910598,-0.9531238224996238,1,0
0.3333333333333333,2.8361371971500167,0.3333333333333333,0.3333333333333333,0.3333333333333333,0.3333333333333333,0.3333333333333333,0.25,-1.4809843220475034,0.21228998779878952,0.21961315785587668,1.4469588684499963,0.4209139661584085,2.836137197150016,0.2467499735453131,0.22698051738498706,0.3333333333333333,0.25571528866671944,0.1538601831392337,0.0021753538983214,0,1
0.3333333333333333,2.8361371971500167,0.3333333333333333,0.3333333333333333,0.3333333333333333,0.3333333333333333,0.3333333333333333,0.25,0.06684590165054824,0.31492470755012675,0.3026242443531959,0.5624443361818806,-0.055236449094993,2.836137197150016,-0.06039766094675669,-1.2558335710649353,0.3333333333333333,-2.4349041406302154,-1.8377883046032708,1.486110633212629,0,1
0.1111111111111111,2.010385504222078,0.25,0.1111111111111111,0.3333333333333333,0.4444444444444444,0.3333333333333333,0.375,-0.9779561629179789,0.47199312515539443,-1.8846626467418335,-1.130080895470915,0.0976019639631105,2.0103855042220777,0.5157829056445609,0.27309587429798743,0.3333333333333333,0.36315154591040283,0.30953815817158364,0.3871513198050401,0,1
0.0,0.6341326826755145,0.1111111111111111,0.0,0.0,0.3333333333333333,0.3333333333333333,0.25,-1.4809843220475034,-1.4978381506157068,-2.476644085611099,0.9229385817157996,-0.2165670986119306,0.6341326826755145,-5.028059896155144,-1.2558335710649353,0.0,-2.4349041406302154,-1.8377883046032708,1.668921836399024,0,1
0.1111111111111111,0.3588821183662018,0.08333333333333333,0.1111111111111111,0.1111111111111111,0.2222222222222222,0.3333333333333333,0.25,-0.021247724963580926,0.0,0.0056385211519427774,-1.31171478496986,0.4796785209384036,0.3588821183662018,-0.3810966059981804,0.028627766357029766,0.1111111111111111,-2.4349041406302154,-0.0029380372141079303,-1.3723900433022265,1,0
0.1111111111111111,-0.4668695745617363,0.0,0.1111111111111111,0.1111111111111111,0.1111111111111111,0.1111111111111111,0.0,-0.3633075946028502,-0.2773414272638226,-0.12384542807743885,1.3790049371340838,-0.2844958199592799,-0.4668695745617363,-0.7901690772058958,-0.23146499342530566,0.1111111111111111,-0.19047778834714044,-0.27080908240809903,-2.102083711231995,1,0
0.0,-0.1916190102524236,0.027777777777777776,0.0,0.0,0.2222222222222222,0.0,0.125,0.10670298601867687,-0.09654852506560477,-2.476644085611099,1.6996876816479582,-0.2208130328678629,-0.1916190102524235,-0.9507388422563658,-1.2558335710649353,0.0,-2.4349041406302154,-0.5010189380442357,-0.0875094222424097,1,0
0.3333333333333333,0.083631554056889,0.05555555555555555,0.1111111111111111,0.1111111111111111,0.1111111111111111,0.1111111111111111,0.25,0.006539905894159156,0.018591671476249207,0.16869886832993028,0.2538723316408949,-0.0661561352760001,0.0836315540568891,-0.24834705057621564,0.03126839304430128,0.1111111111111111,-0.0819722428977582,-1.8377883046032708,-0.6440902286753902,1,0
0.3333333333333333,0.083631554056889,0.05555555555555555,0.1111111111111111,0.1111111111111111,0.0,0.1111111111111111,0.25,0.30803922647500964,0.3236529324331165,0.33742708388807957,-0.6416298188340922,-0.2080762207197047,0.0836315540568891,0.5226091441601467,0.2748800826993697,0.1111111111111111,0.3734251912084697,-1.8377883046032708,0.5191192900072952,1,0
0.1111111111111111,0.083631554056889,0.05555555555555555,0.1111111111111111,0.3333333333333333,0.1111111111111111,0.1111111111111111,0.25,0.3057862080103784,0.3629923364445079,0.46800254638615246,-0.6416298188340922,-0.1889714403146885,0.0836315540568891,0.6602738729898877,0.232909330105537,0.1111111111111111,0.3467885169152568,0.2682383588659233,0.2439439807007004,1,0
0.1111111111111111,-0.4668695745617363,0.0,0.1111111111111111,0.1111111111111111,0.1111111111111111,0.1111111111111111,0.0,0.41769963712290153,0.4786003622367501,0.7274890168735264,2.177710748592142,-0.2844958199592799,-0.4668695745617363,1.2026254242576417,0.3265161054322891,0.1111111111111111,0.660030664784649,0.6104107014165182,1.5239621819167464,1,0
0.0,-0.4668695745617363,0.0,0.0,0.0,0.0,0.0,0.0,-0.2619287655770087,-1.4978381506157068,0.3402557360423794,0.3608480215924758,-0.2844958199592799,-0.4668695745617363,-0.4280441096177104,-0.2952291583938945,0.0,-0.5660967913891942,-0.37301201909082315,1.3273719327921307,1,0
0.0,-0.4668695745617363,0.0,0.0,0.0,0.0,0.0,0.0,-1.4809843220475034,-1.4978381506157068,-0.27604912372276585,-0.4950413083649336,-0.2844958199592799,-0.4668695745617363,-1.8012328682280123,-1.2558335710649353,0.0,-2.4349041406302154,-1.8377883046032708,-2.102083711231995,1,0
0.0,-0.1916190102524236,0.027777777777777776,0.0,0.0,0.2222222222222222,0.0,0.125,-1.4809843220475034,-1.4978381506157068,-2.476644085611099,0.6575761498836257,-0.265390872387256,-0.1916190102524235,-5.028059896155144,-1.2558335710649353,0.0,-2.4349041406302154,-1.8377883046032708,1.486110633212629,0,1
0.1111111111111111,0.6341326826755145,0.1111111111111111,0.3333333333333333,0.3333333333333333,0.1111111111111111,0.1111111111111111,0.25,0.05331580804312823,-1.4978381506157068,0.3026242443531959,-1.504321540361816,1.2438273906316173,0.6341326826755145,-0.13844010994670872,-1.2558335710649353,0.1111111111111111,-0.08282810616588625,0.10076700106530087,-1.666848273078999,1,0
0.0,-0.4668695745617363,0.0,0.0,0.0,0.0,0.0,0.0,-1.4809843220475034,0.15064760227911717,-0.028731110584263763,-0.95842191396722,-0.2844958199592799,-0.4668695745617363,-0.6407573755460482,-0.09135989841847457,0.0,-2.4349041406302154,-1.8377883046032708,0.0869332819236188,1,0
0.1111111111111111,-0.4668695745617363,0.0,0.1111111111111111,0.1111111111111111,0.0,0.1111111111111111,0.0,-0.17687068600338346,-0.22693802280839556,-0.1074461255133846,-0.4950413083649336,-0.2844958199592799,-0.4668695745617363,-0.49148832941334936,-0.14001564323410587,0.1111111111111111,-0.08282810616588625,0.005775291400744047,-0.6440902286753902,1,0
0.1111111111111111,1.18463381129414,0.16666666666666666,0.1111111111111111,0.1111111111111111,0.3333333333333333,0.3333333333333333,0.25,0.26416456912840275,0.3033943049726788,0.16869886832993028,-1.130080895470915,-0.1669269193601973,1.18463381129414,0.487459671867676,0.19839003656626086,0.3333333333333333,0.30420801898878946,0.3091352594538665,1.4475584443037126,0,1
0.0,0.6341326826755145,0.1111111111111111,0.0,0.0,0.0,0.3333333333333333,0.25,0.13418616658307103,0.4767774073979444,0.18596483542025424,-0.0953809513297535,-0.0934470606700971,0.6341326826755145,0.19098302262854364,-0.20959677968363938,0.3333333333333333,-2.4349041406302154,-1.8377883046032708,0.2439439807007004,1,0
0.1111111111111111,-0.4668695745617363,0.0,0.1111111111111111,0.1111111111111111,0.1111111111111111,0.1111111111111111,0.0,0.05331580804312823,0.08033651992370812,0.5761687351037486,1.0053451065944692,-0.2844958199592799,-0.4668695745617363,0.7010551015282895,-1.2558335710649353,0.1111111111111111,0.5074624299325249,0.5221458312047668,0.5814972662319737,1,0
0.1111111111111111,-0.4668695745617363,0.0,0.1111111111111111,0.1111111111111111,0.1111111111111111,0.1111111111111111,0.0,0.16042040378299907,0.1631431493008054,0.08804880821545209,1.2366750160392723,-0.2844958199592799,-0.4668695745617363,0.11967827393080173,0.13361543138497342,0.1111111111111111,0.08136281572751122,0.1134598899578306,-0.6440902286753902,1,0
0.3333333333333333,1.7351349399127654,0.2222222222222222,0.1111111111111111,0.1111111111111111,0.3333333333333333,0.3333333333333333,0.25,-0.031672403407900916,-0.020363180020070946,0.05090380957037403,-1.9271995283231864,2.7721506012225148,1.7351349399127651,-0.44431907057553993,-0.015781955055106312,0.3333333333333333,-2.4349041406302154,-0.09634369408832952,-1.666848273078999,0,1
0.1111111111111111,-0.4668695745617363,0.0,0.1111111111111111,0.1111111111111111,0.1111111111111111,0.1111111111111111,0.0,0.2426354096288557,0.2603700582259767,0.2637189492662903,-0.3554890506588386,-0.2844958199592799,-0.4668695745617363,0.5304105480278947,0.35275609204122216,0.1111111111111111,0.2159720611693672,0.22649094658022392,-0.2847917733012345,1,0
0.0,-0.1916190102524236,0.027777777777777776,0.0,0.0,0.2222222222222222,0.0,0.125,-1.4809843220475034,-1.4978381506157068,-2.476644085611099,-1.130080895470915,-0.1316589140222559,-0.1916190102524235,-5.028059896155144,-1.2558335710649353,0.0,-2.4349041406302154,-1.8377883046032708,-0.9531238224996238,0,1
0.1111111111111111,0.9093832469848272,0.1388888888888889,0.1111111111111111,0.1111111111111111,0.2222222222222222,0.3333333333333333,0.25,0.2712064830174694,0.35509233762685,-2.476644085611099,1.5769583967038283,-0.093446821860342,0.9093832469848272,0.48679623291950613,0.17520533721866213,0.3333333333333333,0.35693521657921984,0.35924920509891195,0.5191192900072952,0,1
0.0,-0.1916190102524236,0.027777777777777776,0.0,0.0,0.2222222222222222,0.0,0.125,-1.4809843220475034,-1.4978381506157068,-2.476644085611099,-0.4950413083649336,-0.2299105088989508,-0.1916190102524235,-5.028059896155144,-1.2558335710649353,0.0,-2.4349041406302154,-1.8377883046032708,0.0869332819236188,0,1
0.4444444444444444,4.762891147315205,0.5277777777777778,0.5555555555555556,0.5555555555555556,0.3333333333333333,0.4444444444444444,0.5,0.2882981420238792,0.30582503807381917,0.36284943562907873,-1.31171478496986,0.9254771347776436,4.762891147315205,0.6247507697233096,0.2799907094430656,0.4444444444444444,0.32895319016094393,0.33315489072787546,-0.0875094222424097,0,1
0.0,-0.4668695745617363,0.0,0.0,0.0,0.0,0.0,0.0,-1.4809843220475034,-1.4978381506157068,-0.2803068003213725,0.3608480215924758,-0.2844958199592799,-0.4668695745617363,-0.11718890891604564,-1.2558335710649353,0.0,0.4176473974166618,0.09268997915793745,0.5191192900072952,1,0
0.5555555555555556,6.139143968861769,0.6666666666666666,0.6666666666666666,0.6666666666666666,0.4444444444444444,0.4444444444444444,0.625,0.45117298070474154,0.4241497408825051,0.4926873395741765,0.02609689719025,0.9382157300315282,6.139143968861768,0.9065933880855237,0.27295236848406923,0.5555555555555556,0.45533257435354596,0.42758709717101306,0.1673597344439074,0,1
0.3333333333333333,0.083631554056889,0.05555555555555555,0.1111111111111111,0.1111111111111111,0.1111111111111111,0.1111111111111111,0.25,0.17655900353217985,-0.020363180020070946,0.034791834629782185,-1.7090442746462755,0.2249537406391757,0.0836315540568891,-0.21716775709951927,-0.14001564323410587,0.1111111111111111,-0.12881500849105557,-0.0723423737244373,-1.3723900433022265,1,0
0.1111111111111111,0.083631554056889,0.05555555555555555,0.3333333333333333,0.1111111111111111,0.1111111111111111,0.1111111111111111,0.25,0.05331580804312823,-1.4978381506157068,-0.08297964862498919,1.2366750160392723,0.2249537406391757,0.0836315540568891,-0.0631343662792039,0.10854127650719715,0.1111111111111111,-0.0926168696506475,0.2825833239152785,-1.3723900433022265,1,0
0.1111111111111111,-0.4668695745617363,0.0,0.1111111111111111,0.1111111111111111,0.1111111111111111,0.1111111111111111,0.0,0.3936085075620369,0.3955971410661783,0.5315972218020605,-0.222430806752854,-0.2844958199592799,-0.4668695745617363,0.950922618062173,0.35275609204122216,0.1111111111111111,0.5320629547956942,0.44872801915153265,1.285678693674575,1,0
0.0,-0.4668695745617363,0.0,0.0,0.0,0.1111111111111111,0.1111111111111111,0.0,-1.4809843220475034,-1.4978381506157068,-2.476644085611099,-1.130080895470915,-0.2844958199592799,-0.4668695745617363,-1.6378921616938666,-1.2558335710649353,0.1111111111111111,-0.2131146983687719,-1.8377883046032708,-0.9531238224996238,1,0
0.0,-0.1916190102524236,0.027777777777777776,0.0,0.0,0.2222222222222222,0.0,0.125,-1.4809843220475034,-1.4978381506157068,-2.476644085611099,0.9229385817157996,-0.20807660281388,-0.1916190102524235,-5.028059896155144,-1.2558335710649353,0.0,-2.4349041406302154,-1.8377883046032708,-0.2847917733012345,0,1
0.3333333333333333,1.18463381129414,0.16666666666666666,0.3333333333333333,0.3333333333333333,0.1111111111111111,0.1111111111111111,0.25,0.2882981420238792,-1.4978381506157068,0.33742708388807957,-1.504321540361816,0.3705232340905594,1.18463381129414,0.08112751748607913,-1.2558335710649353,0.1111111111111111,0.0096341289758159,0.06532490766478248,-0.6440902286753902,0,1
0.0,-0.4668695745617363,0.0,0.0,0.0,0.0,0.0,0.0,-1.4809843220475034,-1.4978381506157068,-0.02495062278230895,-1.9271995283231864,-0.2844958199592799,-0.4668695745617363,-1.233239016889461,-1.2558335710649353,0.0,-0.7648988974320066,-1.8377883046032708,-1.666848273078999,1,0
0.1111111111111111,-0.4668695745617363,0.0,0.1111111111111111,0.1111111111111111,0.0,0.0,0.0,0.45152926668025395,0.13010168860569205,0.17023659578816655,0.3608480215924758,-0.2844958199592799,-0.4668695745617363,0.5831621484635054,0.11121230626217653,0.1111111111111111,0.5494421237049821,-0.08963485714009167,0.5191192900072952,1,0
0.1111111111111111,-0.4668695745617363,0.0,0.1111111111111111,0.1111111111111111,0.1111111111111111,0.1111111111111111,0.0,-0.011697378387615939,0.05153219759664451,0.0,-0.4950413083649336,-0.2844958199592799,-0.4668695745617363,-0.158052481720776,0.03126839304430128,0.1111111111111111,-0.061284054283687765,0.1022602043091449,-0.9531238224996238,1,0
0.0,-0.1916190102524236,0.027777777777777776,0.0,0.0,0.2222222222222222,0.0,0.125,-1.4809843220475034,-1.4978381506157068,-2.476644085611099,0.8376265013727084,-0.2572030669556937,-0.1916190102524235,-5.028059896155144,-1.2558335710649353,0.0,-2.4349041406302154,-1.8377883046032708,0.9662521913648202,0,1
0.1111111111111111,0.083631554056889,0.05555555555555555,0.1111111111111111,0.3333333333333333,0.1111111111111111,0.1111111111111111,0.25,-1.4809843220475034,0.20719101239677884,-0.09254993777625764,0.6575761498836257,0.0211779919147679,0.0836315540568891,-0.30154125422486494,0.0013089566649129294,0.1111111111111111,-0.10500025033056164,-0.14939970561179475,-0.9531238224996238,1,0
0.3333333333333333,3.111387761459329,0.3611111111111111,0.3333333333333333,0.3333333333333333,0.2222222222222222,0.4444444444444444,0.375,0.11363053313180634,0.22823604885022128,-2.476644085611099,-0.7958621975017078,1.7023839572220312,3.1113877614593286,-0.15833389603012424,0.07938660091459916,0.4444444444444444,0.08136281572751122,-1.8377883046032708,-0.9531238224996238,0,1
0.0,-0.1916190102524236,0.027777777777777776,0.0,0.0,0.2222222222222222,0.0,0.125,-1.4809843220475034,-1.4978381506157068,-2.476644085611099,0.4636163081257023,-0.2420405106345698,-0.1916190102524235,-5.028059896155144,-1.2558335710649353,0.0,-2.4349041406302154,-1.8377883046032708,0.3871513198050401,0,1
0.1111111111111111,1.18463381129414,0.16666666666666666,0.1111111111111111,0.1111111111111111,0.3333333333333333,0.3333333333333333,0.25,0.11141732005898379,0.11589768959023583,-2.476644085611099,-1.31171478496986,-0.1753246779797541,1.18463381129414,0.09167747521833144,0.12774819006790825,0.3333333333333333,0.34179283691229695,0.07824744290209906,1.561142456786503,0,1
0.0,0.6341326826755145,0.1111111111111111,0.0,0.0,0.3333333333333333,0.3333333333333333,0.25,-1.4809843220475034,-1.4978381506157068,-0.31175358898650224,-0.0953809513297535,-0.0493592245867171,0.6341326826755145,-1.8602039288275516,-1.2558335710649353,0.0,-1.5862085507944117,-1.8377883046032708,0.0021753538983214,0,1
0.1111111111111111,-0.4668695745617363,0.0,0.1111111111111111,0.1111111111111111,0.1111111111111111,0.1111111111111111,0.0,-0.02608899450096146,-0.020363180020070946,-0.060200737786788555,1.8157962335875484,-0.2844958199592799,-0.4668695745617363,-0.3731638629568178,-0.04282395079970484,0.1111111111111111,-0.09461089181504942,-0.10662293519913023,-0.7891132362483021,1,0
0.0,-0.1916190102524236,0.027777777777777776,0.0,0.0,0.2222222222222222,0.0,0.125,-1.4809843220475034,-1.4978381506157068,0.20137737837090833,1.2366750160392723,-0.2420405106345698,-0.1916190102524235,-0.8480100357389969,-1.2558335710649353,0.0,-2.4349041406302154,-1.8377883046032708,0.3871513198050401,1,0
0.0,-0.1916190102524236,0.027777777777777776,0.0,0.0,0.2222222222222222,0.0,0.125,-1.4809843220475034,-1.4978381506157068,-2.476644085611099,-0.95842191396722,-0.2551036324917042,-0.1916190102524235,-5.028059896155144,-1.2558335710649353,0.0,-2.4349041406302154,-1.8377883046032708,0.8643003776574393,0,1
0.1111111111111111,0.9093832469848272,0.1388888888888889,0.1111111111111111,0.1111111111111111,0.2222222222222222,0.3333333333333333,0.25,-0.053751546627400455,-0.020363180020070946,-2.476644085611099,-1.504321540361816,0.6707300661132101,0.9093832469848272,-0.4552487516460558,-0.015781955055106312,0.3333333333333333,0.08136281572751122,-0.22493634798497716,-1.1433092459291831,0,1
0.0,-0.4668695745617363,0.0,0.0,0.0,0.0,0.0,0.0,-1.4809843220475034,-0.02975293223915765,0.3595912959155551,-0.95842191396722,-0.2844958199592799,-0.4668695745617363,0.7406278285626579,-0.15690802732181308,0.0,-0.022095309346311764,0.7433763626676516,0.3871513198050401,1,0
0.3333333333333333,2.8361371971500167,0.3333333333333333,0.3333333333333333,0.3333333333333333,0.3333333333333333,0.3333333333333333,0.25,0.32577647222926504,0.3320388515893662,0.35038271872316956,0.2538723316408949,0.3268599550361241,2.836137197150016,0.6805328711065662,0.2799907094430656,0.3333333333333333,0.4123958978726874,0.32381986885411657,0.1673597344439074,0,1
0.3333333333333333,2.010385504222078,0.25,0.3333333333333333,0.1111111111111111,0.2222222222222222,0.3333333333333333,0.25,0.004785890356522094,-1.4978381506157068,-2.476644085611099,-1.9271995283231864,2.0080272027337704,2.0103855042220777,-0.3060119961713659,-0.010481671689235427,0.3333333333333333,-0.03420494965608872,0.2231103298502092,-1.3723900433022265,0,1
0.0,0.9093832469848272,0.1388888888888889,0.0,0.1111111111111111,0.4444444444444444,0.3333333333333333,0.375,0.20136232030227635,0.3308017359199472,0.5746255996406899,0.5624443361818806,0.0094249242564235,0.9093832469848272,0.44317394259933685,0.14020155007693494,0.0,-2.4349041406302154,0.1330536278021515,0.0021753538983214,0,1
0.1111111111111111,-0.4668695745617363,0.0,0.1111111111111111,0.1111111111111111,0.1111111111111111,0.1111111111111111,0.0,-0.031672403407900916,-0.020363180020070946,0.0,1.1620705813604253,-0.2844958199592799,-0.4668695745617363,-0.24001527869306294,-0.015781955055106312,0.1111111111111111,0.021931732114335037,-0.006262768286539617,-0.9531238224996238,1,0
0.0,-0.4668695745617363,0.0,0.1111111111111111,0.1111111111111111,0.0,0.0,0.0,-0.6871406680144133,-0.6569957489590175,-0.08534635739684174,1.0053451065944692,-0.2844958199592799,-0.4668695745617363,-0.05093724480875481,-0.6077103222474213,0.0,0.14644553035973193,0.37436271030370316,-0.2847917733012345,0,1
0.5555555555555556,4.762891147315205,0.5277777777777778,0.5555555555555556,0.5555555555555556,0.4444444444444444,0.3333333333333333,0.5,-1.4809843220475034,-1.4978381506157068,-2.476644085611099,-0.6416298188340922,2.619405392844175,4.762891147315205,-5.028059896155144,-1.2558335710649353,0.3333333333333333,-2.4349041406302154,-1.8377883046032708,-0.9531238224996238,0,1
0.0,-0.4668695745617363,0.0,0.0,0.0,0.0,0.0,0.0,-0.22887460301959633,-0.22139741587053635,-0.504636039758671,1.0053451065944692,-0.2844958199592799,-0.4668695745617363,-1.1977909572614942,-0.1845109244123129,0.0,-2.4349041406302154,-0.3332952455651344,-0.2847917733012345,1,0
0.1111111111111111,0.3588821183662018,0.08333333333333333,0.1111111111111111,0.1111111111111111,0.2222222222222222,0.3333333333333333,0.25,0.09153975395147536,0.08006953428893196,0.16869886832993028,1.2366750160392723,0.861746587983893,0.3588821183662018,-0.18709733753227867,-0.015781955055106312,0.1111111111111111,-2.4349041406302154,0.022032598257449288,-1.666848273078999,1,0
0.1111111111111111,0.9093832469848272,0.1388888888888889,0.1111111111111111,0.1111111111111111,0.2222222222222222,0.3333333333333333,0.25,-1.4809843220475034,-1.4978381506157068,-2.476644085611099,1.0053451065944692,3.5361211852187697,0.9093832469848272,-1.6255079082735364,-1.2558335710649353,0.3333333333333333,-0.20706779262344316,-1.8377883046032708,-2.102083711231995,0,1
0.1111111111111111,-0.4668695745617363,0.0,0.1111111111111111,0.1111111111111111,0.1111111111111111,0.1111111111111111,0.0,0.19865366409457927,0.066276523690121,-0.303377027112511,0.4636163081257023,-0.2844958199592799,-0.4668695745617363,0.4271570015958182,0.43533071906682486,0.1111111111111111,0.20739809469992543,0.005775291400744047,-1.3723900433022265,1,0
0.3333333333333333,2.560886632840704,0.3055555555555555,0.3333333333333333,0.3333333333333333,0.2222222222222222,0.3333333333333333,0.25,0.4195369149043385,-1.4978381506157068,-2.476644085611099,0.1423961078279921,0.5561155686401189,2.5608866328407034,0.48352239361960164,-1.2558335710649353,0.3333333333333333,0.46327250199540776,0.42758709717101306,-0.2847917733012345,0,1
0.0,-0.1916190102524236,0.027777777777777776,0.1111111111111111,0.1111111111111111,0.2222222222222222,0.0,0.125,0.19865366409457927,0.214438587242051,-0.49629238595325237,-0.7958621975017078,-0.215023741216749,-0.1916190102524235,0.2357010026209398,0.10854127650719715,0.0,-0.4357030916305518,0.4323568792924019,-0.1828566844305228,1,0
0.1111111111111111,0.083631554056889,0.05555555555555555,0.1111111111111111,0.1111111111111111,0.3333333333333333,0.1111111111111111,0.25,-0.031672403407900916,0.066276523690121,-0.05844450172187581,1.6996876816479582,0.0211779919147679,0.0836315540568891,-0.22428155840436637,0.10854127650719715,0.1111111111111111,-0.08282810616588625,-0.09634369408832952,-0.9531238224996238,0,1
0.3333333333333333,1.7351349399127654,0.2222222222222222,0.3333333333333333,0.3333333333333333,0.1111111111111111,0.1111111111111111,0.25,-1.4809843220475034,0.066276523690121,-0.1074461255133846,1.4469588684499963,2.7721506012225148,1.7351349399127651,-0.3346827978395721,0.016913033023074397,0.3333333333333333,0.1607225259841257,-1.8377883046032708,-1.666848273078999,0,1
0.3333333333333333,0.083631554056889,0.05555555555555555,0.1111111111111111,0.1111111111111111,0.1111111111111111,0.1111111111111111,0.25,-1.4809843220475034,-0.020363180020070946,0.3307536368157761,0.3608480215924758,-0.1669275222729985,0.0836315540568891,-0.271731898281311,-1.2558335710649353,0.1111111111111111,0.01267330515405439,-1.8377883046032708,0.0021753538983214,1,0
0.0,-0.1916190102524236,0.027777777777777776,0.0,0.0,0.2222222222222222,0.0,0.125,-1.4809843220475034,-1.4978381506157068,-2.476644085611099,-0.7958621975017078,0.0975849826884444,-0.1916190102524235,-5.028059896155144,-1.2558335710649353,0.0,-2.4349041406302154,-1.8377883046032708,-1.666848273078999,0,1
0.0,0.6341326826755145,0.1111111111111111,0.3333333333333333,0.3333333333333333,0.0,0.0,0.25,-1.4809843220475034,-0.2773414272638226,-2.476644085611099,1.8715489758828685,-0.1316566214801296,0.6341326826755145,-0.14980413328403547,-0.015781955055106312,0.0,-2.4349041406302154,0.4344857140621355,0.5191192900072952,1,0
0.1111111111111111,0.3588821183662018,0.08333333333333333,0.1111111111111111,0.1111111111111111,0.2222222222222222,0.3333333333333333,0.25,-0.1064055331039316,0.12776328546361485,0.03791418142094069,1.3089470244281944,0.861746587983893,0.3588821183662018,0.2348917558809188,-0.015423691688263465,0.1111111111111111,-2.0816009388130823,0.5148314913968784,-1.666848273078999,0,1
0.1111111111111111,0.9093832469848272,0.1388888888888889,0.1111111111111111,0.1111111111111111,0.2222222222222222,0.3333333333333333,0.25,0.19865366409457927,0.13073502213574434,-2.476644085611099,-0.6416298188340922,0.1931230931641269,0.9093832469848272,0.004747109458457148,0.12564033518978174,0.3333333333333333,0.09397087625544337,0.1022602043091449,-0.5135592262370264,0,1
0.3333333333333333,3.937139454387268,0.4444444444444444,0.3333333333333333,0.0,0.6666666666666666,0.5555555555555556,0.625,-1.4809843220475034,-1.4978381506157068,-2.476644085611099,-1.504321540361816,5.828797022404309,3.937139454387266,-5.028059896155144,-1.2558335710649353,0.4444444444444444,-2.4349041406302154,-1.8377883046032708,-1.666848273078999,0,1
0.1111111111111111,0.083631554056889,0.05555555555555555,0.1111111111111111,0.1111111111111111,0.0,0.0,0.25,0.5362240682264986,0.620087484288594,-2.476644085611099,-0.4950413083649336,-0.248951725253653,0.0836315540568891,0.9067482597857456,0.27295236848406923,0.3333333333333333,0.30491459967153045,0.07824744290209906,1.5976789290256574,1,0
0.0,-0.4668695745617363,0.0,0.1111111111111111,0.1111111111111111,0.0,0.0,0.0,-0.9273654190816489,-0.7930054228328264,0.5811663165587653,1.6996876816479582,-0.2844958199592799,-0.4668695745617363,0.8889998801157007,0.13228442066958604,0.0,0.13587612997095738,0.7609486921091106,1.8373853869087895,1,0
0.0,0.083631554056889,0.05555555555555555,0.0,0.0,0.0,0.0,0.25,0.112579533758308,0.07479556282933351,-2.476644085611099,-1.31171478496986,-0.2117152319262978,0.0836315540568891,0.8767110197269392,0.3565579731828387,0.3333333333333333,0.8055934999075154,0.47435100730084245,0.5814972662319737,1,0
0.0,0.3588821183662018,0.08333333333333333,0.0,0.0,0.2222222222222222,0.0,0.25,-1.4809843220475034,-1.4978381506157068,-2.476644085611099,0.1423961078279921,0.0020755279147641,0.3588821183662018,0.22538380967230054,0.3493650072827895,0.3333333333333333,0.24173255425619858,0.31004087763739585,-0.5135592262370264,1,0
0.1111111111111111,-0.4668695745617363,0.0,0.1111111111111111,0.1111111111111111,0.1111111111111111,0.1111111111111111,0.0,0.32192791380229946,0.1754623776158648,0.37486279801674366,0.6575761498836257,-0.2844958199592799,-0.4668695745617363,0.41041513210684943,0.1556123075256298,0.1111111111111111,0.1991246497051848,0.13446858275768922,0.1673597344439074,1,0
0.3333333333333333,0.083631554056889,0.05555555555555555,0.1111111111111111,0.1111111111111111,0.1111111111111111,0.1111111111111111,0.25,-0.031672403407900916,0.010054481087972354,0.3026242443531959,0.3608480215924758,0.0211779919147679,0.0836315540568891,-0.13632665295051544,-0.004489559629042367,0.1111111111111111,0.0096341289758159,-1.8377883046032708,-0.9531238224996238,1,0
0.3333333333333333,0.083631554056889,0.05555555555555555,0.1111111111111111,0.1111111111111111,0.1111111111111111,0.1111111111111111,0.25,0.20553002657306216,0.05153219759664451,0.20017849783525957,-1.31171478496986,0.097594534469716,0.0836315540568891,-0.1329997304374345,-1.2558335710649353,0.1111111111111111,0.004286319022765226,-1.8377883046032708,-1.1433092459291831,1,0
0.0,-0.4668695745617363,0.0,0.1111111111111111,0.0,0.0,0.0,0.0,0.2749810878976646,0.5023636694844008,1.186415312349923,2.030369648628645,-0.2844958199592799,-0.4668695745617363,1.6193879185165885,0.694851696073546,0.0,0.18630116344591463,-0.1268206354590579,1.155113830650042,1,0
0.1111111111111111,0.083631554056889,0.05555555555555555,0.1111111111111111,0.1111111111111111,0.3333333333333333,0.1111111111111111,0.25,0.05498625378660191,0.03254933667716632,0.03528680271000362,1.8715489758828685,0.0211779919147679,0.0836315540568891,-0.12989164219267443,0.13423839040405586,0.1111111111111111,-0.0809056069839912,-0.05042906437089462,-0.9531238224996238,0,1
0.1111111111111111,0.9093832469848272,0.1388888888888889,0.1111111111111111,0.1111111111111111,0.2222222222222222,0.3333333333333333,0.25,0.11363053313180634,-0.28977413430248194,-2.476644085611099,-2.160312568658551,1.6259081932793418,0.9093832469848272,-0.40548174938693815,-0.04303253872230458,0.3333333333333333,-0.12220926715146689,0.07824744290209906,-1.666848273078999,0,1
0.1111111111111111,0.3588821183662018,0.08333333333333333,0.1111111111111111,0.1111111111111111,0.2222222222222222,0.3333333333333333,0.25,0.11363053313180634,0.066276523690121,-0.04409138201426307,0.2538723316408949,0.288639711684214,0.3588821183662018,-0.11246206735707265,0.1812882605018963,0.1111111111111111,-2.4349041406302154,0.07824744290209906,-1.1433092459291831,1,0
0.1111111111111111,-0.4668695745617363,0.0,0.1111111111111111,0.1111111111111111,0.0,0.0,0.0,-0.031672403407900916,-0.020363180020070946,-0.11230678732209605,0.74923519556253,-0.2844958199592799,-0.4668695745617363,0.8137178305723554,-0.0649839780700351,0.1111111111111111,0.9403086634282667,-0.20171409462498122,-1.666848273078999,1,0
0.3333333333333333,1.18463381129414,0.16666666666666666,0.3333333333333333,0.3333333333333333,0.1111111111111111,0.1111111111111111,0.25,0.4673162399666395,-1.4978381506157068,0.5008445526281978,0.6575761498836257,-0.0147798253325259,1.18463381129414,0.7264545213043443,-1.2558335710649353,0.1111111111111111,0.32895319016094393,0.5168514726665366,0.3170934418812415,0,1
0.1111111111111111,-0.4668695745617363,0.0,0.1111111111111111,0.0,0.0,0.0,0.0,-1.4809843220475034,-1.4978381506157068,-0.22882628365535493,-1.31171478496986,-0.2844958199592799,-0.4668695745617363,0.17869009687091786,-1.2558335710649353,0.0,0.6519546778979629,-1.8377883046032708,-1.666848273078999,1,0
0.1111111111111111,-0.4668695745617363,0.0,0.1111111111111111,0.1111111111111111,0.1111111111111111,0.1111111111111111,0.0,0.05331580804312823,-0.020363180020070946,-0.1074461255133846,-0.4950413083649336,-0.2844958199592799,-0.4668695745617363,-0.32556073441332944,-0.055789143861963854,0.1111111111111111,-0.08282810616588625,-0.05042906437089462,-0.7891132362483021,1,0
0.0,-0.4668695745617363,0.0,0.0,0.0,0.1111111111111111,0.0,0.0,-1.4809843220475034,0.1095921936279005,0.021311489296875236,0.5624443361818806,-0.2844958199592799,-0.4668695745617363,0.6001646065755226,0.13025582910048622,0.0,-0.018567128777685005,0.6794885602993717,1.8373853869087895,1,0
0.0,-0.4668695745617363,0.0,0.0,0.0,0.0,0.0,0.0,0.20841894286237111,0.35947702152708216,0.16682195459724505,0.02609689719025,-0.2844958199592799,-0.4668695745617363,0.3283535916903464,-1.2558335710649353,0.0,0.18077976037818289,0.2635110955490019,0.9159689132265976,1,0
0.3333333333333333,2.8361371971500167,0.3333333333333333,0.3333333333333333,0.3333333333333333,0.3333333333333333,0.3333333333333333,0.25,0.19872355549491127,0.2759431547214016,0.16869886832993028,-0.0953809513297535,0.7344259431887474,2.836137197150016,0.2896316812765634,0.18717177273556096,0.3333333333333333,0.1706153525976616,0.09053966174801081,-0.3945035917891138,0,1
0.0,0.083631554056889,0.05555555555555555,0.0,0.0,0.0,0.3333333333333333,0.25,-1.4809843220475034,0.12787013306297937,-0.36814866897427173,-0.7958621975017078,-0.1571302457764458,0.0836315540568891,-0.41133419229413304,-0.30040711036179746,0.0,-2.4349041406302154,0.22753815812639652,-0.0875094222424097,1,0
0.3333333333333333,1.18463381129414,0.16666666666666666,0.0,0.3333333333333333,0.0,0.0,0.25,-1.4809843220475034,-0.020363180020070946,-2.476644085611099,0.5624443361818806,-0.0661540558603337,1.18463381129414,-0.9953068808592007,-0.09300660618136261,0.3333333333333333,-0.2131146983687719,-1.8377883046032708,0.5814972662319737,0,1
0.3333333333333333,0.3588821183662018,0.08333333333333333,0.0,0.0,0.2222222222222222,0.0,0.25,0.3001316733929302,0.3795207013604932,0.16648962484742727,0.02609689719025,-0.2026175609485213,0.3588821183662018,0.4204405457239915,-0.27136798817519453,0.0,0.45274982892121496,-0.9804707359834501,0.9662521913648202,0,1
0.1111111111111111,-0.4668695745617363,0.0,0.1111111111111111,0.1111111111111111,0.1111111111111111,0.1111111111111111,0.0,0.11363053313180634,-0.020363180020070946,-0.060200737786788555,-0.3554890506588386,-0.2844958199592799,-0.4668695745617363,-0.18709733753227867,0.10854127650719715,0.1111111111111111,-0.08282810616588625,-0.09634369408832952,0.0021753538983214,1,0
0.1111111111111111,-0.4668695745617363,0.0,0.1111111111111111,0.1111111111111111,0.1111111111111111,0.1111111111111111,0.0,0.45117298070474154,0.3236529324331165,0.7953968943269203,0.3608480215924758,-0.2844958199592799,-0.4668695745617363,1.0718796584401418,0.3973473314367822,0.1111111111111111,0.5329482696925635,0.31658448527850985,-0.2847917733012345,1,0
0.1111111111111111,0.3588821183662018,0.08333333333333333,0.1111111111111111,0.1111111111111111,0.2222222222222222,0.3333333333333333,0.25,0.06645244288658596,0.07778659711994727,0.13451196423427583,-0.95842191396722,0.0430137070656397,0.3588821183662018,-0.15133418564170553,0.05693515131531388,0.1111111111111111,-2.4349041406302154,0.09233286440171358,-0.6440902286753902,1,0
0.1111111111111111,-0.4668695745617363,0.0,0.1111111111111111,0.1111111111111111,0.1111111111111111,0.1111111111111111,0.0,0.009143733731478516,0.015181398750347182,0.04197808421722694,0.2538723316408949,-0.2844958199592799,-0.4668695745617363,-0.06343914431360566,0.030854026056428695,0.1111111111111111,0.17448881626611276,0.04789643880933675,-0.6440902286753902,1,0
0.1111111111111111,0.9093832469848272,0.1388888888888889,0.1111111111111111,0.0,0.0,0.4444444444444444,0.375,0.07329717990281231,-1.4978381506157068,-2.476644085611099,1.7585321597554342,1.6259081932793418,0.9093832469848272,-1.3079927442121215,-1.2558335710649353,0.3333333333333333,-2.4349041406302154,-1.8377883046032708,-1.666848273078999,0,1
0.0,-0.4668695745617363,0.0,0.0,0.0,0.0,0.0,0.0,0.45117298070474154,-1.4978381506157068,-0.5729134080294558,-1.504321540361816,-0.2844958199592799,-0.4668695745617363,-0.013148076562743853,-0.015781955055106312,0.0,-0.5154248908491185,-1.8377883046032708,-0.7891132362483021,1,0
0.3333333333333333,2.560886632840704,0.3055555555555555,0.3333333333333333,0.1111111111111111,0.3333333333333333,0.4444444444444444,0.375,-0.1064055331039316,-0.12946365119646047,-0.038891540158578077,-1.9271995283231864,3.918393009165688,2.5608866328407034,-0.44431907057553993,0.11729434608643115,0.3333333333333333,-0.24696193764719315,-0.5010189380442357,-1.666848273078999,0,1
0.0,-0.4668695745617363,0.0,0.0,0.0,0.0,0.0,0.0,-0.08239655204119443,-1.4978381506157068,-0.05215527813029519,0.74923519556253,-0.2844958199592799,-0.4668695745617363,-0.42508925450657975,-1.2558335710649353,0.0,0.19814242076861333,-0.3513313165914255,1.8373853869087895,1,0
0.3333333333333333,1.4598843756034523,0.19444444444444442,0.1111111111111111,0.1111111111111111,0.2222222222222222,0.3333333333333333,0.25,-0.06182096594394337,-0.020363180020070946,-0.038891540158578077,1.6996876816479582,2.3900697985747907,1.4598843756034523,-0.6504544425346577,-1.2558335710649353,0.3333333333333333,-2.4349041406302154,-0.09634369408832952,-1.666848273078999,0,1
0.3333333333333333,2.010385504222078,0.25,0.3333333333333333,0.3333333333333333,0.1111111111111111,0.1111111111111111,0.375,0.023317751353586928,0.17296815730366835,-2.476644085611099,-1.31171478496986,2.0080272027337704,2.0103855042220777,0.08459788969717065,0.2656267287362194,0.4444444444444444,0.30420801898878946,-1.8377883046032708,-1.3723900433022265,0,1
0.0,-0.1916190102524236,0.027777777777777776,0.0,0.0,0.2222222222222222,0.0,0.125,-1.4809843220475034,-1.4978381506157068,-2.476644085611099,-0.7958621975017078,-0.2299105088989508,-0.1916190102524235,-5.028059896155144,-1.2558335710649353,0.0,-2.4349041406302154,-1.8377883046032708,0.0869332819236188,0,1
0.0,-0.1916190102524236,0.027777777777777776,0.0,0.0,0.2222222222222222,0.0,0.125,-1.4809843220475034,-1.4978381506157068,-2.476644085611099,-0.222430806752854,-0.2420405106345698,-0.1916190102524235,-1.7846016805521125,-0.055789143861963854,0.0,-2.4349041406302154,-1.8377883046032708,0.3871513198050401,1,0
0.0,-0.4668695745617363,0.0,0.0,0.0,0.0,0.0,0.0,-1.4809843220475034,-1.4978381506157068,-2.476644085611099,-0.0953809513297535,-0.2844958199592799,-0.4668695745617363,-5.028059896155144,-1.2558335710649353,0.0,-2.4349041406302154,-1.8377883046032708,1.0629938337787594,1,0
0.0,-0.1916190102524236,0.027777777777777776,0.0,0.0,0.2222222222222222,0.0,0.125,-1.4809843220475034,-1.4978381506157068,-2.476644085611099,-0.222430806752854,-0.2462860203394923,-0.1916190102524235,-5.028059896155144,-1.2558335710649353,0.0,-2.4349041406302154,-1.8377883046032708,0.5191192900072952,0,1
0.3333333333333333,1.18463381129414,0.16666666666666666,0.1111111111111111,0.1111111111111111,0.3333333333333333,0.3333333333333333,0.25,-1.4809843220475034,-1.4978381506157068,-0.011954403204065225,1.1620705813604253,1.243852861836087,1.18463381129414,-1.2744822128635878,-1.2558335710649353,0.0,-2.4349041406302154,-1.8377883046032708,-1.3723900433022265,0,1
0.0,-0.4668695745617363,0.0,0.0,0.0,0.0,0.0,0.0,-0.11526860224910948,-0.1055838215095548,-0.3257124644745118,0.5624443361818806,-0.2844958199592799,-0.4668695745617363,-0.7190081431085188,-0.08730803590223243,0.0,-0.3412673407433161,-0.1967900838952974,0.3871513198050401,1,0
0.0,-0.4668695745617363,0.0,0.0,0.0,0.0,0.0,0.0,-0.5170245088671628,-0.5129973359580684,-0.9551366959425549,-0.0953809513297535,-0.2844958199592799,-0.4668695745617363,-1.4219879532762525,-0.035872448575062596,0.0,-0.9539254656193107,-0.6769931892658668,0.0021753538983214,0,1
0.3333333333333333,0.6341326826755145,0.1111111111111111,0.0,0.0,0.0,0.0,0.25,-1.4809843220475034,-0.07343775025371661,-2.476644085611099,1.3089470244281944,0.0211810486223196,0.6341326826755145,-1.3449792621981862,-1.2558335710649353,0.3333333333333333,-0.2929268929199516,-1.8377883046032708,-0.2847917733012345,1,0
0.1111111111111111,0.9093832469848272,0.1388888888888889,0.1111111111111111,0.3333333333333333,0.2222222222222222,0.3333333333333333,0.25,-1.4809843220475034,0.10524323791544427,-0.018291654946366694,2.129787037334135,0.2613533917489195,0.9093832469848272,-0.4020152998199508,-0.0346731798337947,0.1111111111111111,-0.1824930639723371,-0.09634369408832952,-0.6440902286753902,0,1
0.3333333333333333,1.18463381129414,0.16666666666666666,0.3333333333333333,0.3333333333333333,0.1111111111111111,0.1111111111111111,0.25,0.11363053313180634,0.066276523690121,0.2637189492662903,0.1423961078279921,0.2249650616147337,1.18463381129414,0.05615901511641034,0.10854127650719715,0.1111111111111111,0.0096341289758159,0.005775291400744047,-0.3945035917891138,0,1
0.3333333333333333,0.083631554056889,0.05555555555555555,0.1111111111111111,0.1111111111111111,0.0,0.0,0.25,-0.031672403407900916,-1.4978381506157068,-0.27101129602529567,1.2366750160392723,-0.1753251978386217,0.0836315540568891,-0.9636782109704226,-1.2558335710649353,0.0,-0.4357030916305518,-0.27692001095111834,0.0869332819236188,1,0
0.0,-0.4668695745617363,0.0,0.0,0.0,0.0,0.0,0.0,-1.4809843220475034,-1.4978381506157068,-2.476644085611099,-0.6416298188340922,-0.2844958199592799,-0.4668695745617363,-5.028059896155144,-1.2558335710649353,0.0,-2.4349041406302154,-1.8377883046032708,0.5191192900072952,1,0
0.1111111111111111,0.083631554056889,0.05555555555555555,0.1111111111111111,0.3333333333333333,0.1111111111111111,0.1111111111111111,0.25,-1.4809843220475034,-0.0601670252462973,-0.15109242520006672,-0.95842191396722,1.24375098211194,0.0836315540568891,-0.45712487955087855,0.022938228606256113,0.1111111111111111,0.053999737950916026,-0.28265489746020966,-2.102083711231995,1,0
0.3333333333333333,3.386638325768641,0.38888888888888884,0.5555555555555556,0.4444444444444444,0.2222222222222222,0.3333333333333333,0.5,-1.4809843220475034,-1.4978381506157068,0.10848346083980917,0.2538723316408949,0.7853732200763186,3.386638325768641,-0.6910437409392006,-1.2558335710649353,0.3333333333333333,-2.4349041406302154,0.03730458856720431,-0.2847917733012345,0,1
0.0,0.9093832469848272,0.1388888888888889,0.0,0.0,0.2222222222222222,0.3333333333333333,0.25,0.19074728850501263,0.1812825069391218,-1.8846626467418335,0.3608480215924758,-0.1571296089506977,0.9093832469848272,-0.056223234171866115,0.11505928987542202,0.3333333333333333,-0.006008110210854344,0.010269113513309428,1.0629938337787594,0,1
0.1111111111111111,-0.4668695745617363,0.0,0.1111111111111111,0.1111111111111111,0.1111111111111111,0.1111111111111111,0.0,0.11363053313180634,0.2759431547214016,-0.11025147038747765,-0.6416298188340922,-0.2844958199592799,-0.4668695745617363,-0.037200491331884605,-0.015781955055106312,0.1111111111111111,0.0096341289758159,-0.09634369408832952,1.3273719327921307,1,0
0.1111111111111111,-0.4668695745617363,0.0,0.1111111111111111,0.1111111111111111,0.1111111111111111,0.1111111111111111,0.0,0.17248092749006577,0.5297208167707709,0.1223245339350631,0.8376265013727084,-0.2844958199592799,-0.4668695745617363,0.5680716631915533,-1.2558335710649353,0.1111111111111111,0.38886368660414455,0.2053396192356298,-0.9531238224996238,1,0
0.0,0.083631554056889,0.05555555555555555,0.1111111111111111,0.1111111111111111,0.3333333333333333,0.0,0.25,-0.1064055331039316,-1.4978381506157068,-0.2676949205590814,-0.95842191396722,-0.1753251978386217,0.0836315540568891,-0.6407573755460482,-0.07972466956477688,0.0,-0.30466813456434527,0.018863939853956672,0.0869332819236188,0,1
0.1111111111111111,1.18463381129414,0.16666666666666666,0.3333333333333333,0.1111111111111111,0.3333333333333333,0.3333333333333333,0.25,0.344759279908375,-0.9187068137756446,0.43822162123638037,1.9258553163226204,-0.0552370222405545,1.18463381129414,0.6460880579481927,0.2764708454355412,0.1111111111111111,-2.4349041406302154,0.564786405921726,0.5191192900072952,0,1
0.0,-0.1916190102524236,0.027777777777777776,0.1111111111111111,0.0,0.2222222222222222,0.0,0.125,0.41206396452967514,-1.4978381506157068,-2.476644085611099,1.4469588684499963,-0.2208130328678629,-0.1916190102524235,0.283812388164067,-1.2558335710649353,0.0,-2.4349041406302154,0.4848332734233406,-0.0875094222424097,1,0
0.1111111111111111,-0.4668695745617363,0.0,0.1111111111111111,0.1111111111111111,0.1111111111111111,0.1111111111111111,0.0,0.03750056845010685,0.06641895157795596,0.12459700769017,0.5624443361818806,-0.2844958199592799,-0.4668695745617363,0.07724460959138428,0.043661113063807704,0.1111111111111111,0.2324632635633931,0.13557478761417843,-0.3945035917891138,1,0
0.1111111111111111,0.083631554056889,0.05555555555555555,0.1111111111111111,0.3333333333333333,0.1111111111111111,0.1111111111111111,0.25,-1.4809843220475034,0.30721491817628616,0.26912457671560036,0.74923519556253,-0.0934482547099171,0.0836315540568891,0.27575378302788134,0.14857534644596138,0.1111111111111111,0.18509269963583025,0.21701027590787064,-0.5135592262370264,1,0
0.0,-0.4668695745617363,0.0,0.0,0.0,0.0,0.0,0.0,-0.2728874586092021,-0.26626552996092573,-0.5739540108794664,-1.504321540361816,-0.2844958199592799,-0.4668695745617363,-1.0920008048054988,-0.2221689412940948,0.0,-0.3235777349303374,-0.38617961722740235,-1.666848273078999,1,0
0.1111111111111111,-0.4668695745617363,0.0,0.1111111111111111,0.1111111111111111,0.1111111111111111,0.1111111111111111,0.0,-0.031672403407900916,-0.020363180020070946,-0.20890431497177575,-1.9271995283231864,-0.2844958199592799,-0.4668695745617363,-0.4415066709223584,-0.015781955055106312,0.0,0.03288054900149542,-1.0703754552372704,-0.9531238224996238,1,0
0.1111111111111111,-0.4668695745617363,0.0,0.1111111111111111,0.1111111111111111,0.1111111111111111,0.1111111111111111,0.0,0.05331580804312823,0.066276523690121,-0.060200737786788555,-1.31171478496986,-0.2844958199592799,-0.4668695745617363,-0.15133418564170553,0.05693515131531388,0.1111111111111111,-0.08282810616588625,0.07824744290209906,-1.3723900433022265,1,0
0.1111111111111111,0.9093832469848272,0.1388888888888889,0.1111111111111111,0.1111111111111111,0.2222222222222222,0.3333333333333333,0.25,0.18418539902762215,0.22282341027703087,-2.476644085611099,-0.95842191396722,0.0628645737533742,0.9093832469848272,0.2450306381453696,0.1812882605018963,0.3333333333333333,0.2603917005075929,0.25365639484073876,-0.1828566844305228,0,1
0.1111111111111111,0.3588821183662018,0.08333333333333333,0.1111111111111111,0.1111111111111111,0.2222222222222222,0.3333333333333333,0.25,0.3057862080103784,0.3236529324331165,0.597890366091483,0.2538723316408949,-0.1995850440685558,0.3588821183662018,0.6923154129280004,0.1812882605018963,0.1111111111111111,-2.4349041406302154,0.483827131156964,0.9159689132265976,1,0
0.3333333333333333,1.7351349399127654,0.2222222222222222,0.3333333333333333,0.3333333333333333,0.1111111111111111,0.1111111111111111,0.25,-1.4809843220475034,0.12776328546361485,0.034791834629782185,-0.95842191396722,1.7533024224345426,1.7351349399127651,-0.30768531786183584,-0.015781955055106312,0.3333333333333333,0.08136281572751122,-1.8377883046032708,-1.3723900433022265,0,1
0.3333333333333333,2.2856360685313915,0.2777777777777778,0.3333333333333333,0.1111111111111111,0.3333333333333333,0.3333333333333333,0.25,0.19865366409457927,-1.0816946295191,0.33742708388807957,-1.130080895470915,0.9891493082481057,2.2856360685313906,0.08196010996520661,0.1812882605018963,0.3333333333333333,-2.4349041406302154,0.13557478761417843,-0.7891132362483021,0,1
0.1111111111111111,1.18463381129414,0.16666666666666666,0.3333333333333333,0.3333333333333333,0.3333333333333333,0.1111111111111111,0.25,0.09153975395147536,-1.4978381506157068,-0.08297964862498919,-0.3554890506588386,0.4796912569651514,1.18463381129414,-0.3822799551434473,-1.2558335710649353,0.1111111111111111,-0.04260204376723723,0.05170390327415423,-0.7891132362483021,0,1
0.1111111111111111,-0.4668695745617363,0.0,0.1111111111111111,0.1111111111111111,0.1111111111111111,0.1111111111111111,0.0,-1.4809843220475034,0.3379193856536766,-0.13387036432829214,-1.504321540361816,-0.2844958199592799,-0.4668695745617363,-0.20474868880428235,-0.2221689412940948,0.1111111111111111,-0.07166869324800133,-0.36121742511938004,-0.7891132362483021,1,0
0.3333333333333333,2.560886632840704,0.3055555555555555,0.3333333333333333,0.3333333333333333,0.2222222222222222,0.3333333333333333,0.25,-1.4809843220475034,-0.020363180020070946,-0.060200737786788555,0.4636163081257023,0.916372445798759,2.5608866328407034,-0.32556073441332944,0.11729434608643115,0.3333333333333333,-0.04260204376723723,-0.09634369408832952,-0.6440902286753902,0,1
0.0,-0.4668695745617363,0.0,0.0,0.0,0.0,0.0,0.0,-1.4809843220475034,-1.4978381506157068,-2.476644085611099,0.02609689719025,-0.2844958199592799,-0.4668695745617363,-5.028059896155144,-1.2558335710649353,0.0,-2.4349041406302154,-1.8377883046032708,0.5191192900072952,1,0
0.1111111111111111,-0.4668695745617363,0.0,0.1111111111111111,0.1111111111111111,0.1111111111111111,0.1111111111111111,0.0,0.11363053313180634,0.12776328546361485,0.356674874839011,1.2366750160392723,-0.2844958199592799,-0.4668695745617363,0.17252941211318346,0.10854127650719715,0.1111111111111111,0.04027036021255999,0.07824744290209906,-0.9531238224996238,1,0
0.0,-0.1916190102524236,0.027777777777777776,0.0,0.0,0.2222222222222222,0.0,0.125,-1.4809843220475034,-1.4978381506157068,-2.476644085611099,-1.130080895470915,-0.1316589140222559,-0.1916190102524235,-5.028059896155144,-1.2558335710649353,0.0,-2.4349041406302154,-1.8377883046032708,-0.9531238224996238,0,1
0.0,-0.4668695745617363,0.0,0.0,0.0,0.0,0.0,0.0,-1.4809843220475034,-1.4978381506157068,-2.476644085611099,-0.95842191396722,-0.2844958199592799,-0.4668695745617363,-5.028059896155144,-1.2558335710649353,0.0,-2.4349041406302154,-1.8377883046032708,0.1673597344439074,1,0
0.3333333333333333,1.4598843756034523,0.19444444444444442,0.1111111111111111,0.1111111111111111,0.2222222222222222,0.3333333333333333,0.25,0.03885253254617039,0.12776328546361485,0.33742708388807957,1.3790049371340838,1.052820420542206,1.4598843756034523,-0.09146034504576037,0.10854127650719715,0.3333333333333333,-2.4349041406302154,-1.8377883046032708,-1.1433092459291831,0,1
0.1111111111111111,0.9093832469848272,0.1388888888888889,0.1111111111111111,0.1111111111111111,0.2222222222222222,0.3333333333333333,0.25,0.3057862080103784,-0.020363180020070946,-1.331595678324506,-0.7958621975017078,-0.0722192733357296,0.9093832469848272,0.2727888781893319,0.27295236848406923,0.3333333333333333,0.010436700975060591,0.3091352594538665,0.3871513198050401,0,1
0.3333333333333333,1.7351349399127654,0.2222222222222222,0.3333333333333333,0.3333333333333333,0.1111111111111111,0.1111111111111111,0.25,0.09130666610954445,-1.4978381506157068,-2.476644085611099,1.2366750160392723,0.9381994275369115,1.7351349399127651,-0.06858051115189785,-1.2558335710649353,0.3333333333333333,0.29646318216372547,0.25832379377896764,-0.9531238224996238,0,1
0.1111111111111111,-0.4668695745617363,0.0,0.1111111111111111,0.1111111111111111,0.1111111111111111,0.1111111111111111,0.0,0.344026457112197,0.3955971410661783,0.597890366091483,0.8376265013727084,-0.2844958199592799,-0.4668695745617363,0.9764455385533345,0.3333354774730562,0.1111111111111111,0.611451783628661,0.4347920624914409,1.285678693674575,1,0
0.1111111111111111,-0.4668695745617363,0.0,0.1111111111111111,0.1111111111111111,0.1111111111111111,0.1111111111111111,0.0,0.27434856336185637,0.302782280107225,0.5493194936230215,1.5769583967038283,-0.2844958199592799,-0.4668695745617363,0.64454174005544,0.2554750986168332,0.1111111111111111,0.2709746259929604,0.2682976330476441,-0.0875094222424097,1,0
0.0,-0.4668695745617363,0.0,0.0,0.0,0.0,0.0,0.0,-0.08481246015680924,-0.07453585518598009,-0.2777456159316628,0.3608480215924758,-0.2844958199592799,-0.4668695745617363,-0.5132613161829338,-0.061249333332234875,0.0,-0.05888858374261785,-0.16019500465693898,-0.0875094222424097,1,0
0.1111111111111111,0.6341326826755145,0.1111111111111111,0.1111111111111111,0.3333333333333333,0.3333333333333333,0.1111111111111111,0.25,-1.4809843220475034,1.0284444775080939,1.5561357219691083,-0.3554890506588386,-0.1971589479645469,0.6341326826755145,2.5163030166405727,0.8106219168379468,0.1111111111111111,1.2675457627852986,-1.8377883046032708,1.285678693674575,0,1
0.0,-0.4668695745617363,0.0,0.0,0.0,0.0,0.0,0.0,0.2686685014395808,0.3927991934023552,0.27571975013643923,1.1620705813604253,-0.2844958199592799,-0.4668695745617363,0.430489843160456,0.06153922196064836,0.0,0.21537926757628734,0.1147710162253566,1.668921836399024,1,0
0.1111111111111111,-0.4668695745617363,0.0,0.1111111111111111,0.1111111111111111,0.1111111111111111,0.1111111111111111,0.0,0.11363053313180634,0.12776328546361485,0.034791834629782185,-0.7958621975017078,-0.2844958199592799,-0.4668695745617363,0.10594395271994907,0.10854127650719715,0.1111111111111111,0.23374673918345623,0.07824744290209906,-0.6440902286753902,1,0
0.1111111111111111,0.083631554056889,0.05555555555555555,0.1111111111111111,0.1111111111111111,0.1111111111111111,0.1111111111111111,0.25,0.45117298070474154,-0.10494829216908912,-2.476644085611099,-0.7958621975017078,-0.0297667943178028,0.0836315540568891,0.5632164404877932,0.42305402106045265,0.3333333333333333,0.2540661033438065,0.002904185811775181,-0.7891132362483021,1,0
0.0,-0.4668695745617363,0.0,0.0,0.0,0.0,0.0,0.0,-1.4809843220475034,-1.4978381506157068,-2.476644085611099,1.3089470244281944,-0.2844958199592799,-0.4668695745617363,-5.028059896155144,-1.2558335710649353,0.0,-2.4349041406302154,-1.8377883046032708,1.3273719327921307,0,1
0.3333333333333333,2.010385504222078,0.25,0.3333333333333333,0.3333333333333333,0.2222222222222222,0.0,0.25,-0.031672403407900916,-1.4978381506157068,-2.476644085611099,-1.31171478496986,3.154231403870239,2.0103855042220777,-0.5824368548706343,-1.2558335710649353,0.3333333333333333,0.2030238374723125,-0.3992343640411307,-1.666848273078999,0,1
0.1111111111111111,0.083631554056889,0.05555555555555555,0.1111111111111111,0.1111111111111111,0.3333333333333333,0.1111111111111111,0.25,0.20928456144339183,-0.23494424259429336,-0.16834448601303065,-0.4950413083649336,0.0211779919147679,0.0836315540568891,-0.4542576562091414,-1.2558335710649353,0.1111111111111111,-0.14712391368290242,-0.5302379076360083,-0.9531238224996238,0,1
0.3333333333333333,1.18463381129414,0.16666666666666666,0.3333333333333333,0.0,0.0,0.3333333333333333,0.25,-1.4809843220475034,-1.4978381506157068,0.13426768242517784,-1.130080895470915,-0.0297639640110196,1.18463381129414,-0.9822291090588086,-1.2558335710649353,0.0,-2.4349041406302154,-1.8377883046032708,0.3871513198050401,0,1
0.3333333333333333,1.18463381129414,0.16666666666666666,0.0,0.3333333333333333,0.1111111111111111,0.1111111111111111,0.25,-1.4809843220475034,0.009497807110272313,-0.7261270144852363,-1.130080895470915,1.243852861836087,1.18463381129414,-0.7810920500663378,-1.2558335710649353,0.3333333333333333,0.05678770888577281,-1.8377883046032708,-1.3723900433022265,0,1
0.1111111111111111,-0.4668695745617363,0.0,0.1111111111111111,0.1111111111111111,0.1111111111111111,0.1111111111111111,0.0,0.11363053313180634,0.12776328546361485,0.16869886832993028,-1.504321540361816,-0.2844958199592799,-0.4668695745617363,0.009078017294976672,-1.2558335710649353,0.1111111111111111,0.151240808810489,0.07824744290209906,-1.1433092459291831,1,0
0.1111111111111111,-0.4668695745617363,0.0,0.1111111111111111,0.1111111111111111,0.1111111111111111,0.1111111111111111,0.0,0.12840410916361136,0.14588966808566228,0.13033440821269368,0.2538723316408949,-0.2844958199592799,-0.4668695745617363,0.11879924381756,0.11340819720802857,0.1111111111111111,0.12303294640457062,0.12376276808084535,-0.9531238224996238,1,0
0.0,-0.4668695745617363,0.0,0.1111111111111111,0.0,0.0,0.0,0.0,-0.18716865711566033,-1.4978381506157068,-0.5636925919375713,0.6575761498836257,-0.2844958199592799,-0.4668695745617363,-1.1470018989390998,-0.21659427311646556,0.0,-0.5729083411369763,-0.20401956914178188,0.2439439807007004,1,0
0.1111111111111111,0.6341326826755145,0.1111111111111111,0.3333333333333333,0.3333333333333333,0.1111111111111111,0.1111111111111111,0.25,0.1509847601896249,-1.4978381506157068,-0.1214522424138239,-1.9271995283231864,1.2438273906316173,0.6341326826755145,-0.2562952984805104,-0.09747314800306268,0.1111111111111111,-0.07604414078640814,0.11389769025304958,-1.666848273078999,1,0
0.1111111111111111,-0.4668695745617363,0.0,0.1111111111111111,0.1111111111111111,0.1111111111111111,0.1111111111111111,0.0,0.0927013241183302,0.09922213452261994,0.1768544033270234,1.6996876816479582,-0.2844958199592799,-0.4668695745617363,0.2495676500651563,0.1812882605018963,0.1111111111111111,0.11537430863826155,0.3091352594538665,-0.5135592262370264,1,0
0.1111111111111111,-0.4668695745617363,0.0,0.1111111111111111,0.1111111111111111,0.0,0.1111111111111111,0.0,-0.5128287882829697,-0.016132469034368106,0.034791834629782185,-1.31171478496986,-0.2844958199592799,-0.4668695745617363,-0.21563134404748377,0.14857534644596138,0.1111111111111111,0.0096341289758159,-0.09634369408832952,0.0869332819236188,1,0
0.1111111111111111,0.083631554056889,0.05555555555555555,0.1111111111111111,0.1111111111111111,0.3333333333333333,0.1111111111111111,0.25,-0.25151423697527286,-0.12875316726828573,-0.1074461255133846,-1.9271995283231864,1.24375098211194,0.0836315540568891,-0.5308151347129706,-0.14001564323410587,0.1111111111111111,-0.12881500849105557,-0.030269367775838486,-2.102083711231995,0,1
0.1111111111111111,0.083631554056889,0.05555555555555555,0.1111111111111111,0.0,0.3333333333333333,0.1111111111111111,0.25,-1.4809843220475034,-1.4978381506157068,0.10848346083980917,-0.7958621975017078,-0.1669275222729985,0.0836315540568891,-0.2650012141948678,-1.2558335710649353,0.1111111111111111,0.27033223006329665,-0.09634369408832952,0.0021753538983214,0,1
0.1111111111111111,0.083631554056889,0.05555555555555555,0.0,0.3333333333333333,0.0,0.0,0.25,-1.020052667996687,0.34662058827914216,0.1261033528455245,0.6575761498836257,-0.2208127675240223,0.0836315540568891,0.06891077223076271,0.1643663624619466,0.0,0.05581466598552121,-1.560868293652152,0.7564222381735122,1,0
0.1111111111111111,-0.4668695745617363,0.0,0.1111111111111111,0.1111111111111111,0.1111111111111111,0.1111111111111111,0.0,0.2993978021609803,0.3011257616335053,0.38070954644942445,-0.7958621975017078,-0.2844958199592799,-0.4668695745617363,0.6104130039316475,0.2237050635851947,0.1111111111111111,0.3348530150164412,0.3418025466936434,0.0021753538983214,1,0
0.1111111111111111,0.083631554056889,0.05555555555555555,0.1111111111111111,0.3333333333333333,0.1111111111111111,0.1111111111111111,0.25,-1.4809843220475034,0.5108517606774385,0.4967911202162103,-0.95842191396722,-0.2080762207197047,0.0836315540568891,0.7957844158320478,0.30727917842602115,0.1111111111111111,0.4123958978726874,0.3791038555333524,0.5191192900072952,1,0
0.1111111111111111,0.6341326826755145,0.1111111111111111,0.1111111111111111,0.3333333333333333,0.3333333333333333,0.1111111111111111,0.25,-1.4809843220475034,0.10760500091082818,0.5664037311873185,0.3608480215924758,0.3268518037888158,0.6341326826755145,0.15645670605328674,-0.08075179618569549,0.1111111111111111,-0.05968509296264265,-0.09634369408832952,-0.9531238224996238,0,1
0.0,-0.4668695745617363,0.0,0.0,0.0,0.0,0.0,0.0,0.056368202368968154,-1.4978381506157068,-0.38010210665738503,-0.0953809513297535,-0.2844958199592799,-0.4668695745617363,0.0058462237024166,-0.07972466956477688,0.0,-0.04545051618266507,0.41372934308019005,1.285678693674575,1,0
0.3333333333333333,0.9093832469848272,0.1388888888888889,0.0,0.0,0.0,0.0,0.375,0.29323987594978607,-0.3078350476248662,-2.476644085611099,-0.4950413083649336,-0.1527376857846195,0.9093832469848272,1.0586025792563258,0.6996982343455299,0.4444444444444444,-0.6405164088259279,-1.8377883046032708,1.0152348983243975,0,1
0.0,-0.1916190102524236,0.027777777777777776,0.0,0.0,0.2222222222222222,0.0,0.125,-0.28940318693090666,-0.4568893040027248,-0.2388783948372242,0.3608480215924758,-0.2481055259427889,-0.1916190102524235,-1.1260270411684936,-1.2558335710649353,0.0,-0.31332519656396846,-0.5764763020576268,0.5814972662319737,1,0
0.0,-0.4668695745617363,0.0,0.0,0.0,0.0,0.0,0.0,-0.009989534196517125,-1.4978381506157068,0.29535118989975695,-1.504321540361816,-0.2844958199592799,-0.4668695745617363,-0.13680329564580224,0.2416645349056016,0.0,-2.4349041406302154,-1.8377883046032708,0.0021753538983214,1,0
0.1111111111111111,0.083631554056889,0.05555555555555555,0.1111111111111111,0.1111111111111111,0.3333333333333333,0.1111111111111111,0.25,0.49375898534313617,0.25834845200376205,0.40305957253974706,0.9229385817157996,-0.2040541577179534,0.0836315540568891,0.7189626850076584,0.02637354662169581,0.1111111111111111,0.4261094569684939,0.29847984234923974,0.4544096728511559,0,1
0.1111111111111111,0.9093832469848272,0.1388888888888889,0.1111111111111111,0.3333333333333333,0.2222222222222222,0.3333333333333333,0.25,-1.4809843220475034,0.8313016961771357,0.16869886832993028,-0.6416298188340922,0.0628645737533742,0.9093832469848272,1.086696606835317,0.1812882605018963,0.1111111111111111,-2.4349041406302154,0.07824744290209906,-0.1828566844305228,0,1
0.1111111111111111,-0.4668695745617363,0.0,0.1111111111111111,0.1111111111111111,0.1111111111111111,0.1111111111111111,0.0,-0.011697378387615939,0.025080608993885607,0.013303725308661663,1.6391892378370123,-0.2844958199592799,-0.4668695745617363,-0.20648701560982222,0.03126839304430128,0.1111111111111111,0.03733478133298129,-0.08429741416826127,-0.9531238224996238,1,0
0.1111111111111111,-0.4668695745617363,0.0,0.1111111111111111,0.1111111111111111,0.1111111111111111,0.1111111111111111,0.0,0.3057862080103784,0.7131989853465474,0.49289374373641753,0.1423961078279921,-0.2844958199592799,-0.4668695745617363,1.0949790228136222,0.27825682919794725,0.1111111111111111,0.43048133551638956,0.3552933911311837,0.7564222381735122,1,0
0.0,-0.1916190102524236,0.027777777777777776,0.0,0.0,0.2222222222222222,0.0,0.125,-0.2133666303559033,-1.4978381506157068,-2.476644085611099,1.8157962335875484,-0.2675136396224425,-0.1916190102524235,-0.8900094565976017,0.01750984117789908,0.0,-0.2710415501951242,-0.20518026247408713,1.668921836399024,1,0
0.1111111111111111,-0.4668695745617363,0.0,0.1111111111111111,0.1111111111111111,0.1111111111111111,0.1111111111111111,0.0,0.46164672323856204,0.49224552210794104,0.586027172631468,-0.95842191396722,-0.2844958199592799,-0.4668695745617363,1.091740226899512,0.3333354774730562,0.1111111111111111,0.6116248877915788,0.4848583755950094,1.4475584443037126,1,0
0.1111111111111111,0.083631554056889,0.05555555555555555,0.1111111111111111,0.3333333333333333,0.1111111111111111,0.1111111111111111,0.25,-1.4809843220475034,0.12776328546361485,-0.060200737786788555,-0.222430806752854,0.2249537406391757,0.0836315540568891,-0.07885980372584772,0.21400316754995638,0.1111111111111111,-0.08282810616588625,0.07824744290209906,-1.3723900433022265,1,0
0.1111111111111111,0.3588821183662018,0.08333333333333333,0.1111111111111111,0.1111111111111111,0.2222222222222222,0.3333333333333333,0.25,0.3356463042842657,0.36714978944344134,0.5411482272708016,-0.7958621975017078,-0.1848180168137657,0.3588821183662018,0.7920281928684139,0.30435037402510495,0.1111111111111111,0.37851806784192493,0.35990938149621166,0.6999923241170234,1,0
0.0,-0.4668695745617363,0.0,0.0,0.0,0.0,0.0,0.0,-0.2676590500063353,-0.25962352200296185,-0.5636925919375713,0.3608480215924758,-0.2844958199592799,-0.4668695745617363,-1.3160352058055094,-1.0586437752988482,0.0,-0.5729083411369763,-0.37835093031791756,0.3170934418812415,0,1
0.1111111111111111,-0.4668695745617363,0.0,0.1111111111111111,0.1111111111111111,0.1111111111111111,0.1111111111111111,0.0,-0.22887460301959633,-1.4978381506157068,0.21003870833293808,1.6996876816479582,-0.2844958199592799,-0.4668695745617363,-0.2021121377056024,-0.06032768875422031,0.1111111111111111,-0.04260204376723723,0.13727488481979017,-1.3723900433022265,1,0
0.1111111111111111,1.18463381129414,0.16666666666666666,0.1111111111111111,0.1111111111111111,0.3333333333333333,0.3333333333333333,0.25,0.24822835716826347,0.12776328546361485,-2.476644085611099,-1.130080895470915,0.2886468757888082,1.18463381129414,0.2375281393045306,-1.2558335710649353,0.3333333333333333,0.45533257435354596,0.204424964019951,-0.5135592262370264,0,1
0.0,-0.1916190102524236,0.027777777777777776,0.0,0.1111111111111111,0.2222222222222222,0.0,0.125,-1.4809843220475034,-0.12946365119646047,-0.49629238595325237,0.02609689719025,-0.1316589140222559,-0.1916190102524235,-0.5403961378567067,0.24484068043060625,0.0,-2.4349041406302154,-1.8377883046032708,-0.9531238224996238,1,0
0.3333333333333333,0.9093832469848272,0.1388888888888889,0.3333333333333333,0.0,0.2222222222222222,0.0,0.25,-1.4809843220475034,-1.4978381506157068,-0.06351905625755919,-1.9271995283231864,0.0094249242564235,0.9093832469848272,-1.377463035128196,-1.2558335710649353,0.0,-2.4349041406302154,-1.8377883046032708,0.0021753538983214,0,1
0.3333333333333333,1.18463381129414,0.16666666666666666,0.3333333333333333,0.3333333333333333,0.1111111111111111,0.1111111111111111,0.25,-1.4809843220475034,0.24739437221879784,0.39765349836135255,-0.7958621975017078,0.6325256156628638,1.18463381129414,0.0860101484033496,0.0013089566649129294,0.1111111111111111,0.13997425265217076,-1.8377883046032708,-0.9531238224996238,0,1
0.3333333333333333,3.386638325768641,0.38888888888888884,0.3333333333333333,0.3333333333333333,0.4444444444444444,0.4444444444444444,0.375,-1.4809843220475034,0.0,-0.13387036432829214,0.8376265013727084,3.28165110422991,3.386638325768641,-0.602779158021517,-0.015781955055106312,0.3333333333333333,-2.4349041406302154,0.005775291400744047,-1.3723900433022265,0,1
0.1111111111111111,-0.4668695745617363,0.0,0.0,0.1111111111111111,0.1111111111111111,0.1111111111111111,0.0,-0.03293360381684463,0.695915895802482,0.10940689443048357,0.9229385817157996,-0.2844958199592799,-0.4668695745617363,0.7358519910218112,-0.01596135525714468,0.1111111111111111,0.05455926907629866,-0.09634369408832952,-0.7891132362483021,1,0
0.4444444444444444,1.4598843756034523,0.19444444444444442,0.3333333333333333,0.3333333333333333,0.1111111111111111,0.1111111111111111,0.375,0.09153975395147536,-1.4978381506157068,0.18091095283478892,1.3790049371340838,2.3900697985747907,1.4598843756034523,-0.3662878134610376,-0.08945764108225514,0.1111111111111111,-0.13179501838479385,-1.8377883046032708,-1.666848273078999,0,1
0.1111111111111111,-0.4668695745617363,0.0,0.0,0.1111111111111111,0.1111111111111111,0.1111111111111111,0.0,0.21218812386795324,0.9466692425054704,0.44857565069185484,0.5624443361818806,-0.2844958199592799,-0.4668695745617363,1.5085071416186988,0.24588702761207146,0.1111111111111111,0.4123958978726874,0.18867079311683255,0.4544096728511559,1,0
0.3333333333333333,2.560886632840704,0.3055555555555555,0.3333333333333333,0.3333333333333333,0.2222222222222222,0.3333333333333333,0.25,-1.4809843220475034,0.1775047851717382,0.228917944366141,0.02609689719025,2.5174767633322266,2.5608866328407034,-0.32892126286558143,0.007556892781777171,0.3333333333333333,-2.4349041406302154,-1.8377883046032708,-1.3723900433022265,0,1
0.1111111111111111,-0.4668695745617363,0.0,0.1111111111111111,0.1111111111111111,0.1111111111111111,0.1111111111111111,0.0,0.11363053313180634,0.214438587242051,0.03791418142094069,1.3089470244281944,-0.2844958199592799,-0.4668695745617363,0.031744633402112685,0.05693515131531388,0.1111111111111111,0.007052355485223839,0.08150153470574284,-0.9531238224996238,1,0
0.0,-0.4668695745617363,0.0,0.0,0.0,0.1111111111111111,0.1111111111111111,0.0,-1.4809843220475034,-1.4978381506157068,-2.476644085611099,1.1620705813604253,-0.2844958199592799,-0.4668695745617363,-1.6378921616938666,-1.2558335710649353,0.1111111111111111,-0.2131146983687719,-1.8377883046032708,-0.9531238224996238,1,0
