PAY_AMT3,PAY_2,SEX,rate_x_delinquency,MARRIAGE_2,max_delinquency,PAY_AMT2,unemp_x_delinquency,PAY_AMT6,avg_payment,total_delinquency,LIMIT_BAL_sq,PAY_AMT1,PAY_AMT4,LIMIT_BAL,cpi_risk_norm,PAY_3,PAY_1,PAY_4,PAY_AMT5,true,pred
0.18040838650574129,0.1111111111111111,1,0.0836315540568891,0,0.25,0.2199904243904509,0.083631554056889,-1.2558335710649353,-0.07755055680925535,0.05555555555555555,0.39215686274509803,0.24173255425619858,-1.4978381506157068,0.3871513198050401,-0.1995852013098598,0.1111111111111111,0.3333333333333333,0.1111111111111111,-1.4809843220475034,0,1
0.3091352594538665,0.1111111111111111,1,-0.4668695745617363,0,0.0,0.4926873395741765,-0.4668695745617363,0.30567126224700725,0.757509272893091,0.0,0.11328976034858387,0.5270853668270672,0.2759431547214016,0.0869332819236188,-0.2844958199592799,0.1111111111111111,0.1111111111111111,0.1111111111111111,0.2846185206312057,1,0
0.04704246806612632,0.1111111111111111,0,0.6341326826755145,0,0.25,-2.476644085611099,0.6341326826755145,0.09132639068434217,-0.035269512399188754,0.1111111111111111,-0.25925925925925924,0.236853917298974,0.2582904100803009,-0.9531238224996238,0.3268518037888158,0.3333333333333333,0.1111111111111111,0.1111111111111111,-1.4809843220475034,0,1
-1.8377883046032708,0.0,0,-0.4668695745617363,1,0.0,-0.2997212096546743,-0.4668695745617363,0.04710436391588156,-0.6905718076246504,0.0,0.5577342047930284,-2.4349041406302154,-0.17052796553103527,0.5191192900072952,-0.2844958199592799,0.0,0.0,0.1111111111111111,0.06180671916679205,1,0
0.2529015249281053,0.1111111111111111,1,-0.4668695745617363,0,0.0,0.2718751554032957,-0.4668695745617363,0.05693515131531388,0.38641451131496085,0.0,0.17647058823529413,0.39541899694300553,0.18992595533910941,0.1673597344439074,-0.2844958199592799,0.1111111111111111,0.1111111111111111,0.1111111111111111,0.16042040378299907,1,0
-0.2821281188847721,0.1111111111111111,0,0.0836315540568891,1,0.25,-0.10795441966249206,0.083631554056889,-0.3277839820425376,-0.7346217468771347,0.05555555555555555,-0.3115468409586057,-0.17271227904460282,-0.05583627222743118,-2.102083711231995,1.24375098211194,0.1111111111111111,0.1111111111111111,0.1111111111111111,-1.4809843220475034,0,1
-0.38617961722740235,0.0,0,-0.4668695745617363,0,0.0,-0.5739540108794664,-0.4668695745617363,-0.2221689412940948,-1.2163208703955142,0.0,0.3159041394335512,-0.5828964244887175,-0.26626552996092573,0.3170934418812415,-0.2844958199592799,0.0,0.0,0.0,-0.2728874586092021,0,1
-1.8377883046032708,0.1111111111111111,0,0.9093832469848272,1,0.375,-2.476644085611099,0.9093832469848272,-0.15928541157707074,-0.5024036294373325,0.1388888888888889,-0.25925925925925924,0.2505142518560576,-0.1903938010314825,-0.9531238224996238,0.4796887097258397,0.4444444444444444,0.1111111111111111,0.3333333333333333,-0.19615414354798336,0,1
0.2139407496668845,0.1111111111111111,1,-0.4668695745617363,0,0.0,0.20593320357301978,-0.4668695745617363,0.21325393916057353,0.36141449630092887,0.0,0.17647058823529413,0.16481545962970515,0.2438839229005706,0.1673597344439074,-0.2844958199592799,0.1111111111111111,0.1111111111111111,0.1111111111111111,0.23495795030387784,1,0
-1.8377883046032708,0.3333333333333333,1,0.6341326826755145,0,0.25,-2.476644085611099,0.6341326826755145,-1.2558335710649353,-4.231166616082292,0.1111111111111111,2.5098039215686274,-1.5640211033661209,-1.4978381506157068,1.3273719327921307,-0.1995849654476854,0.3333333333333333,0.0,0.0,-1.4809843220475034,0,1
-0.09634369408832952,0.1111111111111111,0,-0.4668695745617363,0,0.0,-0.034586040962693326,-0.4668695745617363,-0.015781955055106312,-0.23053023776812961,0.0,-0.25925925925925924,0.09434158572956174,-0.020363180020070946,-0.9531238224996238,-0.2844958199592799,0.1111111111111111,0.1111111111111111,0.1111111111111111,0.007237426191509312,1,0
0.36617670021222426,0.0,1,-0.4668695745617363,0,0.0,-2.476644085611099,-0.4668695745617363,-1.2558335710649353,0.05289396051336311,0.0,-0.09586056644880174,0.396675588752636,-1.4978381506157068,-0.2847917733012345,-0.2844958199592799,0.0,0.0,0.0,-1.4809843220475034,1,0
-0.033192440231208487,0.1111111111111111,1,0.6341326826755145,0,0.25,-2.476644085611099,0.6341326826755145,-1.2558335710649353,-0.05646451238309186,0.1111111111111111,-0.09586056644880174,0.32871493089226683,0.2083672571808811,-0.2847917733012345,0.0211810486223196,0.3333333333333333,0.1111111111111111,0.1111111111111111,0.03400543665492556,0,1
-1.2573907469345689,0.0,1,-0.4668695745617363,1,0.0,-2.476644085611099,-0.4668695745617363,0.33371963233296775,1.8757801877297058,0.0,3.1721132897603486,-0.04411808868776136,-0.9664272818553127,1.486110633212629,-0.2844958199592799,0.0,0.0,0.0,1.0737893961039806,1,0
0.6133827888783597,0.0,1,-0.1916190102524235,1,0.125,0.9808760608028969,-0.1916190102524236,-1.2558335710649353,1.0409821233285375,0.027777777777777776,0.5577342047930284,-2.4349041406302154,-1.4978381506157068,0.5191192900072952,-0.2462860203394923,0.0,0.2222222222222222,0.0,0.33687966201807745,1,0
0.005775291400744047,0.1111111111111111,1,-0.4668695745617363,0,0.0,0.07950741572558931,-0.4668695745617363,0.10854127650719715,-0.11298753047536485,0.0,-0.25925925925925924,0.051328588941306034,-0.020363180020070946,-0.9531238224996238,-0.2844958199592799,0.1111111111111111,0.1111111111111111,0.1111111111111111,-0.031672403407900916,1,0
-1.8377883046032708,0.0,1,-0.1916190102524235,0,0.125,-0.504636039758671,-0.1916190102524236,-0.1845109244123129,-1.6856286526473698,0.027777777777777776,-0.30501089324618735,-2.4349041406302154,-1.4978381506157068,-1.666848273078999,0.0975849826884444,0.0,0.2222222222222222,0.1111111111111111,-0.42846419375793426,0,1
0.12386790403924361,0.1111111111111111,1,-0.4668695745617363,0,0.0,0.10848346083980917,-0.4668695745617363,0.5388576644625616,0.6975112675956032,0.0,-0.13725490196078433,0.2711884731247592,0.14322199774777064,-0.3945035917891138,-0.2844958199592799,0.1111111111111111,0.0,0.1111111111111111,-0.1037293645278738,1,0
-1.8377883046032708,0.0,0,-0.1916190102524235,0,0.125,-2.476644085611099,-0.1916190102524236,-1.2558335710649353,-5.028059896155144,0.027777777777777776,1.5185185185185186,-2.4349041406302154,-1.4978381506157068,1.0152348983243975,-0.2581441931243478,0.0,0.2222222222222222,0.0,-1.4809843220475034,0,1
-0.09584057324942366,0.1111111111111111,1,-0.4668695745617363,0,0.0,-0.015011832835351221,-0.4668695745617363,-1.2558335710649353,-0.6569989910468251,0.0,-0.17429193899782136,-0.04260204376723723,-1.4978381506157068,-0.5135592262370264,-0.2844958199592799,0.1111111111111111,0.1111111111111111,0.1111111111111111,-1.4809843220475034,1,0
0.8993054942573515,0.0,1,-0.1916190102524235,1,0.125,0.628407104351693,-0.1916190102524236,0.29700063922122183,1.5693596679336443,0.027777777777777776,5.132897603485839,-0.3564556978799671,0.8364170640772323,1.8373853869087895,-0.269211854259697,0.0,0.2222222222222222,0.0,0.16308747552679556,1,0
0.4276185991964999,0.3333333333333333,1,0.9093832469848272,1,0.25,0.42394216408510343,0.9093832469848272,0.2237522791285938,0.4131806162585744,0.1388888888888889,0.2440087145969499,-2.4349041406302154,-1.4978381506157068,0.2439439807007004,-0.0456848708478014,0.1111111111111111,0.2222222222222222,0.1111111111111111,0.2589858554836899,0,1
-1.8377883046032708,0.3333333333333333,1,8.34114848333627,0,0.875,-2.476644085611099,8.341148483336271,-1.2558335710649353,-5.028059896155144,0.8888888888888888,-0.05010893246187364,-2.4349041406302154,-1.4978381506157068,-0.1828566844305228,1.9386106998017067,0.8888888888888888,0.3333333333333333,0.8888888888888888,-1.4809843220475034,0,1
-1.8377883046032708,0.0,1,-0.4668695745617363,0,0.0,-2.476644085611099,-0.4668695745617363,-1.2558335710649353,-5.028059896155144,0.0,0.17647058823529413,-2.4349041406302154,-1.4978381506157068,0.1673597344439074,-0.2844958199592799,0.0,0.0,0.0,-1.4809843220475034,1,0
-1.8377883046032708,0.0,1,0.0836315540568891,1,0.25,-2.476644085611099,0.083631554056889,-1.2558335710649353,-0.6951479867601055,0.05555555555555555,0.5577342047930284,0.04749416873223237,-1.4978381506157068,0.5191192900072952,-0.2080762207197047,0.3333333333333333,0.0,0.1111111111111111,0.10550766064125434,1,0
0.005775291400744047,0.3333333333333333,1,0.3588821183662018,1,0.25,-0.1074461255133846,0.3588821183662018,-0.013820297418117232,-0.5334144116126683,0.08333333333333333,-0.30501089324618735,-2.4349041406302154,-0.06171670931500967,-1.666848273078999,0.861746587983893,0.1111111111111111,0.2222222222222222,0.1111111111111111,-0.10760598866112799,0,1
0.1102628909490476,0.3333333333333333,0,0.3588821183662018,1,0.25,0.10848346083980917,0.3588821183662018,0.1812882605018963,1.1497850234934615,0.08333333333333333,-0.25925925925925924,-2.4349041406302154,0.8160348500118819,-0.9531238224996238,0.1740148978517919,0.1111111111111111,0.2222222222222222,0.1111111111111111,0.45326014383919727,0,1
-0.24006037123132573,0.1111111111111111,0,-0.4668695745617363,1,0.0,-0.11855058508097212,-0.4668695745617363,-0.015781955055106312,-0.2150177760354202,0.0,-0.29411764705882354,0.269688548340856,-0.13486887909161116,-1.3723900433022265,-0.2844958199592799,0.1111111111111111,0.1111111111111111,0.1111111111111111,-0.09761462245019431,1,0
0.18040838650574129,0.3333333333333333,1,0.9093832469848272,1,0.25,-0.13387036432829214,0.9093832469848272,0.07261259370218677,-0.4452953844476404,0.1388888888888889,0.8387799564270153,-2.4349041406302154,-1.4978381506157068,0.6999923241170234,-0.1183661480500896,0.1111111111111111,0.2222222222222222,0.1111111111111111,-0.31854339646043844,0,1
-0.3332952455651344,0.0,1,-0.4668695745617363,1,0.0,-0.12571885385223677,-0.4668695745617363,-0.1845109244123129,-0.7965978846761278,0.0,0.5577342047930284,-0.2888353563911394,-0.22139741587053635,0.5191192900072952,-0.2844958199592799,0.0,0.0,0.0,-0.22887460301959633,1,0
-0.03123996372521755,0.1111111111111111,0,-0.4668695745617363,0,0.0,-0.002393482026773546,-0.4668695745617363,-0.0594107524704438,-0.3453309873764148,0.0,-0.25925925925925924,-0.04071698307562879,-0.06145764754416603,-0.9531238224996238,-0.2844958199592799,0.1111111111111111,0.1111111111111111,0.1111111111111111,-0.11124913150114606,0,1
-1.8377883046032708,0.0,1,-0.4668695745617363,1,0.0,-2.476644085611099,-0.4668695745617363,-1.2558335710649353,-5.028059896155144,0.0,0.17647058823529413,-2.4349041406302154,-1.4978381506157068,0.1673597344439074,-0.2844958199592799,0.0,0.0,0.0,-1.4809843220475034,1,0
0.16544191247502313,0.0,0,-0.4668695745617363,0,0.0,-2.476644085611099,-0.4668695745617363,0.20092761070071893,-0.4363457368166084,0.0,3.1721132897603486,-2.4349041406302154,-1.4978381506157068,1.486110633212629,-0.2844958199592799,0.0,0.0,0.0,-1.4809843220475034,1,0
-1.8377883046032708,0.0,1,-0.1916190102524235,1,0.125,-0.22882628365535493,-0.1916190102524236,-0.058498476619916105,-0.7262708103919377,0.027777777777777776,0.39215686274509803,0.05371960689384174,-1.4978381506157068,0.3871513198050401,-0.2420405106345698,0.0,0.2222222222222222,0.0,-1.4809843220475034,0,1
0.07824744290209906,0.3333333333333333,0,0.6341326826755145,1,0.25,0.055743076375645205,0.6341326826755145,0.1812882605018963,-0.04652465216166876,0.1111111111111111,-0.17429193899782136,-2.4349041406302154,0.12776328546361485,-0.5135592262370264,0.0975993105394455,0.1111111111111111,0.3333333333333333,0.1111111111111111,0.11363053313180634,0,1
-1.8377883046032708,0.1111111111111111,0,0.6341326826755145,0,0.25,-2.476644085611099,0.6341326826755145,-1.2558335710649353,-0.8707379835714645,0.1111111111111111,3.5294117647058822,0.1607225259841257,-1.4978381506157068,1.561142456786503,-0.211715058639596,0.3333333333333333,0.1111111111111111,0.3333333333333333,-1.4809843220475034,0,1
-1.8377883046032708,0.0,1,-0.1916190102524235,0,0.125,-2.476644085611099,-0.1916190102524236,0.232909330105537,0.49271706485435723,0.027777777777777776,-0.29411764705882354,-2.4349041406302154,0.6239339664812485,-1.3723900433022265,-0.029771039660052,0.0,0.2222222222222222,0.0,-0.08266361641355383,0,1
1.050083117098424,0.0,0,-0.1916190102524235,0,0.125,0.3126730152723201,-0.1916190102524236,0.15394842643593593,1.4597175730838725,0.027777777777777776,0.17647058823529413,-0.2929268929199516,0.23377563058426423,0.1673597344439074,-0.2335495053763295,0.0,0.2222222222222222,0.1111111111111111,0.1667001979211911,0,1
-1.8377883046032708,0.0,0,-0.4668695745617363,1,0.0,-2.476644085611099,-0.4668695745617363,-1.2558335710649353,-1.6378921616938666,0.0,-0.25925925925925924,-0.2131146983687719,-1.4978381506157068,-0.9531238224996238,-0.2844958199592799,0.0,0.0,0.0,-1.4809843220475034,1,0
0.07824744290209906,0.0,1,-0.4668695745617363,0,0.0,0.7108036730246189,-0.4668695745617363,0.27738356734502706,0.5822663569787954,0.0,1.159041394335512,0.03792404477441859,0.214438587242051,0.8643003776574393,-0.2844958199592799,0.0,0.0,0.1111111111111111,-0.031672403407900916,1,0
-1.8377883046032708,0.0,1,-0.1916190102524235,0,0.125,-2.476644085611099,-0.1916190102524236,-1.2558335710649353,-5.028059896155144,0.027777777777777776,0.11328976034858387,-2.4349041406302154,-1.4978381506157068,0.0869332819236188,-0.2299105088989508,0.0,0.2222222222222222,0.0,-1.4809843220475034,0,1
-1.313637081798087,0.3333333333333333,1,1.4598843756034523,1,0.25,-0.1940527750620471,1.4598843756034523,-1.2558335710649353,-0.40079616864682605,0.19444444444444442,-0.29411764705882354,-0.06208652614907963,-0.0476719142218868,-1.3723900433022265,1.498577642135315,0.3333333333333333,0.2222222222222222,0.3333333333333333,0.20060187478420244,0,1
-0.09634369408832952,0.1111111111111111,0,-0.4668695745617363,1,0.0,-0.06552616346685829,-0.4668695745617363,-0.01668075456567136,0.7477544378954062,0.0,-0.29411764705882354,-0.08282810616588625,0.7138069025753654,-1.3723900433022265,-0.2844958199592799,0.1111111111111111,0.1111111111111111,0.1111111111111111,-0.031672403407900916,1,0
-0.009810518008647455,0.1111111111111111,0,0.0836315540568891,1,0.25,-0.1940527750620471,0.083631554056889,0.5170230292563598,0.6019221900356891,0.05555555555555555,1.6470588235294117,-0.08888378753776144,0.3729667689245295,1.0629938337787594,-0.233549335555847,0.1111111111111111,0.1111111111111111,0.0,-1.4809843220475034,0,1
-0.3170677375367942,0.0,0,-0.4668695745617363,1,0.0,-0.4833659008213198,-0.4668695745617363,-1.2558335710649353,-0.9963044491650136,0.0,-0.30501089324618735,-0.4947213291085484,-0.20762968716860375,-1.666848273078999,-0.2844958199592799,0.0,0.0,0.0,-0.035478982298581895,1,0
0.008115419874778342,0.1111111111111111,0,-0.4668695745617363,0,0.0,0.032804513559662594,-0.4668695745617363,-0.002313897994419707,-0.22646189219682383,0.0,-0.25925925925925924,-0.02369570739551127,-0.011778499179202916,-0.9531238224996238,-0.2844958199592799,0.1111111111111111,0.1111111111111111,0.1111111111111111,-0.020253038243862632,1,0
0.5225042402305945,0.3333333333333333,0,0.3588821183662018,1,0.25,-0.3783677660251823,0.3588821183662018,-0.07844897203268514,0.14086071569503353,0.08333333333333333,-0.30501089324618735,-2.4349041406302154,-0.020363180020070946,-1.666848273078999,0.861746587983893,0.0,0.2222222222222222,0.0,-0.0682081747173619,0,1
-0.22916569983464,0.0,1,-0.4668695745617363,1,0.0,-0.504636039758671,-0.4668695745617363,-1.2558335710649353,0.2792090457855628,0.0,0.3159041394335512,0.12573256715338607,0.47318346748340206,0.3170934418812415,-0.2844958199592799,0.0,0.1111111111111111,0.0,0.274153556109928,1,0
-0.01160329552774256,0.3333333333333333,0,2.836137197150016,0,0.25,-0.13387036432829214,2.8361371971500167,-1.2558335710649353,-0.3346827978395721,0.3333333333333333,-0.09586056644880174,0.0096341289758159,-1.4978381506157068,-0.2847917733012345,0.6325347857855188,0.3333333333333333,0.3333333333333333,0.3333333333333333,0.16864486108146495,0,1
0.18482117078294227,0.1111111111111111,0,-0.4668695745617363,1,0.0,0.16979797490495446,-0.4668695745617363,0.1824210687319908,1.2258115334558424,0.0,-0.17429193899782136,1.1190788506094993,0.12914815757780418,-0.5135592262370264,-0.2844958199592799,0.1111111111111111,0.1111111111111111,0.1111111111111111,0.11519722477629865,1,0
0.07824744290209906,0.1111111111111111,1,-0.4668695745617363,1,0.0,-0.14082037095110164,-0.4668695745617363,-1.2558335710649353,0.06500553073846307,0.0,-0.25925925925925924,0.5270853668270672,-1.4978381506157068,-0.9531238224996238,-0.2844958199592799,0.1111111111111111,0.1111111111111111,0.0,-1.4809843220475034,1,0
-0.5010189380442357,0.0,0,-0.4668695745617363,0,0.0,-0.3454658624929588,-0.4668695745617363,-0.17295560566553667,-0.8998597763779844,0.0,0.3159041394335512,-0.27219765844989235,-0.20762968716860375,0.3170934418812415,-0.2844958199592799,0.0,0.0,0.1111111111111111,-0.1509098584317996,0,1
0.18515109682036698,0.0,0,-0.4668695745617363,0,0.0,0.0104722896034069,-0.4668695745617363,0.3225308677172867,0.38344154516105805,0.0,1.7799564270152506,0.24860886393122,0.17868724336576913,1.1095988810204689,-0.2844958199592799,0.0,0.0,0.0,0.20342236012512438,1,0
-1.8377883046032708,0.0,1,-0.1916190102524235,0,0.125,-2.476644085611099,-0.1916190102524236,-1.2558335710649353,-5.028059896155144,0.027777777777777776,1.6470588235294117,-2.4349041406302154,-1.4978381506157068,1.0629938337787594,-0.2590225777575635,0.0,0.2222222222222222,0.0,-1.4809843220475034,0,1
0.3091352594538665,0.1111111111111111,1,0.6341326826755145,0,0.25,0.16869886832993028,0.6341326826755145,0.14857534644596138,0.2895959161969545,0.1111111111111111,0.11328976034858387,0.13997425265217076,0.12776328546361485,0.0869332819236188,-0.0661545757179635,0.1111111111111111,0.1111111111111111,0.1111111111111111,0.19865366409457927,0,1
0.07824744290209906,0.1111111111111111,0,-0.4668695745617363,1,0.0,0.034791834629782185,-0.4668695745617363,0.6461596890355495,0.9861057151624717,0.0,-0.09586056644880174,0.08136281572751122,0.12776328546361485,-0.2847917733012345,-0.2844958199592799,0.1111111111111111,0.1111111111111111,0.1111111111111111,0.28368844135924903,1,0
-1.8377883046032708,0.1111111111111111,0,0.6341326826755145,1,0.25,0.21961315785587668,0.6341326826755145,-1.2558335710649353,-0.5757926869969202,0.1111111111111111,0.39215686274509803,-0.08282810616588625,-1.4978381506157068,0.3871513198050401,-0.1146745826604397,0.1111111111111111,0.3333333333333333,0.3333333333333333,-1.4809843220475034,0,1
0.24353148867454516,0.1111111111111111,0,-0.4668695745617363,1,0.0,0.25535628738857397,-0.4668695745617363,0.10854127650719715,0.2697737800062164,0.0,-0.09586056644880174,0.2481498860704566,0.12776328546361485,-0.2847917733012345,-0.2844958199592799,0.1111111111111111,0.1111111111111111,0.1111111111111111,0.11363053313180634,1,0
0.18040838650574129,0.3333333333333333,0,0.3588821183662018,1,0.25,0.269854902491498,0.3588821183662018,0.17705195728437265,0.2530162660687228,0.08333333333333333,0.5577342047930284,-2.4349041406302154,0.22144857130416912,0.5191192900072952,-0.1698664210999171,0.1111111111111111,0.2222222222222222,0.1111111111111111,0.27897516657095944,0,1
-0.020204480265315877,0.1111111111111111,1,-0.4668695745617363,0,0.0,-0.18622478088858616,-0.4668695745617363,-0.061249333332234875,0.006010933531714253,0.0,2.5098039215686274,-0.18016479727277124,0.14696702787393595,1.3273719327921307,-0.2844958199592799,0.1111111111111111,0.1111111111111111,0.0,0.32963059030568115,1,0
0.3465395667932836,0.1111111111111111,1,-0.4668695745617363,0,0.0,0.5983105583578366,-0.4668695745617363,0.10854127650719715,0.6792238932008211,0.0,1.5185185185185186,0.5488416372394338,0.10760500091082818,1.0152348983243975,-0.2844958199592799,0.1111111111111111,0.1111111111111111,0.1111111111111111,0.11363053313180634,1,0
-0.09634369408832952,0.3333333333333333,1,1.18463381129414,1,0.25,-2.476644085611099,1.18463381129414,-1.2558335710649353,-0.7232900808057157,0.16666666666666666,-0.3115468409586057,0.13997425265217076,-1.4978381506157068,-2.102083711231995,4.300244586254379,0.3333333333333333,0.3333333333333333,0.1111111111111111,-1.4809843220475034,0,1
0.530157312742273,0.1111111111111111,1,1.18463381129414,1,0.25,0.5918285295631827,1.18463381129414,0.43006921587535435,0.9775343135797946,0.16666666666666666,1.0479302832244008,0.5105916264729294,0.214438587242051,0.8111528623165425,-0.101088598377995,0.1111111111111111,0.1111111111111111,0.3333333333333333,0.3057862080103784,0,1
-1.8377883046032708,0.0,1,-0.1916190102524235,1,0.125,0.3307536368157761,-0.1916190102524236,0.6836802390836514,1.2023462707578552,0.027777777777777776,1.3943355119825709,0.3088049825494304,0.29249669602588063,0.9662521913648202,-0.2572030669556937,0.0,0.2222222222222222,0.1111111111111111,0.4487892222296892,1,0
-0.6671070807379125,0.3333333333333333,1,0.9093832469848272,1,0.25,-2.476644085611099,0.9093832469848272,-1.2558335710649353,-1.5733736971041308,0.1388888888888889,0.39215686274509803,-0.2131146983687719,-1.4978381506157068,0.3871513198050401,-0.0722192733357296,0.3333333333333333,0.2222222222222222,0.1111111111111111,-1.4809843220475034,0,1
-1.8377883046032708,0.0,0,-0.4668695745617363,1,0.0,-0.03560608231555398,-0.4668695745617363,-0.1845109244123129,-0.8341914451960472,0.0,-0.25925925925925924,-0.27065710253046665,-1.4978381506157068,-0.9531238224996238,-0.2844958199592799,0.0,0.0,0.1111111111111111,-0.16075689160850876,1,0
-0.14144558704784438,0.1111111111111111,0,-0.4668695745617363,0,0.0,-0.08725200727550758,-0.4668695745617363,-0.03427519765921853,-0.43090598196514446,0.0,0.0,-0.11219600591684108,-0.0510975898966219,-0.0875094222424097,-0.2844958199592799,0.1111111111111111,0.1111111111111111,0.1111111111111111,-0.06085535302542331,0,1
-1.8377883046032708,0.1111111111111111,0,-0.4668695745617363,0,0.0,-2.476644085611099,-0.4668695745617363,-0.061249333332234875,-1.804609847214789,0.0,-0.13725490196078433,-2.4349041406302154,-1.4978381506157068,-0.3945035917891138,-0.2844958199592799,0.0,0.1111111111111111,0.0,-1.4809843220475034,0,1
0.29008675168904885,0.1111111111111111,1,-0.4668695745617363,0,0.0,0.3784416058114561,-0.4668695745617363,0.27295236848406923,0.6183393579878068,0.0,0.17647058823529413,0.3323293432228687,0.31492470755012675,0.1673597344439074,-0.2844958199592799,0.1111111111111111,0.1111111111111111,0.1111111111111111,0.2993978021609803,1,0
-1.8377883046032708,0.1111111111111111,1,1.18463381129414,1,0.25,0.4926873395741765,1.18463381129414,-1.2558335710649353,0.46182459082024946,0.16666666666666666,0.11328976034858387,0.30420801898878946,0.4241497408825051,0.0869332819236188,0.0430160464026946,0.1111111111111111,0.1111111111111111,0.3333333333333333,0.19865366409457927,0,1
0.35717493848389087,0.0,1,-0.1916190102524235,0,0.125,0.06626646218845192,-0.1916190102524236,0.10854127650719715,0.44081589417818634,0.027777777777777776,-0.30501089324618735,0.30420801898878946,0.3236529324331165,-1.666848273078999,0.0975849826884444,0.0,0.2222222222222222,0.0,0.19865366409457927,0,1
0.5860216664245851,0.1111111111111111,1,-0.4668695745617363,1,0.0,1.024398316315675,-0.4668695745617363,0.470118235455667,1.5433002711255852,0.0,3.5294117647058822,0.5857128759064493,0.49224552210794104,1.561142456786503,-0.2844958199592799,0.1111111111111111,0.1111111111111111,0.1111111111111111,0.6816248233933566,1,0
0.005775291400744047,0.3333333333333333,0,1.7351349399127651,1,0.25,-0.1074461255133846,1.7351349399127654,-1.2558335710649353,-0.660295692859604,0.2222222222222222,-0.30501089324618735,-2.4349041406302154,-1.4978381506157068,-1.666848273078999,2.7721506012225148,0.1111111111111111,0.3333333333333333,0.1111111111111111,0.06684590165054824,0,1
-1.8377883046032708,0.3333333333333333,1,2.836137197150016,1,0.25,0.06641653765401391,2.8361371971500167,-0.9065623779158363,-0.3814908206885813,0.3333333333333333,-0.29411764705882354,-0.2131146983687719,0.1754623776158648,-1.3723900433022265,2.7722015436314544,0.3333333333333333,0.3333333333333333,0.3333333333333333,-0.03146293855160058,0,1
0.1134598899578306,0.3333333333333333,1,2.2856360685313906,1,0.25,0.14591209917705136,2.2856360685313915,0.3144271790189087,0.300239688319546,0.2777777777777778,-0.17429193899782136,0.2773988829603999,-1.4978381506157068,-0.5135592262370264,0.6707420062875338,0.3333333333333333,0.3333333333333333,0.3333333333333333,0.18418539902762215,0,1
-1.8377883046032708,0.0,0,-0.1916190102524235,0,0.125,-2.476644085611099,-0.1916190102524236,-1.2558335710649353,-2.1140082356212657,0.027777777777777776,0.6470588235294118,-2.4349041406302154,-1.4978381506157068,0.5814972662319737,-0.2481055259427889,0.0,0.2222222222222222,0.0,-0.18367952826439832,0,1
-1.8377883046032708,0.0,0,-0.1916190102524235,0,0.125,-2.476644085611099,-0.1916190102524236,-1.2558335710649353,-5.028059896155144,0.027777777777777776,10.66884531590414,-2.4349041406302154,-1.4978381506157068,2.43337711773284,-0.2737324574657663,0.0,0.2222222222222222,0.0,-1.4809843220475034,0,1
-1.8377883046032708,0.0,0,0.0836315540568891,1,0.25,-2.476644085611099,0.083631554056889,-1.2558335710649353,-1.5345473448067248,0.05555555555555555,-0.30501089324618735,-0.1626704783002936,-1.4978381506157068,-1.666848273078999,0.4796657853361687,0.3333333333333333,0.0,0.1111111111111111,-1.4809843220475034,1,0
0.18040838650574129,0.1111111111111111,1,-0.4668695745617363,0,0.0,0.16869886832993028,-0.4668695745617363,0.1812882605018963,0.300239688319546,0.0,-0.13725490196078433,0.2481498860704566,0.214438587242051,-0.3945035917891138,-0.2844958199592799,0.1111111111111111,0.1111111111111111,0.1111111111111111,0.16864486108146495,1,0
-1.8377883046032708,0.1111111111111111,0,0.6341326826755145,0,0.25,0.16869886832993028,0.6341326826755145,0.27295236848406923,0.18088555051181665,0.1111111111111111,2.355119825708061,0.31663300104543846,0.1754623776158648,1.285678693674575,-0.1971589479645469,0.1111111111111111,0.1111111111111111,0.3333333333333333,-1.4809843220475034,0,1
0.3752560712052453,0.1111111111111111,0,-0.4668695745617363,1,0.0,0.33742708388807957,-0.4668695745617363,0.2799907094430656,0.7693957905944278,0.0,0.7407407407407407,0.36283016970125886,0.3236529324331165,0.6417328970763176,-0.2844958199592799,0.1111111111111111,0.1111111111111111,0.1111111111111111,0.46140713546779055,1,0
0.3529744837312432,0.1111111111111111,1,0.0836315540568891,0,0.25,0.11085280978749044,0.083631554056889,0.10719070664972187,0.1341293189228295,0.05555555555555555,-0.20697167755991286,0.06703248366894908,-1.4978381506157068,-0.6440902286753902,-0.0661561352760001,0.1111111111111111,0.1111111111111111,0.1111111111111111,0.08943258073734779,1,0
-1.8377883046032708,0.0,1,-0.1916190102524235,0,0.125,-2.476644085611099,-0.1916190102524236,0.24796432535168417,-0.6403103231538447,0.027777777777777776,0.3159041394335512,-2.4349041406302154,-0.3802836621858927,0.3170934418812415,-0.2395431541881542,0.0,0.2222222222222222,0.0,-1.4809843220475034,0,1
0.2529015249281053,0.0,1,-0.4668695745617363,1,0.0,0.5131031692505524,-0.4668695745617363,0.28669696074197043,0.6215835489450211,0.0,2.5098039215686274,0.09953799120194902,0.3236529324331165,1.3273719327921307,-0.2844958199592799,0.0,0.0,0.0,0.3057862080103784,1,0
0.35508346069795704,0.3333333333333333,0,0.3588821183662018,0,0.25,0.4926873395741765,0.3588821183662018,0.27295236848406923,0.6923154129280004,0.08333333333333333,1.3943355119825709,-2.4349041406302154,0.3236529324331165,0.9662521913648202,-0.2026175609485213,0.1111111111111111,0.2222222222222222,0.1111111111111111,0.45117298070474154,0,1
-0.04237391369570947,0.1111111111111111,1,-0.4668695745617363,0,0.0,0.0809464037658137,-0.4668695745617363,-0.10735048804702164,-0.33404014502269297,0.0,-0.25925925925925924,-0.012312336475528375,-0.12946365119646047,-0.9531238224996238,-0.2844958199592799,0.1111111111111111,0.1111111111111111,0.1111111111111111,-0.1386932439311027,1,0
-0.6720016705797187,0.4444444444444444,1,1.4598843756034523,0,0.375,-0.1482068947908121,1.4598843756034523,-0.19686166059755505,-1.0828356361830347,0.19444444444444442,-0.29411764705882354,-2.4349041406302154,-0.24569901810638894,-1.3723900433022265,1.498577642135315,0.3333333333333333,0.0,0.3333333333333333,-0.24620309161875784,0,1
-0.27080908240809903,0.1111111111111111,0,-0.4668695745617363,1,0.0,-0.038891540158578077,-0.4668695745617363,-0.14001564323410587,-0.5446712551415699,0.0,-0.25925925925925924,-0.024230948184563922,-0.16838295792244487,-0.9531238224996238,-0.2844958199592799,0.1111111111111111,0.1111111111111111,0.1111111111111111,-0.25696334947661975,1,0
0.32978753671742406,0.0,0,-0.4668695745617363,0,0.0,0.37908285920187135,-0.4668695745617363,0.20991966580956267,0.5056419933648467,0.0,1.3943355119825709,0.19832123113362407,0.26970627842843103,0.9662521913648202,-0.2844958199592799,0.0,0.0,0.0,0.2335421134143391,1,0
0.3366134795080822,0.1111111111111111,0,-0.4668695745617363,1,0.0,0.38076749455651904,-0.4668695745617363,0.3102776052607857,1.0015820714727937,0.0,0.5577342047930284,0.8217492689856853,0.36295675613235856,0.5191192900072952,-0.2844958199592799,0.1111111111111111,0.1111111111111111,0.1111111111111111,0.3373132392364718,1,0
-0.030269367775838486,0.1111111111111111,1,0.0836315540568891,1,0.25,-0.08297964862498919,0.083631554056889,0.10854127650719715,-0.28344402564916354,0.05555555555555555,-0.30501089324618735,-0.06714785871571029,-0.11468542767022451,-1.666848273078999,0.4796657853361687,0.1111111111111111,0.3333333333333333,0.1111111111111111,-0.06279104414039147,0,1
-0.10688536464147705,0.1111111111111111,0,-0.4668695745617363,0,0.0,-0.060200737786788555,-0.4668695745617363,-1.2558335710649353,0.1075940141604836,0.0,-0.29411764705882354,0.5745895413616111,-1.4978381506157068,-1.3723900433022265,-0.2844958199592799,0.1111111111111111,0.1111111111111111,0.1111111111111111,-1.4809843220475034,1,0
-1.8377883046032708,0.1111111111111111,1,1.18463381129414,1,0.25,0.6530789337202222,1.18463381129414,0.27295236848406923,0.9344291012844071,0.16666666666666666,-0.25925925925925924,0.8583985892333822,0.12776328546361485,-0.9531238224996238,0.6325256156628638,0.1111111111111111,0.1111111111111111,0.3333333333333333,-0.031672403407900916,0,1
0.9587978162159532,0.0,1,-0.4668695745617363,1,0.0,0.2683112057194897,-0.4668695745617363,0.27295236848406923,1.2866882672270719,0.0,0.6470588235294118,0.3647003527839023,0.05456350937976096,0.5814972662319737,-0.2844958199592799,0.0,0.0,0.0,-0.005687182925108412,1,0
0.2498592335544538,0.3333333333333333,0,0.6341326826755145,1,0.25,0.27460302385729995,0.6341326826755145,0.20379951016410267,0.28586575620272703,0.1111111111111111,-0.09586056644880174,-2.4349041406302154,0.25406944149657135,-0.2847917733012345,0.0211810486223196,0.1111111111111111,0.3333333333333333,0.1111111111111111,0.2185142480175868,0,1
-1.8377883046032708,0.0,0,-0.1916190102524235,1,0.125,-2.476644085611099,-0.1916190102524236,-1.2558335710649353,-0.7429091774498762,0.027777777777777776,3.0,0.21256985611677198,-0.4669945916971359,1.4475584443037126,-0.2649010031927661,0.0,0.2222222222222222,0.0,-1.4809843220475034,0,1
-1.8377883046032708,0.0,1,-0.4668695745617363,1,0.0,-2.476644085611099,-0.4668695745617363,0.13314678911561498,-0.20278910554807467,0.0,0.8387799564270153,0.06283747218401088,0.2830399071466619,0.6999923241170234,-0.2844958199592799,0.0,0.0,0.0,-1.4809843220475034,1,0
-0.06870568728263411,0.0,0,0.0836315540568891,1,0.25,-2.476644085611099,0.083631554056889,0.27306000859955715,0.04935568636988595,0.05555555555555555,5.132897603485839,-2.4349041406302154,-1.2013715244496062,1.8373853869087895,-0.2539278885601141,0.0,0.0,0.0,0.3685755581971507,0,1
-1.8377883046032708,0.0,0,-0.1916190102524235,0,0.125,-2.476644085611099,-0.1916190102524236,-1.2558335710649353,-1.1178797151243318,0.027777777777777776,0.39215686274509803,-2.4349041406302154,0.14823331308305032,0.3871513198050401,-0.2420405106345698,0.0,0.2222222222222222,0.0,-1.4809843220475034,0,1
-0.20095026538409644,0.0,0,-0.1916190102524235,1,0.125,-0.08534635739684174,-0.1916190102524236,0.1812882605018963,-0.38723347658436796,0.027777777777777776,1.0479302832244008,-2.4349041406302154,-1.4978381506157068,0.8111528623165425,-0.2539279496957324,0.0,0.2222222222222222,0.0,0.06684590165054824,0,1
-1.8377883046032708,0.3333333333333333,0,1.4598843756034523,0,0.25,0.16869886832993028,1.4598843756034523,-0.015781955055106312,-0.11740473814974728,0.19444444444444442,-0.23529411764705882,-2.4349041406302154,-0.020363180020070946,-0.7891132362483021,0.60705576978589,0.3333333333333333,0.2222222222222222,0.3333333333333333,0.3057862080103784,0,1
0.47089929258657703,0.1111111111111111,1,-0.4668695745617363,1,0.0,0.5608737646357244,-0.4668695745617363,0.41445291328806366,1.2009126299718649,0.0,1.7799564270152506,0.61362120221367,0.46535165651756244,1.1095988810204689,-0.2844958199592799,0.1111111111111111,0.1111111111111111,0.1111111111111111,0.5986575069612913,1,0
0.1273130163008277,0.1111111111111111,0,0.0836315540568891,1,0.25,-2.476644085611099,0.083631554056889,-0.07972466956477688,-0.19226201106640653,0.05555555555555555,-0.25925925925925924,0.2324632635633931,-0.020363180020070946,-0.9531238224996238,0.0211779919147679,0.3333333333333333,0.1111111111111111,0.1111111111111111,-0.07843085670165796,0,1
0.059422140805677856,0.3333333333333333,1,0.0836315540568891,0,0.25,0.010116647877189683,0.083631554056889,0.5691306282876037,0.6946081673292694,0.05555555555555555,0.5577342047930284,-2.4349041406302154,0.11179153850512884,0.5191192900072952,-0.2080762207197047,0.0,0.0,0.0,0.1610903573620914,0,1
0.241825690943393,0.0,1,-0.1916190102524235,0,0.125,0.20296914842006247,-0.1916190102524236,0.1817661040778235,0.5248940676770498,0.027777777777777776,3.1721132897603486,0.3961928651057287,0.319027681943825,1.486110633212629,-0.265390872387256,0.0,0.2222222222222222,0.0,0.2922278028762246,0,1
-1.8377883046032708,0.0,1,-0.1916190102524235,0,0.125,-2.476644085611099,-0.1916190102524236,-1.2558335710649353,-5.028059896155144,0.027777777777777776,0.0,-2.4349041406302154,-1.4978381506157068,-0.0875094222424097,-0.2208130328678629,0.0,0.2222222222222222,0.0,-1.4809843220475034,0,1
0.19334175121249722,0.3333333333333333,0,0.6341326826755145,1,0.25,0.33742708388807957,0.6341326826755145,0.10854127650719715,0.26755887628083247,0.1111111111111111,0.0,-2.4349041406302154,0.272386000952281,-0.0875094222424097,-0.0297646715936118,0.1111111111111111,0.3333333333333333,0.1111111111111111,0.24833870910986947,0,1
-1.8377883046032708,0.1111111111111111,1,-0.4668695745617363,1,0.0,-2.476644085611099,-0.4668695745617363,0.20178334479930826,-0.2566217529609218,0.0,-0.25925925925925924,0.27033223006329665,-1.4978381506157068,-0.9531238224996238,-0.2844958199592799,0.1111111111111111,0.1111111111111111,0.0,-0.3312611711923831,1,0
0.07824744290209906,0.3333333333333333,1,0.9093832469848272,1,0.25,-2.476644085611099,0.9093832469848272,0.05693515131531388,-0.2989254434999257,0.1388888888888889,-0.29411764705882354,0.0096341289758159,-0.020363180020070946,-1.3723900433022265,0.9891280815368592,0.3333333333333333,0.2222222222222222,0.1111111111111111,-0.011697378387615939,0,1
0.3314537720242779,0.0,1,-0.4668695745617363,0,0.0,0.3393374357004491,-0.4668695745617363,-0.26053029706890873,0.07033401112928495,0.0,0.5577342047930284,-0.09161540606706751,-0.5108694033197995,0.5191192900072952,-0.2844958199592799,0.1111111111111111,0.0,0.0,-0.036978175257168934,1,0
-0.14386638314896705,0.3333333333333333,1,3.1113877614593286,1,0.375,-2.476644085611099,3.111387761459329,0.4805240422790004,0.22279254580123545,0.3611111111111111,-0.29411764705882354,-2.4349041406302154,-1.4978381506157068,-1.3723900433022265,3.026926323930682,0.3333333333333333,0.3333333333333333,0.3333333333333333,-1.4809843220475034,0,1
0.38334477082455437,0.1111111111111111,1,0.0836315540568891,0,0.25,-2.476644085611099,0.083631554056889,-1.2558335710649353,-0.08054693553681223,0.05555555555555555,-0.29411764705882354,-0.18809120646124725,-1.4978381506157068,-1.3723900433022265,0.2249537406391757,0.1111111111111111,0.1111111111111111,0.0,0.1826821390215911,0,1
-0.09533845464392833,0.0,1,-0.4668695745617363,1,0.0,-0.18047314591531022,-0.4668695745617363,-0.10089754224503887,-0.45723540580071587,0.0,-0.09586056644880174,-0.19989679268035127,0.0866461738814739,-0.2847917733012345,-0.2844958199592799,0.0,0.0,0.0,-0.13115135523840257,1,0
-1.8377883046032708,0.3333333333333333,1,1.4598843756034523,0,0.25,0.2637189492662903,1.4598843756034523,0.1812882605018963,-0.08513008977797318,0.19444444444444442,7.529411764705882,-2.4349041406302154,0.066276523690121,2.140314080450793,-0.1953393236596071,0.3333333333333333,0.2222222222222222,0.3333333333333333,0.11363053313180634,0,1
-0.21749787014544092,0.1111111111111111,0,-0.4668695745617363,1,0.0,0.034791834629782185,-0.4668695745617363,-0.1026345547097686,-0.26392732643442585,0.0,-0.23529411764705882,0.004776175070544459,-0.06564077290971382,-0.7891132362483021,-0.2844958199592799,0.1111111111111111,0.1111111111111111,0.1111111111111111,0.11363053313180634,1,0
-1.8377883046032708,0.0,1,-0.4668695745617363,1,0.0,0.3984783081391995,-0.4668695745617363,0.18283662347702082,0.2339198511431092,0.0,-0.25925925925925924,0.07761207039063552,0.21839244898306953,-0.9531238224996238,-0.2844958199592799,0.0,0.0,0.1111111111111111,0.1552404113136291,1,0
-1.8377883046032708,0.3333333333333333,0,0.6341326826755145,0,0.25,-2.476644085611099,0.6341326826755145,-1.2558335710649353,-5.028059896155144,0.1111111111111111,2.5098039215686274,-2.4349041406302154,-1.4978381506157068,1.3273719327921307,-0.1995849654476854,0.0,0.3333333333333333,0.0,-1.4809843220475034,0,1
-1.8377883046032708,0.3333333333333333,1,2.836137197150016,0,0.375,-0.060200737786788555,2.8361371971500167,-0.0346731798337947,0.07620860033444504,0.3333333333333333,-0.30501089324618735,-0.2131146983687719,0.3236529324331165,-1.666848273078999,4.300473811813412,0.3333333333333333,0.2222222222222222,0.3333333333333333,0.3057862080103784,0,1
0.07824744290209906,0.1111111111111111,0,0.0836315540568891,1,0.25,0.0,0.083631554056889,0.27295236848406923,0.07620860033444504,0.05555555555555555,-0.05010893246187364,0.13997425265217076,-0.12946365119646047,-0.1828566844305228,-0.1455516624742182,0.1111111111111111,0.3333333333333333,0.1111111111111111,-0.031672403407900916,0,1
0.29273637586647333,0.1111111111111111,0,0.6341326826755145,0,0.25,0.04100729664780695,0.6341326826755145,-1.2558335710649353,0.021635238753081053,0.1111111111111111,-0.25925925925925924,-0.055328505690014525,-1.4978381506157068,-0.9531238224996238,0.3268518037888158,0.1111111111111111,0.1111111111111111,0.1111111111111111,0.2580399564234637,0,1
-0.003983222360322002,0.0,0,0.0836315540568891,1,0.25,0.8765921124320298,0.083631554056889,-0.5239568352174591,0.5831162399186202,0.05555555555555555,-0.13725490196078433,-0.08325689347365932,-0.3103073926830859,-0.3945035917891138,-0.1146755261012753,0.0,0.0,0.0,-1.4809843220475034,0,1
0.21925214039343546,0.3333333333333333,0,2.836137197150016,1,0.25,0.21961315785587668,2.8361371971500167,0.21400316754995638,0.422287058427118,0.3333333333333333,0.11328976034858387,0.47132720481592627,0.2534171714435722,0.0869332819236188,0.3705279127646692,0.3333333333333333,0.3333333333333333,0.3333333333333333,-1.4809843220475034,0,1
-0.09533845464392833,0.1111111111111111,0,0.0836315540568891,1,0.25,-0.1927351616237806,0.083631554056889,-0.9669557417118418,-0.330379765470599,0.05555555555555555,0.5577342047930284,0.04085427400563852,-0.017603716370037173,0.5191192900072952,-0.2080762207197047,0.3333333333333333,0.1111111111111111,0.1111111111111111,0.1155091639209971,0,1
-1.8377883046032708,0.3333333333333333,1,0.3588821183662018,1,0.25,-0.1817426619124658,0.3588821183662018,-1.2558335710649353,-1.6133511214249472,0.08333333333333333,-0.23529411764705882,-2.4349041406302154,-1.4978381506157068,-0.7891132362483021,0.0975977185029357,0.1111111111111111,0.2222222222222222,0.1111111111111111,-1.4809843220475034,0,1
0.21925214039343546,0.3333333333333333,1,3.661888890077954,0,0.5,0.034791834629782185,3.6618888900779543,-0.015781955055106312,-0.15133418564170553,0.41666666666666663,-0.29411764705882354,0.13997425265217076,-1.4978381506157068,-1.3723900433022265,3.536375884529138,0.3333333333333333,0.3333333333333333,0.3333333333333333,-1.4809843220475034,0,1
0.35508346069795704,0.3333333333333333,0,0.9093832469848272,1,0.25,-2.476644085611099,0.9093832469848272,0.27295236848406923,0.5685411528165828,0.1388888888888889,0.11328976034858387,0.4123958978726874,0.3320388515893662,0.0869332819236188,-0.0115692646576344,0.3333333333333333,0.2222222222222222,0.1111111111111111,0.3057862080103784,0,1
-0.18614051716160288,0.0,0,-0.1916190102524235,1,0.125,-2.476644085611099,-0.1916190102524236,-1.2558335710649353,-1.8722807884914032,0.027777777777777776,0.2440087145969499,-2.4349041406302154,-1.4978381506157068,0.2439439807007004,-0.2367336301369842,0.0,0.2222222222222222,0.0,-1.4809843220475034,0,1
-0.5731154061779113,0.0,1,0.0836315540568891,0,0.25,-0.3454658624929588,0.083631554056889,-1.2558335710649353,-1.2767658946423928,0.05555555555555555,-0.05010893246187364,-0.5828964244887175,-0.11836979463649565,-0.1828566844305228,-0.1455516624742182,0.0,0.0,0.0,-1.4809843220475034,0,1
-0.09634369408832952,0.1111111111111111,0,1.7351349399127651,0,0.25,0.034791834629782185,1.7351349399127654,-1.2558335710649353,-0.22490377837556208,0.2222222222222222,-0.09586056644880174,0.18953232746223397,-1.4978381506157068,-0.2847917733012345,0.3268579172039191,0.3333333333333333,0.1111111111111111,0.3333333333333333,0.11363053313180634,0,1
0.5860216664245851,0.1111111111111111,0,0.0836315540568891,0,0.25,0.40848518902867414,0.083631554056889,0.2237050635851947,0.7019764678794237,0.05555555555555555,0.2440087145969499,0.27033223006329665,-1.4978381506157068,0.2439439807007004,-0.1889714403146885,0.1111111111111111,0.1111111111111111,0.1111111111111111,0.3057862080103784,0,1
0.35415768402366693,0.0,0,-0.4668695745617363,0,0.0,0.575301608427886,-0.4668695745617363,0.19520828654665148,0.7243252849199471,0.0,0.17647058823529413,0.5560626821572658,0.21923027754021632,0.1673597344439074,-0.2844958199592799,0.0,0.0,0.0,0.13179631348480716,1,0
0.12376276808084535,0.3333333333333333,0,0.9093832469848272,1,0.25,-0.043881809452999555,0.9093832469848272,0.14857534644596138,-0.2926893565317833,0.1388888888888889,-0.30501089324618735,-2.4349041406302154,-1.4978381506157068,-1.666848273078999,1.6259081932793418,0.1111111111111111,0.2222222222222222,0.1111111111111111,0.006539905894159156,0,1
0.4086526016896813,0.0,0,-0.4668695745617363,0,0.0,0.6677770566671215,-0.4668695745617363,-1.2558335710649353,0.5591454334317952,0.0,5.132897603485839,-0.31818782496718123,0.36508116564535387,1.8373853869087895,-0.2844958199592799,0.0,0.0,0.0,-1.4809843220475034,1,0
-0.09634369408832952,0.1111111111111111,0,0.0836315540568891,0,0.25,-0.060200737786788555,0.083631554056889,-0.015781955055106312,-0.22490377837556208,0.05555555555555555,-0.25925925925925924,0.0096341289758159,0.12776328546361485,-0.9531238224996238,0.0211779919147679,0.1111111111111111,0.1111111111111111,0.3333333333333333,-0.031672403407900916,0,1
-0.7063671058027888,0.3333333333333333,0,0.6341326826755145,1,0.25,-1.3757132662584144,0.6341326826755145,-1.2558335710649353,-3.039732444499388,0.1111111111111111,0.5577342047930284,-2.4349041406302154,-1.4978381506157068,0.5191192900072952,-0.1316566214801296,0.3333333333333333,0.0,0.0,-1.4809843220475034,0,1
-0.06467616788376504,0.3333333333333333,0,0.3588821183662018,0,0.25,-0.11230678732209605,0.3588821183662018,-0.015781955055106312,-0.7206517656209128,0.08333333333333333,-0.3115468409586057,-2.0816009388130823,-0.28164738747805435,-2.102083711231995,2.00787438314755,0.1111111111111111,0.2222222222222222,0.1111111111111111,-0.2802961560058283,0,1
-1.8377883046032708,0.3333333333333333,1,1.4598843756034523,1,0.25,-2.476644085611099,1.4598843756034523,-1.2558335710649353,-1.181084203433356,0.19444444444444442,0.11328976034858387,0.0096341289758159,-1.4978381506157068,0.0869332819236188,0.0976013574630238,0.3333333333333333,0.2222222222222222,0.3333333333333333,-1.4809843220475034,0,1
-0.1664353307606559,0.1111111111111111,0,0.0836315540568891,0,0.25,-0.060200737786788555,0.083631554056889,-0.015781955055106312,-0.4624510691281459,0.05555555555555555,-0.30501089324618735,0.04720831055057763,-1.4978381506157068,-1.666848273078999,0.4796657853361687,0.1111111111111111,0.1111111111111111,0.1111111111111111,-0.20844201369032536,0,1
0.2139407496668845,0.3333333333333333,1,0.0836315540568891,1,0.25,-0.08180262161684389,0.083631554056889,-0.018674100402803866,-0.4758434306326321,0.05555555555555555,-0.29411764705882354,-2.4349041406302154,-1.4978381506157068,-1.3723900433022265,0.2249537406391757,0.0,0.0,0.1111111111111111,-1.4809843220475034,1,0
0.21693762467329758,0.0,0,-0.1916190102524235,1,0.125,1.4054919579711969,-0.1916190102524236,0.2734899247025713,1.7112246306259045,0.027777777777777776,5.132897603485839,0.24221667337973915,0.27859911863682435,1.8373853869087895,-0.269211854259697,0.0,0.2222222222222222,0.1111111111111111,0.537603969190793,0,1
0.48430554952899757,0.1111111111111111,0,0.0836315540568891,0,0.25,0.2667602624135381,0.083631554056889,0.2593495538234487,0.5690806545120546,0.05555555555555555,0.3159041394335512,0.3651263004397972,-1.0054177432868876,0.3170934418812415,-0.1945904884170285,0.1111111111111111,0.1111111111111111,0.1111111111111111,0.2297794276936814,0,1
0.5379626535004753,0.3333333333333333,0,0.0836315540568891,1,0.25,0.8598308439594233,0.083631554056889,-0.4501687353941381,1.0658963762303773,0.05555555555555555,4.917211328976035,-2.4349041406302154,0.5279679604426744,1.8047152235915511,-0.2533040544985681,0.0,0.0,0.1111111111111111,0.45117298070474154,0,1
-0.3332952455651344,0.1111111111111111,0,-0.4668695745617363,0,0.0,-0.13167688817692955,-0.4668695745617363,-0.1845109244123129,-0.4267761275333444,0.0,0.054466230936819175,0.18916469045942222,-0.22139741587053635,0.0021753538983214,-0.2844958199592799,0.1111111111111111,0.1111111111111111,0.0,-0.22887460301959633,0,1
0.33854949485464947,0.0,1,-0.1916190102524235,0,0.125,-2.476644085611099,-0.1916190102524236,-1.2558335710649353,0.002101764605846457,0.027777777777777776,0.6470588235294118,-0.04449821926770301,0.28070039288111925,0.5814972662319737,-0.2481055259427889,0.0,0.2222222222222222,0.0,-0.1454322878097882,0,1
-1.8377883046032708,0.0,1,1.7351349399127651,1,0.25,-0.8921574195960921,1.7351349399127654,-0.517973284904083,-1.9788579444882053,0.2222222222222222,-0.29411764705882354,-0.5455826219529935,-1.4978381506157068,-1.3723900433022265,1.7533024224345426,0.3333333333333333,0.0,0.3333333333333333,-0.6186091650643002,0,1
-0.13756071473022283,0.0,1,-0.1916190102524235,0,0.125,0.24642857410279442,-0.1916190102524236,-1.2558335710649353,1.6002880860425859,0.027777777777777776,0.5577342047930284,1.3112530504423188,-1.4978381506157068,0.5191192900072952,-0.2462860203394923,0.0,0.2222222222222222,0.0,0.5342147155004714,0,1
-1.8377883046032708,0.0,1,0.6341326826755145,0,0.25,-2.476644085611099,0.6341326826755145,0.24956328083968468,-0.25703004761677484,0.1111111111111111,1.0479302832244008,0.038218272089715656,0.06938823219042077,0.8111528623165425,-0.16222433890509,0.3333333333333333,0.0,0.1111111111111111,-1.4809843220475034,0,1
-1.8377883046032708,0.0,1,-0.1916190102524235,0,0.125,-2.476644085611099,-0.1916190102524236,-1.2558335710649353,-0.4358104464957908,0.027777777777777776,-0.09586056644880174,-2.4349041406302154,-1.4978381506157068,-0.2847917733012345,-0.20807660281388,0.0,0.2222222222222222,0.0,0.3501923138969217,0,1
0.1792297309204131,0.0,0,-0.4668695745617363,0,0.0,-0.5123298419798108,-0.4668695745617363,-1.2558335710649353,-0.5534330453880661,0.0,-0.3115468409586057,-0.37610881610861485,0.019125198902278005,-2.102083711231995,-0.2844958199592799,0.0,0.0,0.0,-1.4809843220475034,1,0
0.07824744290209906,0.1111111111111111,1,0.6341326826755145,0,0.25,0.16869886832993028,0.6341326826755145,-0.015781955055106312,-0.18709733753227867,0.1111111111111111,-0.20697167755991286,0.0096341289758159,-1.4978381506157068,-0.6440902286753902,0.1521835494072796,0.1111111111111111,0.1111111111111111,0.3333333333333333,-0.031672403407900916,0,1
0.3712698683521392,0.0,0,-0.4668695745617363,1,0.0,0.2895985300192899,-0.4668695745617363,0.10854127650719715,1.136796497630734,0.0,0.11328976034858387,-0.09107446653479219,0.8111288595264408,0.0869332819236188,-0.2844958199592799,0.0,0.0,0.0,0.23098125874457032,1,0
0.39393321331111475,0.1111111111111111,0,-0.4668695745617363,0,0.0,0.5315972218020605,-0.4668695745617363,0.27295236848406923,0.7659218601633497,0.0,0.3159041394335512,0.38856701644178904,0.24739437221879784,0.3170934418812415,-0.2844958199592799,0.1111111111111111,0.1111111111111111,0.1111111111111111,0.37635904418299726,1,0
-1.8377883046032708,0.3333333333333333,0,2.0103855042220777,1,0.375,0.1795287835743337,2.010385504222078,0.10854127650719715,-0.4715373574182541,0.25,-0.30501089324618735,-2.4349041406302154,-0.21599673831435315,-1.666848273078999,3.154231403870239,0.3333333333333333,0.4444444444444444,0.3333333333333333,-0.24913711197965666,0,1
0.42758709717101306,0.1111111111111111,0,-0.4668695745617363,1,0.0,0.33742708388807957,-0.4668695745617363,0.232909330105537,1.0899067452683302,0.0,0.0,0.9299389832772492,0.3236529324331165,-0.0875094222424097,-0.2844958199592799,0.1111111111111111,0.0,0.1111111111111111,0.3057862080103784,1,0
-0.09634369408832952,0.0,1,-0.4668695745617363,0,0.0,-0.39330356884437706,-0.4668695745617363,0.10881017526490083,-0.3124044854302929,0.0,0.054466230936819175,0.13997425265217076,-0.04358461395942979,0.0021753538983214,-0.2844958199592799,0.0,0.0,0.0,-1.4809843220475034,1,0
-1.8377883046032708,0.1111111111111111,0,0.6341326826755145,0,0.25,-0.04619445169806665,0.6341326826755145,0.18803789901264062,-0.043618905808201526,0.1111111111111111,0.3159041394335512,-2.4349041406302154,0.3797510958821628,0.3170934418812415,-0.1046851568747772,0.0,0.1111111111111111,0.3333333333333333,-1.4809843220475034,0,1
-1.8377883046032708,0.1111111111111111,0,1.7351349399127651,1,0.25,-0.1940527750620471,1.7351349399127654,-1.2558335710649353,-0.353312973572868,0.2222222222222222,-0.29411764705882354,0.13997425265217076,-0.020363180020070946,-1.3723900433022265,1.7533024224345426,0.3333333333333333,0.1111111111111111,0.3333333333333333,0.11363053313180634,0,1
-1.8377883046032708,0.0,1,0.6341326826755145,0,0.25,-2.476644085611099,0.6341326826755145,0.3944525623176883,0.5976018985922051,0.1111111111111111,0.6470588235294118,0.2678217533549241,0.45648474531983724,0.5814972662319737,-0.1389346438933157,0.3333333333333333,0.0,0.3333333333333333,0.33889539922002226,0,1
0.6456163668549717,0.1111111111111111,0,-0.4668695745617363,0,0.0,0.7784856885019996,-0.4668695745617363,0.8428372211067278,1.9121431464457619,0.0,1.159041394335512,0.7338225244622574,0.6201088676968384,0.8643003776574393,-0.2844958199592799,0.1111111111111111,0.1111111111111111,0.1111111111111111,0.5752018820197092,1,0
0.42783900320732504,0.1111111111111111,1,-0.4668695745617363,0,0.0,0.5370577548417982,-0.4668695745617363,0.35076636680614964,0.9606094123210508,0.0,0.9411764705882353,0.5307939763978908,0.4241497408825051,0.7564222381735122,-0.2844958199592799,0.1111111111111111,0.1111111111111111,0.1111111111111111,0.4046032247727056,1,0
-0.5010189380442357,0.3333333333333333,0,0.3588821183662018,1,0.25,-0.1836561294138805,0.3588821183662018,0.10854127650719715,-0.40059319825406237,0.08333333333333333,-0.25925925925925924,-2.4349041406302154,-0.28827338803362773,-0.9531238224996238,0.1740148978517919,0.1111111111111111,0.2222222222222222,0.1111111111111111,0.19865366409457927,0,1
0.48685849286680244,0.1111111111111111,1,-0.4668695745617363,1,0.0,0.49342979186808666,-0.4668695745617363,0.875795442924334,1.8272989532069055,0.0,0.7407407407407407,0.5270853668270672,0.36284997966396115,0.6417328970763176,-0.2844958199592799,0.1111111111111111,0.1111111111111111,0.1111111111111111,0.47091710672943515,1,0
0.030698616631191496,0.2222222222222222,1,2.2856360685313906,0,0.25,-2.476644085611099,2.2856360685313915,0.0032546655521961104,-0.004725587036236798,0.2777777777777778,-0.25925925925925924,0.42047010155206693,-0.03267480749045036,-0.9531238224996238,1.2438732394109595,0.3333333333333333,0.2222222222222222,0.3333333333333333,-0.03870476143310599,0,1
-1.8377883046032708,0.0,1,-0.1916190102524235,1,0.125,-2.476644085611099,-0.1916190102524236,-1.2558335710649353,-0.6483855839092907,0.027777777777777776,1.159041394335512,-2.4349041406302154,0.12561504574504498,0.8643003776574393,-0.2551036324917042,0.0,0.2222222222222222,0.0,0.16042040378299907,0,1
0.6292158782021846,0.0,0,0.0836315540568891,1,0.25,0.07412799133137572,0.083631554056889,-1.2558335710649353,0.6177078596285465,0.05555555555555555,-0.20697167755991286,0.02653912371846649,0.4296903478203643,-0.6440902286753902,-0.0661561352760001,0.0,0.3333333333333333,0.0,-1.4809843220475034,0,1
0.07824744290209906,0.1111111111111111,1,-0.4668695745617363,0,0.0,0.034791834629782185,-0.4668695745617363,-0.015781955055106312,-0.15133418564170553,0.0,-0.20697167755991286,0.08136281572751122,-0.020363180020070946,-0.6440902286753902,-0.2844958199592799,0.1111111111111111,0.1111111111111111,0.1111111111111111,-0.031672403407900916,1,0
-0.08143302588283054,0.1111111111111111,1,-0.4668695745617363,0,0.0,0.2956512045689566,-0.4668695745617363,-0.007546225712777239,-0.0784231002725856,0.0,-0.25925925925925924,0.005428157925765442,-0.00530978777127908,-0.9531238224996238,-0.2844958199592799,0.1111111111111111,0.1111111111111111,0.1111111111111111,-0.02224715056121111,1,0
0.2504324671835559,0.0,1,-0.4668695745617363,1,0.0,0.6313915283609538,-0.4668695745617363,-0.15888698769050652,0.9081264286359849,0.0,0.11328976034858387,0.8236345326520305,0.21936959706675893,0.0869332819236188,-0.2844958199592799,0.0,0.0,0.0,0.14348228372656133,1,0
-1.8377883046032708,0.0,1,0.9093832469848272,1,0.25,-2.476644085611099,0.9093832469848272,-0.04178463181474268,0.3045896042969509,0.1388888888888889,-0.09586056644880174,-0.724647628070405,0.42026576641823576,-0.2847917733012345,0.0976002657677195,0.3333333333333333,0.2222222222222222,0.3333333333333333,0.45117298070474154,0,1
-0.3534173708971113,0.0,0,0.0836315540568891,0,0.25,-0.5310110321961095,0.083631554056889,-1.2558335710649353,-1.0859718690169262,0.05555555555555555,0.3159041394335512,-0.5410973270256719,-0.2384694125069342,0.3170934418812415,-0.1945904884170285,0.0,0.3333333333333333,0.0,-0.06085535302542331,0,1
0.11400702161742059,0.3333333333333333,1,0.9093832469848272,1,0.25,-2.476644085611099,0.9093832469848272,0.1380836507292882,0.13177288105305968,0.1388888888888889,1.5185185185185186,-0.10500025033056164,0.3835010400313833,1.0152348983243975,-0.1527376857846195,0.3333333333333333,0.2222222222222222,0.1111111111111111,0.10243392013942088,0,1
0.05531678203400171,0.3333333333333333,1,0.3588821183662018,0,0.25,0.002194083094437453,0.3588821183662018,0.008185579544304504,-0.38972420897950666,0.08333333333333333,-0.29411764705882354,-2.4349041406302154,-0.04192405291530618,-1.3723900433022265,0.4796785209384036,0.1111111111111111,0.2222222222222222,0.1111111111111111,-0.04463918961361936,0,1
0.8820489057472813,0.0,1,0.0836315540568891,0,0.25,-2.476644085611099,0.083631554056889,0.1812882605018963,1.054542487681199,0.05555555555555555,1.2745098039215685,0.04433566587405043,0.12776328546361485,0.9159689132265976,-0.2278886360321305,0.3333333333333333,0.0,0.0,0.19865366409457927,1,0
0.0011998963129254798,0.0,0,0.0836315540568891,0,0.25,-2.476644085611099,0.083631554056889,0.05367709416076842,-0.18584911822890804,0.05555555555555555,2.5098039215686274,0.1530979290812945,0.06239467084104346,1.3273719327921307,-0.2420403927034826,0.3333333333333333,0.0,0.0,0.04950794955987753,0,1
0.005775291400744047,0.1111111111111111,0,-0.4668695745617363,1,0.0,0.034791834629782185,-0.4668695745617363,-0.015781955055106312,-0.2567850406009787,0.0,-0.25925925925925924,-0.08282810616588625,0.018591671476249207,-0.9531238224996238,-0.2844958199592799,0.1111111111111111,0.0,0.1111111111111111,-0.053751546627400455,1,0
0.07824744290209906,0.0,1,2.836137197150016,0,0.625,-2.476644085611099,2.8361371971500167,0.1812882605018963,0.003205276774789403,0.3333333333333333,0.11328976034858387,0.13997425265217076,0.12776328546361485,0.0869332819236188,0.3705279127646692,0.4444444444444444,0.0,0.3333333333333333,0.11363053313180634,0,1
-0.15890070935304007,0.0,0,-0.4668695745617363,0,0.0,-0.27604912372276585,-0.4668695745617363,-0.06032768875422031,-0.740022176188871,0.0,-0.30501089324618735,-0.5154248908491185,-0.07343775025371661,-1.666848273078999,-0.2844958199592799,0.0,0.0,0.0,-0.22887460301959633,0,1
0.1935012850511174,0.0,1,0.0836315540568891,1,0.25,-0.3985778397275008,0.083631554056889,0.17881914410368577,-0.34495772558977633,0.05555555555555555,0.0,-0.5670610812666722,-0.5108694033197995,-0.0875094222424097,-0.1571302457764458,0.0,0.0,0.0,-1.4809843220475034,1,0
0.3113932332565499,0.1111111111111111,1,-0.4668695745617363,1,0.0,0.33742708388807957,-0.4668695745617363,0.27295236848406923,1.0718686890677462,0.0,1.6470588235294117,0.8803671307111754,0.4779362787432158,1.0629938337787594,-0.2844958199592799,0.1111111111111111,0.1111111111111111,0.0,0.3057862080103784,1,0
0.13446858275768922,0.1111111111111111,0,-0.4668695745617363,0,0.0,-0.038891540158578077,-0.4668695745617363,-0.042407500758598164,-0.27273488336367613,0.0,-0.30501089324618735,-0.14167529678387816,-0.020363180020070946,-1.666848273078999,-0.2844958199592799,0.1111111111111111,0.1111111111111111,0.1111111111111111,-0.10760598866112799,0,1
-1.8377883046032708,0.3333333333333333,1,2.5608866328407034,1,0.25,0.45788174772413515,2.560886632840704,-1.2558335710649353,0.13746831277704066,0.3055555555555555,0.0,-2.4349041406302154,0.3320388515893662,-0.0875094222424097,0.4160148380463074,0.3333333333333333,0.2222222222222222,0.3333333333333333,0.14293598384450348,0,1
0.2529015249281053,0.1111111111111111,1,-0.4668695745617363,0,0.0,0.356674874839011,-0.4668695745617363,0.17972642431954644,0.5342028937211194,0.0,1.5185185185185186,0.38856701644178904,0.3236529324331165,1.0152348983243975,-0.2844958199592799,0.1111111111111111,0.1111111111111111,0.1111111111111111,0.19865366409457927,1,0
0.42400176759450015,0.1111111111111111,1,-0.4668695745617363,1,0.0,0.5315972218020605,-0.4668695745617363,0.30567126224700725,0.8272054012916439,0.0,0.7407407407407407,0.49675913479274253,0.31492470755012675,0.6417328970763176,-0.2844958199592799,0.1111111111111111,0.1111111111111111,0.1111111111111111,0.3015489596095801,1,0
-1.8377883046032708,0.0,1,-0.1916190102524235,0,0.125,-2.476644085611099,-0.1916190102524236,-1.2558335710649353,-5.028059896155144,0.027777777777777776,-0.05010893246187364,-2.4349041406302154,-1.4978381506157068,-0.1828566844305228,-0.215023741216749,0.0,0.2222222222222222,0.0,-1.4809843220475034,0,1
0.044894797107469984,0.3333333333333333,1,0.6341326826755145,0,0.25,0.37320699507208765,0.6341326826755145,0.11479959865018789,0.06980871900860178,0.1111111111111111,-0.17429193899782136,-2.4349041406302154,0.12776328546361485,-0.5135592262370264,0.0975993105394455,0.0,0.3333333333333333,0.0,0.10021048611729469,0,1
0.483827131156964,0.3333333333333333,1,0.9093832469848272,0,0.25,0.33742708388807957,0.9093832469848272,0.44967299456374094,0.7135562822115953,0.1388888888888889,-0.25925925925925924,-2.4349041406302154,-1.4978381506157068,-0.9531238224996238,0.4796887097258397,0.1111111111111111,0.2222222222222222,0.1111111111111111,0.3679215067788623,0,1
0.34697370995366633,0.0,1,2.2856360685313906,1,0.25,0.960842101011953,2.2856360685313915,0.18688213270627943,1.2266542306686041,0.2777777777777778,-0.29411764705882354,0.9110169982361035,0.039766003408195714,-1.3723900433022265,2.2627519830329987,0.3333333333333333,0.3333333333333333,0.3333333333333333,-1.4809843220475034,0,1
-1.8377883046032708,0.3333333333333333,0,1.7351349399127651,1,0.25,-0.31175358898650224,1.7351349399127654,-1.2558335710649353,-0.6309128637305025,0.2222222222222222,-0.30501089324618735,-0.08282810616588625,-0.020363180020070946,-1.666848273078999,2.7721506012225148,0.3333333333333333,0.3333333333333333,0.3333333333333333,0.03885253254617039,0,1
-1.8377883046032708,0.3333333333333333,1,0.9093832469848272,0,0.25,-2.476644085611099,0.9093832469848272,-1.2558335710649353,-5.028059896155144,0.1388888888888889,0.2440087145969499,-2.4349041406302154,-1.4978381506157068,0.2439439807007004,-0.0456848708478014,0.3333333333333333,0.2222222222222222,0.0,-1.4809843220475034,0,1
-0.09634369408832952,0.1111111111111111,1,-0.4668695745617363,0,0.0,0.034791834629782185,-0.4668695745617363,0.2184340260758331,-0.052374696707980596,0.0,3.1721132897603486,0.2324632635633931,-0.4248654346694974,1.486110633212629,-0.2844958199592799,0.0,0.1111111111111111,0.0,-0.3758981148351963,1,0
-1.8377883046032708,0.0,0,-0.1916190102524235,1,0.125,-2.476644085611099,-0.1916190102524236,-1.2558335710649353,-2.871569959132393,0.027777777777777776,-0.30501089324618735,-0.8213949444894436,-1.4978381506157068,-1.666848273078999,0.0975849826884444,0.0,0.2222222222222222,0.0,-1.4809843220475034,0,1
-0.0790706519217759,0.1111111111111111,1,-0.4668695745617363,1,0.0,0.034791834629782185,-0.4668695745617363,-1.2558335710649353,-0.395136393596439,0.0,-0.2788671023965142,0.0096341289758159,0.066276523690121,-1.1433092459291831,-0.2844958199592799,0.1111111111111111,0.1111111111111111,0.1111111111111111,-1.4809843220475034,1,0
-0.029495572980572354,0.1111111111111111,1,0.0836315540568891,1,0.25,-0.018291654946366694,0.083631554056889,-0.07542378996310348,-0.3497326538202877,0.05555555555555555,-0.25925925925925924,-0.0004878267878984854,-0.10273869574514555,-0.9531238224996238,0.0211779919147679,0.1111111111111111,0.3333333333333333,0.1111111111111111,-0.10760598866112799,0,1
-1.8377883046032708,0.0,1,-0.4668695745617363,0,0.0,-2.476644085611099,-0.4668695745617363,-1.2558335710649353,-1.2953246743486406,0.0,-0.23529411764705882,-0.15001522434378067,-1.4978381506157068,-0.7891132362483021,-0.2844958199592799,0.0,0.0,0.0,-0.19206298176002123,1,0
0.13446858275768922,0.3333333333333333,1,0.6341326826755145,1,0.25,0.20017849783525957,0.6341326826755145,0.21838539041987984,1.63961442073625,0.1111111111111111,0.054466230936819175,-2.4349041406302154,0.19800285038346174,0.0021753538983214,-0.0493592245867171,0.1111111111111111,0.3333333333333333,0.1111111111111111,0.9892262215246455,0,1
-0.27080908240809903,0.1111111111111111,1,-0.4668695745617363,0,0.0,0.03495690639527149,-0.4668695745617363,0.10854127650719715,0.15096712107701382,0.0,-0.25925925925925924,0.022086380077491564,0.29743561498149257,-0.9531238224996238,-0.2844958199592799,0.1111111111111111,0.1111111111111111,0.1111111111111111,0.2589858554836899,1,0
0.3091352594538665,0.1111111111111111,0,-0.4668695745617363,0,0.0,0.5664037311873185,-0.4668695745617363,0.19286853421519484,0.7693957905944278,0.0,1.159041394335512,0.5270853668270672,0.3236529324331165,0.8643003776574393,-0.2844958199592799,0.1111111111111111,0.1111111111111111,0.1111111111111111,0.3057862080103784,1,0
-1.8377883046032708,0.0,1,-0.4668695745617363,1,0.0,-2.476644085611099,-0.4668695745617363,-1.2558335710649353,-5.028059896155144,0.0,2.0588235294117645,-2.4349041406302154,-1.4978381506157068,1.199597083727945,-0.2844958199592799,0.0,0.0,0.0,-1.4809843220475034,1,0
0.2315469293437977,0.1111111111111111,0,-0.4668695745617363,0,0.0,-0.063741466990801,-0.4668695745617363,-0.07819491694823603,-0.17428717141321348,0.0,-0.25925925925925924,-0.059485780633246395,-0.0971595410974892,-0.9531238224996238,-0.2844958199592799,0.1111111111111111,0.1111111111111111,0.1111111111111111,-0.031672403407900916,0,1
0.07862506612869025,0.1111111111111111,0,-0.4668695745617363,0,0.0,0.03313656497630993,-0.4668695745617363,0.11678102861398539,0.12189379548264592,0.0,0.8387799564270153,0.23898758815481372,0.1355292538194705,0.6999923241170234,-0.2844958199592799,0.1111111111111111,0.1111111111111111,0.1111111111111111,0.1253530818337242,1,0
-0.0723423737244373,0.1111111111111111,1,0.0836315540568891,1,0.25,-2.476644085611099,0.083631554056889,0.0013089566649129294,-0.22257346340321077,0.05555555555555555,-0.25925925925925924,0.24274617508114593,0.018591671476249207,-0.9531238224996238,0.0211779919147679,0.3333333333333333,0.1111111111111111,0.1111111111111111,-0.031672403407900916,1,0
-1.8377883046032708,0.1111111111111111,1,-0.4668695745617363,0,0.0,-2.476644085611099,-0.4668695745617363,-1.2558335710649353,-1.624862480191563,0.0,0.2440087145969499,-0.20675266233542738,-1.4978381506157068,0.2439439807007004,-0.2844958199592799,0.1111111111111111,0.1111111111111111,0.0,-1.4809843220475034,1,0
0.6380079015675219,0.1111111111111111,1,0.0836315540568891,1,0.25,-0.22265056867457275,0.083631554056889,-0.11342517568166595,0.3942166787497102,0.05555555555555555,-0.25925925925925924,-0.201442160542091,-1.4978381506157068,-0.9531238224996238,0.0211779919147679,0.0,0.1111111111111111,0.0,-0.10670500358470443,1,0
0.5390177383335322,0.1111111111111111,1,-0.4668695745617363,0,0.0,0.5494586203254689,-0.4668695745617363,0.31697277634271875,0.9334427938965334,0.0,0.9411764705882353,0.45533257435354596,0.36808981498195387,0.7564222381735122,-0.2844958199592799,0.1111111111111111,0.1111111111111111,0.1111111111111111,0.3592929107363523,1,0
-1.8377883046032708,0.0,1,-0.4668695745617363,1,0.0,0.7782247915930556,-0.4668695745617363,-0.30128481327064616,0.5218037763182933,0.0,0.17647058823529413,0.3370668709443834,0.05137949822158888,0.1673597344439074,-0.2844958199592799,0.0,0.0,0.0,-0.42846419375793426,1,0
0.12741668212857143,0.0,0,-0.4668695745617363,0,0.0,-0.11750172346436627,-0.4668695745617363,-1.2558335710649353,-0.17126649565907667,0.0,-0.20697167755991286,0.07236578058149083,-0.04192405291530618,-0.6440902286753902,-0.2844958199592799,0.0,0.0,0.0,0.13275552428340434,1,0
0.3091352594538665,0.0,0,-0.4668695745617363,0,0.0,0.44857565069185484,-0.4668695745617363,0.1812882605018963,1.867355287167458,0.0,0.39215686274509803,1.447695180639514,0.33647441079358265,0.3871513198050401,-0.2844958199592799,0.1111111111111111,0.1111111111111111,0.1111111111111111,0.31753200888343697,1,0
-0.15252708390055125,0.3333333333333333,1,2.0103855042220777,0,0.25,0.19001494244369144,2.010385504222078,0.2237050635851947,-0.20196179438965411,0.25,-0.25925925925925924,-2.4349041406302154,-1.4978381506157068,-0.9531238224996238,1.0910363334739357,0.3333333333333333,0.2222222222222222,0.3333333333333333,-0.031672403407900916,0,1
-1.8377883046032708,0.3333333333333333,0,2.5608866328407034,1,0.25,0.20017849783525957,2.560886632840704,-0.03849868398505948,-0.48442536145988135,0.3055555555555555,-0.25925925925925924,-2.4349041406302154,0.07465860767532255,-0.9531238224996238,1.3967101453479835,0.3333333333333333,0.2222222222222222,0.3333333333333333,-1.4809843220475034,0,1
0.2465214461162724,0.1111111111111111,0,1.7351349399127651,0,0.25,-2.476644085611099,1.7351349399127654,-1.2558335710649353,0.9462178707028631,0.2222222222222222,-0.25925925925925924,0.989335083590372,0.1167995589950884,-0.9531238224996238,0.9381994275369115,0.3333333333333333,0.1111111111111111,0.3333333333333333,0.11363053313180634,0,1
-0.07006330343676226,0.0,1,0.0836315540568891,1,0.25,-2.476644085611099,0.083631554056889,-1.2558335710649353,-0.920011416573317,0.05555555555555555,-0.29411764705882354,-0.013691814979758318,-1.4978381506157068,-1.3723900433022265,0.2249537406391757,0.3333333333333333,0.0,0.0,-1.4809843220475034,1,0
0.07824744290209906,0.1111111111111111,1,0.0836315540568891,0,0.25,0.16869886832993028,0.083631554056889,0.3973473314367822,0.43366215148648424,0.05555555555555555,0.0,0.13997425265217076,0.3236529324331165,-0.0875094222424097,-0.1571302457764458,0.1111111111111111,0.1111111111111111,0.1111111111111111,-1.4809843220475034,1,0
-0.05042906437089462,0.1111111111111111,0,-0.4668695745617363,0,0.0,-0.1531273968091737,-0.4668695745617363,-0.10735048804702164,-0.5441668646080237,0.0,-0.20697167755991286,-0.1787181442116258,-0.12946365119646047,-0.6440902286753902,-0.2844958199592799,0.1111111111111111,0.1111111111111111,0.1111111111111111,-0.1386932439311027,0,1
-1.8377883046032708,0.0,0,0.0836315540568891,1,0.25,-2.476644085611099,0.083631554056889,-1.2558335710649353,-1.2744822128635878,0.05555555555555555,-0.30501089324618735,-0.0358669194180388,-1.4978381506157068,-1.666848273078999,0.4796657853361687,0.3333333333333333,0.0,0.1111111111111111,-1.4809843220475034,1,0
-0.382234881685897,0.0,0,-0.1916190102524235,0,0.125,-0.18429642250527686,-0.1916190102524236,0.332435905739447,0.16468342980391645,0.027777777777777776,2.5098039215686274,-0.3599869224302268,0.342364294601897,1.3273719327921307,-0.2632681063313813,0.0,0.2222222222222222,0.0,-0.05120593414667927,0,1
-0.5359344993877745,0.0,1,-0.1916190102524235,0,0.125,-0.1143749701741846,-0.1916190102524236,-0.015781955055106312,-0.6452943706050502,0.027777777777777776,-0.17429193899782136,0.0181976938418011,-1.4978381506157068,-0.5135592262370264,-0.1889720373345985,0.0,0.2222222222222222,0.0,-1.4809843220475034,0,1
0.39393321331111475,0.1111111111111111,1,-0.4668695745617363,1,0.0,0.4713671374376505,-0.4668695745617363,0.5217512668649608,1.1439180917958176,0.0,0.9411764705882353,0.49320600580578183,0.38372718829020314,0.7564222381735122,-0.2844958199592799,0.1111111111111111,0.1111111111111111,0.1111111111111111,0.564321791648821,1,0
-0.27080908240809903,0.1111111111111111,0,-0.4668695745617363,0,0.0,-0.13387036432829214,-0.4668695745617363,-0.14001564323410587,-0.660295692859604,0.0,-0.25925925925925924,-0.15453537925888908,-0.16838295792244487,-0.9531238224996238,-0.2844958199592799,0.1111111111111111,0.1111111111111111,0.1111111111111111,-0.17687068600338346,0,1
-0.18010065276716106,0.0,1,-0.1916190102524235,0,0.125,0.329470300539376,-0.1916190102524236,0.4013582472465171,0.6325508686122191,0.027777777777777776,2.20479302832244,-0.4086317075071476,0.26413100267328615,1.2431022551165405,-0.26201942096705,0.0,0.2222222222222222,0.0,0.46946110026822474,0,1
-0.25144728730864235,0.0,1,-0.1916190102524235,0,0.125,-0.27604912372276585,-0.1916190102524236,-0.1845109244123129,-0.9978036263532033,0.027777777777777776,2.5098039215686274,-2.4349041406302154,-0.1519560400219154,1.3273719327921307,-0.2632681063313813,0.0,0.2222222222222222,0.0,-0.22887460301959633,0,1
-0.09634369408832952,0.3333333333333333,0,2.836137197150016,0,0.25,-0.31175358898650224,2.8361371971500167,-1.2558335710649353,-0.4125729071515308,0.3333333333333333,-0.23529411764705882,-0.04260204376723723,0.12776328546361485,-0.7891132362483021,1.243878333889583,0.3333333333333333,0.3333333333333333,0.3333333333333333,-0.031672403407900916,0,1
-0.023389270876992854,0.1111111111111111,0,-0.4668695745617363,0,0.0,0.06746516148703824,-0.4668695745617363,-0.2049073722195121,-0.17176898525745374,0.0,-0.17429193899782136,0.08709768911788164,0.15122299849801982,-0.5135592262370264,-0.2844958199592799,0.1111111111111111,0.1111111111111111,0.1111111111111111,-0.15998279834580836,1,0
-1.8377883046032708,0.1111111111111111,1,-0.4668695745617363,1,0.0,0.05090380957037403,-0.4668695745617363,-1.2558335710649353,-0.740022176188871,0.0,-0.25925925925925924,-0.024230948184563922,-1.4978381506157068,-0.9531238224996238,-0.2844958199592799,0.1111111111111111,0.1111111111111111,0.1111111111111111,-1.4809843220475034,1,0
-1.8377883046032708,0.0,1,-0.1916190102524235,1,0.125,-1.4001978830502793,-0.1916190102524236,-1.2558335710649353,0.019809788281362525,0.027777777777777776,-0.29411764705882354,-0.393644495091639,0.3202911690671326,-1.3723900433022265,-0.029771039660052,0.0,0.2222222222222222,0.0,0.36990847713366254,0,1
-1.8377883046032708,0.1111111111111111,1,-0.4668695745617363,1,0.0,-0.18237925388542992,-0.4668695745617363,-1.2558335710649353,-0.9054928865120108,0.0,-0.3115468409586057,0.0096341289758159,-1.4978381506157068,-2.102083711231995,-0.2844958199592799,0.1111111111111111,0.1111111111111111,0.1111111111111111,-1.4809843220475034,1,0
0.005775291400744047,0.3333333333333333,1,2.836137197150016,0,0.25,-2.476644085611099,2.8361371971500167,-1.2558335710649353,-0.5127802940355883,0.3333333333333333,-0.23529411764705882,0.08136281572751122,-1.4978381506157068,-0.7891132362483021,1.243878333889583,0.3333333333333333,0.3333333333333333,0.3333333333333333,0.05331580804312823,0,1
-1.8377883046032708,0.3333333333333333,1,0.3588821183662018,0,0.25,0.6955182013494685,0.3588821183662018,-1.2558335710649353,0.3259204313844374,0.08333333333333333,0.9411764705882353,-2.4349041406302154,0.16503688496419847,0.7564222381735122,-0.1889712413063934,0.1111111111111111,0.2222222222222222,0.1111111111111111,0.15019363780830497,0,1
-1.8377883046032708,0.3333333333333333,1,1.7351349399127651,0,0.25,-0.060200737786788555,1.7351349399127654,-0.05895403495379969,0.23659884965294414,0.2222222222222222,-0.25925925925925924,0.2159720611693672,-0.11972545981448468,-0.9531238224996238,0.9381994275369115,0.3333333333333333,0.3333333333333333,0.3333333333333333,0.4586320272271614,0,1
0.09541117878628168,0.0,1,-0.1916190102524235,1,0.125,-0.055393374599524245,-0.1916190102524236,0.08148469478889588,-0.43902870135613353,0.027777777777777776,0.9411764705882353,-2.4349041406302154,-0.13305191433270314,0.7564222381735122,-0.2526542937416511,0.0,0.2222222222222222,0.0,-0.395136620151503,0,1
-1.8377883046032708,0.0,1,1.4598843756034523,1,0.375,-2.476644085611099,1.4598843756034523,-0.030732519091018897,0.0005592544606783007,0.19444444444444442,-0.25925925925925924,-0.15213444409308702,0.4680482714898197,-0.9531238224996238,0.7853625215998877,0.4444444444444444,0.0,0.3333333333333333,-1.4809843220475034,0,1
-0.0442100781158965,0.1111111111111111,0,0.6341326826755145,1,0.25,-0.018873842113316566,0.6341326826755145,-1.2558335710649353,-0.6016783071305513,0.1111111111111111,-0.3115468409586057,-0.17756548909525025,-1.4978381506157068,-2.102083711231995,2.77199778418316,0.1111111111111111,0.1111111111111111,0.1111111111111111,-0.08890184961600321,0,1
-1.8377883046032708,0.0,0,-0.1916190102524235,0,0.125,-2.476644085611099,-0.1916190102524236,-1.2558335710649353,-5.028059896155144,0.027777777777777776,0.7407407407407407,-2.4349041406302154,-1.4978381506157068,0.6417328970763176,-0.2497596226976441,0.0,0.2222222222222222,0.0,-1.4809843220475034,0,1
-0.0955893889171222,0.0,1,-0.4668695745617363,0,0.0,-2.476644085611099,-0.4668695745617363,-1.2558335710649353,-1.6359212824839382,0.0,2.5098039215686274,-2.4349041406302154,-1.4978381506157068,1.3273719327921307,-0.2844958199592799,0.0,0.0,0.0,-1.4809843220475034,1,0
0.05170390327415423,0.1111111111111111,0,1.7351349399127651,1,0.25,-2.476644085611099,1.7351349399127654,-1.2558335710649353,-0.537270192471432,0.2222222222222222,-0.30501089324618735,0.08136281572751122,-1.4978381506157068,-1.666848273078999,2.7721506012225148,0.3333333333333333,0.1111111111111111,0.3333333333333333,-0.031672403407900916,0,1
-1.8377883046032708,0.0,1,-0.4668695745617363,1,0.0,-2.476644085611099,-0.4668695745617363,-1.2558335710649353,-5.028059896155144,0.0,0.39215686274509803,-2.4349041406302154,-1.4978381506157068,0.3871513198050401,-0.2844958199592799,0.0,0.0,0.0,-1.4809843220475034,1,0
0.07824744290209906,0.3333333333333333,1,2.2856360685313906,0,0.25,-2.476644085611099,2.2856360685313915,0.10854127650719715,-0.4672591174961469,0.2777777777777778,-0.29411764705882354,-0.08282810616588625,-0.22030631418898516,-1.3723900433022265,2.2627519830329987,0.3333333333333333,0.0,0.3333333333333333,-1.4809843220475034,0,1
0.42758709717101306,0.1111111111111111,0,0.6341326826755145,1,0.25,0.35038271872316956,0.6341326826755145,-1.2558335710649353,0.5096811147114922,0.1111111111111111,0.054466230936819175,0.27033223006329665,-1.4978381506157068,0.0021753538983214,-0.0493592245867171,0.1111111111111111,0.1111111111111111,0.1111111111111111,0.4069730460507451,0,1
0.3091352594538665,0.3333333333333333,1,0.3588821183662018,0,0.25,0.25040715413314457,0.3588821183662018,0.27295236848406923,0.5834375328842103,0.08333333333333333,0.39215686274509803,-2.4349041406302154,0.3236529324331165,0.3871513198050401,-0.1571298919851497,0.0,0.2222222222222222,0.1111111111111111,0.45117298070474154,0,1
0.005775291400744047,0.3333333333333333,1,1.4598843756034523,1,0.375,0.06626646218845192,1.4598843756034523,0.13165463094556504,-0.020649574460975,0.19444444444444442,-0.17429193899782136,-2.4349041406302154,0.34788430945442445,-0.5135592262370264,0.3841706584134897,0.1111111111111111,0.4444444444444444,0.1111111111111111,-1.4809843220475034,0,1
-1.8377883046032708,0.3333333333333333,0,0.3588821183662018,1,0.25,-0.08321555804718923,0.3588821183662018,0.2789176782841189,0.9465758657642567,0.08333333333333333,2.5098039215686274,-2.4349041406302154,0.7399979534052225,1.3273719327921307,-0.220812679075584,0.1111111111111111,0.2222222222222222,0.1111111111111111,0.4125940604448923,0,1
-0.23216904463591398,0.1111111111111111,0,-0.4668695745617363,0,0.0,-0.13387036432829214,-0.4668695745617363,-0.017765288905779823,0.7204380056213988,0.0,-0.25925925925925924,-0.041846693019065774,-0.09321879025173843,-0.9531238224996238,-0.2844958199592799,0.1111111111111111,0.1111111111111111,0.1111111111111111,0.683635956258566,0,1
0.21925214039343546,0.0,1,-0.1916190102524235,0,0.125,0.33742708388807957,-0.1916190102524236,0.10854127650719715,0.2489214064635519,0.027777777777777776,0.054466230936819175,0.32871493089226683,-0.16795652614470039,0.0021753538983214,-0.2257116711161392,0.1111111111111111,0.2222222222222222,0.1111111111111111,-0.031672403407900916,0,1
0.07824744290209906,0.1111111111111111,1,1.7351349399127651,1,0.25,0.7953968943269203,1.7351349399127654,0.30567126224700725,0.9798325765605369,0.2222222222222222,0.11328976034858387,0.36283016970125886,0.24739437221879784,0.0869332819236188,0.1521866685233528,0.1111111111111111,0.3333333333333333,0.3333333333333333,0.5362240682264986,0,1
0.07824744290209906,0.1111111111111111,1,0.0836315540568891,1,0.25,-0.018873842113316566,0.083631554056889,-0.015781955055106312,-0.15133418564170553,0.05555555555555555,-0.23529411764705882,-0.04260204376723723,0.066276523690121,-0.7891132362483021,-0.0297667943178028,0.1111111111111111,0.3333333333333333,0.1111111111111111,0.06684590165054824,0,1
-0.05723625494433617,0.3333333333333333,1,1.4598843756034523,1,0.375,-1.1841463773998737,1.4598843756034523,0.016913033023074397,-0.3907231322684398,0.19444444444444442,-0.20697167755991286,0.004122867719024505,-0.013633642563090373,-0.6440902286753902,0.4796930764321994,0.3333333333333333,0.4444444444444444,0.1111111111111111,0.006539905894159156,0,1
-0.09634369408832952,0.0,1,-0.4668695745617363,1,0.0,-0.17857797170304815,-0.4668695745617363,0.2762595565504045,0.2767026720074467,0.0,-0.23529411764705882,0.2915512823293786,0.20249561753178008,-0.7891132362483021,-0.2844958199592799,0.1111111111111111,0.1111111111111111,0.1111111111111111,0.2222952882438676,1,0
-1.8377883046032708,0.3333333333333333,0,1.4598843756034523,0,0.25,0.33742708388807957,1.4598843756034523,-1.2558335710649353,-0.05435630423986578,0.19444444444444442,-0.29411764705882354,-2.4349041406302154,-0.020363180020070946,-1.3723900433022265,1.498577642135315,0.3333333333333333,0.2222222222222222,0.3333333333333333,0.3057862080103784,0,1
-0.26386201199943327,0.1111111111111111,0,0.0836315540568891,0,0.25,-2.476644085611099,0.083631554056889,0.06511644515426568,-0.2704803004694448,0.05555555555555555,-0.30501089324618735,0.12348445989844777,0.12776328546361485,-1.666848273078999,0.4796657853361687,0.3333333333333333,0.1111111111111111,0.1111111111111111,-0.031672403407900916,0,1
-1.8377883046032708,0.0,1,-0.1916190102524235,0,0.125,-0.45166025013189137,-0.1916190102524236,-1.2558335710649353,-1.0670957688086842,0.027777777777777776,2.5098039215686274,-0.05473897219185323,-0.2905284753515621,1.3273719327921307,-0.2632681063313813,0.0,0.2222222222222222,0.0,-1.4809843220475034,0,1
-0.3081599746763361,0.1111111111111111,1,-0.4668695745617363,1,0.0,-0.08297964862498919,-0.4668695745617363,-0.8614539795327611,-0.5589525415758648,0.0,-0.25925925925925924,0.031081436990667958,-0.22693802280839556,-0.9531238224996238,-0.2844958199592799,0.1111111111111111,0.1111111111111111,0.1111111111111111,-0.0858951930695726,1,0
-0.3626619187952092,0.1111111111111111,0,-0.4668695745617363,1,0.0,-0.038891540158578077,-0.4668695745617363,-1.2558335710649353,-0.6980043700042273,0.0,-0.30501089324618735,-0.08282810616588625,-0.24205366622281366,-1.666848273078999,-0.2844958199592799,0.1111111111111111,0.1111111111111111,0.1111111111111111,-0.24854701584890848,1,0
0.23264166920403845,0.0,0,-0.1916190102524235,0,0.125,-0.5246658771727633,-0.1916190102524236,-1.2558335710649353,-0.22591613504012314,0.027777777777777776,0.17647058823529413,0.2652189388781178,-1.4978381506157068,0.1673597344439074,-0.2335495053763295,0.0,0.2222222222222222,0.0,-1.4809843220475034,0,1
0.4227203034383851,0.1111111111111111,1,1.18463381129414,1,0.25,-2.476644085611099,1.18463381129414,0.35658049811067116,0.6277831532649804,0.16666666666666666,0.2440087145969499,0.4123958978726874,-0.014879406080102497,0.2439439807007004,0.0020773189744942,0.3333333333333333,0.1111111111111111,0.3333333333333333,0.37635904418299726,1,0
-0.05042906437089462,0.3333333333333333,1,0.3588821183662018,0,0.25,0.0,0.3588821183662018,0.02423419010055063,-0.3989716719293771,0.08333333333333333,-0.29411764705882354,-2.4349041406302154,-0.003327795218722929,-1.3723900433022265,0.4796785209384036,0.1111111111111111,0.2222222222222222,0.1111111111111111,0.006539905894159156,0,1
-1.8377883046032708,0.0,1,-0.1916190102524235,0,0.125,-2.476644085611099,-0.1916190102524236,-1.2558335710649353,-2.340507704280839,0.027777777777777776,1.159041394335512,-0.5575458772982755,-1.4978381506157068,0.8643003776574393,-0.2551036324917042,0.0,0.2222222222222222,0.0,-1.4809843220475034,0,1
-0.1647781028541547,0.0,0,-0.4668695745617363,0,0.0,-0.28375289291147104,-0.4668695745617363,-0.06451287573345345,-0.6343707023947933,0.0,0.2440087145969499,-0.29874393274083444,-0.07842424350064828,0.2439439807007004,-0.2844958199592799,0.0,0.0,0.0,-0.08862672952915308,0,1
-0.8231442433832052,0.0,1,-0.1916190102524235,0,0.125,-0.5228751349473852,-0.1916190102524236,-0.24380592749051802,-0.177249283464982,0.027777777777777776,0.0,-2.4349041406302154,0.4100643144697206,-0.0875094222424097,-0.2208130328678629,0.0,0.2222222222222222,0.0,-0.04441637595894372,0,1
0.32764230286163326,0.0,1,-0.4668695745617363,1,0.0,-0.15341913292680842,-0.4668695745617363,-1.2558335710649353,0.35593687299495896,0.0,-0.13725490196078433,0.4004638446238767,-1.1536510563699378,-0.3945035917891138,-0.2844958199592799,0.1111111111111111,0.1111111111111111,0.1111111111111111,0.38197634948561937,1,0
0.07824744290209906,0.1111111111111111,1,0.6341326826755145,1,0.25,0.16869886832993028,0.6341326826755145,-0.10735048804702164,-0.2326525522795174,0.1111111111111111,-0.17429193899782136,0.009794803689718745,-0.0680302443123023,-0.5135592262370264,0.0975993105394455,0.1111111111111111,0.1111111111111111,0.1111111111111111,-1.4809843220475034,0,1
0.07824744290209906,0.1111111111111111,0,-0.4668695745617363,1,0.0,0.034791834629782185,-0.4668695745617363,0.10854127650719715,0.003205276774789403,0.0,-0.30501089324618735,0.0096341289758159,0.12776328546361485,-1.666848273078999,-0.2844958199592799,0.1111111111111111,0.0,0.1111111111111111,0.11363053313180634,1,0
-1.8377883046032708,0.0,0,-0.1916190102524235,0,0.125,-2.476644085611099,-0.1916190102524236,-1.2558335710649353,-5.028059896155144,0.027777777777777776,3.0,-2.4349041406302154,-1.4978381506157068,1.4475584443037126,-0.2649010031927661,0.0,0.2222222222222222,0.0,-1.4809843220475034,0,1
-1.8377883046032708,0.3333333333333333,0,0.3588821183662018,1,0.25,-0.27604912372276585,0.3588821183662018,-1.2558335710649353,-0.23730950928018305,0.08333333333333333,-0.30501089324618735,-2.4349041406302154,0.384663378636705,-1.666848273078999,0.861746587983893,0.0,0.2222222222222222,0.1111111111111111,-0.05120593414667927,0,1
-1.8377883046032708,0.0,1,-0.1916190102524235,1,0.125,-2.476644085611099,-0.1916190102524236,-1.2558335710649353,-5.028059896155144,0.027777777777777776,-0.13725490196078433,-2.4349041406302154,-1.4978381506157068,-0.3945035917891138,-0.1995856730302776,0.0,0.2222222222222222,0.0,-1.4809843220475034,0,1
-1.8377883046032708,0.3333333333333333,1,2.0103855042220777,1,0.375,-2.476644085611099,2.010385504222078,0.30567126224700725,0.5893307527171857,0.25,0.11328976034858387,0.5883814700359237,0.3626362666558231,0.0869332819236188,0.2067719795836819,0.4444444444444444,0.3333333333333333,0.3333333333333333,0.3057862080103784,0,1
-0.09634369408832952,0.1111111111111111,1,-0.4668695745617363,1,0.0,0.06157998457994166,-0.4668695745617363,0.05693515131531388,-0.15826353123490386,0.0,-0.29411764705882354,-0.07604414078640814,0.018591671476249207,-1.3723900433022265,-0.2844958199592799,0.1111111111111111,0.1111111111111111,0.1111111111111111,0.11363053313180634,1,0
0.10237470054395734,0.3333333333333333,1,2.836137197150016,1,0.25,-0.1940527750620471,2.8361371971500167,-0.015602733984602518,-0.2093690741262723,0.3333333333333333,-0.29411764705882354,0.0096341289758159,-1.4978381506157068,-1.3723900433022265,2.7722015436314544,0.3333333333333333,0.3333333333333333,0.3333333333333333,0.16042040378299907,0,1
-0.18830726508760562,0.1111111111111111,0,-0.4668695745617363,0,0.0,-0.02121290414330778,-0.4668695745617363,0.040019164319600904,0.9868919296517793,0.0,-0.17429193899782136,0.1772681876304262,0.7910755365707707,-0.5135592262370264,-0.2844958199592799,0.1111111111111111,0.1111111111111111,0.1111111111111111,0.046930427269706046,1,0
-0.1525270839005515,0.3333333333333333,1,2.2856360685313906,1,0.25,-0.2676949205590814,2.2856360685313915,0.1812882605018963,-0.23068721309096074,0.2777777777777778,-0.09586056644880174,0.15708527213281365,-1.4978381506157068,-0.2847917733012345,0.4796963514947189,0.3333333333333333,0.3333333333333333,0.3333333333333333,-0.11809712648701261,0,1
-0.09634369408832952,0.3333333333333333,0,1.7351349399127651,0,0.25,-2.476644085611099,1.7351349399127654,-0.09634604924643074,-0.38495025148573936,0.2222222222222222,-0.25925925925925924,0.1802129145795076,-0.02014964483939455,-0.9531238224996238,0.9381994275369115,0.3333333333333333,0.3333333333333333,0.1111111111111111,-0.1271490900706133,0,1
-1.8377883046032708,0.0,0,-0.4668695745617363,0,0.0,-0.10340768095648639,-0.4668695745617363,-0.21714401286381083,-0.6289041021109322,0.0,0.39215686274509803,-0.21601919768941275,0.0875509732122797,0.3871513198050401,-0.2844958199592799,0.0,0.0,0.1111111111111111,-0.2670145670534817,0,1
-0.05042906437089462,0.3333333333333333,0,3.1113877614593286,0,0.375,-0.1625931438033047,3.111387761459329,0.12564033518978174,-0.32556073441332944,0.3611111111111111,-0.29411764705882354,-0.024230948184563922,-0.020363180020070946,-1.3723900433022265,3.026926323930682,0.3333333333333333,0.4444444444444444,0.3333333333333333,-1.4809843220475034,0,1
0.1538601831392337,0.3333333333333333,0,2.5608866328407034,1,0.25,-2.476644085611099,2.560886632840704,-1.2558335710649353,-0.3922243496178539,0.3055555555555555,-0.25925925925925924,-0.024230948184563922,-1.4978381506157068,-0.9531238224996238,1.3967101453479835,0.3333333333333333,0.2222222222222222,0.3333333333333333,0.12386069444290213,0,1
-1.8377883046032708,0.0,1,0.0836315540568891,0,0.25,-2.476644085611099,0.083631554056889,-0.0478982077982876,-0.5494822336550523,0.05555555555555555,-0.09586056644880174,0.10550735630044604,-0.05862849008035611,-0.2847917733012345,-0.1316573856684801,0.3333333333333333,0.0,0.1111111111111111,-0.06920831504399004,0,1
-1.8377883046032708,0.3333333333333333,1,1.4598843756034523,0,0.25,0.23796784272265611,1.4598843756034523,-0.07718227738103715,-0.315669569631199,0.19444444444444442,-0.30501089324618735,-2.4349041406302154,-0.020363180020070946,-1.666848273078999,2.3900697985747907,0.3333333333333333,0.2222222222222222,0.3333333333333333,0.11363053313180634,0,1
-1.8377883046032708,0.3333333333333333,0,0.3588821183662018,0,0.25,0.034791834629782185,0.3588821183662018,-1.2558335710649353,-0.5079892022103587,0.08333333333333333,-0.17429193899782136,-2.4349041406302154,0.24982388389979515,-0.5135592262370264,0.0020755279147641,0.1111111111111111,0.2222222222222222,0.1111111111111111,-1.4809843220475034,0,1
0.15848363368338322,0.1111111111111111,0,-0.4668695745617363,0,0.0,0.25535628738857397,-0.4668695745617363,0.17912208069407212,0.2900964515332164,0.0,-0.17429193899782136,0.1290755331518779,0.1996891746211725,-0.5135592262370264,-0.2844958199592799,0.1111111111111111,0.1111111111111111,0.1111111111111111,0.21218812386795324,1,0
0.07824744290209906,0.1111111111111111,0,-0.4668695745617363,1,0.0,0.2718751554032957,-0.4668695745617363,-1.2558335710649353,-0.15833389603012424,0.0,-0.17429193899782136,0.1706153525976616,-1.4978381506157068,-0.5135592262370264,-0.2844958199592799,0.1111111111111111,0.1111111111111111,0.1111111111111111,-1.4809843220475034,1,0
-1.8377883046032708,0.0,1,-0.1916190102524235,0,0.125,-2.476644085611099,-0.1916190102524236,-0.12294100215379163,-1.7079213407740108,0.027777777777777776,-0.09586056644880174,-0.7310159635608203,-1.4978381506157068,-0.2847917733012345,-0.20807660281388,0.0,0.2222222222222222,0.0,-0.42846419375793426,0,1
0.1167250062941798,0.1111111111111111,0,-0.4668695745617363,1,0.0,-0.060200737786788555,-0.4668695745617363,0.11540496140680959,-0.041964188832330676,0.0,-0.2788671023965142,0.0096341289758159,0.15763820015463306,-1.1433092459291831,-0.2844958199592799,0.1111111111111111,0.1111111111111111,0.1111111111111111,-0.031672403407900916,1,0
-0.003460088052991548,0.1111111111111111,1,1.7351349399127651,0,0.25,0.2637189492662903,1.7351349399127654,-1.2558335710649353,-0.0817367596394866,0.2222222222222222,1.6470588235294117,-0.0019839855468523357,-1.4978381506157068,1.0629938337787594,-0.0807098823455483,0.1111111111111111,0.3333333333333333,0.3333333333333333,0.21080734478507798,0,1
0.05170390327415423,0.4444444444444444,1,2.2856360685313906,1,0.375,-2.476644085611099,2.2856360685313915,-0.015781955055106312,-0.7571882432389957,0.2777777777777778,-0.29411764705882354,-2.4349041406302154,-1.4978381506157068,-1.3723900433022265,2.2627519830329987,0.3333333333333333,0.2222222222222222,0.3333333333333333,-0.031672403407900916,0,1
0.16320372109900366,0.1111111111111111,1,-0.4668695745617363,1,0.0,0.3026242443531959,-0.4668695745617363,0.13361543138497342,0.30905005421099513,0.0,0.054466230936819175,0.2773988829603999,0.13304132892194565,0.0021753538983214,-0.2844958199592799,0.1111111111111111,0.1111111111111111,0.1111111111111111,0.18418539902762215,1,0
-0.24274668571450347,0.0,1,0.0836315540568891,0,0.25,-0.224817075662383,0.083631554056889,-0.1845109244123129,-0.9978036263532033,0.05555555555555555,-0.25925925925925924,-0.5154248908491185,-0.22139741587053635,-0.9531238224996238,0.0211779919147679,0.0,0.0,0.1111111111111111,-1.4809843220475034,0,1
-1.8377883046032708,0.1111111111111111,0,0.0836315540568891,0,0.25,1.327127692455059,0.083631554056889,0.2508668899268555,1.52756930407488,0.05555555555555555,0.5577342047930284,0.5270853668270672,0.3512933423060769,0.5191192900072952,-0.2080762207197047,0.1111111111111111,0.1111111111111111,0.1111111111111111,-1.4809843220475034,0,1
-0.9564465226122669,0.0,0,-0.4668695745617363,0,0.0,0.14401941297414983,-0.4668695745617363,-1.2558335710649353,-0.8436358829003556,0.0,0.8387799564270153,-0.4243516626005816,-1.4978381506157068,0.6999923241170234,-0.2844958199592799,0.0,0.0,0.1111111111111111,-1.4809843220475034,1,0
0.6495517507384837,0.1111111111111111,0,-0.4668695745617363,1,0.0,-0.058882686310977865,-0.4668695745617363,-0.07972466956477688,0.4840558288883328,0.0,-0.25925925925925924,-0.1253728761915619,-0.020363180020070946,-0.9531238224996238,-0.2844958199592799,0.1111111111111111,0.1111111111111111,0.1111111111111111,-0.031672403407900916,1,0
-1.8377883046032708,0.0,1,0.6341326826755145,1,0.25,-0.293419280388156,0.6341326826755145,0.13686210701186666,0.28923651819633167,0.1111111111111111,0.054466230936819175,0.11641374710779676,0.521623335538934,0.0021753538983214,-0.0493592245867171,0.0,0.0,0.3333333333333333,-1.4809843220475034,0,1
-0.20948245849068803,0.3333333333333333,1,0.9093832469848272,1,0.25,-0.04096166680425481,0.9093832469848272,-0.04832760964709939,-0.6181045130470487,0.1388888888888889,0.39215686274509803,-2.4349041406302154,0.08377733802751197,0.3871513198050401,-0.0722192733357296,0.1111111111111111,0.2222222222222222,0.1111111111111111,-1.4809843220475034,0,1
0.04761210323873997,0.3333333333333333,0,0.3588821183662018,1,0.25,-0.060200737786788555,0.3588821183662018,0.0001641425694612701,-0.23139406311489316,0.08333333333333333,-0.25925925925925924,-0.08282810616588625,0.066276523690121,-0.9531238224996238,0.1740148978517919,0.1111111111111111,0.2222222222222222,0.1111111111111111,-0.02084928412935526,0,1
-0.1566515622489695,0.0,0,-0.4668695745617363,1,0.0,-2.476644085611099,-0.4668695745617363,-1.2558335710649353,-1.1745178157923617,0.0,1.3943355119825709,-2.4349041406302154,0.024388519504153473,0.9662521913648202,-0.2844958199592799,0.0,0.0,0.0,-1.4809843220475034,1,0
-1.8377883046032708,0.0,1,0.6341326826755145,0,0.25,0.034791834629782185,0.6341326826755145,-1.2558335710649353,-0.9444781775959908,0.1111111111111111,-0.30501089324618735,-0.5393205797814064,-0.16838295792244487,-1.666848273078999,1.2438273906316173,0.3333333333333333,0.1111111111111111,0.3333333333333333,-1.4809843220475034,0,1
-1.8377883046032708,0.0,1,-0.1916190102524235,1,0.125,-2.476644085611099,-0.1916190102524236,-1.2558335710649353,-5.028059896155144,0.027777777777777776,0.39215686274509803,-2.4349041406302154,-1.4978381506157068,0.3871513198050401,-0.2420405106345698,0.0,0.2222222222222222,0.0,-1.4809843220475034,0,1
-1.8377883046032708,0.0,1,-0.1916190102524235,1,0.125,-2.476644085611099,-0.1916190102524236,-1.2558335710649353,-0.1696897215724486,0.027777777777777776,0.17647058823529413,-2.4349041406302154,-1.4978381506157068,0.1673597344439074,-0.2335495053763295,0.0,0.2222222222222222,0.0,0.43459309812987335,0,1
-1.8377883046032708,0.5555555555555556,1,3.937139454387266,0,0.5,-2.476644085611099,3.937139454387268,0.03126839304430128,-0.4891642875396221,0.4444444444444444,-0.29411764705882354,0.0096341289758159,-1.4978381506157068,-1.3723900433022265,3.791100664828365,0.5555555555555556,0.2222222222222222,0.4444444444444444,0.151860300008783,0,1
-1.8377883046032708,0.0,1,0.3588821183662018,0,0.25,0.2637189492662903,0.3588821183662018,0.07938660091459916,-0.06039766094675669,0.08333333333333333,0.47276688453159044,0.0096341289758159,0.08006953428893196,0.4544096728511559,-0.1638333265972902,0.0,0.2222222222222222,0.3333333333333333,0.06684590165054824,0,1
0.13446858275768922,0.0,1,-0.1916190102524235,1,0.125,0.10248466746923518,-0.1916190102524236,-0.03547180133907601,-0.20891317711895938,0.027777777777777776,-0.17429193899782136,-2.4349041406302154,0.03684310416313877,-0.5135592262370264,-0.1889720373345985,0.0,0.2222222222222222,0.0,0.06018991705065958,0,1
0.23427491545775686,0.1111111111111111,0,-0.4668695745617363,0,0.0,0.33603679754304344,-0.4668695745617363,0.14214604287236868,1.4557335129175324,0.0,0.11328976034858387,0.3304383245690315,0.3010307147583054,0.0869332819236188,-0.2844958199592799,0.1111111111111111,0.1111111111111111,0.1111111111111111,0.9043173535772745,1,0
-1.8377883046032708,0.0,1,-0.4668695745617363,1,0.0,-2.476644085611099,-0.4668695745617363,-1.2558335710649353,-5.028059896155144,0.0,2.5098039215686274,-2.4349041406302154,-1.4978381506157068,1.3273719327921307,-0.2844958199592799,0.0,0.0,0.0,-1.4809843220475034,1,0
0.35638221985063584,0.0,0,-0.4668695745617363,0,0.0,-0.1920783201912264,-0.4668695745617363,-0.7473004275357399,-0.09539145025339539,0.0,0.7407407407407407,-2.4349041406302154,-0.019723213061650077,0.6417328970763176,-0.2844958199592799,0.0,0.0,0.0,0.14132335489539846,0,1
-1.8377883046032708,0.0,1,0.6341326826755145,0,0.25,-0.721207948953179,0.6341326826755145,-1.2558335710649353,-0.37966397829625365,0.1111111111111111,1.0479302832244008,0.1275198058384923,0.21575688492276487,0.8111528623165425,-0.16222433890509,0.3333333333333333,0.0,0.3333333333333333,-0.13182588648244825,0,1
0.23134113524614597,0.0,0,-0.4668695745617363,0,0.0,-0.504636039758671,-0.4668695745617363,-0.1845109244123129,-0.5458075411641867,0.0,0.5577342047930284,-2.4349041406302154,-0.22139741587053635,0.5191192900072952,-0.2844958199592799,0.0,0.0,0.0,-0.22887460301959633,0,1
0.07824744290209906,0.3333333333333333,0,1.4598843756034523,0,0.25,-2.476644085611099,1.4598843756034523,0.8710147678100988,1.7021179993577902,0.19444444444444442,0.9411764705882353,0.4014158596269659,0.41295659635638515,0.7564222381735122,-0.0616051364358781,0.3333333333333333,0.2222222222222222,0.1111111111111111,-1.4809843220475034,0,1
0.07875081492481575,0.1111111111111111,0,-0.4668695745617363,0,0.0,-0.038891540158578077,-0.4668695745617363,0.232909330105537,0.08620470644284951,0.0,-0.25925925925925924,0.13997425265217076,0.12776328546361485,-0.9531238224996238,-0.2844958199592799,0.1111111111111111,0.1111111111111111,0.1111111111111111,-0.031672403407900916,1,0
-1.8377883046032708,0.0,1,-0.1916190102524235,0,0.125,1.327127692455059,-0.1916190102524236,-1.2558335710649353,1.406287823998943,0.027777777777777776,0.3159041394335512,-2.4349041406302154,-1.4978381506157068,0.3170934418812415,-0.2395431541881542,0.0,0.2222222222222222,0.0,-1.4809843220475034,0,1
0.07824744290209906,0.3333333333333333,1,0.3588821183662018,0,0.25,0.11554113470970193,0.3588821183662018,0.1812882605018963,-0.021850872518402033,0.08333333333333333,-0.2788671023965142,-2.4349041406302154,0.214438587242051,-1.1433092459291831,0.288639711684214,0.1111111111111111,0.2222222222222222,0.1111111111111111,-0.031672403407900916,0,1
0.4787352812809745,0.1111111111111111,0,0.0836315540568891,0,0.25,0.3683697316790345,0.083631554056889,0.37235388042488066,0.6862736029100561,0.05555555555555555,0.47276688453159044,0.32895319016094393,-1.4978381506157068,0.4544096728511559,-0.2040541577179534,0.1111111111111111,0.1111111111111111,0.1111111111111111,0.274153556109928,0,1
0.45727239579997386,0.1111111111111111,0,-0.4668695745617363,0,0.0,0.4926873395741765,-0.4668695745617363,0.3572998073251172,0.8995152296312822,0.0,4.498910675381263,0.38856701644178904,0.3955971410661783,1.7378785539272517,-0.2844958199592799,0.1111111111111111,0.1111111111111111,0.1111111111111111,0.4043673854716937,1,0
0.8900866369843643,0.1111111111111111,0,0.0836315540568891,0,0.25,1.2951033847715854,0.083631554056889,0.700634809414635,2.2304501775192658,0.05555555555555555,1.3943355119825709,1.2726029474325886,-0.2905284753515621,0.9662521913648202,-0.2299103139521075,0.1111111111111111,0.1111111111111111,0.1111111111111111,0.7906038407708457,0,1
0.1266901244106837,0.0,0,-0.4668695745617363,1,0.0,-0.04367236974281401,-0.4668695745617363,0.5764370861118309,0.7197100937713959,0.0,0.5577342047930284,0.015210520943539288,-0.1055838215095548,0.5191192900072952,-0.2844958199592799,0.0,0.0,0.0,0.06763061217710553,1,0
-0.38617961722740235,0.1111111111111111,0,-0.4668695745617363,0,0.0,-0.1499351871281387,-0.4668695745617363,-0.20959677968363938,-0.795675651775616,0.0,-0.25925925925925924,-0.17299574352587968,-0.25962352200296185,-0.9531238224996238,-0.2844958199592799,0.1111111111111111,0.1111111111111111,0.1111111111111111,-0.2650929135902014,0,1
-0.011243718495857454,0.1111111111111111,1,-0.4668695745617363,1,0.0,-0.04325388820269269,-0.4668695745617363,0.0916223345060399,-0.28446493039492793,0.0,-0.29411764705882354,-0.09796198604729224,-0.0669649595905562,-1.3723900433022265,-0.2844958199592799,0.1111111111111111,0.1111111111111111,0.1111111111111111,-0.09704145532817755,1,0
-1.8377883046032708,0.0,0,-0.1916190102524235,1,0.125,-2.476644085611099,-0.1916190102524236,-1.2558335710649353,-5.028059896155144,0.027777777777777776,-0.25925925925925924,-2.4349041406302154,-1.4978381506157068,-0.9531238224996238,-0.1316589140222559,0.0,0.2222222222222222,0.0,-1.4809843220475034,0,1
-0.06668287561589309,0.3333333333333333,0,0.6341326826755145,1,0.25,-2.476644085611099,0.6341326826755145,0.0487389591243768,-0.46044872205127785,0.1111111111111111,0.0,-0.04260204376723723,-0.04074578290611767,-0.0875094222424097,-0.0297646715936118,0.3333333333333333,0.0,0.0,-0.08212982722947638,0,1
-0.034371227055806544,0.1111111111111111,0,0.0836315540568891,1,0.25,-0.1940527750620471,0.083631554056889,0.13747391804205747,-0.2907095919698475,0.05555555555555555,-0.30501089324618735,-0.021563608316092907,-0.12453913011636841,-1.666848273078999,0.4796657853361687,0.3333333333333333,0.1111111111111111,0.1111111111111111,-0.12616034180112537,1,0
-1.8377883046032708,0.3333333333333333,1,2.836137197150016,1,0.25,0.13390092072414314,2.8361371971500167,-1.2558335710649353,0.15083480994301704,0.3333333333333333,-0.09586056644880174,0.1706153525976616,0.35904257655150684,-0.2847917733012345,0.6325347857855188,0.3333333333333333,0.3333333333333333,0.3333333333333333,0.20553002657306216,0,1
-1.8377883046032708,0.0,1,-0.1916190102524235,1,0.125,0.09251550751761975,-0.1916190102524236,-1.2558335710649353,-1.065708456530478,0.027777777777777776,0.0,-2.4349041406302154,-1.4978381506157068,-0.0875094222424097,-0.2208130328678629,0.0,0.2222222222222222,0.0,-1.4809843220475034,1,0
-0.07051747194991384,0.1111111111111111,0,0.0836315540568891,0,0.25,-0.018873842113316566,0.083631554056889,-1.2558335710649353,-0.6148706482498757,0.05555555555555555,-0.29411764705882354,-0.006008110210854344,-1.4978381506157068,-1.3723900433022265,0.2249537406391757,0.1111111111111111,0.3333333333333333,0.1111111111111111,-1.4809843220475034,0,1
-0.27080908240809903,0.1111111111111111,0,-0.4668695745617363,0,0.0,-0.05495979037488984,-0.4668695745617363,-0.14001564323410587,-0.5067968285396351,0.0,-0.30501089324618735,-0.07878289014701938,-0.16541563923658847,-1.666848273078999,-0.2844958199592799,0.1111111111111111,0.1111111111111111,0.1111111111111111,-0.031672403407900916,0,1
-1.8377883046032708,0.0,1,0.0836315540568891,0,0.25,-2.476644085611099,0.083631554056889,0.4108270646053488,1.2042070820196198,0.05555555555555555,1.6470588235294117,0.5270853668270672,0.19723192140987378,1.0629938337787594,-0.233549335555847,0.3333333333333333,0.0,0.1111111111111111,0.7893686229407841,1,0
0.10792224508343672,0.0,1,1.4598843756034523,0,0.25,-2.476644085611099,1.4598843756034523,-1.2558335710649353,-0.5073927468707112,0.19444444444444442,0.5577342047930284,-0.3976112996289958,-1.4978381506157068,0.5191192900072952,-0.0170272226207668,0.3333333333333333,0.2222222222222222,0.0,0.17902974580555658,0,1
-0.030657157785564992,0.1111111111111111,1,-0.4668695745617363,0,0.0,0.03528680271000362,-0.4668695745617363,-0.03890615268944402,-0.26665675894397495,0.0,-0.25925925925925924,0.0096341289758159,-0.020363180020070946,-0.9531238224996238,-0.2844958199592799,0.1111111111111111,0.1111111111111111,0.1111111111111111,-0.07843085670165796,1,0
-1.8377883046032708,0.0,1,-0.1916190102524235,1,0.125,-2.476644085611099,-0.1916190102524236,-0.46707438800058704,-1.0173506869136901,0.027777777777777776,-0.09586056644880174,-2.4349041406302154,0.1740037790160488,-0.2847917733012345,-0.20807660281388,0.0,0.2222222222222222,0.0,-1.4809843220475034,0,1
-0.40688611890430865,0.0,0,-0.4668695745617363,0,0.0,-0.6010949721906617,-0.4668695745617363,-0.46707438800058704,-1.2706934993383059,0.0,-0.09586056644880174,-0.6093144262638732,-0.283833322683991,-0.2847917733012345,-0.2844958199592799,0.0,0.0,0.0,-0.17603491184546596,0,1
-0.09887447294447459,0.0,1,-0.1916190102524235,1,0.125,0.09883240487051116,-0.1916190102524236,-0.14181595809853542,-0.6073396213508551,0.027777777777777776,1.9172113289760349,-2.4349041406302154,-1.4978381506157068,1.155113830650042,-0.2606146504199437,0.0,0.2222222222222222,0.0,-0.0647447629058217,0,1
0.18040838650574129,0.3333333333333333,1,0.9093832469848272,0,0.25,-2.476644085611099,0.9093832469848272,0.27295236848406923,0.2336474618791863,0.1388888888888889,-0.23529411764705882,0.13997425265217076,0.214438587242051,-0.7891132362483021,0.3523267441444129,0.3333333333333333,0.2222222222222222,0.1111111111111111,0.19865366409457927,0,1
0.18283249414317299,0.0,0,-0.1916190102524235,1,0.125,0.17056517973544277,-0.1916190102524236,0.20140946303627297,1.431991349095212,0.027777777777777776,0.47276688453159044,1.226428903119947,0.2233025233786144,0.4544096728511559,-0.2442749888386166,0.1111111111111111,0.2222222222222222,0.1111111111111111,0.22692772370788922,0,1
-1.8377883046032708,0.3333333333333333,1,2.5608866328407034,0,0.25,0.39765349836135255,2.560886632840704,0.10854127650719715,0.030211570385128454,0.3055555555555555,-0.13725490196078433,-2.4349041406302154,0.3011257616335053,-0.3945035917891138,0.6495157962597452,0.3333333333333333,0.2222222222222222,0.3333333333333333,-1.4809843220475034,0,1
0.20480647378947592,0.1111111111111111,0,-0.4668695745617363,1,0.0,0.21676984313247286,-0.4668695745617363,-0.14001564323410587,-0.009653776925479437,0.0,-0.17429193899782136,0.20687631454243124,-0.16838295792244487,-0.5135592262370264,-0.2844958199592799,0.1111111111111111,0.1111111111111111,0.1111111111111111,-0.2837522314751988,1,0
0.3620022280794215,0.0,1,-0.4668695745617363,0,0.0,0.8414702812658875,-0.4668695745617363,0.3041091646661807,1.0380258961336843,0.0,0.8387799564270153,0.19969158683998878,0.38037520412757464,0.6999923241170234,-0.2844958199592799,0.0,0.0,0.0,0.4909146555647359,1,0
0.03024184189440318,0.3333333333333333,0,2.836137197150016,0,0.25,-2.476644085611099,2.8361371971500167,-1.2558335710649353,-0.5381439700842905,0.3333333333333333,-0.30501089324618735,-0.04260204376723723,-1.4978381506157068,-1.666848273078999,4.300473811813412,0.3333333333333333,0.3333333333333333,0.3333333333333333,0.10724407230306736,0,1
-1.8377883046032708,0.3333333333333333,1,1.4598843756034523,0,0.25,0.16869886832993028,1.4598843756034523,-0.015781955055106312,-0.3922243496178539,0.19444444444444442,-0.23529411764705882,-2.4349041406302154,0.066276523690121,-0.7891132362483021,0.60705576978589,0.3333333333333333,0.2222222222222222,0.3333333333333333,-0.011697378387615939,0,1
-1.8377883046032708,0.3333333333333333,0,0.6341326826755145,0,0.25,-2.476644085611099,0.6341326826755145,-1.2558335710649353,-5.028059896155144,0.1111111111111111,0.39215686274509803,-2.4349041406302154,-1.4978381506157068,0.3871513198050401,-0.1146745826604397,0.3333333333333333,0.0,0.0,-1.4809843220475034,0,1
-1.8377883046032708,0.0,0,-0.4668695745617363,0,0.0,-2.476644085611099,-0.4668695745617363,-1.2558335710649353,-5.028059896155144,0.0,0.5577342047930284,-2.4349041406302154,-1.4978381506157068,0.5191192900072952,-0.2844958199592799,0.0,0.0,0.0,-1.4809843220475034,1,0
0.7607303389978436,0.1111111111111111,1,0.6341326826755145,1,0.25,-1.4707608717611047,0.6341326826755145,0.27295236848406923,1.1193445439862577,0.1111111111111111,0.17647058823529413,0.5270853668270672,0.6179382730367919,0.1673597344439074,-0.0807105616274785,0.3333333333333333,0.1111111111111111,0.1111111111111111,-1.4809843220475034,1,0
-1.8377883046032708,0.0,0,-0.1916190102524235,0,0.125,-2.476644085611099,-0.1916190102524236,-1.2558335710649353,-5.028059896155144,0.027777777777777776,0.7407407407407407,-2.4349041406302154,-1.4978381506157068,0.6417328970763176,-0.2497596226976441,0.0,0.2222222222222222,0.0,-1.4809843220475034,0,1
0.6757734309774273,0.0,1,-0.1916190102524235,1,0.125,0.8297260292476241,-0.1916190102524236,-0.20033736867865284,0.890415464254217,0.027777777777777776,2.5098039215686274,-2.4349041406302154,0.0725936853013478,1.3273719327921307,-0.2632681063313813,0.0,0.2222222222222222,0.0,-0.2473717800796116,0,1
-0.09086383791019664,0.1111111111111111,1,0.0836315540568891,1,0.25,-0.10041091545176654,0.083631554056889,0.012525788285051761,-0.17652559386127104,0.05555555555555555,3.1721132897603486,-0.05730145932103819,0.214438587242051,1.486110633212629,-0.2462859248152321,0.1111111111111111,0.3333333333333333,0.1111111111111111,-0.031672403407900916,0,1
-0.2703064631855168,0.1111111111111111,0,-0.4668695745617363,1,0.0,-2.476644085611099,-0.4668695745617363,-0.015423691688263465,-0.8225723092754195,0.0,0.054466230936819175,-0.2121523322644971,-1.4978381506157068,0.0021753538983214,-0.2844958199592799,0.1111111111111111,0.0,0.0,-0.04553281838202407,1,0
-1.8377883046032708,0.0,0,0.0836315540568891,0,0.25,-0.3351884823183917,0.083631554056889,-0.12294100215379163,-0.28487340690033336,0.05555555555555555,1.5185185185185186,-0.5689983788915405,-0.25962352200296185,1.0152348983243975,-0.2317925662894157,0.0,0.3333333333333333,0.1111111111111111,0.34068618200076517,0,1
-1.8377883046032708,0.1111111111111111,1,0.0836315540568891,1,0.25,0.44857565069185484,0.083631554056889,0.27295236848406923,0.6346140476603745,0.05555555555555555,-0.05010893246187364,0.30420801898878946,0.47186486317693166,-0.1828566844305228,-0.1455516624742182,0.1111111111111111,0.1111111111111111,0.3333333333333333,0.2672619317513289,1,0
0.05600566865192716,0.4444444444444444,1,1.18463381129414,1,0.375,-1.5606053597818246,1.18463381129414,0.01928845081540143,-0.5038252582901732,0.16666666666666666,-0.13725490196078433,-2.4349041406302154,0.014093073420951698,-0.3945035917891138,0.2249650616147337,0.3333333333333333,0.2222222222222222,0.1111111111111111,0.029357261941373242,0,1
-0.3992343640411307,0.0,1,1.18463381129414,0,0.375,-2.476644085611099,1.18463381129414,-0.09439049805771137,-1.675105594024645,0.16666666666666666,0.39215686274509803,-2.4349041406302154,-1.4978381506157068,0.3871513198050401,-0.0297639640110196,0.0,0.2222222222222222,0.0,-1.4809843220475034,0,1
0.18040838650574129,0.1111111111111111,1,-0.4668695745617363,0,0.0,0.23796784272265611,-0.4668695745617363,0.1812882605018963,0.30699779935237365,0.0,-0.17429193899782136,0.18953232746223397,0.214438587242051,-0.5135592262370264,-0.2844958199592799,0.1111111111111111,0.1111111111111111,0.1111111111111111,0.18366048248811315,1,0
0.38079998945365606,0.3333333333333333,1,0.0836315540568891,1,0.25,-0.5636925919375713,0.083631554056889,-0.04918950752030197,-0.13336772854041914,0.05555555555555555,-0.2788671023965142,-2.4349041406302154,-0.04622040096392105,-1.1433092459291831,0.097594534469716,0.0,0.0,0.0,-0.016515666362733553,1,0
0.16659796492864015,0.0,0,-0.4668695745617363,0,0.0,0.5681828660324588,-0.4668695745617363,0.09561874471129156,0.7958343550782488,0.0,2.0588235294117645,0.0233208938130201,0.6315470471264694,1.199597083727945,-0.2844958199592799,0.0,0.0,0.0,0.09316415725953443,1,0
-1.8377883046032708,0.0,1,-0.1916190102524235,0,0.125,-2.476644085611099,-0.1916190102524236,-1.2558335710649353,-5.028059896155144,0.027777777777777776,0.2440087145969499,-2.4349041406302154,-1.4978381506157068,0.2439439807007004,-0.2367336301369842,0.0,0.2222222222222222,0.0,-1.4809843220475034,0,1
-0.19492155453371052,0.1111111111111111,0,-0.4668695745617363,1,0.0,0.2678222202354302,-0.4668695745617363,0.1812882605018963,-0.04397402686417557,0.0,-0.25925925925925924,-0.015077236328412898,-0.08758678929803386,-0.9531238224996238,-0.2844958199592799,0.1111111111111111,0.1111111111111111,0.1111111111111111,-0.06182096594394337,1,0
-1.8377883046032708,0.0,1,-0.4668695745617363,0,0.0,-2.476644085611099,-0.4668695745617363,-1.2558335710649353,-5.028059896155144,0.0,2.5098039215686274,-2.4349041406302154,-1.4978381506157068,1.3273719327921307,-0.2844958199592799,0.0,0.0,0.0,-1.4809843220475034,1,0
-0.5569519559542916,0.1111111111111111,0,0.0836315540568891,1,0.25,-2.476644085611099,0.083631554056889,-1.2558335710649353,-1.0324652861512962,0.05555555555555555,-0.30501089324618735,0.060787813026504996,-1.4978381506157068,-1.666848273078999,0.4796657853361687,0.3333333333333333,0.1111111111111111,0.1111111111111111,-1.4809843220475034,1,0
0.03995791261036285,0.1111111111111111,0,0.6341326826755145,1,0.25,-0.10240573589215742,0.6341326826755145,-0.18132597592721222,-0.4815523365234689,0.1111111111111111,-0.25925925925925924,-0.06168503991317947,-0.08787954152127235,-0.9531238224996238,0.3268518037888158,0.1111111111111111,0.1111111111111111,0.1111111111111111,-1.4809843220475034,0,1
-0.23260103010001043,0.0,0,-0.4668695745617363,0,0.0,-2.476644085611099,-0.4668695745617363,-0.06735821754535742,-1.0902726407803542,0.0,0.3159041394335512,-0.3869560647570514,-0.283833322683991,0.3170934418812415,-0.2844958199592799,0.0,0.0,0.0,-0.5347005625374254,0,1
-1.8377883046032708,0.2222222222222222,0,0.0836315540568891,0,0.125,0.4686693299257969,0.083631554056889,0.44870495687059475,0.6439975804173279,0.05555555555555555,5.132897603485839,-2.4349041406302154,-0.054078202126964715,1.8373853869087895,-0.2539278885601141,0.0,0.2222222222222222,0.1111111111111111,0.45117298070474154,0,1
-0.09634369408832952,0.3333333333333333,1,0.3588821183662018,0,0.25,0.0,0.3588821183662018,-0.0284089929586498,-0.46513032303023666,0.08333333333333333,-0.29411764705882354,-2.4349041406302154,-0.011778499179202916,-1.3723900433022265,0.4796785209384036,0.1111111111111111,0.2222222222222222,0.1111111111111111,-0.004579192482353702,0,1
0.27834781275570547,0.2222222222222222,0,0.0836315540568891,0,0.125,1.515922128521648,0.083631554056889,0.8110253114012994,2.1184121190825413,0.05555555555555555,5.132897603485839,-0.19621792968431917,0.35038956720215075,1.8373853869087895,-0.2539278885601141,0.1111111111111111,0.2222222222222222,0.1111111111111111,0.2983138944268734,0,1
-1.8377883046032708,0.1111111111111111,1,2.2856360685313906,1,0.375,-0.1940527750620471,2.2856360685313915,-1.2558335710649353,-0.31656268330822224,0.2777777777777778,-0.30501089324618735,0.30420801898878946,-1.4978381506157068,-1.666848273078999,3.5363122065179637,0.4444444444444444,0.1111111111111111,0.4444444444444444,0.03885253254617039,0,1
0.25912409361742555,0.1111111111111111,1,-0.4668695745617363,1,0.0,0.33176328759158996,-0.4668695745617363,0.232909330105537,0.5230114608966848,0.0,0.9411764705882353,0.323428064557037,0.2759431547214016,0.7564222381735122,-0.2844958199592799,0.1111111111111111,0.1111111111111111,0.1111111111111111,0.25909069258539974,1,0
-1.8377883046032708,0.0,0,-0.1916190102524235,1,0.125,-2.476644085611099,-0.1916190102524236,0.05693515131531388,-1.3708374898582583,0.027777777777777776,0.054466230936819175,-2.4349041406302154,-1.4978381506157068,0.0021753538983214,-0.2257116711161392,0.0,0.2222222222222222,0.0,-1.4809843220475034,0,1
-1.8377883046032708,0.0,1,-0.4668695745617363,0,0.0,-2.476644085611099,-0.4668695745617363,-0.17555695391141726,-1.8243691188850175,0.0,1.7799564270152506,-2.4349041406302154,-1.4978381506157068,1.1095988810204689,-0.2844958199592799,0.0,0.0,0.0,-0.25574014463392186,1,0
0.005775291400744047,0.1111111111111111,0,-0.4668695745617363,1,0.0,0.034791834629782185,-0.4668695745617363,0.05693515131531388,-0.013543755734125175,0.0,-0.20697167755991286,0.2324632635633931,0.018591671476249207,-0.6440902286753902,-0.2844958199592799,0.1111111111111111,0.1111111111111111,0.1111111111111111,0.05331580804312823,1,0
-1.8377883046032708,0.5555555555555556,1,2.2856360685313906,0,0.5,-2.476644085611099,2.2856360685313915,-0.07972466956477688,-0.740022176188871,0.2777777777777778,-0.25925925925925924,-0.06208652614907963,-0.04287136549723655,-0.9531238224996238,1.2438732394109595,0.4444444444444444,0.2222222222222222,0.3333333333333333,-0.1064055331039316,0,1
-0.1967900838952974,0.0,0,-0.4668695745617363,0,0.0,-0.17763444569744197,-0.4668695745617363,-0.08730803590223243,-0.7519915158450764,0.0,0.9411764705882353,-0.4521647421102244,-0.283833322683991,0.7564222381735122,-0.2844958199592799,0.0,0.0,0.0,-0.11526860224910948,0,1
0.442866495718539,0.3333333333333333,0,0.9093832469848272,1,0.25,0.16869886832993028,0.9093832469848272,0.3333354774730562,0.5567028338463358,0.1388888888888889,-0.23529411764705882,0.31681855183423063,-1.4978381506157068,-0.7891132362483021,0.3523267441444129,0.1111111111111111,0.2222222222222222,0.1111111111111111,0.2589858554836899,0,1
0.47497829121629737,0.1111111111111111,1,-0.4668695745617363,0,0.0,0.6945781907212136,-0.4668695745617363,0.2700214131527996,1.0158696814353412,0.0,3.9041394335511983,0.6396851926361523,0.3781993782464736,1.6335973378751631,-0.2844958199592799,0.1111111111111111,0.1111111111111111,0.1111111111111111,0.32493582651498576,1,0
0.022032598257449288,0.3333333333333333,0,0.9093832469848272,1,0.25,-0.038891540158578077,0.9093832469848272,-0.015781955055106312,-0.4870796040978054,0.1388888888888889,-0.30501089324618735,-1.4880007338279437,0.066276523690121,-1.666848273078999,1.6259081932793418,0.1111111111111111,0.2222222222222222,0.1111111111111111,-1.4809843220475034,0,1
-0.9143382925919776,0.0,0,0.0836315540568891,0,0.25,-2.113672328199152,0.083631554056889,0.4532179006347975,1.6289497969718076,0.05555555555555555,2.5098039215686274,0.9815104514535079,0.929900452632007,1.3273719327921307,-0.2420403927034826,0.0,0.1111111111111111,0.0,-0.625602447176911,0,1
0.18040838650574129,0.1111111111111111,1,0.6341326826755145,1,0.25,-2.476644085611099,0.6341326826755145,-0.06009801516280955,0.07030705245001276,0.1111111111111111,-0.29411764705882354,0.18953232746223397,0.3626362666558231,-1.3723900433022265,0.7344033012376314,0.3333333333333333,0.1111111111111111,0.1111111111111111,-1.4809843220475034,0,1
-0.01160329552774256,0.3333333333333333,1,0.9093832469848272,1,0.25,-0.018873842113316566,0.9093832469848272,0.08964009583713212,-0.3822799551434473,0.1388888888888889,-0.23529411764705882,-2.4349041406302154,0.10524323791544427,-0.7891132362483021,0.3523267441444129,0.1111111111111111,0.2222222222222222,0.1111111111111111,-1.4809843220475034,0,1
-1.8377883046032708,0.0,1,-0.1916190102524235,0,0.125,-2.476644085611099,-0.1916190102524236,0.26195453971413296,-0.5887742289084318,0.027777777777777776,5.132897603485839,-2.4349041406302154,-1.4978381506157068,1.8373853869087895,-0.269211854259697,0.0,0.2222222222222222,0.0,-0.3684621299960217,0,1
0.3640778410488459,0.3333333333333333,0,0.6341326826755145,0,0.25,0.49380039328860975,0.6341326826755145,0.3201462223973949,0.6783299217269537,0.1111111111111111,0.7407407407407407,-1.9173243051832538,0.3703360350780464,0.6417328970763176,-0.1455510309127367,0.1111111111111111,0.3333333333333333,0.1111111111111111,0.3547919585064962,0,1
0.07824744290209906,0.0,1,-0.4668695745617363,0,0.0,0.26847404018890436,-0.4668695745617363,-0.21659427311646556,0.04765675861369156,0.0,0.054466230936819175,-0.5729083411369763,0.12776328546361485,0.0021753538983214,-0.2844958199592799,0.0,0.0,0.1111111111111111,0.2653886661751719,1,0
0.07824744290209906,0.1111111111111111,1,0.0836315540568891,1,0.25,-0.049161422146484765,0.083631554056889,0.3333354774730562,0.12876988522256091,0.05555555555555555,0.0,0.0096341289758159,0.066276523690121,-0.0875094222424097,-0.1571302457764458,0.1111111111111111,0.1111111111111111,0.1111111111111111,-0.19569560995306062,1,0
-1.8377883046032708,0.3333333333333333,1,0.3588821183662018,0,0.25,-0.17794865507134214,0.3588821183662018,-1.2558335710649353,-1.6057866225682307,0.08333333333333333,-0.25925925925925924,-2.4349041406302154,-1.4978381506157068,-0.9531238224996238,0.1740148978517919,0.1111111111111111,0.2222222222222222,0.1111111111111111,-1.4809843220475034,0,1
-1.8377883046032708,0.3333333333333333,0,2.2856360685313906,1,0.375,0.09541429936025897,2.2856360685313915,-1.2558335710649353,-0.6598451745581841,0.2777777777777778,-0.29411764705882354,-2.4349041406302154,-1.4978381506157068,-1.3723900433022265,2.2627519830329987,0.3333333333333333,0.2222222222222222,0.4444444444444444,0.11363053313180634,0,1
-0.00749880872921027,0.1111111111111111,1,-0.4668695745617363,0,0.0,0.09883240487051116,-0.4668695745617363,-1.2558335710649353,-0.41765519112613586,0.0,-0.25925925925925924,0.08136281572751122,-1.4978381506157068,-0.9531238224996238,-0.2844958199592799,0.1111111111111111,0.1111111111111111,0.1111111111111111,-1.4809843220475034,1,0
-1.8377883046032708,0.0,1,-0.4668695745617363,0,0.0,-2.476644085611099,-0.4668695745617363,-1.2558335710649353,-1.873218969294285,0.0,-0.25925925925925924,-0.3281393778419977,-1.4978381506157068,-0.9531238224996238,-0.2844958199592799,0.0,0.0,0.0,-1.4809843220475034,1,0
0.30953815817158364,0.1111111111111111,1,0.0836315540568891,1,0.25,0.034791834629782185,0.083631554056889,-0.015781955055106312,0.1526847632811966,0.05555555555555555,-0.25925925925925924,0.2351845527552244,-0.020363180020070946,-0.9531238224996238,0.0211779919147679,0.1111111111111111,0.3333333333333333,0.1111111111111111,0.11363053313180634,1,0
-1.8377883046032708,0.0,0,-0.1916190102524235,0,0.125,-2.476644085611099,-0.1916190102524236,-1.2558335710649353,-5.028059896155144,0.027777777777777776,2.6688453159041394,-2.4349041406302154,-1.4978381506157068,1.3682240822548568,-0.2638418267707287,0.0,0.2222222222222222,0.0,-1.4809843220475034,0,1
0.5594659976634546,0.1111111111111111,1,1.7351349399127651,0,0.375,0.4240946640332317,1.7351349399127654,-1.2558335710649353,0.6269457978251336,0.2222222222222222,0.9411764705882353,0.38856701644178904,0.15763820015463306,0.7564222381735122,-0.0297636102182493,0.1111111111111111,0.1111111111111111,0.3333333333333333,0.11384010261592441,0,1
-0.24364852373056853,0.0,1,-0.4668695745617363,1,0.0,0.25553559283774613,-0.4668695745617363,-1.2558335710649353,-0.6214792406700255,0.0,-0.13725490196078433,-0.7184029574279608,-1.4978381506157068,-0.3945035917891138,-0.2844958199592799,0.0,0.0,0.0,-1.4809843220475034,1,0
0.07824744290209906,0.1111111111111111,0,-0.4668695745617363,1,0.0,0.12647886847422787,-0.4668695745617363,0.1812882605018963,0.22344991033072584,0.0,-0.09586056644880174,0.150515689149979,0.214438587242051,-0.2847917733012345,-0.2844958199592799,0.1111111111111111,0.1111111111111111,0.1111111111111111,0.19865366409457927,1,0
0.07950399314438782,0.1111111111111111,1,-0.4668695745617363,0,0.0,0.10848346083980917,-0.4668695745617363,0.10854127650719715,0.05666772811172043,0.0,-0.17429193899782136,0.08136281572751122,0.12776328546361485,-0.5135592262370264,-0.2844958199592799,0.1111111111111111,0.1111111111111111,0.1111111111111111,0.11363053313180634,1,0
0.18040838650574129,0.0,0,-0.1916190102524235,0,0.125,-0.060200737786788555,-0.1916190102524236,0.1812882605018963,1.723538012487844,0.027777777777777776,1.7799564270152506,1.3979383905847633,0.12776328546361485,1.1095988810204689,-0.2598442925972484,0.1111111111111111,0.2222222222222222,0.1111111111111111,0.11363053313180634,0,1
0.34900422611190063,0.3333333333333333,0,0.9093832469848272,0,0.25,-2.476644085611099,0.9093832469848272,0.2849598405137579,1.9434153022857323,0.1388888888888889,0.5577342047930284,0.3126488641947435,1.1147066353792472,0.5191192900072952,-0.093446821860342,0.3333333333333333,0.2222222222222222,0.1111111111111111,0.3679838853211465,0,1
-0.1886702074924367,0.3333333333333333,0,0.6341326826755145,1,0.25,0.04758485615594852,0.6341326826755145,-0.015066141993938723,-0.5060824340335689,0.1111111111111111,-0.25925925925925924,-2.4349041406302154,-0.003920466634580242,-0.9531238224996238,0.3268518037888158,0.1111111111111111,0.3333333333333333,0.1111111111111111,-0.1064055331039316,0,1
0.03730458856720431,0.3333333333333333,0,3.1113877614593286,0,0.375,0.2594804437169419,3.111387761459329,0.10854127650719715,-0.06350011676499775,0.3611111111111111,-0.25925925925925924,-2.4349041406302154,0.018591671476249207,-0.9531238224996238,1.7023839572220312,0.3333333333333333,0.3333333333333333,0.4444444444444444,0.11363053313180634,0,1
-1.8377883046032708,0.0,0,-0.4668695745617363,0,0.0,-2.476644085611099,-0.4668695745617363,-1.2558335710649353,-5.028059896155144,0.0,2.5098039215686274,-2.4349041406302154,-1.4978381506157068,1.3273719327921307,-0.2844958199592799,0.0,0.0,0.0,-1.4809843220475034,1,0
0.29663282875022295,0.0,1,-0.4668695745617363,1,0.0,0.5392528137287013,-0.4668695745617363,0.16704098413972915,0.6855071097242851,0.0,0.39215686274509803,0.6960481664772368,-1.4978381506157068,0.3871513198050401,-0.2844958199592799,0.0,0.0,0.0,-1.4809843220475034,1,0
0.13446858275768922,0.5555555555555556,1,4.487640583005892,1,0.5,-2.476644085611099,4.487640583005893,-1.2558335710649353,-0.6158531964356745,0.5,-0.29411764705882354,-0.719952793840549,-1.4978381506157068,-1.3723900433022265,4.300550225426821,0.4444444444444444,0.5555555555555556,0.3333333333333333,0.11363053313180634,0,1
-0.5731154061779113,0.0,1,-0.1916190102524235,0,0.125,-2.476644085611099,-0.1916190102524236,0.49661200807820177,0.28802033637877855,0.027777777777777776,2.20479302832244,-2.4349041406302154,-0.03817621608579955,1.2431022551165405,-0.26201942096705,0.0,0.2222222222222222,0.0,-1.4809843220475034,0,1
0.5751543653927822,0.3333333333333333,1,2.0103855042220777,0,0.25,-2.476644085611099,2.010385504222078,0.3333354774730562,0.71276414583404,0.25,1.5185185185185186,0.4123958978726874,-1.4978381506157068,1.0152348983243975,-0.0473311784448913,0.3333333333333333,0.2222222222222222,0.3333333333333333,0.3671715138948441,0,1
-1.8377883046032708,0.0,1,-0.1916190102524235,0,0.125,-2.476644085611099,-0.1916190102524236,-1.2558335710649353,-1.047124131521949,0.027777777777777776,5.132897603485839,0.04027036021255999,-1.4978381506157068,1.8373853869087895,-0.269211854259697,0.0,0.2222222222222222,0.0,-0.32186013015374193,0,1
-1.8377883046032708,0.0,0,0.0836315540568891,1,0.25,-0.013479581362055482,0.083631554056889,-0.061249333332234875,-0.5983866976333312,0.05555555555555555,0.8387799564270153,-0.16653845110168242,0.013546826723757179,0.6999923241170234,-0.2180439511956038,0.0,0.0,0.3333333333333333,-1.4809843220475034,0,1
-1.8377883046032708,0.1111111111111111,0,0.6341326826755145,0,0.25,0.21961315785587668,0.6341326826755145,-1.2558335710649353,0.5039625038932738,0.1111111111111111,0.054466230936819175,0.4525471756703302,0.2473332793843075,0.0021753538983214,-0.0493592245867171,0.3333333333333333,0.1111111111111111,0.3333333333333333,0.46434309803320867,0,1
-0.05042906437089462,0.3333333333333333,1,0.6341326826755145,0,0.25,0.10901145317231987,0.6341326826755145,0.03140630306814073,-0.2984904783494785,0.1111111111111111,-0.25925925925925924,-2.4349041406302154,0.066276523690121,-0.9531238224996238,0.3268518037888158,0.1111111111111111,0.3333333333333333,0.1111111111111111,-0.011697378387615939,0,1
0.3091352594538665,0.1111111111111111,0,0.0836315540568891,0,0.25,-2.476644085611099,0.083631554056889,0.47064393343091726,1.1520531769602562,0.05555555555555555,0.5577342047930284,0.5962569048126756,0.700721672182931,0.5191192900072952,-0.2080762207197047,0.3333333333333333,0.1111111111111111,0.1111111111111111,0.36081505013534393,0,1
-0.15033385167146385,0.3333333333333333,0,0.3588821183662018,1,0.25,0.034791834629782185,0.3588821183662018,-0.08465673382266095,-0.5137426881645986,0.08333333333333333,-0.25925925925925924,-1.9173243051832538,-0.020363180020070946,-0.9531238224996238,0.1740148978517919,0.1111111111111111,0.2222222222222222,0.1111111111111111,-0.031672403407900916,0,1
0.025161917861290132,0.1111111111111111,1,0.0836315540568891,0,0.25,0.11760366895698081,0.083631554056889,-0.0019815092194356396,-0.15868583225664065,0.05555555555555555,-0.23529411764705882,0.018354147473292056,-0.016132469034368106,-0.7891132362483021,-0.0297667943178028,0.1111111111111111,0.3333333333333333,0.1111111111111111,-0.021447229530358713,0,1
-0.09135711293377474,0.4444444444444444,0,1.18463381129414,1,0.375,-1.9449000722341456,1.18463381129414,-0.019038917372292397,-0.7061650460213944,0.16666666666666666,-0.29411764705882354,-2.4349041406302154,0.0019336068950664943,-1.3723900433022265,1.243852861836087,0.3333333333333333,0.2222222222222222,0.1111111111111111,-0.03399042739279907,0,1
-1.8377883046032708,0.1111111111111111,0,-0.4668695745617363,1,0.0,-0.1940527750620471,-0.4668695745617363,-0.16250504744989117,-0.8388968188915573,0.0,-0.09586056644880174,-0.17670370090685472,-0.24205366622281366,-0.2847917733012345,-0.2844958199592799,0.1111111111111111,0.1111111111111111,0.1111111111111111,-0.20220812076731515,1,0
0.37734116683533264,0.1111111111111111,0,-0.4668695745617363,1,0.0,0.6040788725843649,-0.4668695745617363,0.30992743791734495,0.9786213005585442,0.0,2.5098039215686274,0.638209119137205,0.4030415636668088,1.3273719327921307,-0.2844958199592799,0.1111111111111111,0.1111111111111111,0.1111111111111111,0.3799831845042932,1,0
-1.8377883046032708,0.3333333333333333,0,1.4598843756034523,1,0.25,0.1529146459748972,1.4598843756034523,-0.13930054313604165,-0.6675460048333411,0.19444444444444442,-0.30501089324618735,-2.4349041406302154,-0.1484276388262529,-1.666848273078999,2.3900697985747907,0.3333333333333333,0.2222222222222222,0.3333333333333333,-0.20315520606063805,0,1
-0.09634369408832952,0.1111111111111111,1,-0.4668695745617363,1,0.0,0.038404497313681465,-0.4668695745617363,-0.23146499342530566,-0.2729858672934792,0.0,-0.09586056644880174,0.1486435532685795,-0.020363180020070946,-0.2847917733012345,-0.2844958199592799,0.1111111111111111,0.1111111111111111,0.1111111111111111,-0.17687068600338346,1,0
-0.2468306114300373,0.0,1,-0.4668695745617363,0,0.0,0.021655288632532486,-0.4668695745617363,0.1768681478600174,-0.0972739692706438,0.0,1.5185185185185186,-0.4051106091944457,-0.14803916375906678,1.0152348983243975,-0.2844958199592799,0.0,0.0,0.0,0.24877953729658128,1,0
-1.8377883046032708,0.1111111111111111,1,-0.4668695745617363,1,0.0,-0.03478979744880234,-0.4668695745617363,-1.2558335710649353,-0.8103993418836994,0.0,-0.29411764705882354,-0.00922997645810883,-1.4978381506157068,-1.3723900433022265,-0.2844958199592799,0.1111111111111111,0.1111111111111111,0.1111111111111111,-1.4809843220475034,1,0
0.6101895688564826,0.1111111111111111,0,0.0836315540568891,1,0.25,-0.26359572242001195,0.083631554056889,-0.015781955055106312,0.3516687534946305,0.05555555555555555,-0.25925925925925924,-0.2131146983687719,-1.4978381506157068,-0.9531238224996238,0.0211779919147679,0.0,0.1111111111111111,0.0,-0.031672403407900916,0,1
0.1134598899578306,0.1111111111111111,1,-0.4668695745617363,1,0.0,0.0809464037658137,-0.4668695745617363,0.37235388042488066,0.35246580126750404,0.0,-0.05010893246187364,0.04216421648155949,0.16673593377072146,-0.1828566844305228,-0.2844958199592799,0.1111111111111111,0.1111111111111111,0.1111111111111111,0.15455148118326137,1,0
-1.8377883046032708,0.0,1,-0.4668695745617363,0,0.0,0.178888903842196,-0.4668695745617363,0.02279365357854673,-0.3090977194553841,0.0,2.355119825708061,0.1200825547637397,-0.25702342352210616,1.285678693674575,-0.2844958199592799,0.0,0.0,0.0,-1.4809843220475034,1,0
0.42758709717101306,0.3333333333333333,0,0.3588821183662018,0,0.25,0.5664037311873185,0.3588821183662018,0.21559114483901468,0.9426538990720016,0.08333333333333333,1.6470588235294117,0.5270853668270672,0.4241497408825051,1.0629938337787594,-0.2080760933541306,0.1111111111111111,0.2222222222222222,0.1111111111111111,0.45117298070474154,0,1
0.21364645487968173,0.3333333333333333,1,0.6341326826755145,0,0.25,0.2070133954846282,0.6341326826755145,0.13416063866482975,0.2277441798847106,0.1111111111111111,0.054466230936819175,-1.0421817297109623,0.24119702560576337,0.0021753538983214,-0.0493592245867171,0.1111111111111111,0.3333333333333333,0.1111111111111111,0.27293063649791044,0,1
-1.8377883046032708,0.0,1,-0.4668695745617363,1,0.0,-0.633150833521768,-0.4668695745617363,-1.2558335710649353,-1.6020365476889518,0.0,-0.29411764705882354,-0.6405164088259279,-0.15675299925015765,-1.3723900433022265,-0.2844958199592799,0.0,0.0,0.0,-1.4809843220475034,1,0
-0.05021927371658251,0.1111111111111111,0,-0.4668695745617363,0,0.0,-0.10617880086107309,-0.4668695745617363,-0.0924560232735743,-0.3917235654178162,0.0,-0.25925925925925924,0.025316925826723576,-0.10814499542291621,-0.9531238224996238,-0.2844958199592799,0.1111111111111111,0.1111111111111111,0.1111111111111111,-0.11124913150114606,0,1
-0.023955493780625076,0.3333333333333333,0,0.3588821183662018,1,0.25,0.017853675089789346,0.3588821183662018,-1.2558335710649353,-0.6860270503528969,0.08333333333333333,-0.25925925925925924,-2.4349041406302154,-1.4978381506157068,-0.9531238224996238,0.1740148978517919,0.1111111111111111,0.2222222222222222,0.1111111111111111,-0.031882077624412315,0,1
0.04718499759019853,0.0,1,-0.1916190102524235,1,0.125,-2.476644085611099,-0.1916190102524236,-0.6577365594168295,-0.12612747637025898,0.027777777777777776,0.5577342047930284,-0.0006537233266234794,0.3674635906232666,0.5191192900072952,-0.2462860203394923,0.0,0.2222222222222222,0.0,-1.4809843220475034,0,1
-0.37001122821452725,0.0,1,-0.4668695745617363,0,0.0,-0.27604912372276585,-0.4668695745617363,-1.2558335710649353,-1.0743570431475347,0.0,0.0,-2.4349041406302154,0.024561751968611396,-0.0875094222424097,-0.2844958199592799,0.0,0.0,0.0,-1.4809843220475034,1,0
0.35508346069795704,0.1111111111111111,1,0.0836315540568891,0,0.25,0.1232101319848419,0.083631554056889,0.16890900987517174,0.2353577637238828,0.05555555555555555,0.8387799564270153,0.0976588803573525,-1.4978381506157068,0.6999923241170234,-0.2180439511956038,0.1111111111111111,0.1111111111111111,0.1111111111111111,0.19865366409457927,1,0
-1.8377883046032708,0.0,1,-0.4668695745617363,1,0.0,0.7081900088901337,-0.4668695745617363,0.4931094518409319,1.0395439883352753,0.0,2.0588235294117645,0.5368402175445685,0.5266976098715213,1.199597083727945,-0.2844958199592799,0.0,0.0,0.0,0.09339519146367445,1,0
-1.8377883046032708,0.3333333333333333,1,1.4598843756034523,0,0.25,0.22429830629969633,1.4598843756034523,0.004219667270185835,-0.3597686010969941,0.19444444444444442,0.6470588235294118,-2.4349041406302154,0.012083310553986181,0.5814972662319737,-0.0297637618438426,0.3333333333333333,0.2222222222222222,0.3333333333333333,-0.011697378387615939,0,1
-0.09634369408832952,0.0,1,-0.4668695745617363,1,0.0,-0.1940527750620471,-0.4668695745617363,0.7337347140145948,1.2716351760492888,0.0,0.2440087145969499,-0.2131146983687719,0.5149814631065435,0.2439439807007004,-0.2844958199592799,0.0,0.0,0.0,0.006539905894159156,1,0
0.022032598257449288,0.3333333333333333,1,0.3588821183662018,0,0.25,0.047743659875301776,0.3588821183662018,-0.04746983077586487,-0.4710857119243633,0.08333333333333333,-0.25925925925925924,-2.4349041406302154,-0.1100862081376974,-0.9531238224996238,0.1740148978517919,0.1111111111111111,0.2222222222222222,0.1111111111111111,-0.11155560202483687,0,1
-0.18614051716160288,0.1111111111111111,0,-0.4668695745617363,1,0.0,-0.060200737786788555,-0.4668695745617363,-0.015781955055106312,-0.4343139325768407,0.0,-0.25925925925925924,-0.11859720634246156,-0.11204520320124457,-0.9531238224996238,-0.2844958199592799,0.1111111111111111,0.1111111111111111,0.1111111111111111,-0.031672403407900916,1,0
0.35508346069795704,0.1111111111111111,1,-0.4668695745617363,0,0.0,0.5315972218020605,-0.4668695745617363,0.2900563190762661,0.7976296631113244,0.0,0.6470588235294118,0.4572960632549125,0.34403164778013556,0.5814972662319737,-0.2844958199592799,0.1111111111111111,0.1111111111111111,0.1111111111111111,0.3374936322617383,1,0
0.42783900320732504,0.1111111111111111,0,-0.4668695745617363,1,0.0,0.653383746041454,-0.4668695745617363,0.931407765302455,1.9989026088625292,0.0,2.20479302832244,0.5270853668270672,0.4331265772230196,1.2431022551165405,-0.2844958199592799,0.1111111111111111,0.1111111111111111,0.1111111111111111,0.43959528381392954,1,0
-0.04196768724742248,0.1111111111111111,0,-0.4668695745617363,0,0.0,-0.15109242520006644,-0.4668695745617363,-0.32275592532999164,-0.6244777066228233,0.0,-0.3115468409586057,-0.16542856067063424,-0.24754526380929873,-2.102083711231995,-0.2844958199592799,0.1111111111111111,0.1111111111111111,0.1111111111111111,-0.1457930429049809,0,1
-0.3838053755925958,0.1111111111111111,0,-0.4668695745617363,1,0.0,0.0369313612660919,-0.4668695745617363,-0.24573249218212043,-0.632351435141434,0.0,-0.2788671023965142,-0.12881500849105557,-0.20814314591629246,-1.1433092459291831,-0.2844958199592799,0.1111111111111111,0.1111111111111111,0.1111111111111111,-0.3088966837270661,1,0
-1.8377883046032708,0.3333333333333333,0,3.661888890077954,1,0.5,-2.476644085611099,3.6618888900779543,-1.2558335710649353,-0.11082267868121463,0.41666666666666663,-0.25925925925925924,0.36283016970125886,0.13819223942991316,-0.9531238224996238,2.0080577690960792,0.5555555555555556,0.3333333333333333,0.4444444444444444,0.11363053313180634,0,1
-1.8377883046032708,0.0,1,-0.1916190102524235,0,0.125,0.3918214449667778,-0.1916190102524236,-1.2558335710649353,0.5698071138890615,0.027777777777777776,2.0588235294117645,0.7858333504686927,-1.4978381506157068,1.199597083727945,-0.2613383200312278,0.0,0.2222222222222222,0.0,-1.4809843220475034,0,1
-1.2573907469345689,0.0,1,1.4598843756034523,0,0.375,-2.476644085611099,1.4598843756034523,-1.2558335710649353,-0.5934797739975977,0.19444444444444442,0.0,-0.04241303968704692,-1.4978381506157068,-0.0875094222424097,0.1612836896806392,0.4444444444444444,0.3333333333333333,0.3333333333333333,0.2094174170755434,0,1
0.35508346069795704,0.1111111111111111,1,-0.4668695745617363,1,0.0,0.16869886832993028,-0.4668695745617363,0.3973473314367822,0.5670376122921608,0.0,0.7407407407407407,0.13997425265217076,0.3236529324331165,0.6417328970763176,-0.2844958199592799,0.1111111111111111,0.1111111111111111,0.1111111111111111,-0.004947872781388551,1,0
0.2815170403090649,0.1111111111111111,0,-0.4668695745617363,1,0.0,-0.34598822012232755,-0.4668695745617363,0.20012163769313637,0.043001031711074424,0.0,-0.30501089324618735,0.0096341289758159,0.12776328546361485,-1.666848273078999,-0.2844958199592799,0.0,0.1111111111111111,0.0,-0.2837522314751988,1,0
0.2770345331959813,0.0,1,-0.1916190102524235,0,0.125,-2.476644085611099,-0.1916190102524236,-1.2558335710649353,0.25025122095734853,0.027777777777777776,-0.25925925925925924,0.6121930034555372,-1.4978381506157068,-0.9531238224996238,-0.1316589140222559,0.0,0.2222222222222222,0.0,-1.4809843220475034,0,1
0.07824744290209906,0.3333333333333333,1,2.5608866328407034,0,0.25,-2.476644085611099,2.560886632840704,-1.2558335710649353,-0.5127802940355883,0.3055555555555555,-0.20697167755991286,-0.08282810616588625,-1.4978381506157068,-0.6440902286753902,0.916372445798759,0.3333333333333333,0.2222222222222222,0.3333333333333333,0.11363053313180634,0,1
-1.8377883046032708,0.0,1,-0.4668695745617363,1,0.0,0.0809464037658137,-0.4668695745617363,0.18981475736928755,-0.4066071458867924,0.0,4.098039215686274,-0.3771772238460933,-1.4978381506157068,1.668921836399024,-0.2844958199592799,0.0,0.0,0.0,-0.21739129166283935,1,0
0.04069001726851605,0.1111111111111111,1,0.0836315540568891,1,0.25,0.257298528389013,0.083631554056889,0.30695473037167503,0.057484147476601556,0.05555555555555555,0.6470588235294118,-0.18987948039188884,-1.114660594938363,0.5814972662319737,-0.2117152319262978,0.1111111111111111,0.1111111111111111,0.1111111111111111,-0.31608981251207946,1,0
0.07824744290209906,0.1111111111111111,0,-0.4668695745617363,0,0.0,0.016111101789924493,-0.4668695745617363,-0.21065572014274123,-0.2596491145013912,0.0,-0.2788671023965142,-0.026740585260095543,0.0007755419766207837,-1.1433092459291831,-0.2844958199592799,0.1111111111111111,0.1111111111111111,0.1111111111111111,-0.0428632718230282,0,1
-1.8377883046032708,0.0,1,-0.1916190102524235,0,0.125,-2.476644085611099,-0.1916190102524236,-1.2558335710649353,-5.028059896155144,0.027777777777777776,-0.09586056644880174,-2.4349041406302154,-1.4978381506157068,-0.2847917733012345,-0.20807660281388,0.0,0.2222222222222222,0.0,-1.4809843220475034,0,1
0.07824744290209906,0.1111111111111111,0,-0.4668695745617363,1,0.0,0.034791834629782185,-0.4668695745617363,0.10854127650719715,-0.00982243190043095,0.0,-0.05010893246187364,-0.030360099362461087,0.12776328546361485,-0.1828566844305228,-0.2844958199592799,0.1111111111111111,0.1111111111111111,0.1111111111111111,0.11363053313180634,1,0
0.13547442390327438,0.1111111111111111,1,-0.4668695745617363,1,0.0,0.11268396089000897,-0.4668695745617363,0.157670700350545,0.20061010924509606,0.0,-0.23529411764705882,0.061472485274025074,0.23155067604930119,-0.7891132362483021,-0.2844958199592799,0.1111111111111111,0.1111111111111111,0.1111111111111111,0.19154423969583573,1,0
0.6440728991434305,0.0,0,-0.4668695745617363,0,0.0,1.4603256896850394,-0.4668695745617363,0.9356207946216297,2.3936086944001977,0.0,4.705882352941177,-1.9173243051832538,0.3604873073673766,1.7715522582507326,-0.2844958199592799,0.0,0.0,0.0,0.8573698084209732,1,0
0.3092864219511139,0.0,1,-0.4668695745617363,1,0.0,1.3873645673005333,-0.4668695745617363,0.2735257046064468,1.668782946034424,0.0,3.5294117647058822,0.1035931218795526,0.3236529324331165,1.561142456786503,-0.2844958199592799,0.0,0.0,0.1111111111111111,0.4707643179126623,1,0
0.25346788919321017,0.3333333333333333,0,0.6341326826755145,1,0.25,-2.476644085611099,0.6341326826755145,-1.2558335710649353,-0.4213094358520636,0.1111111111111111,2.0588235294117645,-2.4349041406302154,-1.4978381506157068,1.199597083727945,-0.1918658202470713,0.3333333333333333,0.0,0.0,0.14357319555297043,0,1
-1.8377883046032708,0.1111111111111111,0,-0.4668695745617363,1,0.0,-0.1940527750620471,-0.4668695745617363,-1.2558335710649353,-1.0726742800912639,0.0,-0.25925925925925924,-0.11502526551304132,-1.4978381506157068,-0.9531238224996238,-0.2844958199592799,0.1111111111111111,0.1111111111111111,0.1111111111111111,-1.4809843220475034,1,0
-1.8377883046032708,0.0,0,0.0836315540568891,1,0.25,-2.476644085611099,0.083631554056889,-1.2558335710649353,-1.8012328682280123,0.05555555555555555,-0.29411764705882354,-0.2929268929199516,-1.4978381506157068,-1.3723900433022265,0.2249537406391757,0.0,0.3333333333333333,0.0,-1.4809843220475034,0,1
-0.009275161793371506,0.1111111111111111,1,-0.4668695745617363,0,0.0,0.04471325895204173,-0.4668695745617363,0.10473377249251282,-0.04581186044354961,0.0,-0.17429193899782136,0.08136281572751122,0.06050019776789523,-0.5135592262370264,-0.2844958199592799,0.1111111111111111,0.1111111111111111,0.1111111111111111,0.08575319356172201,1,0
-1.8377883046032708,0.0,0,-0.1916190102524235,0,0.125,-2.476644085611099,-0.1916190102524236,-1.2558335710649353,-5.028059896155144,0.027777777777777776,1.6470588235294117,-2.4349041406302154,-1.4978381506157068,1.0629938337787594,-0.2590225777575635,0.0,0.2222222222222222,0.0,-1.4809843220475034,0,1
-0.01160329552774256,0.1111111111111111,1,-0.4668695745617363,0,0.0,0.05090380957037403,-0.4668695745617363,-0.015781955055106312,-0.2567850406009787,0.0,-0.23529411764705882,0.0096341289758159,-0.12946365119646047,-0.7891132362483021,-0.2844958199592799,0.1111111111111111,0.1111111111111111,0.1111111111111111,-0.031672403407900916,1,0
0.42758709717101306,0.1111111111111111,1,0.0836315540568891,0,0.25,0.5315972218020605,0.083631554056889,0.30585063256892686,0.9342535650308812,0.05555555555555555,1.6470588235294117,0.5720272761527729,0.3955971410661783,1.0629938337787594,-0.233549335555847,0.1111111111111111,0.3333333333333333,0.1111111111111111,0.39083030464541124,0,1
-1.8377883046032708,0.1111111111111111,1,0.0836315540568891,0,0.25,0.04932751301282032,0.083631554056889,0.044560169834700084,-0.3832676981197954,0.05555555555555555,-0.23529411764705882,-0.08282810616588625,-0.09654852506560477,-0.7891132362483021,-0.0297667943178028,0.1111111111111111,0.1111111111111111,0.3333333333333333,-0.031672403407900916,1,0
-1.8377883046032708,0.1111111111111111,1,0.0836315540568891,0,0.25,0.13911932807499858,0.083631554056889,-1.2558335710649353,-0.2634322729740883,0.05555555555555555,-0.30501089324618735,-0.08261392671528767,0.09125917284980617,-1.666848273078999,0.4796657853361687,0.1111111111111111,0.1111111111111111,0.3333333333333333,0.12275948962466958,1,0
0.515353646362968,0.3333333333333333,0,1.18463381129414,1,0.25,-0.3626050635543782,1.18463381129414,-0.06688085054270765,0.08065949331215154,0.16666666666666666,-0.30501089324618735,-2.4349041406302154,-1.3496048375326566,-1.666848273078999,2.0079889959270663,0.0,0.3333333333333333,0.0,-0.07712544467242505,0,1
-0.22493634798497716,0.0,1,-0.1916190102524235,0,0.125,-2.476644085611099,-0.1916190102524236,-1.2558335710649353,-1.9733741811765553,0.027777777777777776,0.17647058823529413,-2.4349041406302154,-1.4978381506157068,0.1673597344439074,-0.2335495053763295,0.0,0.2222222222222222,0.0,-1.4809843220475034,0,1
-1.8377883046032708,0.0,1,-0.4668695745617363,1,0.0,-2.476644085611099,-0.4668695745617363,-1.2558335710649353,-5.028059896155144,0.0,0.8387799564270153,-2.4349041406302154,-1.4978381506157068,0.6999923241170234,-0.2844958199592799,0.0,0.0,0.0,-1.4809843220475034,1,0
0.7290244014774278,0.1111111111111111,1,-0.4668695745617363,1,0.0,0.6366946978213068,-0.4668695745617363,0.28643080330718096,1.2555505870150938,0.0,8.333333333333334,0.6755580203172455,0.43736449256029597,2.223906638893516,-0.2844958199592799,0.1111111111111111,0.1111111111111111,0.1111111111111111,0.47190753074823016,1,0
0.491277090930023,0.1111111111111111,1,0.0836315540568891,0,0.25,0.6017420617855448,0.083631554056889,0.43006921587535435,1.143475230005126,0.05555555555555555,3.9041394335511983,0.5720272761527729,0.49414217124898024,1.6335973378751631,-0.2497595437519207,0.1111111111111111,0.3333333333333333,0.1111111111111111,0.47494471565738927,0,1
0.35508346069795704,0.1111111111111111,0,-0.4668695745617363,1,0.0,0.4926873395741765,-0.4668695745617363,0.3572998073251172,1.68341293386614,0.0,0.7407407407407407,0.5270853668270672,0.9787350564448721,0.6417328970763176,-0.2844958199592799,0.1111111111111111,0.1111111111111111,0.1111111111111111,0.5062066625999129,1,0
0.2529015249281053,0.1111111111111111,1,0.0836315540568891,0,0.25,0.3505732374012529,0.083631554056889,0.1812882605018963,0.5688930516209877,0.05555555555555555,0.5577342047930284,0.45577440228353866,0.3236529324331165,0.5191192900072952,-0.2080762207197047,0.1111111111111111,0.3333333333333333,0.1111111111111111,0.19872355549491127,0,1
0.0464715426655191,0.1111111111111111,0,-0.4668695745617363,1,0.0,0.05728913035152748,-0.4668695745617363,0.011912147047364584,-0.17119474256175288,0.0,-0.25925925925925924,-0.0051655882901636635,0.011531899507590097,-0.9531238224996238,-0.2844958199592799,0.1111111111111111,0.1111111111111111,0.1111111111111111,-0.016126104438052926,1,0
0.7469156587988368,0.1111111111111111,1,-0.4668695745617363,1,0.0,0.10848346083980917,-0.4668695745617363,0.05693515131531388,0.758918817046337,0.0,-0.25925925925925924,0.025316925826723576,0.0,-0.9531238224996238,-0.2844958199592799,0.1111111111111111,0.1111111111111111,0.1111111111111111,0.11363053313180634,1,0
-1.8377883046032708,0.0,0,-0.4668695745617363,0,0.0,1.0614196019913393,-0.4668695745617363,0.41155811764194117,1.1443508258915747,0.0,2.355119825708061,-0.23265115791362534,-0.046703144883761,1.285678693674575,-0.2844958199592799,0.0,0.0,0.1111111111111111,0.4495727313762759,1,0
-0.09634369408832952,0.3333333333333333,0,0.3588821183662018,1,0.25,0.034791834629782185,0.3588821183662018,-0.11005868524940783,-0.4396742343516611,0.08333333333333333,-0.29411764705882354,-2.4349041406302154,0.066276523690121,-1.3723900433022265,0.4796785209384036,0.1111111111111111,0.2222222222222222,0.1111111111111111,-0.02104840994986472,0,1
-0.09634369408832952,0.0,0,-0.4668695745617363,1,0.0,-2.476644085611099,-0.4668695745617363,0.013594638070886957,-0.9519047513928122,0.0,-0.13725490196078433,-2.4349041406302154,-0.25962352200296185,-0.3945035917891138,-0.2844958199592799,0.0,0.0,0.0,-0.2663720580178166,1,0
0.35508346069795704,0.1111111111111111,0,-0.4668695745617363,1,0.0,0.39765349836135255,-0.4668695745617363,0.30585063256892686,0.696544981626419,0.0,1.159041394335512,0.37337333432966896,0.3239093538855156,0.8643003776574393,-0.2844958199592799,0.1111111111111111,0.1111111111111111,0.1111111111111111,0.3060377416570077,1,0
0.2942380349428845,0.0,0,-0.4668695745617363,0,0.0,-0.053878312709566424,-0.4668695745617363,-0.11780319485148798,0.016413971062361327,0.0,2.355119825708061,0.24914351149108402,-0.23669956406883627,1.285678693674575,-0.2844958199592799,0.0,0.0,0.0,-0.06376562910421686,0,1
0.33315489072787546,0.3333333333333333,1,0.3588821183662018,0,0.25,0.4341057656854379,0.3588821183662018,-1.2558335710649353,0.7119143749564804,0.08333333333333333,0.5577342047930284,0.41340488180506557,0.3626362666558231,0.5191192900072952,-0.1698664210999171,0.1111111111111111,0.2222222222222222,0.1111111111111111,0.44693530431317774,0,1
0.4049577943137152,0.1111111111111111,0,0.6341326826755145,1,0.25,-2.476644085611099,0.6341326826755145,0.3333354774730562,0.6636564660908943,0.1111111111111111,0.0,0.16531105293658158,0.558568664766645,-0.0875094222424097,-0.0297646715936118,0.3333333333333333,0.1111111111111111,0.1111111111111111,-1.4809843220475034,0,1
-0.17661424232303088,0.1111111111111111,0,-0.4668695745617363,0,0.0,-0.10215572367307334,-0.4668695745617363,0.08964009583713212,-0.22904082605813766,0.0,-0.29411764705882354,-0.11955646263367715,-0.07870470972534525,-1.3723900433022265,-0.2844958199592799,0.1111111111111111,0.1111111111111111,0.1111111111111111,0.16042040378299907,1,0
0.3553773143737125,0.0,0,-0.4668695745617363,1,0.0,0.3716619977556528,-0.4668695745617363,0.240979621554806,1.7912647647087856,0.0,1.3943355119825709,1.401456547314179,0.34430360498996365,0.9662521913648202,-0.2844958199592799,0.1111111111111111,0.0,0.1111111111111111,0.3442710159296509,1,0
-0.15252708390055125,0.1111111111111111,1,-0.4668695745617363,1,0.0,-0.1074461255133846,-0.4668695745617363,-1.2558335710649353,-0.4776649287085658,0.0,-0.3115468409586057,-0.024230948184563922,-1.4978381506157068,-2.102083711231995,-0.2844958199592799,0.1111111111111111,0.1111111111111111,0.0,0.10287579294346057,1,0
-1.8377883046032708,0.0,1,-0.4668695745617363,1,0.0,-2.476644085611099,-0.4668695745617363,-1.2558335710649353,-4.110490448896882,0.0,0.8387799564270153,-1.4880007338279437,-1.4978381506157068,0.6999923241170234,-0.2844958199592799,0.0,0.0,0.0,-1.4809843220475034,1,0
-0.00485753283318338,0.1111111111111111,1,-0.4668695745617363,0,0.0,-0.03174656624508933,-0.4668695745617363,-0.015781955055106312,-0.004056395189917627,0.0,-0.29411764705882354,0.0096341289758159,-0.06910086214624117,-1.3723900433022265,-0.2844958199592799,0.1111111111111111,0.1111111111111111,0.1111111111111111,0.3057862080103784,1,0
0.0875223470905458,0.0,1,-0.1916190102524235,0,0.125,0.6502203753894679,-0.1916190102524236,0.2747735288896526,0.3416445284267962,0.027777777777777776,0.5577342047930284,-2.4349041406302154,-1.4978381506157068,0.5191192900072952,-0.2462860203394923,0.0,0.2222222222222222,0.0,-1.4809843220475034,0,1
-0.05573139401720503,0.1111111111111111,0,0.6341326826755145,0,0.25,-0.16560768234201723,0.6341326826755145,-0.015781955055106312,-0.5938872977327593,0.1111111111111111,-0.29411764705882354,-0.2131146983687719,-0.12946365119646047,-1.3723900433022265,0.7344033012376314,0.1111111111111111,0.3333333333333333,0.1111111111111111,-1.4809843220475034,0,1
-1.8377883046032708,0.0,0,-0.4668695745617363,0,0.0,-2.476644085611099,-0.4668695745617363,-1.2558335710649353,-5.028059896155144,0.0,1.6470588235294117,-2.4349041406302154,-1.4978381506157068,1.0629938337787594,-0.2844958199592799,0.0,0.0,0.0,-1.4809843220475034,1,0
0.04618559430064315,0.1111111111111111,0,0.9093832469848272,1,0.375,-0.060200737786788555,0.9093832469848272,0.0013089566649129294,-0.5076312645113519,0.1388888888888889,-0.29411764705882354,-0.1593917029163177,-1.4978381506157068,-1.3723900433022265,0.9891280815368592,0.1111111111111111,0.0,0.1111111111111111,-1.4809843220475034,0,1
0.14915034027229246,0.1111111111111111,1,-0.4668695745617363,0,0.0,0.3689107160964178,-0.4668695745617363,-0.10147468064324724,0.9654323689153941,0.0,0.11328976034858387,0.3406465500697549,0.7457841230725359,0.0869332819236188,-0.2844958199592799,0.1111111111111111,0.1111111111111111,0.1111111111111111,-0.031672403407900916,1,0
-1.8377883046032708,0.0,0,-0.4668695745617363,1,0.0,-2.476644085611099,-0.4668695745617363,-1.2558335710649353,-5.028059896155144,0.0,0.6470588235294118,-2.4349041406302154,-1.4978381506157068,0.5814972662319737,-0.2844958199592799,0.0,0.0,0.0,-1.4809843220475034,1,0
0.4593917602828005,0.3333333333333333,1,1.18463381129414,1,0.25,-2.476644085611099,1.18463381129414,0.10854127650719715,0.49316425878172565,0.16666666666666666,0.0,0.25571528866671944,0.44423812695990667,-0.0875094222424097,0.0976009025892222,0.3333333333333333,0.3333333333333333,0.1111111111111111,-0.031672403407900916,0,1
-1.8377883046032708,0.0,0,-0.4668695745617363,0,0.0,-2.476644085611099,-0.4668695745617363,-1.2558335710649353,-5.028059896155144,0.0,0.8387799564270153,-2.4349041406302154,-1.4978381506157068,0.6999923241170234,-0.2844958199592799,0.0,0.0,0.0,-1.4809843220475034,1,0
0.42758709717101306,0.0,0,-0.1916190102524235,0,0.125,0.5664037311873185,-0.1916190102524236,0.6549168164254128,1.3861285155886864,0.027777777777777776,0.11328976034858387,0.5270853668270672,0.3236529324331165,0.0869332819236188,-0.2299105088989508,0.1111111111111111,0.2222222222222222,0.1111111111111111,0.616563364150922,0,1
-0.22493634798497716,0.3333333333333333,1,1.4598843756034523,1,0.25,0.2637189492662903,1.4598843756034523,-0.17166893429764887,-0.3060119961713659,0.19444444444444442,-0.29411764705882354,-2.4349041406302154,-1.4978381506157068,-1.3723900433022265,1.498577642135315,0.1111111111111111,0.2222222222222222,0.1111111111111111,0.16042040378299907,0,1
0.05170390327415423,0.1111111111111111,0,-0.4668695745617363,0,0.0,0.16869886832993028,-0.4668695745617363,0.1812882605018963,0.8634386247026499,0.0,-0.05010893246187364,0.902355136885753,0.13210084404868222,-0.1828566844305228,-0.2844958199592799,0.1111111111111111,0.1111111111111111,0.1111111111111111,0.12074236796650738,1,0
-0.0230124943395663,0.1111111111111111,1,-0.4668695745617363,0,0.0,-0.10190590049916318,-0.4668695745617363,-0.015781955055106312,-0.25190385000087095,0.0,-0.25925925925925924,0.0096341289758159,-0.020363180020070946,-0.9531238224996238,-0.2844958199592799,0.1111111111111111,0.1111111111111111,0.1111111111111111,0.05331580804312823,1,0
-0.09634369408832952,0.1111111111111111,0,-0.4668695745617363,0,0.0,0.3604550640722583,-0.4668695745617363,-1.2558335710649353,-0.032994685627783446,0.0,0.47276688453159044,0.30420801898878946,-1.4978381506157068,0.4544096728511559,-0.2844958199592799,0.1111111111111111,0.1111111111111111,0.1111111111111111,-1.4809843220475034,1,0
0.02655753576646487,0.1111111111111111,1,0.0836315540568891,0,0.25,-0.1074461255133846,0.083631554056889,-0.014531149385648656,-0.3945328496832374,0.05555555555555555,-0.25925925925925924,-0.053954604892801954,-1.4978381506157068,-0.9531238224996238,0.0211779919147679,0.1111111111111111,0.1111111111111111,0.1111111111111111,-0.031672403407900916,0,1
-1.8377883046032708,0.1111111111111111,1,0.0836315540568891,1,0.25,0.11990873271450468,0.083631554056889,-0.015781955055106312,-0.4129863278055807,0.05555555555555555,-0.25925925925925924,-0.07772676298045061,-0.28902244472125804,-0.9531238224996238,0.0211779919147679,0.1111111111111111,0.1111111111111111,0.3333333333333333,-0.031672403407900916,1,0
-1.8377883046032708,0.3333333333333333,1,1.4598843756034523,0,0.375,-0.5402922922717568,1.4598843756034523,-1.2558335710649353,-2.3254641829600615,0.19444444444444442,-0.25925925925925924,-2.4349041406302154,-1.4978381506157068,-0.9531238224996238,0.7853625215998877,0.3333333333333333,0.4444444444444444,0.0,-1.4809843220475034,0,1
-1.8377883046032708,0.1111111111111111,0,-0.4668695745617363,1,0.0,-2.476644085611099,-0.4668695745617363,-1.2558335710649353,-1.6378921616938666,0.0,-0.30501089324618735,-0.2131146983687719,-1.4978381506157068,-1.666848273078999,-0.2844958199592799,0.1111111111111111,0.1111111111111111,0.0,-1.4809843220475034,1,0
-1.8377883046032708,0.0,1,-0.1916190102524235,0,0.125,-2.476644085611099,-0.1916190102524236,-0.14001564323410587,-0.9061459565656012,0.027777777777777776,0.8387799564270153,-2.4349041406302154,0.17826568701858234,0.6999923241170234,-0.2512698855774418,0.0,0.2222222222222222,0.0,-1.4809843220475034,0,1
0.07824744290209906,0.3333333333333333,0,0.3588821183662018,0,0.25,0.10848346083980917,0.3588821183662018,0.10854127650719715,0.11457289071794292,0.08333333333333333,-0.25925925925925924,0.08136281572751122,0.12776328546361485,-0.9531238224996238,0.1740148978517919,0.1111111111111111,0.2222222222222222,0.1111111111111111,0.21218812386795324,0,1
-1.8377883046032708,0.0,1,-0.1916190102524235,0,0.125,-2.476644085611099,-0.1916190102524236,-1.2558335710649353,-5.028059896155144,0.027777777777777776,-0.09586056644880174,-2.4349041406302154,-1.4978381506157068,-0.2847917733012345,-0.20807660281388,0.0,0.2222222222222222,0.0,-1.4809843220475034,0,1
-1.8377883046032708,0.3333333333333333,1,1.4598843756034523,1,0.25,-0.0009185191675057272,1.4598843756034523,0.1812882605018963,-0.48442536145988135,0.19444444444444442,-0.09586056644880174,-2.4349041406302154,-0.9334613164360495,-0.2847917733012345,0.2504387000585193,0.3333333333333333,0.2222222222222222,0.3333333333333333,-0.04620554702745469,0,1
0.16302380427722835,0.3333333333333333,1,1.18463381129414,1,0.25,-2.476644085611099,1.18463381129414,0.3561746162832491,0.49253283832304495,0.16666666666666666,-0.17429193899782136,0.45533257435354596,0.214438587242051,-0.5135592262370264,0.2886468757888082,0.3333333333333333,0.3333333333333333,0.1111111111111111,0.22428431919137498,0,1
0.35508346069795704,0.3333333333333333,0,2.5608866328407034,1,0.25,0.7216763735214582,2.560886632840704,0.3333354774730562,0.8629424635639573,0.3055555555555555,0.39215686274509803,-2.4349041406302154,-1.4978381506157068,0.3871513198050401,0.1825125826125307,0.3333333333333333,0.2222222222222222,0.3333333333333333,0.5362240682264986,0,1
-1.8377883046032708,0.3333333333333333,0,1.7351349399127651,1,0.25,0.034791834629782185,1.7351349399127654,-0.5937170139633319,-0.6222046451207646,0.2222222222222222,-0.29411764705882354,0.061472485274025074,-0.43353643856768437,-1.3723900433022265,1.7533024224345426,0.3333333333333333,0.3333333333333333,0.3333333333333333,-0.4614975599638623,0,1
-0.028147121773653583,0.3333333333333333,0,0.3588821183662018,0,0.25,0.11163883188325695,0.3588821183662018,-0.015781955055106312,-0.43442071428968276,0.08333333333333333,0.6470588235294118,-1.082715219742881,-0.020363180020070946,0.5814972662319737,-0.1753249379098068,0.1111111111111111,0.2222222222222222,0.1111111111111111,-0.290120380915469,0,1
-1.8377883046032708,0.0,0,-0.4668695745617363,1,0.0,1.124556041502445,-0.4668695745617363,0.6141164593420568,1.5777156252777895,0.0,0.7407407407407407,-2.4349041406302154,0.6305210184127961,0.6417328970763176,-0.2844958199592799,0.0,0.0,0.0,0.6062046962267913,1,0
-0.6089292156826172,0.1111111111111111,0,0.0836315540568891,0,0.25,1.0983194861296894,0.083631554056889,0.27295236848406923,1.1428153084948491,0.05555555555555555,0.47276688453159044,0.13997425265217076,0.3236529324331165,0.4544096728511559,-0.2040541577179534,0.1111111111111111,0.1111111111111111,0.3333333333333333,0.2589858554836899,0,1
0.5281147673949012,0.0,0,-0.4668695745617363,0,0.0,0.026431289036103117,-0.4668695745617363,0.017062421202481703,0.18004200684877775,0.0,0.5577342047930284,-0.3782491929492808,-1.1536510563699378,0.5191192900072952,-0.2844958199592799,0.0,0.0,0.0,-1.1901688271439377,1,0
-1.8377883046032708,0.1111111111111111,0,0.0836315540568891,0,0.25,0.19594782187725476,0.083631554056889,-0.11127557050164325,-0.260716077816696,0.05555555555555555,-0.25925925925925924,0.0096341289758159,-0.10305295805839128,-0.9531238224996238,0.0211779919147679,0.1111111111111111,0.1111111111111111,0.3333333333333333,0.057193022708724874,0,1
-1.8377883046032708,0.1111111111111111,1,0.0836315540568891,0,0.25,-0.14251035484943161,0.083631554056889,0.0929969902519194,-0.46067090615729683,0.05555555555555555,-0.29411764705882354,-0.2080150405341868,-0.14154082121943162,-1.3723900433022265,0.2249537406391757,0.0,0.1111111111111111,0.3333333333333333,0.033545226519008015,0,1
0.3123405601901251,0.1111111111111111,1,0.0836315540568891,1,0.25,0.16869886832993028,0.083631554056889,-0.015781955055106312,0.07640606049271584,0.05555555555555555,-0.25925925925925924,0.08136281572751122,-0.020363180020070946,-0.9531238224996238,0.0211779919147679,0.1111111111111111,0.3333333333333333,0.1111111111111111,-0.0682081747173619,1,0
-1.8377883046032708,0.0,1,-0.1916190102524235,0,0.125,0.20937218347733624,-0.1916190102524236,0.022069026485360254,-0.5341408385543174,0.027777777777777776,2.5098039215686274,-0.7613453758261194,-0.16166003210248886,1.3273719327921307,-0.2632681063313813,0.0,0.2222222222222222,0.1111111111111111,-1.4809843220475034,0,1
-1.8377883046032708,0.0,1,-0.1916190102524235,0,0.125,-2.476644085611099,-0.1916190102524236,0.22275813505180955,-0.6708957938566612,0.027777777777777776,-0.13725490196078433,-2.4349041406302154,-1.4978381506157068,-0.3945035917891138,-0.1995856730302776,0.0,0.2222222222222222,0.0,-0.15691467731414782,0,1
-0.16019500465693898,0.0,1,-0.4668695745617363,0,0.0,-0.2777456159316628,-0.4668695745617363,0.05196415790145149,-0.5324230069028941,0.0,-0.2788671023965142,-0.294578195306492,0.0735597974702508,-1.1433092459291831,-0.2844958199592799,0.0,0.0,0.0,-1.4809843220475034,1,0
-0.19417800397504936,0.1111111111111111,0,-0.4668695745617363,0,0.0,-0.10795441966249206,-0.4668695745617363,-0.07972466956477688,-0.5271195000666351,0.0,-0.25925925925925924,-0.1219671968102012,-0.1005516960282283,-0.9531238224996238,-0.2844958199592799,0.1111111111111111,0.1111111111111111,0.1111111111111111,-0.10911628342184101,0,1
0.3091352594538665,0.1111111111111111,1,0.0836315540568891,1,0.25,0.33742708388807957,0.083631554056889,0.27295236848406923,0.5916009101272206,0.05555555555555555,0.054466230936819175,0.27033223006329665,0.3236529324331165,0.0021753538983214,-0.1669275222729985,0.1111111111111111,0.3333333333333333,0.1111111111111111,0.2928087229343272,1,0
-1.8377883046032708,0.0,1,-0.4668695745617363,1,0.0,-2.476644085611099,-0.4668695745617363,-1.2558335710649353,-5.028059896155144,0.0,2.5098039215686274,-2.4349041406302154,-1.4978381506157068,1.3273719327921307,-0.2844958199592799,0.0,0.0,0.0,-1.4809843220475034,1,0
-1.8377883046032708,0.3333333333333333,1,2.0103855042220777,0,0.375,0.22064960600352257,2.010385504222078,0.006767924974320478,-0.3767756702361193,0.25,-0.25925925925925924,-2.4349041406302154,-0.010959128576550377,-0.9531238224996238,1.0910363334739357,0.3333333333333333,0.4444444444444444,0.3333333333333333,-0.0182777031574547,0,1
0.39176366794257056,0.3333333333333333,1,2.2856360685313906,1,0.25,-0.020236281700726423,2.2856360685313915,-1.0070077525659287,-0.1257924288077436,0.2777777777777778,3.0,-2.2119946385717246,-1.053138211366556,1.4475584443037126,-0.0885476522941423,0.3333333333333333,0.3333333333333333,0.0,0.011715638068930676,0,1
0.39750813433987614,0.1111111111111111,0,-0.4668695745617363,0,0.0,0.5315972218020605,-0.4668695745617363,0.33044083340340535,0.9139588043846211,0.0,1.159041394335512,0.49424046097786556,0.4106060458237249,0.8643003776574393,-0.2844958199592799,0.1111111111111111,0.1111111111111111,0.1111111111111111,0.4043673854716937,1,0
-1.8377883046032708,0.3333333333333333,0,0.6341326826755145,1,0.25,0.9616737298002895,0.6341326826755145,0.10854127650719715,0.7736984608008068,0.1111111111111111,-0.23529411764705882,-2.4349041406302154,0.12776328546361485,-0.7891132362483021,0.2249622313236743,0.0,0.0,0.3333333333333333,0.03369874210299445,0,1
0.2755992516923847,0.0,1,-0.4668695745617363,0,0.0,0.55576181667126,-0.4668695745617363,0.11899487881785094,0.5643037091141819,0.0,-0.23529411764705882,0.33432644091558694,0.27151467623001785,-0.7891132362483021,-0.2844958199592799,0.0,0.0,0.0,0.15455148118326137,1,0
-1.8377883046032708,0.0,0,-0.4668695745617363,0,0.0,-2.476644085611099,-0.4668695745617363,-1.2558335710649353,-0.6525297880733817,0.0,2.5098039215686274,-2.4349041406302154,0.12257078842195747,1.3273719327921307,-0.2844958199592799,0.0,0.0,0.0,0.16042040378299907,1,0
-1.8377883046032708,0.3333333333333333,0,0.6341326826755145,0,0.25,-0.37265151389121803,0.6341326826755145,-0.23691367145164213,-1.3909164748280816,0.1111111111111111,0.47276688453159044,-2.4349041406302154,-0.13596651434476648,0.4544096728511559,-0.123612495476627,0.0,0.0,0.3333333333333333,-1.4809843220475034,0,1
0.3936450172452983,0.1111111111111111,0,-0.4668695745617363,0,0.0,0.6008800809249746,-0.4668695745617363,0.3009742891538064,0.9660376017505685,0.0,2.5098039215686274,0.6377535762702007,0.3955971410661783,1.3273719327921307,-0.2844958199592799,0.1111111111111111,0.1111111111111111,0.1111111111111111,0.3566434482280004,1,0
-0.030269367775838486,0.1111111111111111,0,-0.4668695745617363,0,0.0,-0.1940527750620471,-0.4668695745617363,0.7038911297402352,1.0828992973145168,0.0,0.39215686274509803,-0.14738568857174558,0.18743409499561126,0.3871513198050401,-0.2844958199592799,0.1111111111111111,0.1111111111111111,0.0,-1.4809843220475034,1,0
0.07824744290209906,0.3333333333333333,0,0.9093832469848272,1,0.25,-2.476644085611099,0.9093832469848272,-0.015781955055106312,-0.24866960732997528,0.1388888888888889,-0.29411764705882354,0.0096341289758159,0.12776328546361485,-1.3723900433022265,0.9891280815368592,0.3333333333333333,0.2222222222222222,0.1111111111111111,0.006539905894159156,0,1
0.5297795323036212,0.3333333333333333,0,0.3588821183662018,0,0.25,-0.12976947015969262,0.3588821183662018,-0.015781955055106312,0.4394768788525151,0.08333333333333333,0.5577342047930284,-1.6637639611143773,0.2759431547214016,0.5191192900072952,-0.1698664210999171,0.1111111111111111,0.2222222222222222,0.1111111111111111,0.3048613289981392,0,1
-0.3332952455651344,0.0,1,-0.4668695745617363,0,0.0,-0.08534635739684174,-0.4668695745617363,-0.06032768875422031,-0.5484664859849743,0.0,0.2440087145969499,0.04906186284719808,-0.22139741587053635,0.2439439807007004,-0.2844958199592799,0.0,0.0,0.0,-1.4809843220475034,1,0
-1.8377883046032708,0.0,1,-0.1916190102524235,1,0.125,-2.476644085611099,-0.1916190102524236,-0.0496220134818573,-1.76199848357362,0.027777777777777776,0.47276688453159044,-2.4349041406302154,-1.4978381506157068,0.4544096728511559,-0.2442749888386166,0.0,0.2222222222222222,0.0,-1.4809843220475034,0,1
0.2123178596459518,0.0,1,-0.1916190102524235,0,0.125,-0.12625607532304722,-0.1916190102524236,-1.2558335710649353,-0.5015757538502071,0.027777777777777776,3.1721132897603486,-2.4349041406302154,-0.028861866509667444,1.486110633212629,-0.265390872387256,0.0,0.2222222222222222,0.0,-1.4809843220475034,0,1
-1.8377883046032708,0.0,1,-0.4668695745617363,1,0.0,-0.27101129602529567,-0.4668695745617363,0.07811587074190778,1.1978183864044771,0.0,0.5577342047930284,-2.4349041406302154,-1.4978381506157068,0.5191192900072952,-0.2844958199592799,0.0,0.0,0.0,0.8608592304605054,1,0
0.21664681015404083,0.1111111111111111,1,-0.4668695745617363,1,0.0,0.01576148151205687,-0.4668695745617363,0.14857534644596138,0.060976074898961743,0.0,-0.25925925925925924,-0.031453945427883115,0.09515327130109466,-0.9531238224996238,-0.2844958199592799,0.1111111111111111,0.1111111111111111,0.1111111111111111,0.0875416019734784,1,0
0.022032598257449288,0.1111111111111111,0,0.0836315540568891,0,0.25,-0.1074461255133846,0.083631554056889,-0.10735048804702164,-0.537270192471432,0.05555555555555555,-0.30501089324618735,-0.15453537925888908,-1.4978381506157068,-1.666848273078999,0.4796657853361687,0.1111111111111111,0.1111111111111111,0.1111111111111111,-0.1386932439311027,0,1
-0.030269367775838486,0.3333333333333333,0,0.9093832469848272,0,0.25,-0.04179336298102906,0.9093832469848272,-1.2558335710649353,-0.5332904047840868,0.1388888888888889,-0.25925925925925924,-2.4349041406302154,0.07273196882745898,-0.9531238224996238,0.4796887097258397,0.1111111111111111,0.2222222222222222,0.1111111111111111,-0.053751546627400455,0,1
0.3091352594538665,0.1111111111111111,1,2.836137197150016,0,0.5,0.33742708388807957,2.8361371971500167,-0.015781955055106312,0.5147910485732438,0.3333333333333333,-0.23529411764705882,0.30420801898878946,0.3236529324331165,-0.7891132362483021,1.243878333889583,0.3333333333333333,0.1111111111111111,0.3333333333333333,0.3057862080103784,0,1
-1.8377883046032708,0.0,1,-0.1916190102524235,0,0.125,-2.476644085611099,-0.1916190102524236,-0.1203537157380594,-2.0209146613356364,0.027777777777777776,2.5098039215686274,-2.4349041406302154,-1.4978381506157068,1.3273719327921307,-0.2632681063313813,0.0,0.2222222222222222,0.0,-1.4809843220475034,0,1
-1.8377883046032708,0.0,1,-0.1916190102524235,0,0.125,-2.476644085611099,-0.1916190102524236,-1.2558335710649353,0.7328929772299864,0.027777777777777776,1.159041394335512,-2.4349041406302154,-1.4978381506157068,0.8643003776574393,-0.2551036324917042,0.0,0.2222222222222222,0.0,0.7207431376272342,0,1
-1.8377883046032708,0.0,1,-0.4668695745617363,1,0.0,-2.476644085611099,-0.4668695745617363,-1.2558335710649353,-5.028059896155144,0.0,0.39215686274509803,-2.4349041406302154,-1.4978381506157068,0.3871513198050401,-0.2844958199592799,0.0,0.0,0.0,-1.4809843220475034,1,0
-0.32755904072907777,0.0,1,-0.4668695745617363,0,0.0,-0.2947596113612805,-0.4668695745617363,0.3862042784272381,-0.024892450820688746,0.0,-0.23529411764705882,-0.602773378399174,-0.10590229582854539,-0.7891132362483021,-0.2844958199592799,0.0,0.0,0.0,-1.4809843220475034,1,0
-1.8377883046032708,0.3333333333333333,0,0.9093832469848272,0,0.25,-2.476644085611099,0.9093832469848272,-1.2558335710649353,0.1578111063287888,0.1388888888888889,-0.29411764705882354,0.0096341289758159,0.5101198978461506,-1.3723900433022265,0.9891280815368592,0.3333333333333333,0.2222222222222222,0.1111111111111111,0.006539905894159156,0,1
-1.8377883046032708,0.3333333333333333,1,1.18463381129414,1,0.25,0.09486410584134773,1.18463381129414,-0.1480757270230598,-0.8068281725029249,0.16666666666666666,-0.29411764705882354,-2.4349041406302154,-0.22249411296978905,-1.3723900433022265,1.243852861836087,0.3333333333333333,0.0,0.3333333333333333,-0.3136645943316165,0,1
-0.23173779824055155,0.0,1,-0.1916190102524235,0,0.125,-2.476644085611099,-0.1916190102524236,-1.2558335710649353,-1.1830668902248034,0.027777777777777776,0.11328976034858387,-0.14922410356796711,-1.4978381506157068,0.0869332819236188,-0.2299105088989508,0.0,0.2222222222222222,0.0,-0.3791674646866224,0,1
0.4488195749841355,0.0,1,0.3588821183662018,0,0.25,-2.476644085611099,0.3588821183662018,-1.2558335710649353,0.008211965849664346,0.08333333333333333,0.3159041394335512,-0.4863480874308013,-0.05760891501119953,0.3170934418812415,-0.1496378226459029,0.3333333333333333,0.2222222222222222,0.0,0.12594707666991528,0,1
0.2529015249281053,0.1111111111111111,1,-0.4668695745617363,0,0.0,0.39765349836135255,-0.4668695745617363,0.27295236848406923,0.5755438254737038,0.0,-0.13725490196078433,0.30420801898878946,0.3236529324331165,-0.3945035917891138,-0.2844958199592799,0.1111111111111111,0.0,0.1111111111111111,0.23098125874457032,1,0
0.3491332798513553,0.3333333333333333,1,2.836137197150016,0,0.25,0.39765349836135255,2.8361371971500167,-1.2558335710649353,0.5974671360048284,0.3333333333333333,0.5577342047930284,0.3934761399043834,0.3626362666558231,0.5191192900072952,0.1740217754781709,0.3333333333333333,0.3333333333333333,0.3333333333333333,0.3057862080103784,0,1
0.44239163212516935,0.3333333333333333,0,0.6341326826755145,1,0.25,0.016460352490262262,0.6341326826755145,0.3889145409846745,1.45702821975554,0.1111111111111111,0.5577342047930284,0.6863976063636682,0.30591797830373885,0.5191192900072952,-0.1316566214801296,0.0,0.3333333333333333,0.0,0.8502932328288908,0,1
-1.8377883046032708,0.3333333333333333,1,1.7351349399127651,0,0.375,-2.476644085611099,1.7351349399127654,0.7995160221711602,1.4271928502194131,0.2222222222222222,0.11328976034858387,0.31681855183423063,0.21507898006499682,0.0869332819236188,0.1521866685233528,0.4444444444444444,0.2222222222222222,0.3333333333333333,-0.031672403407900916,0,1
-0.22493634798497716,0.1111111111111111,1,-0.4668695745617363,0,0.0,0.3438388357858415,-0.4668695745617363,0.3973473314367822,0.5716173350639234,0.0,-0.17429193899782136,-0.12856791632892892,0.4767774073979444,-0.5135592262370264,-0.2844958199592799,0.1111111111111111,0.1111111111111111,0.0,-0.011697378387615939,1,0
0.17247342718105188,0.0,1,-0.1916190102524235,1,0.125,-2.476644085611099,-0.1916190102524236,-1.2558335710649353,-0.08752846037524338,0.027777777777777776,0.5577342047930284,0.24891448565361565,0.16673593377072146,0.5191192900072952,-0.2462860203394923,0.0,0.2222222222222222,0.0,-0.04352748040796308,0,1
0.3615932332523762,0.1111111111111111,0,-0.4668695745617363,0,0.0,0.16869886832993028,-0.4668695745617363,-0.5209401274467481,0.022438986812522627,0.0,-0.17429193899782136,-0.08282810616588625,0.066276523690121,-0.5135592262370264,-0.2844958199592799,0.1111111111111111,0.1111111111111111,0.0,-0.4458351364207994,1,0
-0.09634369408832952,0.3333333333333333,1,0.6341326826755145,1,0.25,0.034791834629782185,0.6341326826755145,-0.015781955055106312,-0.3922243496178539,0.1111111111111111,-0.29411764705882354,-2.4349041406302154,0.0,-1.3723900433022265,0.7344033012376314,0.1111111111111111,0.3333333333333333,0.1111111111111111,0.05331580804312823,0,1
0.05226311250319606,0.0,0,-0.4668695745617363,0,0.0,0.0007329811808440312,-0.4668695745617363,0.09003829874520847,-0.06502625635193732,0.0,0.3159041394335512,-0.02351749157871017,0.25389174687423394,0.3170934418812415,-0.2844958199592799,0.0,0.0,0.0,-1.4809843220475034,1,0
0.13446858275768922,0.3333333333333333,1,2.5608866328407034,1,0.25,0.10848346083980917,2.560886632840704,-0.015781955055106312,0.10518826667169565,0.3055555555555555,-0.20697167755991286,0.1290755331518779,0.1754623776158648,-0.6440902286753902,0.916372445798759,0.3333333333333333,0.2222222222222222,0.3333333333333333,0.16864486108146495,0,1
0.11070627445229987,0.3333333333333333,0,0.6341326826755145,0,0.25,0.4149222687345443,0.6341326826755145,0.7637217755964261,1.3439706051499278,0.1111111111111111,0.2440087145969499,-2.4349041406302154,0.16159774707448948,0.2439439807007004,-0.0934470606700971,0.1111111111111111,0.3333333333333333,0.1111111111111111,0.20342236012512438,0,1
-1.8377883046032708,0.0,0,-0.4668695745617363,0,0.0,0.21629356925476145,-0.4668695745617363,-1.2558335710649353,-0.5304446413108445,0.0,0.8387799564270153,-0.2970711568850465,-0.1744440448263983,0.6999923241170234,-0.2844958199592799,0.0,0.0,0.0,-0.1271490900706133,1,0
-1.8377883046032708,0.0,0,0.0836315540568891,1,0.25,-0.32768495470194353,0.083631554056889,0.2799907094430656,0.22451622721946404,0.05555555555555555,0.8387799564270153,-2.4349041406302154,-0.09654852506560477,0.6999923241170234,-0.2180439511956038,0.0,0.0,0.3333333333333333,0.4553267454815638,0,1
0.12154472209515456,0.1111111111111111,0,0.3588821183662018,1,0.375,0.09154356400420134,0.3588821183662018,-1.2558335710649353,-0.07438169755515268,0.08333333333333333,-0.25925925925925924,0.06487415051249365,0.2502462252021796,-0.9531238224996238,0.1740148978517919,0.1111111111111111,0.1111111111111111,0.1111111111111111,-1.4809843220475034,0,1
0.17948276435970328,0.3333333333333333,1,0.9093832469848272,1,0.25,-2.476644085611099,0.9093832469848272,0.17082120715671992,0.17733541995033536,0.1388888888888889,-0.17429193899782136,0.2087853837024527,0.2217931105533013,-0.5135592262370264,0.1931230931641269,0.3333333333333333,0.2222222222222222,0.1111111111111111,0.19675774023533074,0,1
0.18040838650574129,0.1111111111111111,0,1.18463381129414,1,0.25,-2.476644085611099,1.18463381129414,0.1812882605018963,0.10518826667169565,0.16666666666666666,0.8387799564270153,0.30420801898878946,-1.4978381506157068,0.6999923241170234,-0.0851402136682515,0.3333333333333333,0.1111111111111111,0.3333333333333333,0.19865366409457927,0,1
-1.8377883046032708,0.0,1,-0.1916190102524235,0,0.125,-2.476644085611099,-0.1916190102524236,-1.2558335710649353,-5.028059896155144,0.027777777777777776,0.5577342047930284,-2.4349041406302154,-1.4978381506157068,0.5191192900072952,-0.2462860203394923,0.0,0.2222222222222222,0.0,-1.4809843220475034,0,1
0.8181552124201018,0.1111111111111111,0,-0.4668695745617363,0,0.0,0.33742708388807957,-0.4668695745617363,0.1629808427605812,1.2347826266139037,0.0,1.6470588235294117,0.7653467389388845,0.44472421755600344,1.0629938337787594,-0.2844958199592799,0.1111111111111111,0.0,0.0,0.11363053313180634,1,0
-1.8377883046032708,0.3333333333333333,1,2.5608866328407034,0,0.25,0.7417049963359509,2.560886632840704,0.36817999423781783,1.0055226073185473,0.3055555555555555,1.0479302832244008,-2.4349041406302154,0.620087484288594,0.8111528623165425,0.0517507529397424,0.3333333333333333,0.2222222222222222,0.3333333333333333,0.43088293549916945,0,1
-0.020390711124622696,0.0,0,-0.4668695745617363,0,0.0,-0.1482068947908121,-0.4668695745617363,-0.09190712410819368,-0.4173429068808454,0.0,0.8387799564270153,0.03585688152060746,-0.014255617210956717,0.6999923241170234,-0.2844958199592799,0.0,0.0,0.0,-1.4809843220475034,0,1
-1.8377883046032708,0.0,0,-0.1916190102524235,0,0.125,-2.476644085611099,-0.1916190102524236,-1.2558335710649353,-0.5403961378567067,0.027777777777777776,-0.25925925925925924,-2.4349041406302154,-1.4978381506157068,-0.9531238224996238,-0.1316589140222559,0.0,0.2222222222222222,0.0,0.31701575164796447,0,1
-0.09634369408832952,0.1111111111111111,1,0.6341326826755145,0,0.25,0.2876072932488321,0.6341326826755145,0.05693515131531388,-0.06649466836988756,0.1111111111111111,-0.23529411764705882,0.0096341289758159,-1.4978381506157068,-0.7891132362483021,0.2249622313236743,0.1111111111111111,0.1111111111111111,0.3333333333333333,0.11363053313180634,0,1
0.10792224508343672,0.0,0,0.0836315540568891,1,0.25,-2.476644085611099,0.083631554056889,0.10168445010439077,-0.3773632303684587,0.05555555555555555,0.9411764705882353,-0.3514774183874196,-1.4978381506157068,0.7564222381735122,-0.2208127675240223,0.3333333333333333,0.0,0.0,0.10561660846824521,1,0
-0.09634369408832952,0.1111111111111111,0,-0.4668695745617363,0,0.0,-0.0932790100803929,-0.4668695745617363,-0.04428918250548038,-0.30399203994971,0.0,-0.29411764705882354,0.08084806502427362,-0.056847411064688366,-1.3723900433022265,-0.2844958199592799,0.1111111111111111,0.1111111111111111,0.1111111111111111,-0.03314454303638304,0,1
0.005775291400744047,0.3333333333333333,0,0.3588821183662018,1,0.25,0.034791834629782185,0.3588821183662018,-1.2558335710649353,-0.5127802940355883,0.08333333333333333,-0.25925925925925924,-2.4349041406302154,-0.020363180020070946,-0.9531238224996238,0.1740148978517919,0.1111111111111111,0.2222222222222222,0.1111111111111111,-0.031672403407900916,0,1
-1.8377883046032708,0.3333333333333333,0,1.7351349399127651,0,0.25,0.5315972218020605,1.7351349399127654,0.3973473314367822,0.8381321288222603,0.2222222222222222,0.47276688453159044,0.49320600580578183,0.3966028045321756,0.4544096728511559,0.0372708290060258,0.3333333333333333,0.3333333333333333,0.3333333333333333,0.38653568819576345,0,1
-1.8377883046032708,0.1111111111111111,1,-0.4668695745617363,0,0.0,-2.476644085611099,-0.4668695745617363,-1.2558335710649353,-1.6378921616938666,0.0,-0.17429193899782136,-0.2131146983687719,-1.4978381506157068,-0.5135592262370264,-0.2844958199592799,0.1111111111111111,0.1111111111111111,0.0,-1.4809843220475034,1,0
-0.18614051716160288,0.3333333333333333,1,0.3588821183662018,1,0.25,-0.03154467737125205,0.3588821183662018,-0.14001564323410587,-0.5327946096705561,0.08333333333333333,-0.25925925925925924,-2.4349041406302154,0.066276523690121,-0.9531238224996238,0.1740148978517919,0.1111111111111111,0.2222222222222222,0.1111111111111111,-0.031672403407900916,0,1
-1.8377883046032708,0.1111111111111111,1,0.0836315540568891,1,0.25,0.7798044091232375,0.083631554056889,0.2540452092359328,0.792848032350251,0.05555555555555555,0.3159041394335512,0.36283016970125886,0.3236529324331165,0.3170934418812415,-0.1945904884170285,0.1111111111111111,0.1111111111111111,0.3333333333333333,0.3057862080103784,1,0
-1.8377883046032708,0.0,0,-0.4668695745617363,1,0.0,-2.476644085611099,-0.4668695745617363,-1.2558335710649353,-5.028059896155144,0.0,0.11328976034858387,-2.4349041406302154,-1.4978381506157068,0.0869332819236188,-0.2844958199592799,0.0,0.0,0.0,-1.4809843220475034,1,0
-1.8377883046032708,0.3333333333333333,1,0.6341326826755145,1,0.25,0.07412799133137572,0.6341326826755145,-0.1845109244123129,-0.8262296815205835,0.1111111111111111,0.5577342047930284,-2.4349041406302154,-0.22139741587053635,0.5191192900072952,-0.1316566214801296,0.0,0.0,0.3333333333333333,-0.22887460301959633,0,1
0.3091352594538665,0.1111111111111111,0,0.0836315540568891,0,0.25,0.4926873395741765,0.083631554056889,0.27295236848406923,0.7208855538070074,0.05555555555555555,0.3159041394335512,0.45533257435354596,0.3236529324331165,0.3170934418812415,-0.1945904884170285,0.1111111111111111,0.3333333333333333,0.1111111111111111,0.28368844135924903,0,1
-1.8377883046032708,0.3333333333333333,1,1.7351349399127651,0,0.375,-2.0186247226964618,1.7351349399127654,0.1812882605018963,-0.32528900545476125,0.2222222222222222,-0.30501089324618735,0.150515689149979,-0.09654852506560477,-1.666848273078999,2.7721506012225148,0.4444444444444444,0.2222222222222222,0.3333333333333333,-0.17687068600338346,0,1
-1.8377883046032708,0.1111111111111111,1,-0.4668695745617363,0,0.0,-0.1940527750620471,-0.4668695745617363,-1.2558335710649353,-1.1488849341938483,0.0,-0.25925925925925924,-0.1824930639723371,-1.4978381506157068,-0.9531238224996238,-0.2844958199592799,0.1111111111111111,0.1111111111111111,0.1111111111111111,-1.4809843220475034,1,0
-1.8377883046032708,0.0,0,-0.1916190102524235,1,0.125,-2.476644085611099,-0.1916190102524236,-1.2558335710649353,-5.028059896155144,0.027777777777777776,1.5185185185185186,-2.4349041406302154,-1.4978381506157068,1.0152348983243975,-0.2581441931243478,0.0,0.2222222222222222,0.0,-1.4809843220475034,0,1
0.07837338018006512,0.3333333333333333,0,2.836137197150016,1,0.25,-2.476644085611099,2.8361371971500167,-1.2558335710649353,-0.07992157036782734,0.3333333333333333,-0.30501089324618735,0.11779445949640988,-1.4978381506157068,-1.666848273078999,4.300473811813412,0.3333333333333333,0.3333333333333333,0.3333333333333333,0.33626388956270875,0,1
0.21881978444419684,0.1111111111111111,0,0.6341326826755145,1,0.25,0.08889092710404338,0.6341326826755145,0.0820054084909052,-0.020649574460975,0.1111111111111111,-0.25925925925925924,0.0096341289758159,0.12776328546361485,-0.9531238224996238,0.3268518037888158,0.1111111111111111,0.1111111111111111,0.1111111111111111,-1.4809843220475034,0,1
-1.8377883046032708,0.1111111111111111,0,-0.4668695745617363,0,0.0,-0.060200737786788555,-0.4668695745617363,-0.04075129627677397,-0.27306954975716186,0.0,0.054466230936819175,0.25571528866671944,-1.4978381506157068,0.0021753538983214,-0.2844958199592799,0.1111111111111111,0.1111111111111111,0.1111111111111111,0.01222625666462069,0,1
0.06532490766478248,0.4444444444444444,0,3.1113877614593286,1,0.5,-2.476644085611099,3.111387761459329,0.5992603517425905,0.6873726584911085,0.3611111111111111,-0.29411764705882354,-2.4349041406302154,-0.9049048982835057,-1.3723900433022265,3.026926323930682,0.3333333333333333,0.5555555555555556,0.3333333333333333,-0.025477690417612765,0,1
-0.0538096811009098,0.1111111111111111,0,-0.4668695745617363,0,0.0,0.0555880723231873,-0.4668695745617363,-0.1319591349622806,0.3319866428999716,0.0,-0.25925925925925924,-0.026560674523550487,0.5376793712371717,-0.9531238224996238,-0.2844958199592799,0.1111111111111111,0.1111111111111111,0.1111111111111111,-0.1785522904881659,1,0
-1.8377883046032708,0.0,1,-0.1916190102524235,0,0.125,-2.476644085611099,-0.1916190102524236,-1.2558335710649353,-5.028059896155144,0.027777777777777776,0.17647058823529413,-2.4349041406302154,-1.4978381506157068,0.1673597344439074,-0.2335495053763295,0.0,0.2222222222222222,0.0,-1.4809843220475034,0,1
-0.09634369408832952,0.3333333333333333,0,2.836137197150016,1,0.25,-0.1940527750620471,2.8361371971500167,-1.2558335710649353,0.48883749843295926,0.3333333333333333,-0.29411764705882354,0.5270853668270672,-1.4978381506157068,-1.3723900433022265,2.7722015436314544,0.3333333333333333,0.3333333333333333,0.3333333333333333,0.5062066625999129,0,1
-0.10143091936679854,0.1111111111111111,0,-0.4668695745617363,0,0.0,-0.08463456294180821,-0.4668695745617363,-0.03748404088064011,-0.36841079265442067,0.0,-0.25925925925925924,-0.06919490848682809,-0.021648888095161082,-0.9531238224996238,-0.2844958199592799,0.1111111111111111,0.1111111111111111,0.1111111111111111,-0.026702085155042344,0,1
-1.8377883046032708,0.0,1,-0.1916190102524235,1,0.125,-2.476644085611099,-0.1916190102524236,-1.2558335710649353,-5.028059896155144,0.027777777777777776,4.705882352941177,-2.4349041406302154,-1.4978381506157068,1.7715522582507326,-0.2685750236822781,0.0,0.2222222222222222,0.0,-1.4809843220475034,0,1
0.005775291400744047,0.1111111111111111,1,-0.4668695745617363,0,0.0,0.034791834629782185,-0.4668695745617363,0.023947006219769564,-0.12632858634667274,0.0,-0.29411764705882354,-0.05849106770536915,0.066276523690121,-1.3723900433022265,-0.2844958199592799,0.1111111111111111,0.1111111111111111,0.1111111111111111,0.11363053313180634,1,0
-0.30991652155209237,0.3333333333333333,1,1.4598843756034523,0,0.375,-2.476644085611099,1.4598843756034523,0.2916156980402305,0.12208309146701556,0.19444444444444442,-0.29411764705882354,-0.4855975843289521,0.40454404768044466,-1.3723900433022265,1.498577642135315,0.3333333333333333,0.4444444444444444,0.0,-0.11904850696642434,0,1
0.35508346069795704,0.0,0,-0.4668695745617363,1,0.0,0.41324595053307717,-0.4668695745617363,-0.21659427311646556,0.7280423553198458,0.0,5.132897603485839,-0.3625331782752416,0.5438151803952896,1.8373853869087895,-0.2844958199592799,0.0,0.0,0.1111111111111111,0.42055880506221127,1,0
-1.8377883046032708,0.0,1,-0.4668695745617363,0,0.0,-0.45893788208214203,-0.4668695745617363,0.4118728814732875,0.5371421838163026,0.0,0.39215686274509803,0.10311277760326307,0.4143095268659429,0.3871513198050401,-0.2844958199592799,0.0,0.0,0.1111111111111111,0.3174923418631515,1,0
-0.09634369408832952,0.3333333333333333,0,0.9093832469848272,1,0.25,-0.04013205900676944,0.9093832469848272,-0.23146499342530566,-0.6454412443315191,0.1388888888888889,-0.30501089324618735,-2.4349041406302154,0.08086949332276064,-1.666848273078999,1.6259081932793418,0.1111111111111111,0.2222222222222222,0.1111111111111111,-1.4809843220475034,0,1
-0.08167048558631389,0.1111111111111111,0,0.0836315540568891,1,0.25,-2.476644085611099,0.083631554056889,-0.11812003498176975,-0.21448137020353725,0.05555555555555555,-0.29411764705882354,0.2773988829603999,-0.001755321474542738,-1.3723900433022265,0.2249537406391757,0.3333333333333333,0.1111111111111111,0.1111111111111111,0.02635924048535853,0,1
-1.8377883046032708,0.3333333333333333,0,0.6341326826755145,1,0.25,-2.476644085611099,0.6341326826755145,-1.2558335710649353,-5.028059896155144,0.1111111111111111,0.3159041394335512,-2.4349041406302154,-1.4978381506157068,0.3170934418812415,-0.1046851568747772,0.3333333333333333,0.0,0.0,-1.4809843220475034,0,1
-1.8377883046032708,0.0,1,-0.1916190102524235,0,0.125,0.5664037311873185,-0.1916190102524236,0.10854127650719715,0.14529820284765357,0.027777777777777776,1.6470588235294117,-2.4349041406302154,0.02628640216799513,1.0629938337787594,-0.2590225777575635,0.0,0.2222222222222222,0.1111111111111111,0.07086900677589501,0,1
-0.37604896494356493,0.1111111111111111,1,0.0836315540568891,1,0.25,0.034791834629782185,0.083631554056889,-0.20184781142551123,-0.5809694047277155,0.05555555555555555,-0.30501089324618735,-0.09505569193186081,-0.1718253737510574,-1.666848273078999,0.4796657853361687,0.3333333333333333,0.1111111111111111,0.1111111111111111,-0.25635085550528847,1,0
-1.8377883046032708,0.3333333333333333,0,3.937139454387266,0,0.5,0.2707453360696211,3.937139454387268,0.08964009583713212,-0.09235143184624266,0.4444444444444444,-0.25925925925925924,0.0096341289758159,0.066276523690121,-0.9531238224996238,2.160894675033103,0.3333333333333333,0.3333333333333333,0.5555555555555556,-0.031672403407900916,0,1
-1.8377883046032708,0.0,0,0.0836315540568891,0,0.25,-0.6686543844723665,0.083631554056889,-0.27589318298976895,-1.592753275658493,0.05555555555555555,0.2440087145969499,-2.4349041406302154,-0.12946365119646047,0.2439439807007004,-0.1889714403146885,0.0,0.0,0.0,-1.4809843220475034,0,1
-0.09634369408832952,0.1111111111111111,1,0.0836315540568891,1,0.25,0.16869886832993028,0.083631554056889,-1.2558335710649353,-0.1988872582693858,0.05555555555555555,-0.25925925925925924,-0.024230948184563922,0.21734052622425618,-0.9531238224996238,0.0211779919147679,0.1111111111111111,0.3333333333333333,0.1111111111111111,-1.4809843220475034,1,0
0.022032598257449288,0.3333333333333333,1,0.0836315540568891,0,0.25,-0.003318688825041914,0.083631554056889,-1.2558335710649353,0.15290465180706006,0.05555555555555555,0.17647058823529413,-2.4349041406302154,-1.4978381506157068,0.1673597344439074,-0.1826031907933792,0.0,0.0,0.0,0.483477597170828,0,1
-0.2738460282608408,0.0,0,-0.1916190102524235,0,0.125,-0.3582361915412319,-0.1916190102524236,-0.32176699782998747,-1.223317621020389,0.027777777777777776,1.2745098039215685,-0.6239603043475997,-0.26694121919816466,0.9159689132265976,-0.2561922279957052,0.0,0.2222222222222222,0.0,-1.4809843220475034,0,1
-0.21466339176895882,0.3333333333333333,0,0.3588821183662018,1,0.25,-0.12065835064596687,0.3588821183662018,-0.015781955055106312,-0.47334702756981967,0.08333333333333333,-0.30501089324618735,-0.13783918251201502,-0.09654852506560477,-1.666848273078999,0.861746587983893,0.1111111111111111,0.2222222222222222,0.1111111111111111,-0.031672403407900916,0,1
0.23065393891918345,0.1111111111111111,0,0.6341326826755145,0,0.25,0.39765349836135255,0.6341326826755145,0.30567126224700725,0.9295916101046986,0.1111111111111111,1.6470588235294117,0.7656684749461358,0.3626362666558231,1.0629938337787594,-0.1826028511524141,0.3333333333333333,0.1111111111111111,0.3333333333333333,0.34402645711219737,0,1
0.35508346069795704,0.1111111111111111,1,0.0836315540568891,1,0.25,0.5090410921097547,0.083631554056889,0.1812882605018963,0.751075482868929,0.05555555555555555,1.7799564270152506,0.5769388437883963,0.3267941767746915,1.1095988810204689,-0.2351927652352168,0.1111111111111111,0.3333333333333333,0.1111111111111111,0.19865366409457927,1,0
0.022032598257449288,0.3333333333333333,0,0.3588821183662018,1,0.25,0.034791834629782185,0.3588821183662018,0.10854127650719715,-0.3773632303684587,0.08333333333333333,-0.30501089324618735,-2.4349041406302154,-1.4978381506157068,-1.666848273078999,0.861746587983893,0.1111111111111111,0.2222222222222222,0.1111111111111111,-0.0023806147741462463,0,1
0.07824744290209906,0.0,1,-0.1916190102524235,0,0.125,-2.476644085611099,-0.1916190102524236,-1.2558335710649353,-0.7232900808057157,0.027777777777777776,-0.23529411764705882,-2.4349041406302154,0.12776328546361485,-0.7891132362483021,-0.1571313071385413,0.0,0.2222222222222222,0.0,-1.4809843220475034,0,1
-1.8377883046032708,0.0,1,-0.4668695745617363,0,0.0,0.1430689883510878,-0.4668695745617363,0.11755045536250698,0.9583084171455607,0.0,2.5098039215686274,-0.01874262151502056,0.789231527405292,1.3273719327921307,-0.2844958199592799,0.0,0.0,0.0,-1.4809843220475034,1,0
-1.663071230334876,0.0,0,1.18463381129414,0,0.25,-2.2476344041537804,1.18463381129414,-0.1305941862764505,-0.5963377234071661,0.16666666666666666,1.159041394335512,-0.42809112837654467,0.26525774640556726,0.8643003776574393,-0.108142695153826,0.3333333333333333,0.0,0.3333333333333333,-1.3355765745957204,0,1
-1.8377883046032708,0.0,1,-0.4668695745617363,1,0.0,-0.4567377110318541,-0.4668695745617363,-0.08282385252664477,-0.9035375336996255,0.0,0.3159041394335512,-2.4349041406302154,-0.2035658030617731,0.3170934418812415,-0.2844958199592799,0.0,0.0,0.0,0.050784931065047535,1,0
-1.8377883046032708,0.0,0,-0.1916190102524235,1,0.125,-2.476644085611099,-0.1916190102524236,-1.2558335710649353,-5.028059896155144,0.027777777777777776,2.5098039215686274,-2.4349041406302154,-1.4978381506157068,1.3273719327921307,-0.2632681063313813,0.0,0.2222222222222222,0.0,-1.4809843220475034,0,1
-0.3294566415853505,0.0,1,-0.4668695745617363,0,0.0,-0.499604605490829,-0.4668695745617363,-0.18177752305139036,-1.0673735805422968,0.0,5.132897603485839,-0.5105274799617376,-0.2181406707131452,1.8373853869087895,-0.2844958199592799,0.0,0.0,0.0,-0.22567993666888586,1,0
-1.8377883046032708,0.0,1,0.0836315540568891,0,0.25,-2.476644085611099,0.083631554056889,-1.2558335710649353,-0.4199812198004186,0.05555555555555555,0.39215686274509803,0.34795240176712494,-1.4978381506157068,0.3871513198050401,-0.1995852013098598,0.0,0.3333333333333333,0.0,-0.1386932439311027,0,1
-1.8377883046032708,0.5555555555555556,0,2.5608866328407034,1,0.5,-2.476644085611099,2.560886632840704,0.10854127650719715,-0.660295692859604,0.3055555555555555,-0.29411764705882354,-2.4349041406302154,0.0,-1.3723900433022265,2.5174767633322266,0.4444444444444444,0.3333333333333333,0.3333333333333333,0.023317751353586928,0,1
-0.0015511646281639075,0.3333333333333333,1,0.9093832469848272,1,0.25,-2.476644085611099,0.9093832469848272,-1.2558335710649353,-0.4361315687365597,0.1388888888888889,2.5098039215686274,-0.008039214435224009,0.1754623776158648,1.3273719327921307,-0.1783572518197867,0.3333333333333333,0.2222222222222222,0.0,-0.2663720580178166,0,1
-0.37758127031044264,0.1111111111111111,0,-0.4668695745617363,1,0.0,0.16869886832993028,-0.4668695745617363,0.27295236848406923,0.20692139935584722,0.0,-0.25925925925925924,0.0096341289758159,0.214438587242051,-0.9531238224996238,-0.2844958199592799,0.1111111111111111,0.1111111111111111,0.1111111111111111,0.19865366409457927,1,0
-1.2333665335633854,0.1111111111111111,0,0.0836315540568891,0,0.25,0.03938295152857344,0.083631554056889,-0.7954511002285899,-0.4934702013609234,0.05555555555555555,-0.09586056644880174,0.011397150966769194,-0.14495650907626675,-0.2847917733012345,-0.1316573856684801,0.1111111111111111,0.1111111111111111,0.3333333333333333,-0.02264825782711329,0,1
-0.07673021304024771,0.1111111111111111,0,-0.4668695745617363,0,0.0,-0.1473461271347972,-0.4668695745617363,-1.2558335710649353,-0.8381102633080662,0.0,-0.29411764705882354,-0.1741321066630006,-1.4978381506157068,-1.3723900433022265,-0.2844958199592799,0.1111111111111111,0.1111111111111111,0.1111111111111111,-1.4809843220475034,1,0
0.20158370076225468,0.3333333333333333,1,0.3588821183662018,0,0.25,0.21724543142785702,0.3588821183662018,0.16104975133497867,0.15571279208284353,0.08333333333333333,-0.09586056644880174,-2.4349041406302154,0.20007058272241354,-0.2847917733012345,-0.0552381685230802,0.1111111111111111,0.2222222222222222,0.1111111111111111,0.1906746880418703,0,1
-1.8377883046032708,0.3333333333333333,1,1.4598843756034523,1,0.25,0.2637189492662903,1.4598843756034523,0.1812882605018963,-0.12585942475350823,0.19444444444444442,-0.13725490196078433,-2.4349041406302154,0.039927221256524106,-0.3945035917891138,0.309875208543736,0.3333333333333333,0.2222222222222222,0.3333333333333333,0.05978376196511155,0,1
0.07887650101897097,0.1111111111111111,0,0.0836315540568891,1,0.25,0.10861553804794595,0.083631554056889,0.08001860821264545,0.2656703629446887,0.05555555555555555,-0.25925925925925924,0.48248957089400496,0.03765903596436334,-0.9531238224996238,0.0211779919147679,0.1111111111111111,0.3333333333333333,0.1111111111111111,0.06867234758243834,0,1
-0.3520247515723816,0.0,0,-0.4668695745617363,0,0.0,-2.476644085611099,-0.4668695745617363,-0.13506875842663982,-0.2875760355867387,0.0,0.2440087145969499,-0.3360458315493395,0.36873309259805587,0.2439439807007004,-0.2844958199592799,0.0,0.0,0.0,-1.4809843220475034,0,1
-1.8377883046032708,0.3333333333333333,0,2.5608866328407034,0,0.25,0.034791834629782185,2.560886632840704,0.07938660091459916,-0.5887437779974113,0.3055555555555555,-0.30501089324618735,-2.4349041406302154,0.019125198902278005,-1.666848273078999,3.918393009165688,0.3333333333333333,0.2222222222222222,0.3333333333333333,-1.4809843220475034,0,1
-0.37835093031791756,0.0,1,-0.1916190102524235,1,0.125,-2.476644085611099,-0.1916190102524236,-0.21659427311646556,-0.7601512684836755,0.027777777777777776,0.39215686274509803,-0.3504909438924708,0.12829699042162293,0.3871513198050401,-0.2420405106345698,0.0,0.2222222222222222,0.0,-0.1880500829340569,0,1
0.03372280955528098,0.1111111111111111,1,-0.4668695745617363,0,0.0,0.10181136148574509,-0.4668695745617363,0.23146799829761128,0.12060230932535139,0.0,0.11328976034858387,0.08264609928666643,0.1167995589950884,0.0869332819236188,-0.2844958199592799,0.1111111111111111,0.1111111111111111,0.1111111111111111,0.09454656118245498,1,0
-1.8377883046032708,0.0,0,-0.4668695745617363,1,0.0,-2.476644085611099,-0.4668695745617363,-1.2558335710649353,-1.4857375387510106,0.0,-0.05010893246187364,-0.1388576803805532,-1.4978381506157068,-0.1828566844305228,-0.2844958199592799,0.0,0.0,0.0,-1.4809843220475034,1,0
0.005775291400744047,0.0,1,0.6341326826755145,0,0.25,-2.476644085611099,0.6341326826755145,-1.2558335710649353,-0.00016620337058274135,0.1111111111111111,0.2440087145969499,0.30291933590514725,0.3020739142204761,0.2439439807007004,-0.0934470606700971,0.3333333333333333,0.0,0.1111111111111111,-0.04486224017812642,0,1
-1.8377883046032708,0.3333333333333333,0,1.18463381129414,1,0.25,-0.060200737786788555,1.18463381129414,-1.2558335710649353,-1.3079927442121226,0.16666666666666666,-0.3115468409586057,-2.4349041406302154,-1.4978381506157068,-2.102083711231995,4.300244586254379,0.3333333333333333,0.0,0.3333333333333333,-0.42846419375793426,0,1
0.5860216664245851,0.1111111111111111,1,-0.4668695745617363,0,0.0,0.7003547950218976,-0.4668695745617363,0.43739575281617793,1.294821085489817,0.0,2.20479302832244,0.6574683477978348,0.558568664766645,1.2431022551165405,-0.2844958199592799,0.1111111111111111,0.1111111111111111,0.1111111111111111,0.4894167251625484,1,0
-1.4883541560664815,0.0,1,0.6341326826755145,0,0.25,-0.3470354195148856,0.6341326826755145,0.10952527536296507,-0.48615518153746146,0.1111111111111111,0.17647058823529413,-0.647881397123625,0.20158944894849765,0.1673597344439074,-0.0807105616274785,0.0,0.0,0.3333333333333333,-1.4809843220475034,0,1
-1.8377883046032708,0.0,0,-0.1916190102524235,1,0.125,-0.13387036432829214,-0.1916190102524236,-1.2558335710649353,-1.517874260545424,0.027777777777777776,0.39215686274509803,-2.4349041406302154,-1.4978381506157068,0.3871513198050401,-0.2420405106345698,0.0,0.2222222222222222,0.0,-1.4809843220475034,0,1
-0.7063671058027888,0.0,0,0.0836315540568891,0,0.25,0.5315972218020605,0.083631554056889,0.273954508044786,0.7612906371791752,0.05555555555555555,-0.25925925925925924,-2.4349041406302154,0.6045226568727222,-0.9531238224996238,0.0211779919147679,0.0,0.0,0.3333333333333333,0.3067487868227796,0,1
-0.09634369408832952,0.7777777777777777,0,5.863893404552456,1,0.75,-2.476644085611099,5.863893404552456,-1.2558335710649353,-1.6378921616938666,0.6388888888888888,-0.30501089324618735,-2.4349041406302154,-1.4978381506157068,-1.666848273078999,8.503362640938379,0.6666666666666666,0.2222222222222222,0.5555555555555556,-1.4809843220475034,0,1
0.01870445648476092,0.0,1,-0.1916190102524235,0,0.125,-2.476644085611099,-0.1916190102524236,0.26726421781196585,-0.20505067874706762,0.027777777777777776,-0.17429193899782136,-0.3281393778419977,-1.4978381506157068,-0.5135592262370264,-0.1889720373345985,0.0,0.2222222222222222,0.0,0.07163883896517372,0,1
0.12418304905625553,0.1111111111111111,0,-0.4668695745617363,1,0.0,-0.038891540158578077,-0.4668695745617363,0.10854127650719715,0.17881695579715476,0.0,-0.30501089324618735,0.31114199490191086,0.26497661652982574,-1.666848273078999,-0.2844958199592799,0.1111111111111111,0.1111111111111111,0.1111111111111111,-0.0950476137701424,1,0
0.14172056366742106,0.0,1,-0.4668695745617363,1,0.0,0.23029133334010166,-0.4668695745617363,0.10854127650719715,0.46454857704389113,0.0,0.11328976034858387,0.30759826281013203,0.2040722315813048,0.0869332819236188,-0.2844958199592799,0.0,0.0,0.0,0.4043673854716937,1,0
0.18040838650574129,0.1111111111111111,0,0.6341326826755145,1,0.25,0.034791834629782185,0.6341326826755145,-1.2558335710649353,-0.24899232135178329,0.1111111111111111,-0.30501089324618735,-0.06289100545087231,-1.4978381506157068,-1.666848273078999,1.2438273906316173,0.1111111111111111,0.1111111111111111,0.1111111111111111,0.06684590165054824,0,1
-0.09634369408832952,0.3333333333333333,1,0.3588821183662018,1,0.25,0.05944152318713579,0.3588821183662018,0.198063493321804,-0.26923106490713405,0.08333333333333333,-0.25925925925925924,-2.4349041406302154,0.066276523690121,-0.9531238224996238,0.1740148978517919,0.1111111111111111,0.2222222222222222,0.1111111111111111,-1.4809843220475034,1,0
0.07824744290209906,0.0,1,-0.4668695745617363,1,0.0,0.034791834629782185,-0.4668695745617363,-0.015781955055106312,0.25203277934153984,0.0,-0.17429193899782136,0.4740311014665248,0.12776328546361485,-0.5135592262370264,-0.2844958199592799,0.1111111111111111,0.0,0.1111111111111111,0.11363053313180634,1,0
-0.054661967480467255,0.0,1,-0.1916190102524235,0,0.125,-2.476644085611099,-0.1916190102524236,-1.2558335710649353,-1.528942853695321,0.027777777777777776,1.159041394335512,-2.4349041406302154,-1.4978381506157068,0.8643003776574393,-0.2551036324917042,0.0,0.2222222222222222,0.0,-1.4809843220475034,0,1
-0.2906916076483327,0.0,0,-0.4668695745617363,0,0.0,-2.476644085611099,-0.4668695745617363,-0.24380592749051802,-0.4218331216501042,0.0,1.6470588235294117,0.08136281572751122,-1.4978381506157068,1.0629938337787594,-0.2844958199592799,0.0,0.0,0.0,0.20342236012512438,0,1
-0.14084400333363825,0.1111111111111111,1,-0.4668695745617363,1,0.0,0.10980186295541049,-0.4668695745617363,-0.17997811061554644,-0.2715648817662647,0.0,-0.23529411764705882,0.053999737950916026,-0.05208651866781282,-0.7891132362483021,-0.2844958199592799,0.1111111111111111,0.1111111111111111,0.1111111111111111,-0.028552181737845614,1,0
0.14240512051736492,0.0,1,-0.1916190102524235,0,0.125,-2.476644085611099,-0.1916190102524236,-1.2558335710649353,-0.1498736044408156,0.027777777777777776,2.5098039215686274,-2.4349041406302154,-1.4978381506157068,1.3273719327921307,-0.2632681063313813,0.0,0.2222222222222222,0.0,0.3745836677207233,0,1
0.14915034027229246,0.1111111111111111,0,-0.4668695745617363,1,0.0,0.04758485615594852,-0.4668695745617363,0.10854127650719715,0.9468806718693972,0.0,-0.25925925925925924,-0.02191797797529691,-0.4985281641814581,-0.9531238224996238,-0.2844958199592799,0.1111111111111111,0.1111111111111111,0.1111111111111111,0.7486921089191151,1,0
-0.07836623565539767,0.0,0,-0.4668695745617363,0,0.0,0.5079782972983412,-0.4668695745617363,0.1746476260898993,0.30301430856180595,0.0,3.1721132897603486,0.1772681876304262,-0.46527686787840006,1.486110633212629,-0.2844958199592799,0.0,0.1111111111111111,0.1111111111111111,0.20156923700768148,1,0
-0.14539127259455695,0.0,0,-0.4668695745617363,0,0.0,-0.06889867793301169,-0.4668695745617363,-0.029566996247559322,-0.43892117370654044,0.0,0.5577342047930284,-0.2350498190417191,0.0049914672602819924,0.5191192900072952,-0.2844958199592799,0.0,0.0,0.0,-0.05846058916355989,0,1
-0.0587501541294098,0.1111111111111111,0,-0.4668695745617363,1,0.0,0.0571348501097541,-0.4668695745617363,-0.14001564323410587,-0.39282579122726646,0.0,-0.25925925925925924,-0.027822168454001373,-0.16415642775348446,-0.9531238224996238,-0.2844958199592799,0.1111111111111111,0.1111111111111111,0.1111111111111111,-0.17561827012726708,1,0
0.07824744290209906,0.1111111111111111,1,0.0836315540568891,0,0.25,-2.476644085611099,0.083631554056889,0.03670377846036888,-0.10820807348150456,0.05555555555555555,-0.23529411764705882,0.19858926040308056,0.08006953428893196,-0.7891132362483021,-0.0297667943178028,0.3333333333333333,0.1111111111111111,0.1111111111111111,0.06684590165054824,1,0
-1.8377883046032708,0.0,0,-0.1916190102524235,1,0.125,-2.476644085611099,-0.1916190102524236,-1.2558335710649353,-5.028059896155144,0.027777777777777776,-0.25925925925925924,-2.4349041406302154,-1.4978381506157068,-0.9531238224996238,-0.1316589140222559,0.0,0.2222222222222222,0.0,-1.4809843220475034,0,1
-1.8377883046032708,0.1111111111111111,0,0.0836315540568891,0,0.25,1.4772083997881054,0.083631554056889,0.3174495838865462,1.8078514270231856,0.05555555555555555,0.9411764705882353,0.45533257435354596,0.35387062040000117,0.7564222381735122,-0.2208127675240223,0.1111111111111111,0.1111111111111111,0.3333333333333333,0.3360098098961975,0,1
0.3091352594538665,0.1111111111111111,0,-0.4668695745617363,1,0.0,0.3689107160964178,-0.4668695745617363,0.27295236848406923,0.6644892704931713,0.0,0.3159041394335512,0.4169568938128751,0.3236529324331165,0.3170934418812415,-0.2844958199592799,0.1111111111111111,0.1111111111111111,0.1111111111111111,0.3057862080103784,1,0
-0.27080908240809903,0.1111111111111111,0,-0.4668695745617363,0,0.0,-0.1419460658450451,-0.4668695745617363,0.27295236848406923,-0.12438707816017627,0.0,-0.30501089324618735,0.043758044823948676,-0.16838295792244487,-1.666848273078999,-0.2844958199592799,0.1111111111111111,0.1111111111111111,0.1111111111111111,-0.17687068600338346,1,0
-0.038941679037892814,0.1111111111111111,0,-0.4668695745617363,0,0.0,0.08323582743865729,-0.4668695745617363,-0.055789143861963854,-0.2932067922159454,0.0,-0.30501089324618735,-0.13030156167666335,-0.020363180020070946,-1.666848273078999,-0.2844958199592799,0.1111111111111111,0.1111111111111111,0.1111111111111111,-0.031672403407900916,1,0
-0.37835093031791756,0.0,0,-0.4668695745617363,1,0.0,-0.32326329735285253,-0.4668695745617363,0.0816931615802706,-0.7186799078200585,0.0,0.3159041394335512,-0.3504909438924708,-0.25962352200296185,0.3170934418812415,-0.2844958199592799,0.0,0.0,0.0,-0.2663720580178166,1,0
0.4010330618240294,0.1111111111111111,0,0.6341326826755145,0,0.25,0.5203977154990589,0.6341326826755145,0.3572998073251172,0.9205265941536265,0.1111111111111111,0.9411764705882353,0.4785874030098646,0.5655804877219398,0.7564222381735122,-0.1571297150887646,0.1111111111111111,0.3333333333333333,0.1111111111111111,-1.4809843220475034,0,1
-0.09634369408832952,0.1111111111111111,0,0.0836315540568891,1,0.25,-2.476644085611099,0.083631554056889,-0.12890246887854573,-0.28685318304757323,0.05555555555555555,-0.30501089324618735,0.23310564167099115,0.08006953428893196,-1.666848273078999,0.4796657853361687,0.3333333333333333,0.1111111111111111,0.1111111111111111,-0.1386932439311027,0,1
-0.04917293158888652,0.3333333333333333,1,0.9093832469848272,1,0.25,-0.8511260193184813,0.9093832469848272,0.18146760095364944,-0.11331615688875653,0.1388888888888889,-0.25925925925925924,-0.04071698307562879,0.12797692730523838,-0.9531238224996238,0.4796887097258397,0.3333333333333333,0.2222222222222222,0.1111111111111111,0.114154064813948,0,1
-1.8377883046032708,0.1111111111111111,0,0.6341326826755145,1,0.25,-0.3931066564038441,0.6341326826755145,-0.015781955055106312,-0.17047763908357336,0.1111111111111111,-0.30501089324618735,0.36798678436129895,-0.020363180020070946,-1.666848273078999,1.2438273906316173,0.3333333333333333,0.1111111111111111,0.3333333333333333,-0.14399543947912402,0,1
0.19667093960107287,0.3333333333333333,0,2.836137197150016,1,0.25,0.16869886832993028,2.8361371971500167,0.18717177273556096,0.3055678994749043,0.3333333333333333,0.2440087145969499,0.1706153525976616,0.2250049321910802,0.2439439807007004,0.2886504579082685,0.3333333333333333,0.3333333333333333,0.3333333333333333,0.21218812386795324,0,1
-0.5010189380442357,0.0,1,0.0836315540568891,0,0.25,-2.113672328199152,0.083631554056889,-0.15534042008940815,-1.0654313426701958,0.05555555555555555,1.159041394335512,-0.37771276174368723,0.003468002468942313,0.8643003776574393,-0.2257114450241286,0.3333333333333333,0.0,0.0,-1.1051107475703126,0,1
0.44637050066882383,0.0,1,-0.4668695745617363,0,0.0,0.6362136623588688,-0.4668695745617363,-1.2558335710649353,0.5241667612013204,0.0,2.20479302832244,0.32889364189057896,-1.4978381506157068,1.2431022551165405,-0.2844958199592799,0.0,0.0,0.0,-1.4809843220475034,1,0
-0.26582742902621626,0.1111111111111111,0,-0.4668695745617363,0,0.0,-0.13387036432829214,-0.4668695745617363,-0.23146499342530566,-0.595656139117078,0.0,2.0588235294117645,-0.052196742089741746,-0.15837619843326853,1.199597083727945,-0.2844958199592799,0.1111111111111111,0.1111111111111111,0.1111111111111111,-0.11620721247784549,0,1
-0.09634369408832952,0.3333333333333333,1,1.7351349399127651,0,0.25,-2.476644085611099,1.7351349399127654,0.10854127650719715,-0.45359774942903885,0.2222222222222222,-0.25925925925925924,0.07591639595647949,-0.14533941959159932,-0.9531238224996238,0.9381994275369115,0.3333333333333333,0.3333333333333333,0.1111111111111111,-1.4809843220475034,0,1
-0.01160329552774256,0.3333333333333333,1,2.5608866328407034,0,0.25,-0.13387036432829214,2.560886632840704,0.044560169834700084,-0.21716775709951927,0.3055555555555555,-0.20697167755991286,-0.006852845220298006,0.035695544292043226,-0.6440902286753902,0.916372445798759,0.3333333333333333,0.2222222222222222,0.3333333333333333,0.03885253254617039,0,1
-1.8377883046032708,0.5555555555555556,0,3.386638325768641,1,0.625,-2.476644085611099,3.386638325768641,0.027785748141074307,-0.7408699878144791,0.38888888888888884,-0.25925925925925924,-2.4349041406302154,0.029356150555713754,-0.9531238224996238,1.855220863159056,0.4444444444444444,0.6666666666666666,0.3333333333333333,0.0324674602928818,0,1
-1.8377883046032708,0.0,1,0.3588821183662018,0,0.25,-2.476644085611099,0.3588821183662018,0.6801674714661654,1.0350423676480145,0.08333333333333333,1.159041394335512,0.38856701644178904,0.15035932256930395,0.8643003776574393,-0.1963192575565529,0.0,0.2222222222222222,0.0,-1.4809843220475034,0,1
0.3376958792673445,0.1111111111111111,1,0.6341326826755145,0,0.25,-2.476644085611099,0.6341326826755145,-1.2558335710649353,0.880603314234788,0.1111111111111111,0.47276688453159044,0.7723366272590187,0.5099589092399013,0.4544096728511559,-0.123612495476627,0.3333333333333333,0.1111111111111111,0.1111111111111111,0.3509039468803462,0,1
-1.8377883046032708,0.3333333333333333,0,0.6341326826755145,1,0.25,-2.476644085611099,0.6341326826755145,-1.2558335710649353,-5.028059896155144,0.1111111111111111,2.5098039215686274,-2.4349041406302154,-1.4978381506157068,1.3273719327921307,-0.1995849654476854,0.0,0.3333333333333333,0.0,-1.4809843220475034,0,1
0.03730458856720431,0.1111111111111111,1,-0.4668695745617363,0,0.0,-0.018873842113316566,-0.4668695745617363,0.10854127650719715,-0.17978844650629278,0.0,-0.29411764705882354,-0.04260204376723723,-0.020363180020070946,-1.3723900433022265,-0.2844958199592799,0.1111111111111111,0.1111111111111111,0.1111111111111111,-0.031672403407900916,1,0
-1.8377883046032708,0.0,0,-0.4668695745617363,0,0.0,-2.476644085611099,-0.4668695745617363,0.1478562353590827,-0.24184887074182873,0.0,1.5185185185185186,-2.4349041406302154,0.1116763456848486,1.0152348983243975,-0.2844958199592799,0.0,0.0,0.0,0.2558161295611148,1,0
0.30933678931197806,0.1111111111111111,1,-0.4668695745617363,1,0.0,0.03627451983353801,-0.4668695745617363,0.1812882605018963,0.10599115446328246,0.0,0.7407407407407407,0.010276346729311395,-0.020363180020070946,0.6417328970763176,-0.2844958199592799,0.1111111111111111,0.1111111111111111,0.1111111111111111,-0.031672403407900916,1,0
-0.03378114456250664,0.3333333333333333,1,0.6341326826755145,0,0.25,-0.06777067707031761,0.6341326826755145,0.1820641115963835,-0.23977648855917028,0.1111111111111111,-0.25925925925925924,-2.4349041406302154,0.03454179331654632,-0.9531238224996238,0.3268518037888158,0.1111111111111111,0.3333333333333333,0.1111111111111111,0.016267069294569985,0,1
-1.8377883046032708,0.1111111111111111,0,0.0836315540568891,0,0.25,0.2637189492662903,0.083631554056889,-0.055789143861963854,-0.24065247387644062,0.05555555555555555,-0.30501089324618735,-0.04260204376723723,-0.0680302443123023,-1.666848273078999,0.4796657853361687,0.1111111111111111,0.1111111111111111,0.3333333333333333,-0.031672403407900916,0,1
0.2529015249281053,0.1111111111111111,1,-0.4668695745617363,1,0.0,0.356674874839011,-0.4668695745617363,0.2501755266426272,0.5575384436601554,0.0,-0.05010893246187364,0.322943102454672,0.28122250121096015,-0.1828566844305228,-0.2844958199592799,0.1111111111111111,0.1111111111111111,0.1111111111111111,0.2897068227468416,1,0
-1.8377883046032708,0.0,0,-0.1916190102524235,1,0.125,-0.1940527750620471,-0.1916190102524236,-1.2558335710649353,-0.6183864668087633,0.027777777777777776,0.5577342047930284,-0.01196838945537711,0.03154610356751331,0.5191192900072952,-0.2462860203394923,0.0,0.2222222222222222,0.0,-0.15959682024951313,0,1
-0.09634369408832952,0.3333333333333333,1,0.9093832469848272,1,0.25,-0.1074461255133846,0.9093832469848272,-0.015781955055106312,-0.6754911822230814,0.1388888888888889,-0.3115468409586057,-2.4349041406302154,-1.4978381506157068,-2.102083711231995,3.5361211852187697,0.1111111111111111,0.2222222222222222,0.1111111111111111,-0.031672403407900916,0,1
-1.8377883046032708,0.3333333333333333,1,2.5608866328407034,0,0.25,0.45788174772413515,2.560886632840704,0.19839003656626086,0.22281720726367765,0.3055555555555555,-0.13725490196078433,-2.4349041406302154,0.3696473999131176,-0.3945035917891138,0.6495157962597452,0.3333333333333333,0.2222222222222222,0.3333333333333333,-0.8057316540023416,0,1
-0.22493634798497716,0.1111111111111111,0,-0.4668695745617363,1,0.0,-0.1625931438033047,-0.4668695745617363,-0.015781955055106312,-0.537270192471432,0.0,-0.3115468409586057,0.0096341289758159,-0.2773414272638226,-2.102083711231995,-0.2844958199592799,0.1111111111111111,0.1111111111111111,0.1111111111111111,-0.2837522314751988,1,0
-1.8377883046032708,0.1111111111111111,1,-0.4668695745617363,1,0.0,-2.476644085611099,-0.4668695745617363,-1.2558335710649353,-5.028059896155144,0.0,0.39215686274509803,-2.4349041406302154,-1.4978381506157068,0.3871513198050401,-0.2844958199592799,0.1111111111111111,0.1111111111111111,0.1111111111111111,-1.4809843220475034,1,0
0.4966995812540681,0.1111111111111111,1,-0.4668695745617363,0,0.0,0.6267182312445675,-0.4668695745617363,0.38744129150536455,1.1892568333551126,0.0,1.6470588235294117,0.7499787905697693,0.49682281922212856,1.0629938337787594,-0.2844958199592799,0.1111111111111111,0.1111111111111111,0.1111111111111111,0.42469251588060974,1,0
0.07824744290209906,0.1111111111111111,0,-0.4668695745617363,1,0.0,-0.056479831125268706,-0.4668695745617363,0.3254477100920743,0.516722526286478,0.0,-0.29411764705882354,0.08136281572751122,0.500744461060229,-1.3723900433022265,-0.2844958199592799,0.1111111111111111,0.1111111111111111,0.1111111111111111,0.10441505902471358,1,0
-1.8377883046032708,0.1111111111111111,0,-0.4668695745617363,1,0.0,-2.476644085611099,-0.4668695745617363,-1.2558335710649353,-5.028059896155144,0.0,2.0588235294117645,-2.4349041406302154,-1.4978381506157068,1.199597083727945,-0.2844958199592799,0.0,0.1111111111111111,0.0,-1.4809843220475034,1,0
0.45160844652646404,0.1111111111111111,0,-0.4668695745617363,0,0.0,0.48853194418979096,-0.4668695745617363,0.7189350798342334,1.3394905435360744,0.0,1.2745098039215685,0.40776928328536544,0.3104232686633314,0.9159689132265976,-0.2844958199592799,0.1111111111111111,0.1111111111111111,0.1111111111111111,0.12386069444290213,1,0
0.18040838650574129,0.1111111111111111,0,1.18463381129414,1,0.25,-2.476644085611099,1.18463381129414,-0.17997811061554644,-0.31656268330822224,0.16666666666666666,-0.30501089324618735,0.13997425265217076,-1.4978381506157068,-1.666848273078999,2.0079889959270663,0.3333333333333333,0.1111111111111111,0.3333333333333333,-0.031672403407900916,0,1
0.3955839764724762,0.1111111111111111,0,0.0836315540568891,0,0.25,-1.3420851666923777,0.083631554056889,0.35761360091412536,2.0540973887457126,0.05555555555555555,0.9411764705882353,1.5409443268623442,0.39629855712607265,0.7564222381735122,-0.2208127675240223,0.3333333333333333,0.1111111111111111,0.1111111111111111,0.4512778335265156,0,1
0.10111237237752817,0.1111111111111111,0,-0.4668695745617363,0,0.0,0.26511978669091996,-0.4668695745617363,-1.2558335710649353,0.13018208024632463,0.0,0.2440087145969499,0.25884044009829416,0.27540798060406974,0.2439439807007004,-0.2844958199592799,0.1111111111111111,0.1111111111111111,0.1111111111111111,-1.4809843220475034,1,0
-1.8377883046032708,0.1111111111111111,0,0.0836315540568891,0,0.25,0.5735281681432475,0.083631554056889,0.1812882605018963,0.5407203605231915,0.05555555555555555,0.0,0.30420801898878946,0.3011257616335053,-0.0875094222424097,-0.1571302457764458,0.1111111111111111,0.1111111111111111,0.3333333333333333,0.2751753277598345,0,1
0.7161328441463779,0.1111111111111111,0,-0.4668695745617363,1,0.0,0.7605885497259607,-0.4668695745617363,0.5217512668649608,2.513159369903881,0.0,4.098039215686274,0.7531785625839265,1.2772538913451101,1.668921836399024,-0.2844958199592799,0.1111111111111111,0.1111111111111111,0.1111111111111111,0.5624790264950417,1,0
-1.8377883046032708,0.3333333333333333,0,2.5608866328407034,0,0.25,0.4380755058960076,2.560886632840704,-1.2558335710649353,0.021206173705649995,0.3055555555555555,0.0,-2.4349041406302154,0.3459666543373588,-0.0875094222424097,0.4160148380463074,0.3333333333333333,0.2222222222222222,0.3333333333333333,-1.4809843220475034,0,1
0.483827131156964,0.0,1,-0.1916190102524235,0,0.125,0.6009098418700706,-0.1916190102524236,0.038302808075580445,0.6671431811046105,0.027777777777777776,1.5185185185185186,0.09557420676020648,0.20264627302633728,1.0152348983243975,-0.2581441931243478,0.0,0.2222222222222222,0.1111111111111111,0.29835735843534866,0,1
-1.8377883046032708,0.0,1,-0.1916190102524235,1,0.125,-0.27604912372276585,-0.1916190102524236,-1.2558335710649353,-1.8012328682280123,0.027777777777777776,0.6470588235294118,-2.4349041406302154,-1.4978381506157068,0.5814972662319737,-0.2481055259427889,0.0,0.2222222222222222,0.0,-1.4809843220475034,0,1
0.1150977349445994,0.1111111111111111,0,0.0836315540568891,1,0.25,-2.476644085611099,0.083631554056889,0.10854127650719715,0.1027737431453153,0.05555555555555555,-0.20697167755991286,0.3582968514069958,0.09527771440363407,-0.6440902286753902,-0.0661561352760001,0.3333333333333333,0.1111111111111111,0.1111111111111111,0.11363053313180634,1,0
0.2550344788015127,0.0,1,-0.1916190102524235,0,0.125,-0.6872125440332981,-0.1916190102524236,-1.2558335710649353,-0.42089078533487057,0.027777777777777776,2.832244008714597,-2.4349041406302154,-1.4978381506157068,1.4082741704448445,-0.2643853514769413,0.0,0.2222222222222222,0.0,0.12003176808399547,0,1
0.32381986885411657,0.3333333333333333,0,0.3588821183662018,1,0.25,0.4926873395741765,0.3588821183662018,0.232909330105537,0.5099888257563723,0.08333333333333333,0.17647058823529413,-1.610040965661923,0.24739437221879784,0.1673597344439074,-0.1316568762104289,0.1111111111111111,0.2222222222222222,0.1111111111111111,0.3057862080103784,0,1
0.12397299616359517,0.1111111111111111,1,-0.4668695745617363,0,0.0,0.09001042375076007,-0.4668695745617363,0.49597082434690953,0.5099631886324959,0.0,-0.25925925925925924,0.20956311185220755,-1.4978381506157068,-0.9531238224996238,-0.2844958199592799,0.1111111111111111,0.1111111111111111,0.1111111111111111,-1.4809843220475034,1,0
0.4010330618240294,0.3333333333333333,0,0.9093832469848272,0,0.25,0.3026242443531959,0.9093832469848272,0.13447144374196576,0.24987154651017163,0.1388888888888889,5.132897603485839,-2.4349041406302154,-1.0279496654271199,1.8373853869087895,-0.2080759914613655,0.1111111111111111,0.2222222222222222,0.1111111111111111,0.22508700669610765,0,1
0.09387672078794816,0.0,0,-0.1916190102524235,1,0.125,0.9293644764792162,-0.1916190102524236,-0.010830195851550714,0.8655394245434476,0.027777777777777776,3.1721132897603486,-2.2119946385717246,0.21507898006499682,1.486110633212629,-0.265390872387256,0.0,0.2222222222222222,0.1111111111111111,0.40452464112834957,0,1
0.33315489072787546,0.1111111111111111,1,0.6341326826755145,1,0.25,0.20017849783525957,0.6341326826755145,-1.2558335710649353,0.26034620195023156,0.1111111111111111,-0.13725490196078433,0.1754499360286865,0.08006953428893196,-0.3945035917891138,0.0551447677567291,0.1111111111111111,0.1111111111111111,0.1111111111111111,0.25634775436706114,1,0
0.3091352594538665,0.3333333333333333,1,1.18463381129414,0,0.25,-2.476644085611099,1.18463381129414,0.1812882605018963,0.3510331460639733,0.16666666666666666,0.17647058823529413,0.37851806784192493,0.214438587242051,0.1673597344439074,0.0211820675384221,0.3333333333333333,0.3333333333333333,0.1111111111111111,0.19865366409457927,0,1
-1.8377883046032708,0.3333333333333333,1,0.9093832469848272,0,0.375,-0.1940527750620471,0.9093832469848272,-1.2558335710649353,-0.8460182002134989,0.1388888888888889,0.17647058823529413,-2.4349041406302154,-1.4978381506157068,0.1673597344439074,-0.0297642470445282,0.1111111111111111,0.4444444444444444,0.1111111111111111,0.14493216620586116,0,1
0.2252988234060426,0.0,0,-0.4668695745617363,1,0.0,0.3098124681238251,-0.4668695745617363,-1.131420661815432,0.08508521591975649,0.0,1.6470588235294117,0.09049015726292031,0.14618403215922673,1.0629938337787594,-0.2844958199592799,0.0,0.0,0.0,-0.12387122594128142,1,0
0.3690542594284389,0.3333333333333333,1,0.9093832469848272,0,0.25,0.7237552829321644,0.9093832469848272,0.290610149823752,0.6026357902618037,0.1388888888888889,-0.29411764705882354,-2.4349041406302154,0.0968889193902196,-1.3723900433022265,0.9891280815368592,0.0,0.2222222222222222,0.0,-1.4809843220475034,0,1
-0.030269367775838486,0.1111111111111111,1,-0.4668695745617363,0,0.0,0.09910433174327209,-0.4668695745617363,-0.024979145528007687,0.841884762138378,0.0,-0.29411764705882354,0.08213340020129119,-0.020363180020070946,-1.3723900433022265,-0.2844958199592799,0.1111111111111111,0.1111111111111111,0.1111111111111111,0.7105535314860727,1,0
0.2529015249281053,0.1111111111111111,0,0.6341326826755145,1,0.25,0.2637189492662903,0.6341326826755145,-1.2558335710649353,0.39881175724017015,0.1111111111111111,-0.23529411764705882,0.5277278411855696,-1.4978381506157068,-0.7891132362483021,0.2249622313236743,0.1111111111111111,0.1111111111111111,0.1111111111111111,0.24822835716826347,0,1
0.35508346069795704,0.0,0,-0.4668695745617363,1,0.0,0.16979797490495446,-0.4668695745617363,-1.2558335710649353,0.19394883638544505,0.0,-0.30501089324618735,0.13997425265217076,-0.020363180020070946,-1.666848273078999,-0.2844958199592799,0.0,0.1111111111111111,0.0,0.19865366409457927,1,0
-0.624812482164508,0.1111111111111111,1,0.0836315540568891,1,0.25,-0.18333644759720805,0.083631554056889,0.3341194922899548,-0.10077085586842727,0.05555555555555555,-0.25925925925925924,-0.04411808868776136,-0.5634078453642654,-0.9531238224996238,0.0211779919147679,0.1111111111111111,0.3333333333333333,0.1111111111111111,-0.28445033207336795,0,1
-0.15378898118743553,0.1111111111111111,0,0.0836315540568891,1,0.25,0.03643885265550539,0.083631554056889,-1.2558335710649353,0.608118155975231,0.05555555555555555,-0.25925925925925924,0.8217364061401269,-0.02975293223915765,-0.9531238224996238,0.0211779919147679,0.1111111111111111,0.3333333333333333,0.1111111111111111,0.0021270583613964395,0,1
-0.4659536841973853,0.0,0,-0.4668695745617363,0,0.0,-0.08749098821305488,-0.4668695745617363,-1.2558335710649353,-1.2386158656751924,0.0,4.917211328976035,-0.9232746236089249,-1.4978381506157068,1.8047152235915511,-0.2844958199592799,0.0,0.0,0.0,-0.48742917650202766,1,0
-1.8377883046032708,0.0,1,-0.1916190102524235,1,0.125,-2.476644085611099,-0.1916190102524236,-1.2558335710649353,-0.489627466919224,0.027777777777777776,0.39215686274509803,-2.4349041406302154,-0.2787671356487694,0.3871513198050401,-0.2420405106345698,0.0,0.2222222222222222,0.0,0.3218505447685348,0,1
-1.8377883046032708,0.3333333333333333,0,1.4598843756034523,0,0.25,0.21961315785587668,1.4598843756034523,0.10854127650719715,-0.2902799908347457,0.19444444444444442,-0.25925925925925924,-2.4349041406302154,0.0,-0.9531238224996238,0.7853625215998877,0.3333333333333333,0.2222222222222222,0.3333333333333333,-0.011697378387615939,0,1
0.21925214039343546,0.1111111111111111,1,-0.4668695745617363,0,0.0,0.2876072932488321,-0.4668695745617363,0.2416645349056016,0.514307297182614,0.0,0.11328976034858387,0.38856701644178904,0.2534171714435722,0.0869332819236188,-0.2844958199592799,0.1111111111111111,0.1111111111111111,0.1111111111111111,0.2526518197548504,1,0
-0.3332952455651344,0.0,0,0.0836315540568891,1,0.25,-2.476644085611099,0.083631554056889,-0.1845109244123129,-1.036431064615869,0.05555555555555555,2.5098039215686274,-0.2929268929199516,-0.22139741587053635,1.3273719327921307,-0.2420403927034826,0.3333333333333333,0.0,0.0,-0.16075689160850876,0,1
-0.116519535660596,0.1111111111111111,0,2.0103855042220777,1,0.375,-0.1940527750620471,2.010385504222078,-0.17997811061554644,-0.5996191337007027,0.25,-0.20697167755991286,0.08136281572751122,-1.4978381506157068,-0.6440902286753902,0.698032761115479,0.3333333333333333,0.1111111111111111,0.3333333333333333,-1.4809843220475034,0,1
-1.8377883046032708,0.0,0,-0.1916190102524235,0,0.125,-2.476644085611099,-0.1916190102524236,-1.2558335710649353,-5.028059896155144,0.027777777777777776,0.17647058823529413,-2.4349041406302154,-1.4978381506157068,0.1673597344439074,-0.2335495053763295,0.0,0.2222222222222222,0.0,-1.4809843220475034,0,1
-1.8377883046032708,0.0,0,-0.1916190102524235,1,0.125,-2.476644085611099,-0.1916190102524236,-1.2558335710649353,-5.028059896155144,0.027777777777777776,1.6470588235294117,-2.4349041406302154,-1.4978381506157068,1.0629938337787594,-0.2590225777575635,0.0,0.2222222222222222,0.0,-1.4809843220475034,0,1
-1.8377883046032708,0.3333333333333333,0,1.4598843756034523,1,0.25,0.06806288418602986,1.4598843756034523,-1.2558335710649353,-1.0643240459742764,0.19444444444444442,-0.30501089324618735,-2.4349041406302154,-1.4978381506157068,-1.666848273078999,2.3900697985747907,0.3333333333333333,0.2222222222222222,0.3333333333333333,-0.39632517311084764,0,1
-0.017795917333693467,0.1111111111111111,1,-0.4668695745617363,0,0.0,-0.09425361589553392,-0.4668695745617363,-0.04768389148960487,-0.3379977619255093,0.0,0.17647058823529413,0.005265286089826876,-0.06749693863522563,0.1673597344439074,-0.2844958199592799,0.1111111111111111,0.1111111111111111,0.1111111111111111,-0.06996156194360863,1,0
0.21925214039343546,0.3333333333333333,1,1.18463381129414,1,0.25,-2.476644085611099,1.18463381129414,0.1812882605018963,0.1075940141604836,0.16666666666666666,0.3159041394335512,0.08772862993864343,0.214438587242051,0.3170934418812415,-0.0147798253325259,0.3333333333333333,0.3333333333333333,0.1111111111111111,0.11373534404388194,0,1
0.6933201039076172,0.2222222222222222,0,0.0836315540568891,0,0.125,1.7517630870875969,0.083631554056889,-1.2558335710649353,2.297704060551394,0.05555555555555555,2.5098039215686274,-2.4349041406302154,-1.4978381506157068,1.3273719327921307,-0.2420403927034826,0.0,0.2222222222222222,0.0,-1.4809843220475034,0,1
-1.8377883046032708,0.0,1,0.6341326826755145,1,0.25,-0.7195844020411484,0.6341326826755145,0.3973473314367822,0.27363211580575997,0.1111111111111111,-0.09586056644880174,-2.4349041406302154,-1.4978381506157068,-0.2847917733012345,0.0211810486223196,0.0,0.0,0.3333333333333333,0.40055744581465297,0,1
0.35508346069795704,0.1111111111111111,1,-0.4668695745617363,0,0.0,0.3689107160964178,-0.4668695745617363,0.27295236848406923,0.7392694063850916,0.0,3.0,0.30420801898878946,0.47186486317693166,1.4475584443037126,-0.2844958199592799,0.1111111111111111,0.1111111111111111,0.1111111111111111,0.3057862080103784,1,0
-0.054022482680966204,0.1111111111111111,1,1.7351349399127651,1,0.25,0.1684786075672701,1.7351349399127654,-1.2558335710649353,-0.17935246903156637,0.2222222222222222,-0.17429193899782136,0.0663595593112858,0.05153219759664451,-0.5135592262370264,0.479694441038171,0.3333333333333333,0.1111111111111111,0.3333333333333333,-0.004395095027663922,0,1
-0.26533463618771924,0.1111111111111111,0,0.9093832469848272,1,0.375,-2.476644085611099,0.9093832469848272,0.05693515131531388,-0.46513032303023666,0.1388888888888889,-0.30501089324618735,0.1706153525976616,-0.2773414272638226,-1.666848273078999,1.6259081932793418,0.4444444444444444,0.1111111111111111,0.3333333333333333,-0.2837522314751988,0,1
0.005775291400744047,0.1111111111111111,0,0.0836315540568891,1,0.25,-0.1940527750620471,0.083631554056889,-0.07972466956477688,-0.35416378823126815,0.05555555555555555,-0.25925925925925924,-0.006852845220298006,-0.04501828725518394,-0.9531238224996238,0.0211779919147679,0.3333333333333333,0.1111111111111111,0.1111111111111111,-0.031672403407900916,0,1
0.1675720388696863,0.0,1,-0.4668695745617363,0,0.0,-0.4930130425863576,-0.4668695745617363,0.15950328460205204,-0.06362207852056918,0.0,0.6470588235294118,-0.15614601918580906,0.21149672770108943,0.5814972662319737,-0.2844958199592799,0.0,0.0,0.0,-0.08319876730620854,1,0
-1.8377883046032708,0.1111111111111111,0,-0.4668695745617363,0,0.0,-0.060200737786788555,-0.4668695745617363,-0.10794878822499314,-0.5225897869305594,0.0,0.054466230936819175,-0.12366552820529352,-0.020363180020070946,0.0021753538983214,-0.2844958199592799,0.1111111111111111,0.1111111111111111,0.1111111111111111,-0.031672403407900916,0,1
-0.32442777739848877,0.3333333333333333,1,0.6341326826755145,1,0.25,-2.476644085611099,0.6341326826755145,-0.20593892613466808,0.3697686995461401,0.1111111111111111,-0.30501089324618735,-2.4349041406302154,0.1996891746211727,-1.666848273078999,1.2438273906316173,0.3333333333333333,0.0,0.0,0.5665482625190613,0,1
0.7294623092469033,0.1111111111111111,1,-0.4668695745617363,1,0.0,0.7660493836186342,-0.4668695745617363,0.5618014829009423,1.6693302740865512,0.0,5.5773420479302835,0.7806281708752216,0.70679484969058,1.9013142578933817,-0.2844958199592799,0.1111111111111111,0.1111111111111111,0.1111111111111111,0.6595231729018657,1,0
0.13446858275768922,0.3333333333333333,1,2.836137197150016,0,0.25,-2.476644085611099,2.8361371971500167,-1.2558335710649353,-0.4776649287085658,0.3333333333333333,-0.29411764705882354,0.1706153525976616,-1.4978381506157068,-1.3723900433022265,2.7722015436314544,0.3333333333333333,0.3333333333333333,0.3333333333333333,-1.4809843220475034,0,1
0.23325537736854896,0.1111111111111111,0,2.0103855042220777,1,0.375,0.21961315785587668,2.010385504222078,-1.2558335710649353,0.4478931444214867,0.25,0.2440087145969499,0.49320600580578183,0.34010830410539794,0.2439439807007004,0.1453638884413813,0.3333333333333333,0.1111111111111111,0.3333333333333333,0.10287579294346057,0,1
-1.8377883046032708,0.3333333333333333,0,2.5608866328407034,1,0.25,0.12143655569952808,2.560886632840704,-0.055789143861963854,-0.6910437409392006,0.3055555555555555,-0.25925925925925924,-2.4349041406302154,-0.0680302443123023,-0.9531238224996238,1.3967101453479835,0.3333333333333333,0.2222222222222222,0.3333333333333333,-1.4809843220475034,0,1
-1.8377883046032708,0.0,1,-0.4668695745617363,1,0.0,-2.476644085611099,-0.4668695745617363,-1.2558335710649353,-5.028059896155144,0.0,0.17647058823529413,-2.4349041406302154,-1.4978381506157068,0.1673597344439074,-0.2844958199592799,0.0,0.0,0.0,-1.4809843220475034,1,0
-1.8377883046032708,0.0,1,-0.4668695745617363,1,0.0,-0.6257537081600761,-0.4668695745617363,-0.09411286476616676,-0.5308151347129706,0.0,0.2440087145969499,0.2358215233683933,-1.4978381506157068,0.2439439807007004,-0.2844958199592799,0.0,0.0,0.0,-0.2267394290025756,1,0
-1.8377883046032708,0.0,0,1.4598843756034523,0,0.25,-2.476644085611099,1.4598843756034523,-1.2558335710649353,-1.2691840655128304,0.19444444444444442,-0.13725490196078433,-0.2847952224357086,-0.031321287366632165,-0.3945035917891138,0.309875208543736,0.3333333333333333,0.2222222222222222,0.3333333333333333,-1.4809843220475034,0,1
0.32391495126060277,0.1111111111111111,1,-0.4668695745617363,1,0.0,0.5593923385526708,-0.4668695745617363,0.3088434346509004,1.6357324050348383,0.0,2.355119825708061,0.6038174536731904,0.9546901613220271,1.285678693674575,-0.2844958199592799,0.1111111111111111,0.1111111111111111,0.1111111111111111,0.4880136329916922,1,0
0.4994387811385767,0.0,0,-0.4668695745617363,0,0.0,-0.3141186036073234,-0.4668695745617363,-0.13402621984881866,0.21273135120928874,0.0,1.3943355119825709,-0.33044469547871974,0.2254115016399235,0.9662521913648202,-0.2844958199592799,0.0,0.0,0.0,-0.08698354329884662,0,1
0.23997567561776,0.3333333333333333,0,2.836137197150016,1,0.25,0.3026242443531959,2.8361371971500167,0.2540452092359328,0.4507029909134518,0.3333333333333333,0.8387799564270153,0.35192960291975667,0.3236529324331165,0.6999923241170234,0.1142153926227767,0.3333333333333333,0.3333333333333333,0.3333333333333333,-1.4809843220475034,0,1
0.18040838650574129,0.3333333333333333,0,2.5608866328407034,0,0.25,-0.1940527750620471,2.560886632840704,-1.2558335710649353,-0.43356694255490164,0.3055555555555555,0.8387799564270153,-0.2131146983687719,-1.4978381506157068,0.6999923241170234,0.0809894582409387,0.3333333333333333,0.2222222222222222,0.3333333333333333,0.006539905894159156,0,1
0.3399806609796267,0.1111111111111111,0,1.7351349399127651,1,0.25,-2.476644085611099,1.7351349399127654,0.10854127650719715,0.15413467940451595,0.2222222222222222,-0.05010893246187364,0.3376469404255859,0.1140824598848333,-0.1828566844305228,0.2712808099809667,0.3333333333333333,0.1111111111111111,0.3333333333333333,-1.4809843220475034,0,1
-0.2599765638664633,0.0,1,-0.1916190102524235,0,0.125,-2.476644085611099,-0.1916190102524236,-1.2558335710649353,-1.3303490324585023,0.027777777777777776,0.5577342047930284,-2.4349041406302154,-1.4978381506157068,0.5191192900072952,-0.2462860203394923,0.0,0.2222222222222222,0.0,-0.016905953054203466,0,1
-0.27080908240809903,0.0,0,0.6341326826755145,1,0.25,-2.476644085611099,0.6341326826755145,0.39595740005153035,0.06238178972480469,0.1111111111111111,-0.23529411764705882,-0.04260204376723723,-0.020363180020070946,-0.7891132362483021,0.2249622313236743,0.3333333333333333,0.0,0.1111111111111111,-1.4809843220475034,0,1
0.1718659405051064,0.1111111111111111,0,-0.4668695745617363,0,0.0,0.14591209917705136,-0.4668695745617363,0.18068916152380704,0.23714109383088752,0.0,-0.20697167755991286,0.11779445949640988,0.1996891746211727,-0.6440902286753902,-0.2844958199592799,0.1111111111111111,0.1111111111111111,0.1111111111111111,0.18418539902762215,1,0
0.27340185045077775,0.3333333333333333,1,1.4598843756034523,1,0.375,0.0056385211519427774,1.4598843756034523,0.10298443427682366,-0.10482445471163458,0.19444444444444442,-0.09586056644880174,-2.4349041406302154,-1.4978381506157068,-0.2847917733012345,0.2504387000585193,0.1111111111111111,0.4444444444444444,0.1111111111111111,0.12215638704494965,0,1
0.18074413541532997,0.0,1,-0.1916190102524235,0,0.125,0.0736879586824181,-0.1916190102524236,0.1480722713577171,0.04424576446271349,0.027777777777777776,3.7145969498910674,0.0578961647291906,-0.005110759868891896,1.5976789290256574,-0.2667237726064664,0.0,0.2222222222222222,0.0,0.0698381494869875,0,1
-1.8377883046032708,0.0,0,-0.4668695745617363,1,0.0,-2.476644085611099,-0.4668695745617363,-1.2558335710649353,-5.028059896155144,0.0,0.47276688453159044,-2.4349041406302154,-1.4978381506157068,0.4544096728511559,-0.2844958199592799,0.0,0.0,0.0,-1.4809843220475034,1,0
-1.8377883046032708,0.0,0,-0.1916190102524235,1,0.125,-2.476644085611099,-0.1916190102524236,-1.2558335710649353,-5.028059896155144,0.027777777777777776,0.5577342047930284,-2.4349041406302154,-1.4978381506157068,0.5191192900072952,-0.2462860203394923,0.0,0.2222222222222222,0.0,-1.4809843220475034,0,1
-1.8377883046032708,0.0,1,-0.4668695745617363,0,0.0,-2.476644085611099,-0.4668695745617363,-1.2558335710649353,-5.028059896155144,0.0,0.8387799564270153,-2.4349041406302154,-1.4978381506157068,0.6999923241170234,-0.2844958199592799,0.0,0.0,0.0,-1.4809843220475034,1,0
0.355335356245175,0.1111111111111111,0,-0.4668695745617363,0,0.0,0.5808502435108827,-0.4668695745617363,0.27298825569546475,0.9554110687168929,0.0,1.3943355119825709,0.6975468062175926,0.36284997966396115,0.9662521913648202,-0.2844958199592799,0.1111111111111111,0.1111111111111111,0.1111111111111111,0.3491032574021598,1,0
-0.05042906437089462,0.1111111111111111,0,0.0836315540568891,1,0.25,0.16869886832993028,0.083631554056889,-1.2558335710649353,-0.4620055793279756,0.05555555555555555,-0.29411764705882354,-0.06208652614907963,-0.44104090910723037,-1.3723900433022265,0.2249537406391757,0.1111111111111111,0.3333333333333333,0.1111111111111111,-1.4809843220475034,0,1
-1.8377883046032708,0.0,0,-0.4668695745617363,0,0.0,-2.476644085611099,-0.4668695745617363,-1.2558335710649353,-5.028059896155144,0.0,0.0,-2.4349041406302154,-1.4978381506157068,-0.0875094222424097,-0.2844958199592799,0.0,0.0,0.0,-1.4809843220475034,1,0
0.483827131156964,0.3333333333333333,0,0.3588821183662018,0,0.25,0.4669328857779944,0.3588821183662018,0.3056712622470069,0.7172779230791486,0.08333333333333333,5.132897603485839,-2.4349041406302154,0.3626362666558231,1.8373853869087895,-0.2386439228605313,0.1111111111111111,0.2222222222222222,0.1111111111111111,0.34074996925183365,0,1
-0.599487532994048,0.3333333333333333,1,0.3588821183662018,1,0.25,-0.1940527750620471,0.3588821183662018,0.16878080280743718,-0.11806655846847715,0.08333333333333333,0.8387799564270153,-2.4349041406302154,0.2956882614645087,0.6999923241170234,-0.1848180168137657,0.1111111111111111,0.2222222222222222,0.1111111111111111,0.07582314704025643,0,1
0.13446858275768922,0.0,1,-0.4668695745617363,0,0.0,-2.476644085611099,-0.4668695745617363,0.002931841927049252,-0.28200043413773246,0.0,-0.13725490196078433,-0.19591324900479126,0.12776328546361485,-0.3945035917891138,-0.2844958199592799,0.0,0.1111111111111111,0.0,-0.005687182925108412,1,0
0.1266901244106837,0.0,1,-0.4668695745617363,0,0.0,-0.07116629926950806,-0.4668695745617363,0.10601193578836506,0.14507577234328692,0.0,1.159041394335512,0.2147853792575757,0.13304132892194565,0.8643003776574393,-0.2844958199592799,0.0,0.0,0.0,0.21133442806778266,1,0
-1.8377883046032708,0.0,1,-0.4668695745617363,1,0.0,-2.476644085611099,-0.4668695745617363,-1.2558335710649353,-1.0337845739024458,0.0,2.5098039215686274,0.08136281572751122,-1.4978381506157068,1.3273719327921307,-0.2844958199592799,0.0,0.0,0.0,-1.4809843220475034,1,0
-1.8377883046032708,0.0,0,-0.1916190102524235,0,0.125,-2.476644085611099,-0.1916190102524236,-1.2558335710649353,-5.028059896155144,0.027777777777777776,0.7407407407407407,-2.4349041406302154,-1.4978381506157068,0.6417328970763176,-0.2497596226976441,0.0,0.2222222222222222,0.0,-1.4809843220475034,0,1
-0.09634369408832952,0.1111111111111111,1,-0.4668695745617363,1,0.0,-0.1599033775354381,-0.4668695745617363,-1.2558335710649353,-0.4084528412766086,0.0,-0.29411764705882354,-0.18483830997736975,-0.07926674806640066,-1.3723900433022265,-0.2844958199592799,0.1111111111111111,0.1111111111111111,0.1111111111111111,0.15873609898101454,1,0
-0.3332952455651344,0.0,0,-0.4668695745617363,0,0.0,-0.504636039758671,-0.4668695745617363,-0.1845109244123129,-1.0774532643588968,0.0,0.054466230936819175,-0.5154248908491185,-0.22139741587053635,0.0021753538983214,-0.2844958199592799,0.0,0.0,0.0,-0.22887460301959633,0,1
-0.3332952455651344,0.0,0,-0.4668695745617363,0,0.0,-0.27604912372276585,-0.4668695745617363,-0.12622845462244348,-0.9403370601525999,0.0,0.9411764705882353,-0.5154248908491185,-0.22139741587053635,0.7564222381735122,-0.2844958199592799,0.0,0.0,0.0,-0.22887460301959633,0,1
-1.8377883046032708,0.0,0,0.6341326826755145,1,0.25,-2.476644085611099,0.6341326826755145,-1.2558335710649353,-1.6378921616938666,0.1111111111111111,2.5098039215686274,-0.2131146983687719,-1.4978381506157068,1.3273719327921307,-0.1995849654476854,0.3333333333333333,0.0,0.3333333333333333,-1.4809843220475034,0,1
0.09868477618238311,0.3333333333333333,1,0.9093832469848272,1,0.25,-2.476644085611099,0.9093832469848272,-0.1299155847603933,-0.4215188604529613,0.1388888888888889,-0.25925925925925924,-0.02191797797529691,-0.09593924982249426,-0.9531238224996238,0.4796887097258397,0.3333333333333333,0.2222222222222222,0.1111111111111111,-0.011506929862364968,0,1
-0.14939970561179475,0.1111111111111111,0,-0.4668695745617363,0,0.0,-0.10592591823735807,-0.4668695745617363,-0.0346731798337947,-0.39032338202490424,0.0,-0.25925925925925924,-0.04203536444318504,-0.020363180020070946,-0.9531238224996238,-0.2844958199592799,0.1111111111111111,0.1111111111111111,0.1111111111111111,-0.053751546627400455,0,1
-0.01160329552774256,0.3333333333333333,0,0.3588821183662018,1,0.25,-0.003318688825041914,0.3588821183662018,-0.28210990437877315,-0.7568405224820541,0.08333333333333333,-0.30501089324618735,-2.4349041406302154,-0.21922075111849637,-1.666848273078999,0.861746587983893,0.1111111111111111,0.2222222222222222,0.1111111111111111,-1.4809843220475034,0,1
0.005775291400744047,0.3333333333333333,0,0.9093832469848272,1,0.25,-0.9551366959425549,0.9093832469848272,0.016913033023074397,-0.1639874554561933,0.1388888888888889,-0.13725490196078433,0.14061657729950422,0.066276523690121,-0.3945035917891138,0.1400549146857315,0.3333333333333333,0.2222222222222222,0.1111111111111111,0.11519722477629865,0,1
0.18875206458508645,0.3333333333333333,1,0.3588821183662018,1,0.25,0.15441249848381097,0.3588821183662018,-1.2558335710649353,0.16402319286443398,0.08333333333333333,-0.17429193899782136,-2.4349041406302154,0.214438587242051,-0.5135592262370264,0.0020755279147641,0.1111111111111111,0.2222222222222222,0.1111111111111111,0.3551900842679136,1,0
0.0377487533633771,0.0,0,-0.4668695745617363,0,0.0,-2.476644085611099,-0.4668695745617363,-0.07921330201889595,-0.7557984549160603,0.0,1.159041394335512,-0.2745224186931432,-0.2576704904777283,0.8643003776574393,-0.2844958199592799,0.0,0.0,0.0,-0.3235383713936444,0,1
-1.8377883046032708,0.3333333333333333,1,2.2856360685313906,1,0.25,0.10848346083980917,2.2856360685313915,-0.028794164538211788,-0.6138895564621334,0.2777777777777778,-0.29411764705882354,-2.4349041406302154,-1.4978381506157068,-1.3723900433022265,2.2627519830329987,0.3333333333333333,0.3333333333333333,0.3333333333333333,0.021699077920150803,0,1
-1.8377883046032708,0.5555555555555556,1,2.2856360685313906,1,0.5,-2.476644085611099,2.2856360685313915,-0.2064569348266685,-1.532861009001251,0.2777777777777778,-0.30501089324618735,-2.4349041406302154,-0.1918179270424799,-1.666848273078999,3.5363122065179637,0.4444444444444444,0.2222222222222222,0.3333333333333333,-0.2343095970677861,0,1
-1.8377883046032708,0.3333333333333333,1,1.18463381129414,1,0.25,0.08008376324506211,1.18463381129414,-0.027832780947905762,-0.6778008964860062,0.16666666666666666,-0.30501089324618735,-2.4349041406302154,-0.008721913572890243,-1.666848273078999,2.0079889959270663,0.3333333333333333,0.0,0.3333333333333333,-1.4809843220475034,0,1
0.07824744290209906,0.3333333333333333,0,0.9093832469848272,0,0.25,-2.476644085611099,0.9093832469848272,0.232909330105537,0.03311609130321688,0.1388888888888889,-0.25925925925925924,0.025316925826723576,0.12776328546361485,-0.9531238224996238,0.4796887097258397,0.3333333333333333,0.2222222222222222,0.1111111111111111,0.15661152100610903,0,1
0.35508346069795704,0.3333333333333333,1,2.836137197150016,0,0.25,-2.476644085611099,2.8361371971500167,0.2416645349056016,0.21789314332142565,0.3333333333333333,-0.17429193899782136,0.1706153525976616,0.22144857130416912,-0.5135592262370264,0.8617895715368965,0.3333333333333333,0.3333333333333333,0.3333333333333333,-1.4809843220475034,0,1
0.05170390327415423,0.3333333333333333,1,0.3588821183662018,1,0.25,0.03987109414150926,0.3588821183662018,0.10854127650719715,-0.1350346360542368,0.08333333333333333,-0.09586056644880174,-1.8091180528529025,0.12776328546361485,-0.2847917733012345,-0.0552381685230802,0.1111111111111111,0.2222222222222222,0.1111111111111111,0.10287579294346057,1,0
-0.39018706978679374,0.1111111111111111,1,-0.4668695745617363,0,0.0,-0.1289553642896601,-0.4668695745617363,0.10854127650719715,-0.3183525341707236,0.0,-0.17429193899782136,-0.08282810616588625,0.043918667201769915,-0.5135592262370264,-0.2844958199592799,0.1111111111111111,0.1111111111111111,0.1111111111111111,-0.031672403407900916,1,0
0.13446858275768922,0.1111111111111111,0,-0.4668695745617363,0,0.0,0.16869886832993028,-0.4668695745617363,0.14857534644596138,0.2895959161969545,0.0,-0.23529411764705882,0.30420801898878946,0.1754623776158648,-0.7891132362483021,-0.2844958199592799,0.1111111111111111,0.1111111111111111,0.1111111111111111,0.19865366409457927,1,0
-0.030269367775838486,0.1111111111111111,0,0.0836315540568891,1,0.25,0.0,0.083631554056889,-0.015781955055106312,-0.15133418564170553,0.05555555555555555,-0.29411764705882354,0.0096341289758159,0.16673593377072146,-1.3723900433022265,0.2249537406391757,0.1111111111111111,0.1111111111111111,0.1111111111111111,-0.031672403407900916,0,1
-0.030269367775838486,0.1111111111111111,0,0.0836315540568891,0,0.25,-2.476644085611099,0.083631554056889,-1.2558335710649353,-0.5851133099758038,0.05555555555555555,-0.29411764705882354,0.20125733792931244,-1.4978381506157068,-1.3723900433022265,0.2249537406391757,0.3333333333333333,0.1111111111111111,0.1111111111111111,-1.4809843220475034,0,1
-0.3326514049683238,0.3333333333333333,1,1.18463381129414,1,0.25,-2.476644085611099,1.18463381129414,-1.2558335710649353,-0.5723638991764706,0.16666666666666666,-0.30501089324618735,0.2324632635633931,-0.22359646317184267,-1.666848273078999,2.0079889959270663,0.3333333333333333,0.3333333333333333,0.1111111111111111,-0.32269757252797804,0,1
0.2825833239152785,0.1111111111111111,1,-0.4668695745617363,0,0.0,0.33742708388807957,-0.4668695745617363,0.03126839304430128,0.3872791170118365,0.0,0.5577342047930284,0.2733899399151538,0.22144857130416912,0.5191192900072952,-0.2844958199592799,0.1111111111111111,0.1111111111111111,0.1111111111111111,0.19865366409457927,1,0
0.07824744290209906,0.1111111111111111,0,0.0836315540568891,0,0.25,0.1795287835743337,0.083631554056889,0.10854127650719715,0.1595981637688137,0.05555555555555555,-0.09586056644880174,0.30420801898878946,0.08006953428893196,-0.2847917733012345,-0.1316573856684801,0.1111111111111111,0.3333333333333333,0.1111111111111111,0.05331580804312823,0,1
0.005775291400744047,0.1111111111111111,0,-0.4668695745617363,0,0.0,-0.060200737786788555,-0.4668695745617363,-1.2558335710649353,-0.24866960732997528,0.0,-0.13725490196078433,-0.08282810616588625,0.018591671476249207,-0.3945035917891138,-0.2844958199592799,0.1111111111111111,0.1111111111111111,0.1111111111111111,0.16042040378299907,1,0
0.22424224735877346,0.3333333333333333,1,2.836137197150016,0,0.25,-0.038891540158578077,2.8361371971500167,-1.131420661815432,-0.1133819017555218,0.3333333333333333,-0.30501089324618735,0.15951467317198714,-0.06776342523130284,-1.666848273078999,4.300473811813412,0.3333333333333333,0.3333333333333333,0.3333333333333333,-0.05351884661889676,0,1
-1.8377883046032708,0.5555555555555556,0,3.386638325768641,1,0.5,-2.476644085611099,3.386638325768641,0.10854127650719715,-0.8379137703733847,0.38888888888888884,-0.30501089324618735,-2.4349041406302154,0.04580841851773005,-1.666848273078999,5.064635417108861,0.4444444444444444,0.2222222222222222,0.3333333333333333,-1.4809843220475034,0,1
-1.8377883046032708,0.4444444444444444,1,1.7351349399127651,0,0.375,-2.476644085611099,1.7351349399127654,-1.2558335710649353,-1.162539108570257,0.2222222222222222,-0.29411764705882354,-2.4349041406302154,0.13376996835145818,-1.3723900433022265,1.7533024224345426,0.3333333333333333,0.0,0.1111111111111111,-1.4809843220475034,0,1
-0.11679247933275104,0.0,1,-0.4668695745617363,1,0.0,-0.5910654661956495,-0.4668695745617363,0.27971441169799716,-0.09637623514361728,0.0,-0.05010893246187364,-0.5073034887176503,0.24794342378015582,-0.1828566844305228,-0.2844958199592799,0.0,0.0,0.0,-1.4809843220475034,1,0
0.11258200154198865,0.1111111111111111,1,-0.4668695745617363,0,0.0,0.16869886832993028,-0.4668695745617363,0.10854127650719715,0.07214763072735397,0.0,-0.23529411764705882,0.08136281572751122,0.06994916488101137,-0.7891132362483021,-0.2844958199592799,0.1111111111111111,0.0,0.1111111111111111,0.11363053313180634,1,0
-1.8377883046032708,0.0,1,-0.4668695745617363,1,0.0,-2.476644085611099,-0.4668695745617363,-1.2558335710649353,-5.028059896155144,0.0,2.355119825708061,-2.4349041406302154,-1.4978381506157068,1.285678693674575,-0.2844958199592799,0.0,0.0,0.0,-1.4809843220475034,1,0
-1.8377883046032708,0.0,0,-0.4668695745617363,1,0.0,-0.14392530832581077,-0.4668695745617363,0.5863612297963795,0.6554143512273469,0.0,5.132897603485839,0.05817268274552819,-1.4978381506157068,1.8373853869087895,-0.2844958199592799,0.0,0.0,0.0,-1.4809843220475034,1,0
-0.08429741416826127,0.1111111111111111,1,0.0836315540568891,1,0.25,-0.01539600861323546,0.083631554056889,0.27295236848406923,0.04935568636988595,0.05555555555555555,0.17647058823529413,-0.06208652614907963,0.066276523690121,0.1673597344439074,-0.1826031907933792,0.1111111111111111,0.3333333333333333,0.1111111111111111,0.11363053313180634,0,1
-1.8377883046032708,0.0,1,-0.1916190102524235,1,0.125,-2.476644085611099,-0.1916190102524236,-1.2558335710649353,-5.028059896155144,0.027777777777777776,0.9411764705882353,-2.4349041406302154,-1.4978381506157068,0.7564222381735122,-0.2526542937416511,0.0,0.2222222222222222,0.0,-1.4809843220475034,0,1
0.3141257898515911,0.1111111111111111,1,0.6341326826755145,1,0.25,0.026431289036103117,0.6341326826755145,-0.07972466956477688,0.06248999698079908,0.1111111111111111,-0.25925925925925924,0.0055909473158203245,0.09302658345236761,-0.9531238224996238,0.3268518037888158,0.1111111111111111,0.1111111111111111,0.1111111111111111,0.07955596859360854,0,1
0.07824744290209906,0.1111111111111111,0,-0.4668695745617363,1,0.0,-0.14335859955607017,-0.4668695745617363,-1.2558335710649353,-0.6510467346955375,0.0,-0.3115468409586057,-0.16821050218130285,-0.43060686582819924,-2.102083711231995,-0.2844958199592799,0.1111111111111111,0.1111111111111111,0.1111111111111111,-1.4809843220475034,1,0
0.004934238045837286,0.3333333333333333,0,1.7351349399127651,0,0.25,-2.476644085611099,1.7351349399127654,-1.2558335710649353,-0.9437861896128196,0.2222222222222222,-0.29411764705882354,-0.729412017925748,-1.4978381506157068,-1.3723900433022265,1.7533024224345426,0.3333333333333333,0.0,0.0,0.0012332392156009556,0,1
-1.8377883046032708,0.0,0,-0.1916190102524235,1,0.125,-2.476644085611099,-0.1916190102524236,-1.2558335710649353,-5.028059896155144,0.027777777777777776,0.8387799564270153,-2.4349041406302154,-1.4978381506157068,0.6999923241170234,-0.2512698855774418,0.0,0.2222222222222222,0.0,-1.4809843220475034,0,1
0.2286504090501567,0.0,1,-0.4668695745617363,1,0.0,0.5647809979641775,-0.4668695745617363,0.3383662254209425,0.5499314351301734,0.0,0.9411764705882353,0.026234009432593384,0.25359526066886406,0.7564222381735122,-0.2844958199592799,0.0,0.0,0.0,-0.047783688003817014,1,0
0.1134598899578306,0.1111111111111111,0,-0.4668695745617363,1,0.0,0.16869886832993028,-0.4668695745617363,0.13967441346545956,0.16302797231611899,0.0,-0.13725490196078433,0.13997425265217076,0.15763820015463306,-0.3945035917891138,-0.2844958199592799,0.1111111111111111,0.1111111111111111,0.1111111111111111,0.14293598384450348,1,0
0.45272295146643365,0.0,1,-0.1916190102524235,0,0.125,-2.476644085611099,-0.1916190102524236,0.3474556477761593,1.3442105336724934,0.027777777777777776,1.159041394335512,0.354579633502076,0.862519113738076,0.8643003776574393,-0.2551036324917042,0.0,0.2222222222222222,0.0,0.3655057191030152,0,1
0.48561028066665135,0.1111111111111111,1,0.0836315540568891,1,0.25,1.3874141218408433,0.083631554056889,0.37458843589213026,1.881295818431641,0.05555555555555555,3.1721132897603486,1.0447423670021239,0.42513641913755684,1.486110633212629,-0.2462859248152321,0.1111111111111111,0.3333333333333333,0.1111111111111111,0.4048387992344695,1,0
0.09053966174801081,0.3333333333333333,1,2.836137197150016,1,0.25,0.05090380957037403,2.8361371971500167,0.1412512015314614,0.0860101484033496,0.3333333333333333,0.11328976034858387,0.11779445949640988,0.14813617228388773,0.0869332819236188,0.3705279127646692,0.3333333333333333,0.3333333333333333,0.3333333333333333,0.11363053313180634,0,1
-0.05042906437089462,0.4444444444444444,0,1.18463381129414,1,0.375,-2.476644085611099,1.18463381129414,-0.015781955055106312,-0.6910437409392006,0.16666666666666666,-0.30501089324618735,-2.4349041406302154,-0.020363180020070946,-1.666848273078999,2.0079889959270663,0.3333333333333333,0.2222222222222222,0.1111111111111111,-0.031672403407900916,0,1
0.6822795549790267,0.0,0,-0.1916190102524235,0,0.125,0.7258823595934089,-0.1916190102524236,0.5369631430269589,1.5941526440455143,0.027777777777777776,5.132897603485839,0.675659330979705,0.8160348500118819,1.8373853869087895,-0.269211854259697,0.0,0.2222222222222222,0.0,0.37635904418299726,0,1
-0.08048541778705759,0.3333333333333333,1,0.3588821183662018,1,0.25,-0.09303580717522368,0.3588821183662018,-0.21714401286381083,-0.8580601293056114,0.08333333333333333,-0.30501089324618735,-2.4349041406302154,-0.25897052770727974,-1.666848273078999,0.861746587983893,0.1111111111111111,0.2222222222222222,0.1111111111111111,-0.3824885742007073,0,1
-1.8377883046032708,0.4444444444444444,1,1.18463381129414,1,0.375,-2.0186247226964618,1.18463381129414,-1.2558335710649353,-1.070995784401508,0.16666666666666666,1.6470588235294117,-2.4349041406302154,-1.4978381506157068,1.0629938337787594,-0.1316563667489812,0.3333333333333333,0.2222222222222222,0.1111111111111111,0.14833599979593173,0,1
0.101457271117687,0.0,0,0.0836315540568891,0,0.25,-2.476644085611099,0.083631554056889,-0.25432849400989666,-0.7031130220560436,0.05555555555555555,2.5098039215686274,-0.17129869244686757,-0.15675299925015765,1.3273719327921307,-0.2420403927034826,0.3333333333333333,0.0,0.0,-1.4809843220475034,0,1
0.5619554417770158,0.0,1,-0.4668695745617363,1,0.0,0.25232871258353157,-0.4668695745617363,0.23019726812492006,1.1021058348677182,0.0,1.6470588235294117,-0.7215101355434785,0.7762396513015173,1.0629938337787594,-0.2844958199592799,0.0,0.0,0.0,-1.4809843220475034,1,0
0.6295554148173989,0.3333333333333333,0,0.9093832469848272,0,0.25,0.5647477978303261,0.9093832469848272,0.3588633179710675,0.8608937442669415,0.1388888888888889,1.7799564270152506,-1.1346975320108106,-1.0054177432868876,1.1095988810204689,-0.1612381831491223,0.1111111111111111,0.2222222222222222,0.1111111111111111,0.4030786993189654,0,1
0.3091352594538665,0.1111111111111111,1,0.0836315540568891,1,0.25,0.48219918325941785,0.083631554056889,0.2674863587898215,0.6791246226426114,0.05555555555555555,0.11328976034858387,0.31371197403294093,0.3392751772230756,0.0869332819236188,-0.1753251978386217,0.1111111111111111,0.3333333333333333,0.1111111111111111,0.3140122780445808,1,0
-1.4321078212029634,0.3333333333333333,1,0.3588821183662018,0,0.25,0.06566547769940452,0.3588821183662018,-0.18497056585990598,-0.704235815277989,0.08333333333333333,-0.2788671023965142,-2.4349041406302154,-0.12839880850339674,-1.1433092459291831,0.288639711684214,0.1111111111111111,0.2222222222222222,0.1111111111111111,-0.04801010900383921,0,1
0.31024168502232874,0.1111111111111111,1,-0.4668695745617363,0,0.0,0.43553251837854445,-0.4668695745617363,0.28999105002565684,0.7450999294475514,0.0,1.159041394335512,0.5081452849150417,0.2985926356523543,0.8643003776574393,-0.2844958199592799,0.1111111111111111,0.1111111111111111,0.1111111111111111,0.3332312389949168,1,0
-1.0586494592949909,0.1111111111111111,0,0.0836315540568891,0,0.25,0.34840756577974513,0.083631554056889,-0.5270251131328135,0.24319174425029272,0.05555555555555555,-0.17429193899782136,0.30420801898878946,0.214438587242051,-0.5135592262370264,-0.0934482547099171,0.1111111111111111,0.1111111111111111,0.3333333333333333,0.2589858554836899,0,1
0.019182604190464664,0.1111111111111111,1,0.0836315540568891,0,0.25,-0.04409138201426307,0.083631554056889,0.4927089927907456,0.4203524879249378,0.05555555555555555,-0.25925925925925924,-0.07478792655941158,-0.13196909953491012,-0.9531238224996238,0.0211779919147679,0.1111111111111111,0.1111111111111111,0.1111111111111111,-0.3286551869204631,0,1
0.16810176962144419,0.1111111111111111,0,-0.4668695745617363,1,0.0,0.19135401979127187,-0.4668695745617363,0.10573880884669949,0.36761054475459626,0.0,0.11328976034858387,0.31971162338110404,0.21178552648323645,0.0869332819236188,-0.2844958199592799,0.1111111111111111,0.1111111111111111,0.1111111111111111,0.28674218217918074,1,0
-1.8377883046032708,0.0,0,0.9093832469848272,1,0.25,-2.476644085611099,0.9093832469848272,0.1478562353590827,0.24804607135916634,0.1388888888888889,0.054466230936819175,0.39802337281328487,0.3273412834499127,0.0021753538983214,0.0094249242564235,0.3333333333333333,0.2222222222222222,0.3333333333333333,0.20573287497193513,0,1
-1.8377883046032708,0.0,0,-0.1916190102524235,1,0.125,-2.476644085611099,-0.1916190102524236,0.19072500914426624,0.5182731516207348,0.027777777777777776,0.5577342047930284,-2.4349041406302154,0.018947504279940203,0.5191192900072952,-0.2462860203394923,0.0,0.2222222222222222,0.0,0.614389365672379,0,1
0.05170390327415423,0.3333333333333333,0,2.0103855042220777,1,0.25,-2.476644085611099,2.010385504222078,-0.015781955055106312,-0.5127802940355883,0.25,-0.29411764705882354,-0.04260204376723723,-1.4978381506157068,-1.3723900433022265,2.0080272027337704,0.3333333333333333,0.2222222222222222,0.3333333333333333,-0.031672403407900916,0,1
-1.8377883046032708,0.1111111111111111,0,1.4598843756034523,0,0.375,0.20017849783525957,1.4598843756034523,-0.14001564323410587,-0.22490377837556208,0.19444444444444442,-0.30501089324618735,0.0096341289758159,0.19191458288873467,-1.666848273078999,2.3900697985747907,0.1111111111111111,0.1111111111111111,0.3333333333333333,-1.4809843220475034,0,1
0.33647785214048076,0.1111111111111111,0,-0.4668695745617363,1,0.0,0.4717633163120872,-0.4668695745617363,0.2779778473858904,0.6853694400178262,0.0,0.3159041394335512,0.40650860048090914,0.29185262718417543,0.3170934418812415,-0.2844958199592799,0.1111111111111111,0.1111111111111111,0.1111111111111111,0.2711570126632358,1,0
-0.020204480265315877,0.0,1,-0.4668695745617363,1,0.0,0.5910322583744911,-0.4668695745617363,0.20247563716727848,0.5351661048233629,0.0,1.6470588235294117,-0.2896495098213908,0.4827454549732312,1.0629938337787594,-0.2844958199592799,0.0,0.0,0.0,-1.4809843220475034,1,0
-1.8377883046032708,0.3333333333333333,1,2.836137197150016,0,0.375,-0.060200737786788555,2.8361371971500167,-1.2558335710649353,-0.9133725801173161,0.3333333333333333,-0.23529411764705882,-2.4349041406302154,0.066276523690121,-0.7891132362483021,1.243878333889583,0.3333333333333333,0.2222222222222222,0.3333333333333333,-1.4809843220475034,0,1
0.023445601714410378,0.1111111111111111,0,0.0836315540568891,1,0.25,-0.09768755612109054,0.083631554056889,0.07991342808235943,-0.3055723505586457,0.05555555555555555,-0.30501089324618735,-0.12269395516060319,-0.06197608529062502,-1.666848273078999,0.4796657853361687,0.1111111111111111,0.3333333333333333,0.1111111111111111,-0.09963313046765077,0,1
0.07824744290209906,0.1111111111111111,0,-0.4668695745617363,0,0.0,0.16869886832993028,-0.4668695745617363,-0.01399774665372392,-0.05761178653492708,0.0,-0.13725490196078433,0.13997425265217076,-0.020363180020070946,-0.3945035917891138,-0.2844958199592799,0.1111111111111111,0.0,0.1111111111111111,-0.04553281838202407,1,0
0.2340713374766228,0.3333333333333333,0,2.836137197150016,0,0.25,-2.476644085611099,2.8361371971500167,0.00787151142008286,-0.2889071379793501,0.3333333333333333,-0.29411764705882354,-0.08282810616588625,0.04580841851773005,-1.3723900433022265,2.7722015436314544,0.3333333333333333,0.3333333333333333,0.3333333333333333,-1.4809843220475034,0,1
-1.8377883046032708,0.0,1,-0.1916190102524235,0,0.125,-0.25198781401219555,-0.1916190102524236,-1.2558335710649353,-0.4087609581782622,0.027777777777777776,1.0479302832244008,0.21900357238311977,0.10068273529884642,0.8111528623165425,-0.2539279496957324,0.0,0.2222222222222222,0.0,-1.4809843220475034,0,1
-1.8377883046032708,0.3333333333333333,1,1.4598843756034523,1,0.25,0.16269967152135997,1.4598843756034523,-1.2558335710649353,-0.7701840433154586,0.19444444444444442,0.054466230936819175,-2.4349041406302154,-1.4978381506157068,0.0021753538983214,0.126993221942705,0.3333333333333333,0.2222222222222222,0.3333333333333333,-0.08373528687271306,0,1
-1.8377883046032708,0.0,0,-0.4668695745617363,0,0.0,-2.476644085611099,-0.4668695745617363,0.4898911972877406,0.9558948417343863,0.0,0.9411764705882353,-0.2916939568416265,0.26793795442497165,0.7564222381735122,-0.2844958199592799,0.0,0.1111111111111111,0.0,0.6763282002141258,1,0
-0.05042906437089462,0.1111111111111111,0,0.0836315540568891,0,0.25,0.16869886832993028,0.083631554056889,-1.2558335710649353,-0.21716775709951927,0.05555555555555555,-0.30501089324618735,0.0096341289758159,-0.020363180020070946,-1.666848273078999,0.4796657853361687,0.1111111111111111,0.1111111111111111,0.3333333333333333,0.03885253254617039,0,1
-0.09634369408832952,0.3333333333333333,1,1.4598843756034523,0,0.375,-0.1940527750620471,1.4598843756034523,-0.015781955055106312,-0.4552487516460558,0.19444444444444442,-0.25925925925925924,-0.2131146983687719,-0.020363180020070946,-0.9531238224996238,0.7853625215998877,0.3333333333333333,0.4444444444444444,0.1111111111111111,-0.031672403407900916,0,1
-1.8377883046032708,0.3333333333333333,0,1.7351349399127651,0,0.25,-0.060200737786788555,1.7351349399127654,0.09763173650770275,-0.1151594861562758,0.2222222222222222,-0.25925925925925924,0.2324632635633931,0.03154610356751331,-0.9531238224996238,0.9381994275369115,0.3333333333333333,0.3333333333333333,0.3333333333333333,0.035380040281312794,0,1
0.21925214039343546,0.1111111111111111,0,-0.4668695745617363,0,0.0,0.33742708388807957,-0.4668695745617363,0.2089482041426418,0.4757388778975263,0.0,0.11328976034858387,0.3348530150164412,0.24800434258577472,0.0869332819236188,-0.2844958199592799,0.1111111111111111,0.0,0.1111111111111111,0.23098125874457032,1,0
0.483827131156964,0.0,1,-0.1916190102524235,1,0.125,0.11837381180396105,-0.1916190102524236,-0.10380197272567432,0.5102707685995909,0.027777777777777776,-0.25925925925925924,0.0014962850062296442,0.47186486317693166,-0.9531238224996238,-0.1316589140222559,0.0,0.2222222222222222,0.1111111111111111,-0.11094310805350578,0,1
-1.8377883046032708,0.0,1,-0.1916190102524235,0,0.125,-2.476644085611099,-0.1916190102524236,-0.0836070823681345,-1.695603448787774,0.027777777777777776,0.17647058823529413,-0.6832855098212458,-1.4978381506157068,0.1673597344439074,-0.2335495053763295,0.0,0.2222222222222222,0.0,-1.4809843220475034,0,1
-0.09634369408832952,0.3333333333333333,0,2.0103855042220777,1,0.25,0.034791834629782185,2.010385504222078,-0.015781955055106312,-0.353312973572868,0.25,-0.3115468409586057,-0.2131146983687719,-1.4978381506157068,-2.102083711231995,6.592614789361209,0.3333333333333333,0.2222222222222222,0.3333333333333333,0.11363053313180634,0,1
-1.8377883046032708,0.3333333333333333,1,1.4598843756034523,1,0.25,0.29150192929081603,1.4598843756034523,-1.2558335710649353,-0.25393330656605906,0.19444444444444442,-0.25925925925925924,-2.4349041406302154,-0.07234525507737063,-0.9531238224996238,0.7853625215998877,0.3333333333333333,0.2222222222222222,0.3333333333333333,0.19865366409457927,0,1
-0.5665251365008932,0.1111111111111111,0,-0.4668695745617363,1,0.0,-0.17481992779125646,-0.4668695745617363,-0.5432063233629901,-0.9963044491650136,0.0,-0.17429193899782136,-0.18074528557693115,-0.4291569927107801,-0.5135592262370264,-0.2844958199592799,0.1111111111111111,0.1111111111111111,0.1111111111111111,-0.4631300898850235,1,0
0.4825637791908985,0.0,1,-0.4668695745617363,0,0.0,0.4554410466834606,-0.4668695745617363,-1.2558335710649353,1.4353189503925328,0.0,2.355119825708061,1.1053867612069872,0.6416033724158484,1.285678693674575,-0.2844958199592799,0.0,0.0,0.0,0.30043311104165377,1,0
-0.5010189380442357,0.1111111111111111,1,0.0836315540568891,0,0.25,-0.08297964862498919,0.083631554056889,-0.14001564323410587,-0.602779158021517,0.05555555555555555,-0.17429193899782136,-0.04260204376723723,-0.020363180020070946,-0.5135592262370264,-0.0934482547099171,0.1111111111111111,0.1111111111111111,0.1111111111111111,-1.4809843220475034,0,1
0.06252491453117898,0.1111111111111111,1,0.0836315540568891,0,0.25,-0.9720835455266508,0.083631554056889,-1.2558335710649353,-0.4370958712965287,0.05555555555555555,-0.29411764705882354,0.24118543223036681,-0.5477528973075421,-1.3723900433022265,0.2249537406391757,0.3333333333333333,0.1111111111111111,0.1111111111111111,-1.4809843220475034,0,1
0.45727239579997386,0.0,1,-0.1916190102524235,1,0.125,-2.476644085611099,-0.1916190102524236,-1.2558335710649353,0.5239659842094909,0.027777777777777776,0.5577342047930284,-2.4349041406302154,0.5898519195882387,0.5191192900072952,-0.2462860203394923,0.0,0.2222222222222222,0.0,-1.4809843220475034,0,1
0.3552094399375331,0.3333333333333333,1,1.4598843756034523,0,0.25,-2.0186247226964618,1.4598843756034523,0.1723992891279564,0.41404061355346167,0.19444444444444442,0.39215686274509803,0.4405692628934085,0.356343818966518,0.3871513198050401,0.0126913453136904,0.3333333333333333,0.2222222222222222,0.1111111111111111,-1.4809843220475034,0,1
0.6585316031976932,0.0,1,1.7351349399127651,0,0.25,-2.476644085611099,1.7351349399127654,-1.2558335710649353,0.7979781860023655,0.2222222222222222,0.0,0.5233985495585937,-1.4978381506157068,-0.0875094222424097,0.2249664767720562,0.3333333333333333,0.0,0.3333333333333333,0.45117298070474154,0,1
-0.16214899472576216,0.2222222222222222,0,0.3588821183662018,0,0.125,-0.1940527750620471,0.3588821183662018,0.09877196196547983,0.9497343742493898,0.08333333333333333,-0.13725490196078433,0.150515689149979,0.7769383709062632,-0.3945035917891138,-0.029765379172273,0.2222222222222222,0.2222222222222222,0.1111111111111111,0.08635102536032951,0,1
0.4880757730499001,0.0,1,-0.4668695745617363,1,0.0,0.1233364524343845,-0.4668695745617363,-0.03308651856516118,0.44402418650183634,0.0,1.6470588235294117,0.5162949236288303,-1.4978381506157068,1.0629938337787594,-0.2844958199592799,0.0,0.1111111111111111,0.0,-1.4809843220475034,1,0
-0.9017324931156265,0.1111111111111111,0,-0.4668695745617363,1,0.0,-0.1940527750620471,-0.4668695745617363,-0.18822144181412054,-0.5844431808858424,0.0,-0.25925925925925924,-0.19560885671213027,0.047992227807580876,-0.9531238224996238,-0.2844958199592799,0.1111111111111111,0.1111111111111111,0.1111111111111111,-0.015543114615442104,1,0
-0.4121194582348165,0.1111111111111111,1,-0.4668695745617363,0,0.0,-0.1572353323627636,-0.4668695745617363,0.6470861309345056,0.8736250210937907,0.0,-0.25925925925925924,-0.043169723408355946,-0.278053093363775,-0.9531238224996238,-0.2844958199592799,0.1111111111111111,0.1111111111111111,0.1111111111111111,-0.009800629153445282,1,0
-1.8377883046032708,0.0,0,-0.4668695745617363,0,0.0,-2.476644085611099,-0.4668695745617363,-0.042199637519157576,-1.7347885151987088,0.0,0.7407407407407407,-2.4349041406302154,-1.4978381506157068,0.6417328970763176,-0.2844958199592799,0.0,0.0,0.0,-1.4809843220475034,0,1
0.03251748289939617,0.1111111111111111,1,-0.4668695745617363,0,0.0,0.1722032154742507,-0.4668695745617363,0.546835951604776,0.711593066262855,0.0,-0.25925925925925924,0.2324632635633931,0.066276523690121,-0.9531238224996238,-0.2844958199592799,0.1111111111111111,0.1111111111111111,0.1111111111111111,0.0921213430019922,1,0
-0.5649041440551884,0.0,0,0.0836315540568891,0,0.25,1.2961827449559824,0.083631554056889,-0.008576792489573737,1.3716311557769483,0.05555555555555555,1.7799564270152506,-2.4349041406302154,0.18738305256156268,1.1095988810204689,-0.2351927652352168,0.0,0.0,0.0,-1.4809843220475034,0,1
0.18867079311683255,0.1111111111111111,1,-0.4668695745617363,1,0.0,0.1795287835743337,-0.4668695745617363,0.33588111491225797,0.4432306595184482,0.0,-0.09586056644880174,0.14370318797513737,0.24739437221879784,-0.2847917733012345,-0.2844958199592799,0.1111111111111111,0.1111111111111111,0.1111111111111111,0.23098125874457032,1,0
0.7689951840530072,0.1111111111111111,0,-0.4668695745617363,0,0.0,0.10848346083980917,-0.4668695745617363,-0.005502675510889944,0.7792829607184433,0.0,-0.23529411764705882,0.04027036021255999,-0.024461393026417897,-0.7891132362483021,-0.2844958199592799,0.1111111111111111,0.1111111111111111,0.1111111111111111,-0.024462792278651634,1,0
0.2644757021568829,0.0,0,-0.1916190102524235,0,0.125,-0.6510834355976913,-0.1916190102524236,-1.2558335710649353,-0.6546116613329268,0.027777777777777776,0.5577342047930284,-2.4349041406302154,-1.4978381506157068,0.5191192900072952,-0.2462860203394923,0.0,0.2222222222222222,0.0,-1.4809843220475034,0,1
0.05586804186357465,0.2222222222222222,1,0.0836315540568891,0,0.125,1.438395652520333,0.083631554056889,-0.013820297418117232,1.6522448968834278,0.05555555555555555,-0.20697167755991286,-2.4349041406302154,-0.015923114670434158,-0.6440902286753902,-0.0661561352760001,0.0,0.2222222222222222,0.1111111111111111,-0.01112655072613305,0,1
0.18867079311683255,0.0,0,0.0836315540568891,1,0.25,0.02693893236017971,0.083631554056889,-1.2558335710649353,0.42527585968130316,0.05555555555555555,-0.09586056644880174,0.041145833801844306,-1.4978381506157068,-0.2847917733012345,-0.1316573856684801,0.0,0.1111111111111111,0.0,0.5424427550052173,0,1
0.4259759777495436,0.0,0,-0.4668695745617363,0,0.0,-0.504636039758671,-0.4668695745617363,-0.1845109244123129,0.6256129263855509,0.0,1.0479302832244008,-0.5154248908491185,0.5725567192812695,0.8111528623165425,-0.2844958199592799,0.0,0.0,0.0,0.329817709251417,0,1
-1.8377883046032708,0.0,1,-0.4668695745617363,1,0.0,-2.476644085611099,-0.4668695745617363,-1.2558335710649353,-5.028059896155144,0.0,1.6470588235294117,-2.4349041406302154,-1.4978381506157068,1.0629938337787594,-0.2844958199592799,0.0,0.0,0.0,-1.4809843220475034,1,0
-1.8377883046032708,0.0,1,-0.1916190102524235,0,0.125,-2.476644085611099,-0.1916190102524236,-1.2558335710649353,-1.665432759831467,0.027777777777777776,0.11328976034858387,-2.4349041406302154,-0.029306935277342676,0.0869332819236188,-0.2299105088989508,0.0,0.2222222222222222,0.0,-1.4809843220475034,0,1
-1.8377883046032708,0.0,1,-0.1916190102524235,0,0.125,-2.476644085611099,-0.1916190102524236,-1.2558335710649353,-5.028059896155144,0.027777777777777776,1.3943355119825709,-2.4349041406302154,-1.4978381506157068,0.9662521913648202,-0.2572030669556937,0.0,0.2222222222222222,0.0,-1.4809843220475034,0,1
0.43172600911459735,0.0,0,-0.1916190102524235,1,0.125,-0.497117333027918,-0.1916190102524236,0.032231545382541145,-0.12817750798123953,0.027777777777777776,5.132897603485839,-2.4349041406302154,-1.4978381506157068,1.8373853869087895,-0.269211854259697,0.0,0.2222222222222222,0.1111111111111111,-1.4809843220475034,0,1
0.029631518456742403,0.1111111111111111,0,0.0836315540568891,0,0.25,0.17100278394743545,0.083631554056889,0.07554709863784662,0.09076043401962887,0.05555555555555555,-0.05010893246187364,0.22025831620346462,0.24818699495190674,-0.1828566844305228,-0.1455516624742182,0.1111111111111111,0.1111111111111111,0.1111111111111111,-1.4809843220475034,0,1
0.7375583099079474,0.0,0,-0.4668695745617363,1,0.0,0.7646926135743174,-0.4668695745617363,0.49672552763116873,1.8459052636914013,0.0,5.132897603485839,1.2025084876210335,0.6362480173940595,1.8373853869087895,-0.2844958199592799,0.0,0.0,0.0,0.6675263227636592,1,0
-0.3332952455651344,0.0,0,-0.4668695745617363,0,0.0,-0.21377332503343166,-0.4668695745617363,-1.2558335710649353,-0.9015879404031287,0.0,-0.25925925925925924,-0.23230994787292963,-0.22139741587053635,-0.9531238224996238,-0.2844958199592799,0.0,0.0,0.0,-0.22887460301959633,1,0
-0.2486671474714884,0.0,1,-0.4668695745617363,1,0.0,-0.39371011069353196,-0.4668695745617363,0.12766757480169946,-0.5232001018153101,0.0,0.39215686274509803,-0.5729083411369763,-0.14959731612145427,0.3871513198050401,-0.2844958199592799,0.0,0.0,0.0,0.010861835359376126,1,0
0.19421794044129942,0.1111111111111111,0,0.6341326826755145,0,0.25,-0.038891540158578077,0.6341326826755145,0.05633625223715458,-0.03866711379239824,0.1111111111111111,0.11328976034858387,-0.06208652614907963,0.09302658345236761,0.0869332819236188,-0.0661545757179635,0.1111111111111111,0.1111111111111111,0.1111111111111111,0.07955596859360854,0,1
0.49851316691567316,0.1111111111111111,0,0.0836315540568891,0,0.25,0.4713671374376505,0.083631554056889,-1.2558335710649353,0.9242525208577914,0.05555555555555555,0.17647058823529413,0.6252745667228216,0.4960985308563763,0.1673597344439074,-0.1826031907933792,0.1111111111111111,0.1111111111111111,0.1111111111111111,0.32192791380229946,0,1
0.32848391785588393,0.3333333333333333,1,1.7351349399127651,1,0.25,-2.476644085611099,1.7351349399127654,-1.2558335710649353,0.45903397363275916,0.2222222222222222,0.054466230936819175,0.3348530150164412,0.4241497408825051,0.0021753538983214,0.1857773707858456,0.3333333333333333,0.3333333333333333,0.1111111111111111,0.3057862080103784,0,1
-1.8377883046032708,0.1111111111111111,1,1.18463381129414,1,0.25,0.39765349836135255,1.18463381129414,0.27295236848406923,0.3704970739766773,0.16666666666666666,-0.05010893246187364,-0.005839429151027558,0.4241497408825051,-0.1828566844305228,0.132336652495905,0.1111111111111111,0.1111111111111111,0.3333333333333333,-1.4809843220475034,0,1
0.30973936628971593,0.1111111111111111,1,-0.4668695745617363,0,0.0,0.17100278394743545,-0.4668695745617363,0.27295236848406923,0.5438455817574468,0.0,0.11328976034858387,0.36400698231355433,0.32838949388922595,0.0869332819236188,-0.2844958199592799,0.1111111111111111,0.1111111111111111,0.1111111111111111,0.19865366409457927,1,0
-0.19716545769006968,0.0,1,-0.1916190102524235,0,0.125,-0.1940527750620471,-0.1916190102524236,-0.007204014194058626,0.991007402124187,0.027777777777777776,0.5577342047930284,-0.3012695250397988,0.46867646837514537,0.5191192900072952,-0.2462860203394923,0.0,0.2222222222222222,0.0,0.7423028769802746,0,1
0.08075431047294637,0.1111111111111111,0,0.6341326826755145,1,0.25,0.16869886832993028,0.6341326826755145,0.1812882605018963,0.27220164386391876,0.1111111111111111,-0.05010893246187364,0.30420801898878946,0.3236529324331165,-0.1828566844305228,-0.0066075049891565,0.1111111111111111,0.3333333333333333,0.1111111111111111,-1.4809843220475034,0,1
0.23270993283522226,0.0,1,-0.4668695745617363,0,0.0,-2.476644085611099,-0.4668695745617363,-1.2558335710649353,0.023883278332515738,0.0,1.5185185185185186,0.3998435201298191,-1.4978381506157068,1.0152348983243975,-0.2844958199592799,0.0,0.0,0.0,0.10907339582883313,1,0
0.3099404139227915,0.1111111111111111,0,-0.4668695745617363,0,0.0,0.3378892156293813,-0.4668695745617363,0.23358099068921864,0.7144227737833012,0.0,0.17647058823529413,0.36336561843166226,0.4740137547625252,0.1673597344439074,-0.2844958199592799,0.1111111111111111,0.1111111111111111,0.1111111111111111,0.3060377416570077,1,0
-0.09634369408832952,0.3333333333333333,1,1.4598843756034523,0,0.25,-0.22882628365535493,1.4598843756034523,0.016913033023074397,-0.402320433799515,0.19444444444444442,-0.29411764705882354,-0.2131146983687719,0.018591671476249207,-1.3723900433022265,1.498577642135315,0.3333333333333333,0.2222222222222222,0.3333333333333333,0.006539905894159156,0,1
0.04301856460509815,0.0,0,0.0836315540568891,0,0.25,0.5519184199069967,0.083631554056889,0.46558195396320706,0.7727417532029605,0.05555555555555555,0.7407407407407407,0.4362906469585208,0.3201173381567859,0.6417328970763176,-0.2150234254360083,0.1111111111111111,0.0,0.0,-1.4809843220475034,0,1
-1.8377883046032708,0.0,1,-0.1916190102524235,0,0.125,-2.476644085611099,-0.1916190102524236,-1.2558335710649353,-5.028059896155144,0.027777777777777776,0.9411764705882353,-2.4349041406302154,-1.4978381506157068,0.7564222381735122,-0.2526542937416511,0.0,0.2222222222222222,0.0,-1.4809843220475034,0,1
0.18040838650574129,0.3333333333333333,1,0.3588821183662018,0,0.25,0.2637189492662903,0.3588821183662018,0.1812882605018963,0.43443849050689803,0.08333333333333333,-0.05010893246187364,-1.3632990487359211,0.214438587242051,-0.1828566844305228,-0.0760795837316874,0.1111111111111111,0.2222222222222222,0.1111111111111111,0.45117298070474154,0,1
-0.11112182497988418,0.1111111111111111,0,0.0836315540568891,0,0.25,-0.13997860965053593,0.083631554056889,-0.10735048804702164,-0.6103974810113189,0.05555555555555555,-0.25925925925925924,-0.08910218512387134,-1.4978381506157068,-0.9531238224996238,0.0211779919147679,0.1111111111111111,0.1111111111111111,0.1111111111111111,-0.15577560282595862,0,1
-1.8377883046032708,0.0,1,-0.4668695745617363,1,0.0,-0.06530254847913172,-0.4668695745617363,-1.2558335710649353,-0.1623571051540555,0.0,1.6470588235294117,0.3895548545190453,-1.4978381506157068,1.0629938337787594,-0.2844958199592799,0.0,0.0,0.0,0.03060688014818684,1,0
-1.8377883046032708,0.3333333333333333,1,3.937139454387266,0,0.375,-2.476644085611099,3.937139454387268,0.05693515131531388,-1.3708374898582583,0.4444444444444444,-0.09586056644880174,-2.4349041406302154,-1.4978381506157068,-0.2847917733012345,0.9382116543671184,0.3333333333333333,0.4444444444444444,0.4444444444444444,-1.4809843220475034,0,1
-1.8377883046032708,0.0,0,-0.4668695745617363,1,0.0,-0.7937141918942113,-0.4668695745617363,-1.2558335710649353,-0.26137352653786355,0.0,0.8387799564270153,0.45055438633744394,-1.4978381506157068,0.6999923241170234,-0.2844958199592799,0.0,0.0,0.0,-1.4809843220475034,1,0
0.6002798085416851,0.0,1,-0.4668695745617363,1,0.0,0.33109053001490035,-0.4668695745617363,0.5360373388483075,0.9126904084197974,0.0,1.9172113289760349,0.30420801898878946,-1.4978381506157068,1.155113830650042,-0.2844958199592799,0.0,0.0,0.0,-1.4809843220475034,1,0
-0.15410544507910598,0.1111111111111111,0,-0.4668695745617363,1,0.0,0.45971192070069744,-0.4668695745617363,-0.09383566025207715,-0.001219853835365164,0.0,-0.25925925925925924,-0.06919490848682809,-0.020363180020070946,-0.9531238224996238,-0.2844958199592799,0.1111111111111111,0.1111111111111111,0.1111111111111111,-0.11464518712119652,1,0
0.1538601831392337,0.3333333333333333,1,2.836137197150016,0,0.25,0.21961315785587668,2.8361371971500167,0.22698051738498706,0.2467499735453131,0.3333333333333333,0.054466230936819175,0.25571528866671944,0.21228998779878952,0.0021753538983214,0.4209139661584085,0.3333333333333333,0.3333333333333333,0.3333333333333333,-1.4809843220475034,0,1
-1.8377883046032708,0.3333333333333333,0,2.836137197150016,1,0.25,0.3026242443531959,2.8361371971500167,-1.2558335710649353,-0.06039766094675669,0.3333333333333333,3.1721132897603486,-2.4349041406302154,0.31492470755012675,1.486110633212629,-0.055236449094993,0.3333333333333333,0.3333333333333333,0.3333333333333333,0.06684590165054824,0,1
0.30953815817158364,0.3333333333333333,0,2.0103855042220777,1,0.375,-1.8846626467418335,2.010385504222078,0.27309587429798743,0.5157829056445609,0.25,0.39215686274509803,0.36315154591040283,0.47199312515539443,0.3871513198050401,0.0976019639631105,0.3333333333333333,0.4444444444444444,0.1111111111111111,-0.9779561629179789,0,1
-1.8377883046032708,0.3333333333333333,0,0.6341326826755145,0,0.25,-2.476644085611099,0.6341326826755145,-1.2558335710649353,-5.028059896155144,0.1111111111111111,4.098039215686274,-2.4349041406302154,-1.4978381506157068,1.668921836399024,-0.2165670986119306,0.0,0.3333333333333333,0.0,-1.4809843220475034,0,1
-0.27080908240809903,0.1111111111111111,1,-0.4668695745617363,0,0.0,-0.12384542807743885,-0.4668695745617363,-0.23146499342530566,-0.7901690772058958,0.0,-0.3115468409586057,-0.19047778834714044,-0.2773414272638226,-2.102083711231995,-0.2844958199592799,0.1111111111111111,0.1111111111111111,0.1111111111111111,-0.3633075946028502,1,0
-1.8377883046032708,0.1111111111111111,1,0.0836315540568891,0,0.25,0.16869886832993028,0.083631554056889,0.03126839304430128,-0.24834705057621564,0.05555555555555555,-0.20697167755991286,-0.0819722428977582,0.018591671476249207,-0.6440902286753902,-0.0661561352760001,0.1111111111111111,0.1111111111111111,0.3333333333333333,0.006539905894159156,1,0
-1.8377883046032708,0.1111111111111111,0,0.0836315540568891,1,0.25,0.33742708388807957,0.083631554056889,0.2748800826993697,0.5226091441601467,0.05555555555555555,0.5577342047930284,0.3734251912084697,0.3236529324331165,0.5191192900072952,-0.2080762207197047,0.1111111111111111,0.0,0.3333333333333333,0.30803922647500964,1,0
0.2682383588659233,0.1111111111111111,1,0.0836315540568891,1,0.25,0.46800254638615246,0.083631554056889,0.232909330105537,0.6602738729898877,0.05555555555555555,0.2440087145969499,0.3467885169152568,0.3629923364445079,0.2439439807007004,-0.1889714403146885,0.1111111111111111,0.1111111111111111,0.1111111111111111,0.3057862080103784,1,0
0.6104107014165182,0.1111111111111111,0,-0.4668695745617363,0,0.0,0.7274890168735264,-0.4668695745617363,0.3265161054322891,1.2026254242576417,0.0,3.3485838779956425,0.660030664784649,0.4786003622367501,1.5239621819167464,-0.2844958199592799,0.1111111111111111,0.1111111111111111,0.1111111111111111,0.41769963712290153,1,0
-0.24229697380822807,0.3333333333333333,1,0.3588821183662018,1,0.25,-0.07299166928147223,0.3588821183662018,-1.2558335710649353,-0.32755682938793595,0.08333333333333333,1.0479302832244008,-2.4349041406302154,0.31823967728924296,0.8111528623165425,-0.1927922091686374,0.1111111111111111,0.2222222222222222,0.1111111111111111,-0.22357687107375482,0,1
-0.37301201909082315,0.0,1,-0.4668695745617363,1,0.0,0.3402557360423794,-0.4668695745617363,-0.2952291583938945,-0.4280441096177104,0.0,2.5098039215686274,-0.5660967913891942,-1.4978381506157068,1.3273719327921307,-0.2844958199592799,0.0,0.0,0.0,-0.2619287655770087,1,0
-1.8377883046032708,0.0,0,-0.4668695745617363,0,0.0,-0.27604912372276585,-0.4668695745617363,-1.2558335710649353,-1.8012328682280123,0.0,-0.3115468409586057,-2.4349041406302154,-1.4978381506157068,-2.102083711231995,-0.2844958199592799,0.0,0.0,0.0,-1.4809843220475034,1,0
-1.8377883046032708,0.0,1,-0.1916190102524235,1,0.125,-2.476644085611099,-0.1916190102524236,-1.2558335710649353,-2.0927409781117787,0.027777777777777776,-0.20697167755991286,-2.4349041406302154,-1.4978381506157068,-0.6440902286753902,-0.17532597761764,0.0,0.2222222222222222,0.0,-0.17687068600338346,0,1
-1.8377883046032708,0.0,1,-0.1916190102524235,1,0.125,-2.476644085611099,-0.1916190102524236,-1.2558335710649353,-5.028059896155144,0.027777777777777776,3.1721132897603486,-2.4349041406302154,-1.4978381506157068,1.486110633212629,-0.265390872387256,0.0,0.2222222222222222,0.0,-1.4809843220475034,0,1
-1.8377883046032708,0.0,1,-0.4668695745617363,0,0.0,-0.028731110584263763,-0.4668695745617363,-0.09135989841847457,-0.6407573755460482,0.0,0.11328976034858387,-2.4349041406302154,0.15064760227911717,0.0869332819236188,-0.2844958199592799,0.0,0.0,0.0,-1.4809843220475034,1,0
0.19667093960107287,0.1111111111111111,1,0.6341326826755145,1,0.25,-0.019651690928768447,0.6341326826755145,0.2461372458968274,0.04081710084951129,0.1111111111111111,-0.29411764705882354,0.0096341289758159,0.066276523690121,-1.3723900433022265,0.7344033012376314,0.1111111111111111,0.1111111111111111,0.1111111111111111,-1.4809843220475034,0,1
0.46427266604870493,0.0,0,-0.4668695745617363,0,0.0,-0.4531030084584237,-0.4668695745617363,-0.42746611009733526,0.7531645077848335,0.0,4.705882352941177,-2.4349041406302154,0.20829393111615466,1.7715522582507326,-0.2844958199592799,0.0,0.0,0.0,0.6395687149666152,0,1
0.005775291400744047,0.1111111111111111,1,-0.4668695745617363,1,0.0,-0.1074461255133846,-0.4668695745617363,-0.14001564323410587,-0.49148832941334936,0.0,-0.20697167755991286,-0.08282810616588625,-0.22693802280839556,-0.6440902286753902,-0.2844958199592799,0.1111111111111111,0.0,0.1111111111111111,-0.17687068600338346,1,0
0.3091352594538665,0.3333333333333333,1,1.18463381129414,1,0.25,0.16869886832993028,1.18463381129414,0.19839003656626086,0.487459671867676,0.16666666666666666,3.0,0.30420801898878946,0.3033943049726788,1.4475584443037126,-0.1669269193601973,0.3333333333333333,0.3333333333333333,0.1111111111111111,0.26416456912840275,0,1
-0.31227778899861725,0.0,1,-0.1916190102524235,0,0.125,-0.303377027112511,-0.1916190102524236,-1.2558335710649353,-0.8237250871208657,0.027777777777777776,0.6470588235294118,-0.2768641069512926,-0.11870790611511436,0.5814972662319737,-0.2481055259427889,0.0,0.2222222222222222,0.0,-0.06746118626223783,0,1
0.5221458312047668,0.1111111111111111,1,-0.4668695745617363,1,0.0,0.5761687351037486,-0.4668695745617363,-1.2558335710649353,0.7010551015282895,0.0,0.6470588235294118,0.5074624299325249,0.08033651992370812,0.5814972662319737,-0.2844958199592799,0.1111111111111111,0.1111111111111111,0.1111111111111111,0.05331580804312823,1,0
0.1134598899578306,0.1111111111111111,1,-0.4668695745617363,0,0.0,0.08804880821545209,-0.4668695745617363,0.13361543138497342,0.11967827393080173,0.0,-0.20697167755991286,0.08136281572751122,0.1631431493008054,-0.6440902286753902,-0.2844958199592799,0.1111111111111111,0.1111111111111111,0.1111111111111111,0.16042040378299907,1,0
-0.09634369408832952,0.3333333333333333,0,1.7351349399127651,1,0.25,0.05090380957037403,1.7351349399127654,-0.015781955055106312,-0.44431907057553993,0.2222222222222222,-0.30501089324618735,-2.4349041406302154,-0.020363180020070946,-1.666848273078999,2.7721506012225148,0.3333333333333333,0.3333333333333333,0.3333333333333333,-0.031672403407900916,0,1
0.22649094658022392,0.1111111111111111,1,-0.4668695745617363,1,0.0,0.2637189492662903,-0.4668695745617363,0.35275609204122216,0.5304105480278947,0.0,-0.09586056644880174,0.2159720611693672,0.2603700582259767,-0.2847917733012345,-0.2844958199592799,0.1111111111111111,0.1111111111111111,0.1111111111111111,0.2426354096288557,1,0
-0.37835093031791756,0.0,0,-0.4668695745617363,0,0.0,-0.5636925919375713,-0.4668695745617363,-0.21659427311646556,-1.1957637383854534,0.0,0.39215686274509803,-0.5729083411369763,-0.25962352200296185,0.3871513198050401,-0.2844958199592799,0.0,0.0,0.0,-0.2663720580178166,0,1
-1.8377883046032708,0.0,0,-0.1916190102524235,1,0.125,-2.476644085611099,-0.1916190102524236,-1.2558335710649353,-5.028059896155144,0.027777777777777776,-0.25925925925925924,-2.4349041406302154,-1.4978381506157068,-0.9531238224996238,-0.1316589140222559,0.0,0.2222222222222222,0.0,-1.4809843220475034,0,1
-0.3332952455651344,0.0,0,-0.4668695745617363,0,0.0,-0.504636039758671,-0.4668695745617363,-0.1845109244123129,-1.0774532643588968,0.0,0.5577342047930284,-0.5154248908491185,-0.22139741587053635,0.5191192900072952,-0.2844958199592799,0.0,0.0,0.0,-0.22887460301959633,0,1
0.35924920509891195,0.3333333333333333,1,0.9093832469848272,0,0.25,-2.476644085611099,0.9093832469848272,0.17520533721866213,0.48679623291950613,0.1388888888888889,0.5577342047930284,0.35693521657921984,0.35509233762685,0.5191192900072952,-0.093446821860342,0.3333333333333333,0.2222222222222222,0.1111111111111111,0.2712064830174694,0,1
-1.8377883046032708,0.0,1,-0.1916190102524235,0,0.125,-2.476644085611099,-0.1916190102524236,-1.2558335710649353,-5.028059896155144,0.027777777777777776,0.11328976034858387,-2.4349041406302154,-1.4978381506157068,0.0869332819236188,-0.2299105088989508,0.0,0.2222222222222222,0.0,-1.4809843220475034,0,1
0.33315489072787546,0.4444444444444444,1,4.762891147315205,1,0.5,0.36284943562907873,4.762891147315205,0.2799907094430656,0.6247507697233096,0.5277777777777778,0.0,0.32895319016094393,0.30582503807381917,-0.0875094222424097,0.9254771347776436,0.4444444444444444,0.3333333333333333,0.4444444444444444,0.2882981420238792,0,1
0.09268997915793745,0.0,1,-0.4668695745617363,0,0.0,-0.2803068003213725,-0.4668695745617363,-1.2558335710649353,-0.11718890891604564,0.0,0.5577342047930284,0.4176473974166618,-1.4978381506157068,0.5191192900072952,-0.2844958199592799,0.0,0.0,0.0,-1.4809843220475034,1,0
0.42758709717101306,0.4444444444444444,1,6.139143968861768,1,0.625,0.4926873395741765,6.139143968861769,0.27295236848406923,0.9065933880855237,0.6666666666666666,0.17647058823529413,0.45533257435354596,0.4241497408825051,0.1673597344439074,0.9382157300315282,0.5555555555555556,0.4444444444444444,0.5555555555555556,0.45117298070474154,0,1
-0.0723423737244373,0.1111111111111111,1,0.0836315540568891,1,0.25,0.034791834629782185,0.083631554056889,-0.14001564323410587,-0.21716775709951927,0.05555555555555555,-0.29411764705882354,-0.12881500849105557,-0.020363180020070946,-1.3723900433022265,0.2249537406391757,0.1111111111111111,0.1111111111111111,0.3333333333333333,0.17655900353217985,1,0
-0.22493634798497716,0.3333333333333333,0,0.3588821183662018,0,0.25,-0.0657499299039619,0.3588821183662018,-0.1165413978294205,-0.6997560252793735,0.08333333333333333,-0.25925925925925924,-2.4349041406302154,-0.020363180020070946,-0.9531238224996238,0.1740148978517919,0.1111111111111111,0.2222222222222222,0.1111111111111111,-0.17687068600338346,0,1
0.44872801915153265,0.1111111111111111,0,-0.4668695745617363,1,0.0,0.5315972218020605,-0.4668695745617363,0.35275609204122216,0.950922618062173,0.0,2.355119825708061,0.5320629547956942,0.3955971410661783,1.285678693674575,-0.2844958199592799,0.1111111111111111,0.1111111111111111,0.1111111111111111,0.3936085075620369,1,0
-1.8377883046032708,0.1111111111111111,0,-0.4668695745617363,1,0.0,-2.476644085611099,-0.4668695745617363,-1.2558335710649353,-1.6378921616938666,0.0,-0.25925925925925924,-0.2131146983687719,-1.4978381506157068,-0.9531238224996238,-0.2844958199592799,0.1111111111111111,0.1111111111111111,0.0,-1.4809843220475034,1,0
-1.8377883046032708,0.0,1,-0.1916190102524235,0,0.125,-2.476644085611099,-0.1916190102524236,-1.2558335710649353,-5.028059896155144,0.027777777777777776,-0.09586056644880174,-2.4349041406302154,-1.4978381506157068,-0.2847917733012345,-0.20807660281388,0.0,0.2222222222222222,0.0,-1.4809843220475034,0,1
0.06532490766478248,0.1111111111111111,1,1.18463381129414,1,0.25,0.33742708388807957,1.18463381129414,-1.2558335710649353,0.08112751748607913,0.16666666666666666,-0.20697167755991286,0.0096341289758159,-1.4978381506157068,-0.6440902286753902,0.3705232340905594,0.1111111111111111,0.1111111111111111,0.3333333333333333,0.2882981420238792,0,1
0.5223622318504468,0.0,1,-0.1916190102524235,0,0.125,-2.476644085611099,-0.1916190102524236,-0.1845109244123129,0.13308808289200527,0.027777777777777776,2.5098039215686274,-2.4349041406302154,-0.2396575014831663,1.3273719327921307,-0.2632681063313813,0.0,0.2222222222222222,0.0,0.13390081758941771,0,1
-1.8377883046032708,0.0,1,-0.1916190102524235,1,0.125,-0.42273256020463357,-0.1916190102524236,-1.2558335710649353,-2.0927409781117787,0.027777777777777776,0.5577342047930284,-2.4349041406302154,-1.4978381506157068,0.5191192900072952,-0.2462860203394923,0.0,0.2222222222222222,0.0,-1.4809843220475034,0,1
-0.030269367775838486,0.3333333333333333,0,0.3588821183662018,1,0.25,0.05790553189553427,0.3588821183662018,0.019140904660609845,-0.3048695244287735,0.08333333333333333,-0.17429193899782136,-1.1025116492186362,0.0373330367157476,-0.5135592262370264,0.0020755279147641,0.1111111111111111,0.2222222222222222,0.1111111111111111,0.05331580804312823,0,1
-0.16877390843147166,0.1111111111111111,0,0.6341326826755145,0,0.25,0.25670861931193345,0.6341326826755145,-0.04492081912399398,-0.27006362658371985,0.1111111111111111,-0.30501089324618735,-0.0574994220439325,-1.4978381506157068,-1.666848273078999,1.2438273906316173,0.1111111111111111,0.1111111111111111,0.3333333333333333,-0.07843085670165796,0,1
-1.8377883046032708,0.0,1,-0.4668695745617363,1,0.0,-0.02495062278230895,-0.4668695745617363,-1.2558335710649353,-1.233239016889461,0.0,-0.30501089324618735,-0.7648988974320066,-1.4978381506157068,-1.666848273078999,-0.2844958199592799,0.0,0.0,0.0,-1.4809843220475034,1,0
-0.08963485714009167,0.0,0,-0.4668695745617363,0,0.0,0.17023659578816655,-0.4668695745617363,0.11121230626217653,0.5831621484635054,0.0,0.5577342047930284,0.5494421237049821,0.13010168860569205,0.5191192900072952,-0.2844958199592799,0.1111111111111111,0.0,0.1111111111111111,0.45152926668025395,1,0
0.1022602043091449,0.1111111111111111,1,-0.4668695745617363,0,0.0,0.0,-0.4668695745617363,0.03126839304430128,-0.158052481720776,0.0,-0.25925925925925924,-0.061284054283687765,0.05153219759664451,-0.9531238224996238,-0.2844958199592799,0.1111111111111111,0.1111111111111111,0.1111111111111111,-0.011697378387615939,1,0
-1.8377883046032708,0.0,0,-0.1916190102524235,0,0.125,-2.476644085611099,-0.1916190102524236,-1.2558335710649353,-5.028059896155144,0.027777777777777776,1.3943355119825709,-2.4349041406302154,-1.4978381506157068,0.9662521913648202,-0.2572030669556937,0.0,0.2222222222222222,0.0,-1.4809843220475034,0,1
-1.8377883046032708,0.4444444444444444,1,3.1113877614593286,1,0.375,-2.476644085611099,3.111387761459329,0.07938660091459916,-0.15833389603012424,0.3611111111111111,-0.25925925925925924,0.08136281572751122,0.22823604885022128,-0.9531238224996238,1.7023839572220312,0.4444444444444444,0.2222222222222222,0.3333333333333333,0.11363053313180634,0,1
-1.8377883046032708,0.0,1,-0.1916190102524235,0,0.125,-2.476644085611099,-0.1916190102524236,-1.2558335710649353,-5.028059896155144,0.027777777777777776,0.39215686274509803,-2.4349041406302154,-1.4978381506157068,0.3871513198050401,-0.2420405106345698,0.0,0.2222222222222222,0.0,-1.4809843220475034,0,1
0.07824744290209906,0.3333333333333333,1,1.18463381129414,1,0.25,-2.476644085611099,1.18463381129414,0.12774819006790825,0.09167747521833144,0.16666666666666666,3.5294117647058822,0.34179283691229695,0.11589768959023583,1.561142456786503,-0.1753246779797541,0.3333333333333333,0.3333333333333333,0.1111111111111111,0.11141732005898379,0,1
-1.8377883046032708,0.3333333333333333,0,0.6341326826755145,1,0.25,-0.31175358898650224,0.6341326826755145,-1.2558335710649353,-1.8602039288275516,0.1111111111111111,0.054466230936819175,-1.5862085507944117,-1.4978381506157068,0.0021753538983214,-0.0493592245867171,0.0,0.3333333333333333,0.0,-1.4809843220475034,0,1
-1.8377883046032708,0.0,1,-0.1916190102524235,1,0.125,-2.476644085611099,-0.1916190102524236,-1.2558335710649353,-5.028059896155144,0.027777777777777776,1.159041394335512,-2.4349041406302154,-1.4978381506157068,0.8643003776574393,-0.2551036324917042,0.0,0.2222222222222222,0.0,-1.4809843220475034,0,1
-0.22493634798497716,0.3333333333333333,1,0.9093832469848272,1,0.25,-2.476644085611099,0.9093832469848272,-0.015781955055106312,-0.4552487516460558,0.1388888888888889,-0.2788671023965142,0.08136281572751122,-0.020363180020070946,-1.1433092459291831,0.6707300661132101,0.3333333333333333,0.2222222222222222,0.1111111111111111,-0.053751546627400455,0,1
0.7433763626676516,0.0,1,-0.4668695745617363,1,0.0,0.3595912959155551,-0.4668695745617363,-0.15690802732181308,0.7406278285626579,0.0,0.39215686274509803,-0.022095309346311764,-0.02975293223915765,0.3871513198050401,-0.2844958199592799,0.0,0.0,0.0,-1.4809843220475034,1,0
0.32381986885411657,0.3333333333333333,1,2.836137197150016,0,0.25,0.35038271872316956,2.8361371971500167,0.2799907094430656,0.6805328711065662,0.3333333333333333,0.17647058823529413,0.4123958978726874,0.3320388515893662,0.1673597344439074,0.3268599550361241,0.3333333333333333,0.3333333333333333,0.3333333333333333,0.32577647222926504,0,1
-1.8377883046032708,0.0,0,-0.1916190102524235,1,0.125,-2.476644085611099,-0.1916190102524236,-0.030732519091018897,0.5985893200680408,0.027777777777777776,0.9411764705882353,-2.4349041406302154,0.6895055375316183,0.7564222381735122,-0.2526542937416511,0.0,0.2222222222222222,0.0,-0.049145894323831436,0,1
0.2231103298502092,0.3333333333333333,1,2.0103855042220777,0,0.25,-2.476644085611099,2.010385504222078,-0.010481671689235427,-0.3060119961713659,0.25,-0.29411764705882354,-0.03420494965608872,-1.4978381506157068,-1.3723900433022265,2.0080272027337704,0.3333333333333333,0.2222222222222222,0.3333333333333333,0.004785890356522094,0,1
0.1330536278021515,0.3333333333333333,0,0.9093832469848272,0,0.375,0.5746255996406899,0.9093832469848272,0.14020155007693494,0.44317394259933685,0.1388888888888889,0.054466230936819175,-2.4349041406302154,0.3308017359199472,0.0021753538983214,0.0094249242564235,0.0,0.4444444444444444,0.0,0.20136232030227635,0,1
-0.4828770489447307,0.1111111111111111,0,-0.4668695745617363,0,0.0,-0.1704888958797899,-0.4668695745617363,-0.3308698440761717,-0.3328482998647216,0.0,-0.25925925925925924,-0.17470179757050514,-0.31704355479534996,-0.9531238224996238,-0.2844958199592799,0.1111111111111111,0.1111111111111111,0.1111111111111111,0.2781632717351872,0,1
-0.006262768286539617,0.1111111111111111,0,-0.4668695745617363,0,0.0,0.0,-0.4668695745617363,-0.015781955055106312,-0.24001527869306294,0.0,-0.25925925925925924,0.021931732114335037,-0.020363180020070946,-0.9531238224996238,-0.2844958199592799,0.1111111111111111,0.1111111111111111,0.1111111111111111,-0.031672403407900916,1,0
0.13647626725951473,0.0,1,-0.1916190102524235,0,0.125,-2.476644085611099,-0.1916190102524236,-1.2558335710649353,-0.6463231717712818,0.027777777777777776,-0.13725490196078433,-0.5758723292447023,0.08677566553888429,-0.3945035917891138,-0.1995856730302776,0.0,0.2222222222222222,0.0,-1.4809843220475034,0,1
-1.8377883046032708,0.3333333333333333,0,4.762891147315205,0,0.5,-2.476644085611099,4.762891147315205,-1.2558335710649353,-5.028059896155144,0.5277777777777778,-0.25925925925925924,-2.4349041406302154,-1.4978381506157068,-0.9531238224996238,2.619405392844175,0.3333333333333333,0.4444444444444444,0.5555555555555556,-1.4809843220475034,0,1
0.022032598257449288,0.3333333333333333,1,0.3588821183662018,1,0.25,0.16869886832993028,0.3588821183662018,-0.015781955055106312,-0.18709733753227867,0.08333333333333333,-0.30501089324618735,-2.4349041406302154,0.08006953428893196,-1.666848273078999,0.861746587983893,0.1111111111111111,0.2222222222222222,0.1111111111111111,0.09153975395147536,1,0
0.6070584963614388,0.3333333333333333,0,0.3588821183662018,1,0.25,0.7175207168009958,0.3588821183662018,0.7693253383585811,1.4794994719578434,0.08333333333333333,0.17647058823529413,-0.8503464935991912,-1.4978381506157068,0.1673597344439074,-0.1316568762104289,0.0,0.2222222222222222,0.0,-1.0447610796921547,0,1
-0.5010189380442357,0.0,1,0.3588821183662018,1,0.25,-0.724479175000734,0.3588821183662018,-1.2558335710649353,-1.2691840655128304,0.08333333333333333,0.17647058823529413,-0.3771772238460933,-0.14803916375906678,0.1673597344439074,-0.1316568762104289,0.0,0.2222222222222222,0.0,-0.3684621299960217,0,1
-1.8377883046032708,0.3333333333333333,0,0.9093832469848272,1,0.25,-2.476644085611099,0.9093832469848272,-1.2558335710649353,-1.6255079082735364,0.1388888888888889,-0.3115468409586057,-0.20706779262344316,-1.4978381506157068,-2.102083711231995,3.5361211852187697,0.3333333333333333,0.2222222222222222,0.1111111111111111,-1.4809843220475034,0,1
-1.8377883046032708,0.0,1,-0.1916190102524235,0,0.125,0.21866810248681304,-0.1916190102524236,-1.2558335710649353,-0.19270657826924892,0.027777777777777776,1.0479302832244008,-0.3539569251437566,0.31443416200661145,0.8111528623165425,-0.2539279496957324,0.0,0.2222222222222222,0.0,-1.4809843220475034,0,1
-1.8377883046032708,0.0,0,0.6341326826755145,1,0.25,-2.476644085611099,0.6341326826755145,-1.2558335710649353,-1.036431064615869,0.1111111111111111,-0.25925925925925924,-0.2929268929199516,-0.22139741587053635,-0.9531238224996238,0.3268518037888158,0.3333333333333333,0.0,0.3333333333333333,0.02651810382968338,0,1
0.005775291400744047,0.1111111111111111,1,-0.4668695745617363,1,0.0,-0.303377027112511,-0.4668695745617363,0.43533071906682486,0.4271570015958182,0.0,-0.29411764705882354,0.20739809469992543,0.066276523690121,-1.3723900433022265,-0.2844958199592799,0.1111111111111111,0.1111111111111111,0.1111111111111111,0.19865366409457927,1,0
0.42758709717101306,0.3333333333333333,1,2.5608866328407034,0,0.25,-2.476644085611099,2.560886632840704,-1.2558335710649353,0.48352239361960164,0.3055555555555555,-0.09586056644880174,0.46327250199540776,-1.4978381506157068,-0.2847917733012345,0.5561155686401189,0.3333333333333333,0.2222222222222222,0.3333333333333333,0.4195369149043385,0,1
-1.8377883046032708,0.0,1,-0.1916190102524235,0,0.125,0.12535103874797277,-0.1916190102524236,-1.2558335710649353,0.32885937620688216,0.027777777777777776,1.159041394335512,0.6977170950397797,-1.4978381506157068,0.8643003776574393,-0.2551036324917042,0.0,0.2222222222222222,0.0,-1.4809843220475034,0,1
-0.09634369408832952,0.1111111111111111,0,0.0836315540568891,1,0.25,-0.05844450172187581,0.083631554056889,0.10854127650719715,-0.22428155840436637,0.05555555555555555,-0.25925925925925924,-0.08282810616588625,0.066276523690121,-0.9531238224996238,0.0211779919147679,0.1111111111111111,0.3333333333333333,0.1111111111111111,-0.031672403407900916,0,1
-1.8377883046032708,0.1111111111111111,0,1.7351349399127651,0,0.25,-0.1074461255133846,1.7351349399127654,0.016913033023074397,-0.3346827978395721,0.2222222222222222,-0.30501089324618735,0.1607225259841257,0.066276523690121,-1.666848273078999,2.7721506012225148,0.3333333333333333,0.1111111111111111,0.3333333333333333,-1.4809843220475034,0,1
-0.016691988022014263,0.1111111111111111,0,-0.4668695745617363,0,0.0,-0.0009185191675051402,-0.4668695745617363,-0.08730803590223243,0.07822977974515599,0.0,1.3943355119825709,0.09704714261689437,0.2722228977545848,0.9662521913648202,-0.2844958199592799,0.1111111111111111,0.1111111111111111,0.1111111111111111,0.20191364528756234,0,1
0.10634965157234214,0.0,1,-0.1916190102524235,0,0.125,0.07265893096635503,-0.1916190102524236,-0.18359515769520016,-0.06051905231722325,0.027777777777777776,4.098039215686274,-0.22190809855518384,-1.4978381506157068,1.668921836399024,-0.2675136396224425,0.0,0.2222222222222222,0.0,0.30803922647500964,0,1
-1.8377883046032708,0.1111111111111111,1,0.0836315540568891,0,0.25,0.3307536368157761,0.083631554056889,-1.2558335710649353,-0.271731898281311,0.05555555555555555,0.054466230936819175,0.01267330515405439,-0.020363180020070946,0.0021753538983214,-0.1669275222729985,0.1111111111111111,0.1111111111111111,0.3333333333333333,-1.4809843220475034,1,0
-1.8377883046032708,0.0,0,-0.1916190102524235,0,0.125,-2.476644085611099,-0.1916190102524236,-1.2558335710649353,-5.028059896155144,0.027777777777777776,-0.30501089324618735,-2.4349041406302154,-1.4978381506157068,-1.666848273078999,0.0975849826884444,0.0,0.2222222222222222,0.0,-1.4809843220475034,0,1
0.5148314913968784,0.3333333333333333,0,0.3588821183662018,0,0.25,0.03791418142094069,0.3588821183662018,-0.015423691688263465,0.2348917558809188,0.08333333333333333,-0.30501089324618735,-2.0816009388130823,0.12776328546361485,-1.666848273078999,0.861746587983893,0.1111111111111111,0.2222222222222222,0.1111111111111111,-0.1064055331039316,0,1
0.1022602043091449,0.3333333333333333,1,0.9093832469848272,0,0.25,-2.476644085611099,0.9093832469848272,0.12564033518978174,0.004747109458457148,0.1388888888888889,-0.17429193899782136,0.09397087625544337,0.13073502213574434,-0.5135592262370264,0.1931230931641269,0.3333333333333333,0.2222222222222222,0.1111111111111111,0.19865366409457927,0,1
-1.8377883046032708,0.5555555555555556,0,3.937139454387266,1,0.625,-2.476644085611099,3.937139454387268,-1.2558335710649353,-5.028059896155144,0.4444444444444444,-0.30501089324618735,-2.4349041406302154,-1.4978381506157068,-1.666848273078999,5.828797022404309,0.4444444444444444,0.6666666666666666,0.3333333333333333,-1.4809843220475034,0,1
0.07824744290209906,0.0,0,0.0836315540568891,1,0.25,-2.476644085611099,0.083631554056889,0.27295236848406923,0.9067482597857456,0.05555555555555555,3.7145969498910674,0.30491459967153045,0.620087484288594,1.5976789290256574,-0.248951725253653,0.3333333333333333,0.0,0.1111111111111111,0.5362240682264986,1,0
0.05226311250319606,0.0,0,-0.1916190102524235,0,0.125,-0.19306407268305448,-0.1916190102524236,0.6862108024603923,0.9862180887115763,0.027777777777777776,0.2440087145969499,-2.4349041406302154,-0.3615800117168462,0.2439439807007004,-0.2367336301369842,0.0,0.2222222222222222,0.0,-1.4809843220475034,0,1
-1.8377883046032708,0.0,1,-0.1916190102524235,1,0.125,-2.476644085611099,-0.1916190102524236,-0.06735821754535742,-1.8269904547691507,0.027777777777777776,0.17647058823529413,-2.4349041406302154,-1.4978381506157068,0.1673597344439074,-0.2335495053763295,0.0,0.2222222222222222,0.0,-1.4809843220475034,0,1
0.35508346069795704,0.1111111111111111,0,0.6341326826755145,1,0.25,0.6868684877425837,0.6341326826755145,0.31155573900552946,0.7965497371977192,0.1111111111111111,1.0479302832244008,0.4123958978726874,-1.4978381506157068,0.8111528623165425,-0.16222433890509,0.1111111111111111,0.1111111111111111,0.3333333333333333,0.3509039468803462,0,1
-1.8377883046032708,0.1111111111111111,0,0.0836315540568891,0,0.25,0.19817064521540706,0.083631554056889,-0.08465673382266095,-0.3467325968059747,0.05555555555555555,0.17647058823529413,-0.11455199032359498,-0.020363180020070946,0.1673597344439074,-0.1826031907933792,0.1111111111111111,0.1111111111111111,0.3333333333333333,-0.09195222642569786,0,1
0.7609486921091106,0.0,1,-0.4668695745617363,0,0.0,0.5811663165587653,-0.4668695745617363,0.13228442066958604,0.8889998801157007,0.0,5.132897603485839,0.13587612997095738,-0.7930054228328264,1.8373853869087895,-0.2844958199592799,0.0,0.0,0.0,-0.9273654190816489,1,0
0.47435100730084245,0.0,0,0.0836315540568891,1,0.25,-2.476644085611099,0.083631554056889,0.3565579731828387,0.8767110197269392,0.05555555555555555,0.6470588235294118,0.8055934999075154,0.07479556282933351,0.5814972662319737,-0.2117152319262978,0.3333333333333333,0.0,0.0,0.112579533758308,1,0
-1.8377883046032708,0.0,0,-0.4668695745617363,0,0.0,-0.293419280388156,-0.4668695745617363,-0.10118587947523358,-0.433780282265246,0.0,5.132897603485839,-0.18660853701527366,0.11316903419001129,1.8373853869087895,-0.2844958199592799,0.0,0.0,0.0,0.10099137149283896,0,1
0.13446858275768922,0.1111111111111111,1,-0.4668695745617363,0,0.0,0.37486279801674366,-0.4668695745617363,0.1556123075256298,0.41041513210684943,0.0,0.17647058823529413,0.1991246497051848,0.1754623776158648,0.1673597344439074,-0.2844958199592799,0.1111111111111111,0.1111111111111111,0.1111111111111111,0.32192791380229946,1,0
-1.8377883046032708,0.1111111111111111,1,0.0836315540568891,0,0.25,0.3026242443531959,0.083631554056889,-0.004489559629042367,-0.13632665295051544,0.05555555555555555,-0.25925925925925924,0.0096341289758159,0.010054481087972354,-0.9531238224996238,0.0211779919147679,0.1111111111111111,0.1111111111111111,0.3333333333333333,-0.031672403407900916,1,0
-1.8377883046032708,0.1111111111111111,1,0.0836315540568891,1,0.25,0.20017849783525957,0.083631554056889,-1.2558335710649353,-0.1329997304374345,0.05555555555555555,-0.2788671023965142,0.004286319022765226,0.05153219759664451,-1.1433092459291831,0.097594534469716,0.1111111111111111,0.1111111111111111,0.3333333333333333,0.20553002657306216,1,0
0.45839007175428825,0.3333333333333333,0,0.3588821183662018,1,0.25,0.2637189492662903,0.3588821183662018,0.4956286128281909,0.6167485721452656,0.08333333333333333,-0.30501089324618735,-2.4349041406302154,-1.4978381506157068,-1.666848273078999,0.861746587983893,0.0,0.2222222222222222,0.0,-1.4809843220475034,0,1
-0.1268206354590579,0.0,0,-0.4668695745617363,0,0.0,1.186415312349923,-0.4668695745617363,0.694851696073546,1.6193879185165885,0.0,1.9172113289760349,0.18630116344591463,0.5023636694844008,1.155113830650042,-0.2844958199592799,0.0,0.0,0.0,0.2749810878976646,1,0
-0.05042906437089462,0.1111111111111111,0,0.0836315540568891,0,0.25,0.03528680271000362,0.083631554056889,0.13423839040405586,-0.12989164219267443,0.05555555555555555,-0.25925925925925924,-0.0809056069839912,0.03254933667716632,-0.9531238224996238,0.0211779919147679,0.1111111111111111,0.3333333333333333,0.1111111111111111,0.05498625378660191,0,1
-1.8377883046032708,0.0,0,-0.1916190102524235,0,0.125,-2.476644085611099,-0.1916190102524236,-1.2558335710649353,-1.249502401318663,0.027777777777777776,0.8387799564270153,-0.02369570739551127,-1.4978381506157068,0.6999923241170234,-0.2512698855774418,0.0,0.2222222222222222,0.0,-1.4809843220475034,0,1
0.07824744290209906,0.3333333333333333,1,0.9093832469848272,1,0.25,-2.476644085611099,0.9093832469848272,-0.04303253872230458,-0.40548174938693815,0.1388888888888889,-0.30501089324618735,-0.12220926715146689,-0.28977413430248194,-1.666848273078999,1.6259081932793418,0.3333333333333333,0.2222222222222222,0.1111111111111111,0.11363053313180634,0,1
-0.20171409462498122,0.0,0,-0.4668695745617363,1,0.0,-0.11230678732209605,-0.4668695745617363,-0.0649839780700351,0.8137178305723554,0.0,-0.30501089324618735,0.9403086634282667,-0.020363180020070946,-1.666848273078999,-0.2844958199592799,0.1111111111111111,0.0,0.1111111111111111,-0.031672403407900916,1,0
0.5168514726665366,0.1111111111111111,0,1.18463381129414,0,0.25,0.5008445526281978,1.18463381129414,-1.2558335710649353,0.7264545213043443,0.16666666666666666,0.3159041394335512,0.32895319016094393,-1.4978381506157068,0.3170934418812415,-0.0147798253325259,0.1111111111111111,0.1111111111111111,0.3333333333333333,0.4673162399666395,0,1
0.17583145286833504,0.1111111111111111,1,0.0836315540568891,1,0.25,0.2837439291659301,0.083631554056889,0.1502895486088518,0.3078681758889353,0.05555555555555555,-0.05010893246187364,0.2582475098852723,0.17597481108551918,-0.1828566844305228,-0.1455516624742182,0.1111111111111111,0.3333333333333333,0.1111111111111111,0.1568676093831678,1,0
0.2529015249281053,0.3333333333333333,0,0.3588821183662018,1,0.25,0.034791834629782185,0.3588821183662018,-1.2558335710649353,-0.26227858614830707,0.08333333333333333,-0.30501089324618735,-2.4349041406302154,0.13126137107405406,-1.666848273078999,0.861746587983893,0.1111111111111111,0.2222222222222222,0.1111111111111111,-1.4809843220475034,0,1
-1.8377883046032708,0.0,1,-0.4668695745617363,1,0.0,-0.22882628365535493,-0.4668695745617363,-1.2558335710649353,0.17869009687091786,0.0,-0.30501089324618735,0.6519546778979629,-1.4978381506157068,-1.666848273078999,-0.2844958199592799,0.0,0.0,0.1111111111111111,-1.4809843220475034,1,0
-0.05042906437089462,0.1111111111111111,0,-0.4668695745617363,1,0.0,-0.1074461255133846,-0.4668695745617363,-0.055789143861963854,-0.32556073441332944,0.0,-0.23529411764705882,-0.08282810616588625,-0.020363180020070946,-0.7891132362483021,-0.2844958199592799,0.1111111111111111,0.1111111111111111,0.1111111111111111,0.05331580804312823,1,0
0.18517718459149488,0.0,1,-0.1916190102524235,0,0.125,-0.8189793219991176,-0.1916190102524236,-1.2558335710649353,-0.20813003285861098,0.027777777777777776,0.5577342047930284,0.1010632721232108,0.20369790019625014,0.5191192900072952,-0.2462860203394923,0.0,0.2222222222222222,0.0,-1.4809843220475034,0,1
0.6794885602993717,0.0,0,-0.4668695745617363,0,0.0,0.021311489296875236,-0.4668695745617363,0.13025582910048622,0.6001646065755226,0.0,5.132897603485839,-0.018567128777685005,0.1095921936279005,1.8373853869087895,-0.2844958199592799,0.0,0.1111111111111111,0.0,-1.4809843220475034,1,0
-0.030269367775838486,0.1111111111111111,1,0.0836315540568891,0,0.25,-2.476644085611099,0.083631554056889,-0.1382332066676206,-0.490209096668358,0.05555555555555555,-0.30501089324618735,0.09397087625544337,-0.020363180020070946,-1.666848273078999,0.4796657853361687,0.3333333333333333,0.1111111111111111,0.1111111111111111,-0.29374359768613245,0,1
-0.06114766292860823,0.0,0,-0.1916190102524235,1,0.125,-0.1473461271347972,-0.1916190102524236,-0.18589339507626995,0.13688295107400164,0.027777777777777776,-0.3115468409586057,0.5621750926978308,-0.16838295792244487,-2.102083711231995,0.4796275810763299,0.1111111111111111,0.2222222222222222,0.1111111111111111,-0.25452403087362385,0,1
0.2635110955490019,0.0,1,-0.4668695745617363,1,0.0,0.16682195459724505,-0.4668695745617363,-1.2558335710649353,0.3283535916903464,0.0,1.2745098039215685,0.18077976037818289,0.35947702152708216,0.9159689132265976,-0.2844958199592799,0.0,0.0,0.0,0.20841894286237111,1,0
0.09053966174801081,0.3333333333333333,1,2.836137197150016,0,0.25,0.16869886832993028,2.8361371971500167,0.18717177273556096,0.2896316812765634,0.3333333333333333,-0.13725490196078433,0.1706153525976616,0.2759431547214016,-0.3945035917891138,0.7344259431887474,0.3333333333333333,0.3333333333333333,0.3333333333333333,0.19872355549491127,0,1
0.22753815812639652,0.3333333333333333,1,0.0836315540568891,1,0.25,-0.36814866897427173,0.083631554056889,-0.30040711036179746,-0.41133419229413304,0.05555555555555555,0.0,-2.4349041406302154,0.12787013306297937,-0.0875094222424097,-0.1571302457764458,0.0,0.0,0.0,-1.4809843220475034,1,0
-1.8377883046032708,0.0,0,1.18463381129414,0,0.25,-2.476644085611099,1.18463381129414,-0.09300660618136261,-0.9953068808592007,0.16666666666666666,0.6470588235294118,-0.2131146983687719,-0.020363180020070946,0.5814972662319737,-0.0661540558603337,0.3333333333333333,0.0,0.3333333333333333,-1.4809843220475034,0,1
-0.9804707359834501,0.0,0,0.3588821183662018,0,0.25,0.16648962484742727,0.3588821183662018,-0.27136798817519453,0.4204405457239915,0.08333333333333333,1.3943355119825709,0.45274982892121496,0.3795207013604932,0.9662521913648202,-0.2026175609485213,0.0,0.2222222222222222,0.3333333333333333,0.3001316733929302,0,1
-0.09634369408832952,0.1111111111111111,0,-0.4668695745617363,1,0.0,-0.060200737786788555,-0.4668695745617363,0.10854127650719715,-0.18709733753227867,0.0,0.054466230936819175,-0.08282810616588625,-0.020363180020070946,0.0021753538983214,-0.2844958199592799,0.1111111111111111,0.1111111111111111,0.1111111111111111,0.11363053313180634,1,0
-1.8377883046032708,0.0,1,-0.1916190102524235,0,0.125,0.3878754196906698,-0.1916190102524236,0.27853537806036444,0.41832391837793287,0.027777777777777776,0.5577342047930284,-2.4349041406302154,0.22936879582527478,0.5191192900072952,-0.2462860203394923,0.0,0.2222222222222222,0.0,0.4114057939716736,0,1
0.31658448527850985,0.1111111111111111,0,-0.4668695745617363,0,0.0,0.7953968943269203,-0.4668695745617363,0.3973473314367822,1.0718796584401418,0.0,-0.09586056644880174,0.5329482696925635,0.3236529324331165,-0.2847917733012345,-0.2844958199592799,0.1111111111111111,0.1111111111111111,0.1111111111111111,0.45117298070474154,1,0
0.04789643880933675,0.1111111111111111,1,-0.4668695745617363,1,0.0,0.04197808421722694,-0.4668695745617363,0.030854026056428695,-0.06343914431360566,0.0,-0.20697167755991286,0.17448881626611276,0.015181398750347182,-0.6440902286753902,-0.2844958199592799,0.1111111111111111,0.1111111111111111,0.1111111111111111,0.009143733731478516,1,0
-0.3499501435104418,0.3333333333333333,0,0.3588821183662018,0,0.25,-0.1453463476423171,0.3588821183662018,-1.2558335710649353,-1.0150359466448555,0.08333333333333333,-0.25925925925925924,-2.4349041406302154,-0.1918179270424799,-0.9531238224996238,0.1740148978517919,0.1111111111111111,0.2222222222222222,0.1111111111111111,-0.1386932439311027,0,1
-1.8377883046032708,0.4444444444444444,0,0.9093832469848272,1,0.375,-2.476644085611099,0.9093832469848272,-1.2558335710649353,-1.3079927442121215,0.1388888888888889,-0.30501089324618735,-2.4349041406302154,-1.4978381506157068,-1.666848273078999,1.6259081932793418,0.3333333333333333,0.0,0.1111111111111111,0.07329717990281231,0,1
-1.8377883046032708,0.0,1,-0.4668695745617363,1,0.0,-0.5729134080294558,-0.4668695745617363,-0.015781955055106312,-0.013148076562743853,0.0,-0.23529411764705882,-0.5154248908491185,-1.4978381506157068,-0.7891132362483021,-0.2844958199592799,0.0,0.0,0.0,0.45117298070474154,1,0
0.18074413541532997,0.0,1,-0.1916190102524235,0,0.125,-2.476644085611099,-0.1916190102524236,-0.33400968893314287,0.055395211770947125,0.027777777777777776,0.5577342047930284,-2.4349041406302154,0.3151028091350025,0.5191192900072952,-0.2462860203394923,0.0,0.2222222222222222,0.0,0.30612151922847075,0,1
-0.5010189380442357,0.4444444444444444,0,2.5608866328407034,1,0.375,-0.038891540158578077,2.560886632840704,0.11729434608643115,-0.44431907057553993,0.3055555555555555,-0.30501089324618735,-0.24696193764719315,-0.12946365119646047,-1.666848273078999,3.918393009165688,0.3333333333333333,0.3333333333333333,0.3333333333333333,-0.1064055331039316,0,1
-0.3513313165914255,0.0,1,-0.4668695745617363,1,0.0,-0.05215527813029519,-0.4668695745617363,-1.2558335710649353,-0.42508925450657975,0.0,5.132897603485839,0.19814242076861333,-1.4978381506157068,1.8373853869087895,-0.2844958199592799,0.0,0.0,0.0,-0.08239655204119443,1,0
-0.09634369408832952,0.3333333333333333,1,1.4598843756034523,0,0.25,-0.038891540158578077,1.4598843756034523,-1.2558335710649353,-0.6504544425346577,0.19444444444444442,-0.30501089324618735,-2.4349041406302154,-0.020363180020070946,-1.666848273078999,2.3900697985747907,0.3333333333333333,0.2222222222222222,0.3333333333333333,-0.06182096594394337,0,1
-1.8377883046032708,0.0,1,-0.1916190102524235,1,0.125,-2.476644085611099,-0.1916190102524236,-1.2558335710649353,-5.028059896155144,0.027777777777777776,0.11328976034858387,-2.4349041406302154,-1.4978381506157068,0.0869332819236188,-0.2299105088989508,0.0,0.2222222222222222,0.0,-1.4809843220475034,0,1
-0.6227714713644112,0.0,1,-0.4668695745617363,1,0.0,-0.8840658037777406,-0.4668695745617363,-0.18177752305139036,-1.6306941165555182,0.0,-0.09586056644880174,-0.8847477038648844,-0.4669945916971359,-0.2847917733012345,-0.2844958199592799,0.0,0.0,0.0,-0.4697903012166485,1,0
-1.8377883046032708,0.0,1,-0.4668695745617363,1,0.0,-2.476644085611099,-0.4668695745617363,-1.2558335710649353,-5.028059896155144,0.0,1.6470588235294117,-2.4349041406302154,-1.4978381506157068,1.0629938337787594,-0.2844958199592799,0.0,0.0,0.0,-1.4809843220475034,1,0
-1.8377883046032708,0.0,1,-0.1916190102524235,0,0.125,-2.476644085611099,-0.1916190102524236,-1.2558335710649353,-5.028059896155144,0.027777777777777776,0.5577342047930284,-2.4349041406302154,-1.4978381506157068,0.5191192900072952,-0.2462860203394923,0.0,0.2222222222222222,0.0,-1.4809843220475034,0,1
-0.19867256804901948,0.1111111111111111,0,-0.4668695745617363,0,0.0,-0.11102071667620021,-0.4668695745617363,-0.051581291862790736,-0.49627827958639886,0.0,-0.25925925925925924,-0.11149256320139407,-0.10273869574514555,-0.9531238224996238,-0.2844958199592799,0.1111111111111111,0.1111111111111111,0.1111111111111111,-0.07428181592098554,0,1
-1.8377883046032708,0.3333333333333333,1,1.18463381129414,1,0.25,-0.011954403204065225,1.18463381129414,-1.2558335710649353,-1.2744822128635878,0.16666666666666666,-0.29411764705882354,-2.4349041406302154,-1.4978381506157068,-1.3723900433022265,1.243852861836087,0.0,0.3333333333333333,0.3333333333333333,-1.4809843220475034,0,1
-0.1967900838952974,0.0,1,-0.4668695745617363,1,0.0,-0.3257124644745118,-0.4668695745617363,-0.08730803590223243,-0.7190081431085188,0.0,0.39215686274509803,-0.3412673407433161,-0.1055838215095548,0.3871513198050401,-0.2844958199592799,0.0,0.0,0.0,-0.11526860224910948,1,0
-0.6769931892658668,0.0,0,-0.4668695745617363,0,0.0,-0.9551366959425549,-0.4668695745617363,-0.035872448575062596,-1.4219879532762525,0.0,0.054466230936819175,-0.9539254656193107,-0.5129973359580684,0.0021753538983214,-0.2844958199592799,0.0,0.0,0.0,-0.5170245088671628,0,1
-1.8377883046032708,0.1111111111111111,0,0.0836315540568891,0,0.25,0.10261916416629054,0.083631554056889,-0.015781955055106312,-0.31157669780493286,0.05555555555555555,-0.25925925925925924,0.0096341289758159,-0.020363180020070946,-0.9531238224996238,0.0211779919147679,0.1111111111111111,0.1111111111111111,0.3333333333333333,-0.031672403407900916,0,1
-0.3722584655950471,0.3333333333333333,0,0.3588821183662018,1,0.25,0.06264404711563214,0.3588821183662018,-0.015781955055106312,-0.6796544886769769,0.08333333333333333,-0.25925925925925924,-1.1580962442728895,-0.25318160525213945,-0.9531238224996238,0.1740148978517919,0.1111111111111111,0.2222222222222222,0.1111111111111111,-0.23708082674892444,0,1
0.22473586737839207,0.1111111111111111,1,0.0836315540568891,1,0.25,0.21495633821719473,0.083631554056889,0.08964009583713212,0.27249532615187144,0.05555555555555555,-0.17429193899782136,0.32895319016094393,0.12776328546361485,-0.5135592262370264,-0.0934482547099171,0.1111111111111111,0.3333333333333333,0.1111111111111111,0.09153975395147536,1,0
-0.09634369408832952,0.3333333333333333,0,0.9093832469848272,1,0.25,-0.018291654946366694,0.9093832469848272,-0.0346731798337947,-0.4020152998199508,0.1388888888888889,-0.20697167755991286,-0.1824930639723371,0.10524323791544427,-0.6440902286753902,0.2613533917489195,0.1111111111111111,0.2222222222222222,0.1111111111111111,-1.4809843220475034,0,1
0.005775291400744047,0.1111111111111111,1,1.18463381129414,0,0.25,0.2637189492662903,1.18463381129414,0.10854127650719715,0.05615901511641034,0.16666666666666666,-0.13725490196078433,0.0096341289758159,0.066276523690121,-0.3945035917891138,0.2249650616147337,0.1111111111111111,0.1111111111111111,0.3333333333333333,0.11363053313180634,0,1
-1.8377883046032708,0.3333333333333333,1,0.6341326826755145,1,0.25,-0.1940527750620471,0.6341326826755145,0.44885318982764166,0.4814914097155206,0.1111111111111111,-0.30501089324618735,-2.4349041406302154,0.3236529324331165,-1.666848273078999,1.2438273906316173,0.1111111111111111,0.0,0.1111111111111111,0.32192791380229946,0,1
-1.8377883046032708,0.0,0,-0.4668695745617363,1,0.0,-2.476644085611099,-0.4668695745617363,-1.2558335710649353,-5.028059896155144,0.0,0.5577342047930284,-2.4349041406302154,-1.4978381506157068,0.5191192900072952,-0.2844958199592799,0.0,0.0,0.0,-1.4809843220475034,1,0
0.5078490532608906,0.3333333333333333,1,0.3588821183662018,0,0.25,0.597890366091483,0.3588821183662018,0.38238273647280246,0.9355217797299711,0.08333333333333333,1.2745098039215685,-2.4349041406302154,0.4469461125109319,0.9159689132265976,-0.1995850440685558,0.1111111111111111,0.2222222222222222,0.1111111111111111,0.4290728839133621,0,1
0.3268448556975215,0.3333333333333333,1,0.3588821183662018,0,0.25,0.16968822863862287,0.3588821183662018,-0.9669557417118418,0.1717606209045288,0.08333333333333333,1.6470588235294117,-1.3411116013076303,0.3110592029721128,1.0629938337787594,-0.2080760933541306,0.0,0.2222222222222222,0.0,0.1485136281182765,0,1
0.3091352594538665,0.1111111111111111,1,0.0836315540568891,1,0.25,0.4240946640332317,0.083631554056889,0.2643887331757114,0.6801959575705703,0.05555555555555555,0.47276688453159044,0.38131297740272974,0.3285985208491567,0.4544096728511559,-0.2040541577179534,0.1111111111111111,0.3333333333333333,0.1111111111111111,0.3311972262351589,1,0
0.03730458856720431,0.3333333333333333,0,3.386638325768641,0,0.5,0.10848346083980917,3.386638325768641,-1.2558335710649353,-0.6910437409392006,0.38888888888888884,-0.09586056644880174,-2.4349041406302154,-1.4978381506157068,-0.2847917733012345,0.7853732200763186,0.3333333333333333,0.2222222222222222,0.3333333333333333,-1.4809843220475034,0,1
0.010269113513309428,0.3333333333333333,1,0.9093832469848272,0,0.25,-1.8846626467418335,0.9093832469848272,0.11505928987542202,-0.056223234171866115,0.1388888888888889,1.6470588235294117,-0.006008110210854344,0.1812825069391218,1.0629938337787594,-0.1571296089506977,0.3333333333333333,0.2222222222222222,0.0,0.19074728850501263,0,1
-0.09634369408832952,0.1111111111111111,1,-0.4668695745617363,1,0.0,-0.11025147038747765,-0.4668695745617363,-0.015781955055106312,-0.037200491331884605,0.0,2.5098039215686274,0.0096341289758159,0.2759431547214016,1.3273719327921307,-0.2844958199592799,0.1111111111111111,0.1111111111111111,0.1111111111111111,0.11363053313180634,1,0
0.2053396192356298,0.1111111111111111,1,-0.4668695745617363,0,0.0,0.1223245339350631,-0.4668695745617363,-1.2558335710649353,0.5680716631915533,0.0,-0.25925925925925924,0.38886368660414455,0.5297208167707709,-0.9531238224996238,-0.2844958199592799,0.1111111111111111,0.1111111111111111,0.1111111111111111,0.17248092749006577,1,0
-0.13315132899705492,0.1111111111111111,0,-0.4668695745617363,0,0.0,-0.08463456294180821,-0.4668695745617363,-0.027641120612346345,-0.36976533343393686,0.0,-0.25925925925925924,-0.04545051618266507,-0.020363180020070946,-0.9531238224996238,-0.2844958199592799,0.1111111111111111,0.1111111111111111,0.1111111111111111,-0.042421631583793966,0,1
0.07824744290209906,0.1111111111111111,0,0.0836315540568891,1,0.25,-2.476644085611099,0.083631554056889,0.05693515131531388,-0.02494997365091766,0.05555555555555555,-0.25925925925925924,0.13997425265217076,0.214438587242051,-0.9531238224996238,0.0211779919147679,0.1111111111111111,0.0,0.3333333333333333,0.11363053313180634,0,1
-1.8377883046032708,0.1111111111111111,1,1.18463381129414,1,0.25,0.39765349836135255,1.18463381129414,0.29646620882685504,0.42564445006208146,0.16666666666666666,0.17647058823529413,0.13997425265217076,0.42476361658772355,0.1673597344439074,0.0211820675384221,0.1111111111111111,0.1111111111111111,0.3333333333333333,-1.4809843220475034,0,1
0.018863939853956672,0.0,1,0.0836315540568891,0,0.25,-0.2676949205590814,0.083631554056889,-0.07972466956477688,-0.6407573755460482,0.05555555555555555,0.11328976034858387,-0.30466813456434527,-1.4978381506157068,0.0869332819236188,-0.1753251978386217,0.0,0.3333333333333333,0.0,-0.1064055331039316,0,1
0.564786405921726,0.3333333333333333,0,1.18463381129414,0,0.25,0.43822162123638037,1.18463381129414,0.2764708454355412,0.6460880579481927,0.16666666666666666,0.5577342047930284,-2.4349041406302154,-0.9187068137756446,0.5191192900072952,-0.0552370222405545,0.1111111111111111,0.3333333333333333,0.1111111111111111,0.344759279908375,0,1
0.13557478761417843,0.1111111111111111,0,-0.4668695745617363,0,0.0,0.12459700769017,-0.4668695745617363,0.043661113063807704,0.07724460959138428,0.0,-0.13725490196078433,0.2324632635633931,0.06641895157795596,-0.3945035917891138,-0.2844958199592799,0.1111111111111111,0.1111111111111111,0.1111111111111111,0.03750056845010685,1,0
0.21701027590787064,0.1111111111111111,1,0.0836315540568891,0,0.25,0.26912457671560036,0.083631554056889,0.14857534644596138,0.27575378302788134,0.05555555555555555,-0.17429193899782136,0.18509269963583025,0.30721491817628616,-0.5135592262370264,-0.0934482547099171,0.1111111111111111,0.1111111111111111,0.1111111111111111,-1.4809843220475034,1,0
-1.4883541560664815,0.0,0,0.6341326826755145,0,0.25,0.13475606556178468,0.6341326826755145,-0.14037426450664803,-0.1436502217653478,0.1111111111111111,1.3943355119825709,-2.4349041406302154,0.21950882589047852,0.9662521913648202,-0.1753248079449351,0.0,0.0,0.3333333333333333,0.22053928007937335,0,1
-1.0703754552372704,0.1111111111111111,0,-0.4668695745617363,1,0.0,-0.20890431497177575,-0.4668695745617363,-0.015781955055106312,-0.4415066709223584,0.0,-0.25925925925925924,0.03288054900149542,-0.020363180020070946,-0.9531238224996238,-0.2844958199592799,0.0,0.1111111111111111,0.1111111111111111,-0.031672403407900916,1,0
-1.8377883046032708,0.0,0,-0.4668695745617363,0,0.0,-0.7778840440797099,-0.4668695745617363,-0.1845109244123129,-0.9244745922549665,0.0,0.2440087145969499,-0.2131146983687719,-0.020363180020070946,0.2439439807007004,-0.2844958199592799,0.0,0.0,0.0,-0.22887460301959633,0,1
0.07824744290209906,0.1111111111111111,0,-0.4668695745617363,1,0.0,-0.060200737786788555,-0.4668695745617363,0.05693515131531388,-0.15133418564170553,0.0,-0.29411764705882354,-0.08282810616588625,0.066276523690121,-1.3723900433022265,-0.2844958199592799,0.1111111111111111,0.1111111111111111,0.1111111111111111,0.05331580804312823,1,0
0.25365639484073876,0.3333333333333333,1,0.9093832469848272,0,0.25,-2.476644085611099,0.9093832469848272,0.1812882605018963,0.2450306381453696,0.1388888888888889,-0.05010893246187364,0.2603917005075929,0.22282341027703087,-0.1828566844305228,0.0628645737533742,0.3333333333333333,0.2222222222222222,0.1111111111111111,0.18418539902762215,0,1
-1.1912583035430961,0.1111111111111111,0,0.0836315540568891,0,0.25,-1.8846626467418335,0.083631554056889,-1.2558335710649353,-0.609840454725032,0.05555555555555555,2.5098039215686274,0.08200509761303978,-1.4978381506157068,1.3273719327921307,-0.2420403927034826,0.3333333333333333,0.1111111111111111,0.1111111111111111,0.1361728149184142,0,1
-1.8377883046032708,0.1111111111111111,1,1.7351349399127651,1,0.25,0.034791834629782185,1.7351349399127654,-0.015781955055106312,-0.30768531786183584,0.2222222222222222,-0.29411764705882354,0.08136281572751122,0.12776328546361485,-1.3723900433022265,1.7533024224345426,0.3333333333333333,0.1111111111111111,0.3333333333333333,-1.4809843220475034,0,1
0.13557478761417843,0.3333333333333333,1,2.2856360685313906,1,0.25,0.33742708388807957,2.2856360685313915,0.1812882605018963,0.08196010996520661,0.2777777777777778,-0.23529411764705882,-2.4349041406302154,-1.0816946295191,-0.7891132362483021,0.9891493082481057,0.3333333333333333,0.3333333333333333,0.3333333333333333,0.19865366409457927,0,1
-1.8377883046032708,0.0,0,-0.1916190102524235,0,0.125,-0.017323616950132705,-0.1916190102524236,-1.2558335710649353,-1.2852074593863507,0.027777777777777776,-0.25925925925925924,-2.4349041406302154,-1.4978381506157068,-0.9531238224996238,-0.1316589140222559,0.0,0.2222222222222222,0.0,-1.4809843220475034,0,1
0.05170390327415423,0.1111111111111111,1,1.18463381129414,1,0.25,-0.08297964862498919,1.18463381129414,-1.2558335710649353,-0.3822799551434473,0.16666666666666666,-0.23529411764705882,-0.04260204376723723,-1.4978381506157068,-0.7891132362483021,0.4796912569651514,0.1111111111111111,0.3333333333333333,0.1111111111111111,0.09153975395147536,0,1
-0.36121742511938004,0.1111111111111111,1,-0.4668695745617363,1,0.0,-0.13387036432829214,-0.4668695745617363,-0.2221689412940948,-0.20474868880428235,0.0,-0.23529411764705882,-0.07166869324800133,0.3379193856536766,-0.7891132362483021,-0.2844958199592799,0.1111111111111111,0.1111111111111111,0.1111111111111111,-1.4809843220475034,1,0
-0.09634369408832952,0.3333333333333333,1,2.5608866328407034,1,0.25,-0.060200737786788555,2.560886632840704,0.11729434608643115,-0.32556073441332944,0.3055555555555555,-0.20697167755991286,-0.04260204376723723,-0.020363180020070946,-0.6440902286753902,0.916372445798759,0.3333333333333333,0.2222222222222222,0.3333333333333333,-1.4809843220475034,0,1
-1.8377883046032708,0.0,1,-0.4668695745617363,0,0.0,-2.476644085611099,-0.4668695745617363,-1.2558335710649353,-5.028059896155144,0.0,0.5577342047930284,-2.4349041406302154,-1.4978381506157068,0.5191192900072952,-0.2844958199592799,0.0,0.0,0.0,-1.4809843220475034,1,0
0.07824744290209906,0.1111111111111111,1,-0.4668695745617363,1,0.0,0.356674874839011,-0.4668695745617363,0.10854127650719715,0.17252941211318346,0.0,-0.25925925925925924,0.04027036021255999,0.12776328546361485,-0.9531238224996238,-0.2844958199592799,0.1111111111111111,0.1111111111111111,0.1111111111111111,0.11363053313180634,1,0
0.5881633402742548,0.1111111111111111,0,0.0836315540568891,0,0.25,0.458340242290852,0.083631554056889,0.24588702761207146,0.7363802978529372,0.05555555555555555,0.11328976034858387,0.33502834828740125,-1.4978381506157068,0.0869332819236188,-0.1753251978386217,0.1111111111111111,0.1111111111111111,0.1111111111111111,0.26921851233687344,0,1
0.08000486455928117,0.0,0,-0.1916190102524235,0,0.125,0.8279046184857679,-0.1916190102524236,0.35092914834355904,1.0292356105829392,0.027777777777777776,0.8387799564270153,0.30420801898878946,0.4493353169577484,0.6999923241170234,-0.2512698855774418,0.0,0.2222222222222222,0.1111111111111111,0.46665484408964353,0,1
-1.8377883046032708,0.0,1,-0.1916190102524235,1,0.125,-2.476644085611099,-0.1916190102524236,-1.2558335710649353,-5.028059896155144,0.027777777777777776,-0.25925925925925924,-2.4349041406302154,-1.4978381506157068,-0.9531238224996238,-0.1316589140222559,0.0,0.2222222222222222,0.0,-1.4809843220475034,0,1
-1.8377883046032708,0.0,1,-0.4668695745617363,1,0.0,-2.476644085611099,-0.4668695745617363,-1.2558335710649353,-5.028059896155144,0.0,0.17647058823529413,-2.4349041406302154,-1.4978381506157068,0.1673597344439074,-0.2844958199592799,0.0,0.0,0.0,-1.4809843220475034,1,0
-1.8377883046032708,0.3333333333333333,1,1.4598843756034523,0,0.25,0.33742708388807957,1.4598843756034523,0.10854127650719715,-0.09146034504576037,0.19444444444444442,-0.2788671023965142,-2.4349041406302154,0.12776328546361485,-1.1433092459291831,1.052820420542206,0.3333333333333333,0.2222222222222222,0.3333333333333333,0.03885253254617039,0,1
0.3091352594538665,0.3333333333333333,1,0.9093832469848272,1,0.25,-1.331595678324506,0.9093832469848272,0.27295236848406923,0.2727888781893319,0.1388888888888889,0.39215686274509803,0.010436700975060591,-0.020363180020070946,0.3871513198050401,-0.0722192733357296,0.3333333333333333,0.2222222222222222,0.1111111111111111,0.3057862080103784,0,1
0.25832379377896764,0.1111111111111111,1,1.7351349399127651,0,0.25,-2.476644085611099,1.7351349399127654,-1.2558335710649353,-0.06858051115189785,0.2222222222222222,-0.25925925925925924,0.29646318216372547,-1.4978381506157068,-0.9531238224996238,0.9381994275369115,0.3333333333333333,0.1111111111111111,0.3333333333333333,0.09130666610954445,0,1
-1.8377883046032708,0.3333333333333333,0,0.0836315540568891,1,0.25,-0.027732043806187833,0.083631554056889,-1.2558335710649353,-0.9346281542617632,0.05555555555555555,-0.25925925925925924,-2.4349041406302154,0.027314555425689977,-0.9531238224996238,0.0211779919147679,0.0,0.0,0.0,-1.4809843220475034,0,1
-1.8377883046032708,0.0,0,-0.1916190102524235,1,0.125,-2.476644085611099,-0.1916190102524236,-1.2558335710649353,-1.2825098107499966,0.027777777777777776,0.8387799564270153,-2.4349041406302154,0.0949041676437161,0.6999923241170234,-0.2512698855774418,0.0,0.2222222222222222,0.0,-1.4809843220475034,0,1
0.4347920624914409,0.1111111111111111,0,-0.4668695745617363,1,0.0,0.597890366091483,-0.4668695745617363,0.3333354774730562,0.9764455385533345,0.0,2.355119825708061,0.611451783628661,0.3955971410661783,1.285678693674575,-0.2844958199592799,0.1111111111111111,0.1111111111111111,0.1111111111111111,0.344026457112197,1,0
0.2682976330476441,0.1111111111111111,0,-0.4668695745617363,0,0.0,0.5493194936230215,-0.4668695745617363,0.2554750986168332,0.64454174005544,0.0,0.0,0.2709746259929604,0.302782280107225,-0.0875094222424097,-0.2844958199592799,0.1111111111111111,0.1111111111111111,0.1111111111111111,0.27434856336185637,1,0
-0.16019500465693898,0.0,1,-0.4668695745617363,1,0.0,-0.2777456159316628,-0.4668695745617363,-0.061249333332234875,-0.5132613161829338,0.0,0.0,-0.05888858374261785,-0.07453585518598009,-0.0875094222424097,-0.2844958199592799,0.0,0.0,0.0,-0.08481246015680924,1,0
0.3673396710512519,0.3333333333333333,0,0.6341326826755145,1,0.25,-2.476644085611099,0.6341326826755145,-1.2558335710649353,-0.40272749804704056,0.1111111111111111,0.6470588235294118,-2.4349041406302154,-1.4978381506157068,0.5814972662319737,-0.1389346438933157,0.3333333333333333,0.0,0.0,-0.37161676141537997,0,1
0.1147710162253566,0.0,1,-0.4668695745617363,0,0.0,0.27571975013643923,-0.4668695745617363,0.06153922196064836,0.430489843160456,0.0,4.098039215686274,0.21537926757628734,0.3927991934023552,1.668921836399024,-0.2844958199592799,0.0,0.0,0.0,0.2686685014395808,1,0
0.07824744290209906,0.1111111111111111,1,-0.4668695745617363,0,0.0,0.034791834629782185,-0.4668695745617363,0.10854127650719715,0.10594395271994907,0.0,-0.20697167755991286,0.23374673918345623,0.12776328546361485,-0.6440902286753902,-0.2844958199592799,0.1111111111111111,0.1111111111111111,0.1111111111111111,0.11363053313180634,1,0
0.002904185811775181,0.1111111111111111,1,0.0836315540568891,1,0.25,-2.476644085611099,0.083631554056889,0.42305402106045265,0.5632164404877932,0.05555555555555555,-0.23529411764705882,0.2540661033438065,-0.10494829216908912,-0.7891132362483021,-0.0297667943178028,0.3333333333333333,0.1111111111111111,0.1111111111111111,0.45117298070474154,1,0
0.18040838650574129,0.3333333333333333,1,0.3588821183662018,1,0.25,-0.1940527750620471,0.3588821183662018,0.21921040960457347,0.30101353661960795,0.08333333333333333,3.0,-2.4349041406302154,0.4561167822813347,1.4475584443037126,-0.2257113696597386,0.1111111111111111,0.2222222222222222,0.1111111111111111,0.09454656118245498,0,1
-0.3992343640411307,0.0,0,2.0103855042220777,1,0.25,-2.476644085611099,2.010385504222078,-1.2558335710649353,-0.5824368548706343,0.25,-0.30501089324618735,0.2030238374723125,-1.4978381506157068,-1.666848273078999,3.154231403870239,0.3333333333333333,0.2222222222222222,0.3333333333333333,-0.031672403407900916,0,1
-0.5302379076360083,0.1111111111111111,1,0.0836315540568891,1,0.25,-0.16834448601303065,0.083631554056889,-1.2558335710649353,-0.4542576562091414,0.05555555555555555,-0.25925925925925924,-0.14712391368290242,-0.23494424259429336,-0.9531238224996238,0.0211779919147679,0.1111111111111111,0.3333333333333333,0.1111111111111111,0.20928456144339183,0,1
-1.8377883046032708,0.3333333333333333,1,1.18463381129414,1,0.25,0.13426768242517784,1.18463381129414,-1.2558335710649353,-0.9822291090588086,0.16666666666666666,0.39215686274509803,-2.4349041406302154,-1.4978381506157068,0.3871513198050401,-0.0297639640110196,0.0,0.0,0.3333333333333333,-1.4809843220475034,0,1
-1.8377883046032708,0.1111111111111111,1,1.18463381129414,1,0.25,-0.7261270144852363,1.18463381129414,-1.2558335710649353,-0.7810920500663378,0.16666666666666666,-0.29411764705882354,0.05678770888577281,0.009497807110272313,-1.3723900433022265,1.243852861836087,0.3333333333333333,0.1111111111111111,0.3333333333333333,-1.4809843220475034,0,1
0.07824744290209906,0.1111111111111111,1,-0.4668695745617363,1,0.0,0.16869886832993028,-0.4668695745617363,-1.2558335710649353,0.009078017294976672,0.0,-0.2788671023965142,0.151240808810489,0.12776328546361485,-1.1433092459291831,-0.2844958199592799,0.1111111111111111,0.1111111111111111,0.1111111111111111,0.11363053313180634,1,0
0.12376276808084535,0.1111111111111111,0,-0.4668695745617363,0,0.0,0.13033440821269368,-0.4668695745617363,0.11340819720802857,0.11879924381756,0.0,-0.25925925925925924,0.12303294640457062,0.14588966808566228,-0.9531238224996238,-0.2844958199592799,0.1111111111111111,0.1111111111111111,0.1111111111111111,0.12840410916361136,1,0
0.7195491866976907,0.0,1,-0.1916190102524235,1,0.125,-2.476644085611099,-0.1916190102524236,-1.2558335710649353,0.7107985754353716,0.027777777777777776,0.6470588235294118,-2.4349041406302154,0.46055873947079673,0.5814972662319737,-0.2481055259427889,0.0,0.2222222222222222,0.0,-1.4809843220475034,0,1
-0.20401956914178188,0.0,1,-0.4668695745617363,0,0.0,-0.5636925919375713,-0.4668695745617363,-0.21659427311646556,-1.1470018989390998,0.0,0.2440087145969499,-0.5729083411369763,-1.4978381506157068,0.2439439807007004,-0.2844958199592799,0.0,0.0,0.0,-0.18716865711566033,1,0
0.07824744290209906,0.0,0,-0.4668695745617363,0,0.0,-2.476644085611099,-0.4668695745617363,-0.053562193617649266,-0.4753888382757405,0.0,1.9172113289760349,-0.0722901242301389,-0.09654852506560477,1.155113830650042,-0.2844958199592799,0.0,0.0,0.0,-0.08917733099000497,0,1
0.3091352594538665,0.1111111111111111,0,-0.4668695745617363,0,0.0,0.1768544033270234,-0.4668695745617363,0.1812882605018963,0.2495676500651563,0.0,-0.17429193899782136,0.11537430863826155,0.09922213452261994,-0.5135592262370264,-0.2844958199592799,0.1111111111111111,0.1111111111111111,0.1111111111111111,0.0927013241183302,1,0
-0.09634369408832952,0.1111111111111111,1,-0.4668695745617363,1,0.0,0.034791834629782185,-0.4668695745617363,0.14857534644596138,-0.21563134404748377,0.0,0.11328976034858387,0.0096341289758159,-0.016132469034368106,0.0869332819236188,-0.2844958199592799,0.1111111111111111,0.0,0.1111111111111111,-0.5128287882829697,1,0
-0.030269367775838486,0.1111111111111111,1,0.0836315540568891,1,0.25,-0.1074461255133846,0.083631554056889,-0.14001564323410587,-0.5308151347129706,0.05555555555555555,-0.3115468409586057,-0.12881500849105557,-0.12875316726828573,-2.102083711231995,1.24375098211194,0.1111111111111111,0.3333333333333333,0.1111111111111111,-0.25151423697527286,0,1
-0.3358871805537748,0.0,1,0.0836315540568891,0,0.25,-0.5080334078098026,0.083631554056889,-0.12756048216206908,-1.3703981360780273,0.05555555555555555,0.9411764705882353,-0.7408113532903546,-1.4978381506157068,0.7564222381735122,-0.2208127675240223,0.0,0.0,0.3333333333333333,-1.4809843220475034,0,1
-0.09634369408832952,0.1111111111111111,1,0.0836315540568891,0,0.25,0.10848346083980917,0.083631554056889,-1.2558335710649353,-0.2650012141948678,0.05555555555555555,0.054466230936819175,0.27033223006329665,-1.4978381506157068,0.0021753538983214,-0.1669275222729985,0.1111111111111111,0.3333333333333333,0.1111111111111111,-1.4809843220475034,0,1
0.10260353710675177,0.0,1,-0.1916190102524235,1,0.125,-0.03275786526471686,-0.1916190102524236,-0.011004712041474785,-0.12078696170362113,0.027777777777777776,0.5577342047930284,-0.02015002171835765,0.05799721365916641,0.5191192900072952,-0.2462860203394923,0.0,0.2222222222222222,0.0,0.09420181330510359,0,1
0.6096621714658937,0.1111111111111111,0,-0.4668695745617363,0,0.0,-2.476644085611099,-0.4668695745617363,-0.20697644282232772,0.3110267160106899,0.0,-0.25925925925925924,-0.2131146983687719,-0.12558488019862343,-0.9531238224996238,-0.2844958199592799,0.1111111111111111,0.1111111111111111,0.0,-0.11278598113049797,0,1
-1.560868293652152,0.0,1,0.0836315540568891,0,0.25,0.1261033528455245,0.083631554056889,0.1643663624619466,0.06891077223076271,0.05555555555555555,0.9411764705882353,0.05581466598552121,0.34662058827914216,0.7564222381735122,-0.2208127675240223,0.0,0.0,0.1111111111111111,-1.020052667996687,1,0
0.07824744290209906,0.3333333333333333,0,0.3588821183662018,1,0.25,0.0472670195448528,0.3588821183662018,-1.2558335710649353,-0.049741748329829465,0.08333333333333333,-0.25925925925925924,-2.4349041406302154,0.12776328546361485,-0.9531238224996238,0.1740148978517919,0.1111111111111111,0.2222222222222222,0.1111111111111111,0.3057862080103784,0,1
-1.8377883046032708,0.0,0,-0.1916190102524235,1,0.125,0.20027857087305453,-0.1916190102524236,-0.02995466354123403,-0.26045285700004384,0.027777777777777776,0.9411764705882353,-0.036384775557347496,-0.2384694125069342,0.7564222381735122,-0.2526542937416511,0.0,0.2222222222222222,0.1111111111111111,0.08407014355615088,0,1
-0.6051099993353094,0.0,1,-0.1916190102524235,0,0.125,-0.1940527750620471,-0.1916190102524236,-1.2558335710649353,-0.377069385104758,0.027777777777777776,0.2440087145969499,0.34185004414062276,-1.4978381506157068,0.2439439807007004,-0.2367336301369842,0.1111111111111111,0.2222222222222222,0.1111111111111111,-1.4809843220475034,0,1
0.3418025466936434,0.1111111111111111,1,-0.4668695745617363,1,0.0,0.38070954644942445,-0.4668695745617363,0.2237050635851947,0.6104130039316475,0.0,0.054466230936819175,0.3348530150164412,0.3011257616335053,0.0021753538983214,-0.2844958199592799,0.1111111111111111,0.1111111111111111,0.1111111111111111,0.2993978021609803,1,0
0.3791038555333524,0.1111111111111111,0,0.0836315540568891,1,0.25,0.4967911202162103,0.083631554056889,0.30727917842602115,0.7957844158320478,0.05555555555555555,0.5577342047930284,0.4123958978726874,0.5108517606774385,0.5191192900072952,-0.2080762207197047,0.1111111111111111,0.1111111111111111,0.1111111111111111,-1.4809843220475034,1,0
-0.09634369408832952,0.1111111111111111,0,-0.4668695745617363,0,0.0,-0.1214522424138239,-0.4668695745617363,-0.1845109244123129,-0.6482380554464904,0.0,-0.3115468409586057,-0.19288221400154745,-0.07343775025371661,-2.102083711231995,-0.2844958199592799,0.1111111111111111,0.1111111111111111,0.1111111111111111,-1.4809843220475034,0,1
-0.09634369408832952,0.1111111111111111,0,0.6341326826755145,1,0.25,0.5664037311873185,0.6341326826755145,-0.08075179618569549,0.15645670605328674,0.1111111111111111,-0.25925925925925924,-0.05968509296264265,0.10760500091082818,-0.9531238224996238,0.3268518037888158,0.1111111111111111,0.3333333333333333,0.1111111111111111,-1.4809843220475034,0,1
0.41372934308019005,0.0,0,-0.4668695745617363,1,0.0,-0.38010210665738503,-0.4668695745617363,-0.07972466956477688,0.0058462237024166,0.0,2.355119825708061,-0.04545051618266507,-1.4978381506157068,1.285678693674575,-0.2844958199592799,0.0,0.0,0.0,0.056368202368968154,1,0
-1.8377883046032708,0.0,0,0.9093832469848272,1,0.375,-2.476644085611099,0.9093832469848272,0.6996982343455299,1.0586025792563258,0.1388888888888889,1.5185185185185186,-0.6405164088259279,-0.3078350476248662,1.0152348983243975,-0.1527376857846195,0.4444444444444444,0.0,0.3333333333333333,0.29323987594978607,0,1
-1.8377883046032708,0.0,1,-0.4668695745617363,1,0.0,0.29535118989975695,-0.4668695745617363,0.2416645349056016,-0.13680329564580224,0.0,0.054466230936819175,-2.4349041406302154,-1.4978381506157068,0.0021753538983214,-0.2844958199592799,0.0,0.0,0.0,-0.009989534196517125,1,0
0.29847984234923974,0.1111111111111111,1,0.0836315540568891,0,0.25,0.40305957253974706,0.083631554056889,0.02637354662169581,0.7189626850076584,0.05555555555555555,0.47276688453159044,0.4261094569684939,0.25834845200376205,0.4544096728511559,-0.2040541577179534,0.1111111111111111,0.3333333333333333,0.1111111111111111,0.49375898534313617,0,1
0.07824744290209906,0.3333333333333333,1,0.9093832469848272,0,0.25,0.16869886832993028,0.9093832469848272,0.1812882605018963,1.086696606835317,0.1388888888888889,-0.05010893246187364,-2.4349041406302154,0.8313016961771357,-0.1828566844305228,0.0628645737533742,0.1111111111111111,0.2222222222222222,0.1111111111111111,-1.4809843220475034,0,1
-0.08429741416826127,0.1111111111111111,0,-0.4668695745617363,0,0.0,0.013303725308661663,-0.4668695745617363,0.03126839304430128,-0.20648701560982222,0.0,-0.25925925925925924,0.03733478133298129,0.025080608993885607,-0.9531238224996238,-0.2844958199592799,0.1111111111111111,0.1111111111111111,0.1111111111111111,-0.011697378387615939,1,0
0.3552933911311837,0.1111111111111111,0,-0.4668695745617363,0,0.0,0.49289374373641753,-0.4668695745617363,0.27825682919794725,1.0949790228136222,0.0,0.9411764705882353,0.43048133551638956,0.7131989853465474,0.7564222381735122,-0.2844958199592799,0.1111111111111111,0.1111111111111111,0.1111111111111111,0.3057862080103784,1,0
0.4848583755950094,0.1111111111111111,1,-0.4668695745617363,1,0.0,0.586027172631468,-0.4668695745617363,0.3333354774730562,1.091740226899512,0.0,3.0,0.6116248877915788,0.49224552210794104,1.4475584443037126,-0.2844958199592799,0.1111111111111111,0.1111111111111111,0.1111111111111111,0.46164672323856204,1,0
-1.8377883046032708,0.3333333333333333,0,0.0836315540568891,1,0.25,-0.009490907584873259,0.083631554056889,-1.2558335710649353,-0.7923662126528624,0.05555555555555555,-0.2788671023965142,-1.9890851365132343,-1.4978381506157068,-1.1433092459291831,0.097594534469716,0.0,0.0,0.1111111111111111,0.09739763844794347,0,1
-0.37835093031791756,0.0,0,-0.4668695745617363,0,0.0,-0.5636925919375713,-0.4668695745617363,-1.0586437752988482,-1.3160352058055094,0.0,0.3159041394335512,-0.5729083411369763,-0.25962352200296185,0.3170934418812415,-0.2844958199592799,0.0,0.0,0.0,-0.2676590500063353,0,1
-1.8377883046032708,0.0,0,-0.4668695745617363,0,0.0,-2.476644085611099,-0.4668695745617363,-0.027832780947905762,-1.2902467363156285,0.0,1.159041394335512,-2.4349041406302154,-0.07898554425773144,0.8643003776574393,-0.2844958199592799,0.0,0.0,0.0,-1.4809843220475034,0,1
0.13727488481979017,0.1111111111111111,0,-0.4668695745617363,1,0.0,0.21003870833293808,-0.4668695745617363,-0.06032768875422031,-0.2021121377056024,0.0,-0.29411764705882354,-0.04260204376723723,-1.4978381506157068,-1.3723900433022265,-0.2844958199592799,0.1111111111111111,0.1111111111111111,0.1111111111111111,-0.22887460301959633,1,0
0.204424964019951,0.3333333333333333,1,1.18463381129414,1,0.25,-2.476644085611099,1.18463381129414,-1.2558335710649353,0.2375281393045306,0.16666666666666666,-0.17429193899782136,0.45533257435354596,0.12776328546361485,-0.5135592262370264,0.2886468757888082,0.3333333333333333,0.3333333333333333,0.1111111111111111,0.24822835716826347,0,1
0.07824744290209906,0.1111111111111111,1,0.6341326826755145,0,0.25,-0.060200737786788555,0.6341326826755145,-1.2558335710649353,-0.22490377837556208,0.1111111111111111,-0.29411764705882354,0.0096341289758159,-1.4978381506157068,-1.3723900433022265,0.7344033012376314,0.1111111111111111,0.1111111111111111,0.1111111111111111,0.19865366409457927,0,1
0.7055341434174137,0.4444444444444444,1,2.2856360685313906,1,0.375,-2.476644085611099,2.2856360685313915,0.43006921587535435,1.0213621518908782,0.2777777777777778,1.9172113289760349,0.45932704172126576,-1.4978381506157068,1.155113830650042,-0.0456841245659175,0.3333333333333333,0.2222222222222222,0.3333333333333333,0.48410602801400765,1,0
-1.8377883046032708,0.3333333333333333,0,0.0836315540568891,0,0.25,0.741510602866143,0.083631554056889,-0.06032768875422031,0.49673097462411914,0.05555555555555555,-0.30501089324618735,-2.4349041406302154,0.2938773678814875,-1.666848273078999,0.4796657853361687,0.0,0.0,0.1111111111111111,0.21087330266524892,0,1
-1.8377883046032708,0.0,1,0.9093832469848272,1,0.25,-0.06351905625755919,0.9093832469848272,-1.2558335710649353,-1.377463035128196,0.1388888888888889,0.054466230936819175,-2.4349041406302154,-1.4978381506157068,0.0021753538983214,0.0094249242564235,0.0,0.2222222222222222,0.3333333333333333,-1.4809843220475034,0,1
-1.8377883046032708,0.1111111111111111,1,1.18463381129414,0,0.25,0.39765349836135255,1.18463381129414,0.0013089566649129294,0.0860101484033496,0.16666666666666666,-0.25925925925925924,0.13997425265217076,0.24739437221879784,-0.9531238224996238,0.6325256156628638,0.1111111111111111,0.1111111111111111,0.3333333333333333,-1.4809843220475034,0,1
0.005775291400744047,0.4444444444444444,1,3.386638325768641,0,0.375,-0.13387036432829214,3.386638325768641,-0.015781955055106312,-0.602779158021517,0.38888888888888884,-0.29411764705882354,-2.4349041406302154,0.0,-1.3723900433022265,3.28165110422991,0.3333333333333333,0.4444444444444444,0.3333333333333333,-1.4809843220475034,0,1
-0.3332952455651344,0.0,0,-0.4668695745617363,0,0.0,-0.504636039758671,-0.4668695745617363,-0.1845109244123129,-1.0774532643588968,0.0,-0.25925925925925924,-0.5154248908491185,-0.22139741587053635,-0.9531238224996238,-0.2844958199592799,0.0,0.0,0.0,-0.22887460301959633,0,1
-0.09634369408832952,0.1111111111111111,1,-0.4668695745617363,1,0.0,0.10940689443048357,-0.4668695745617363,-0.01596135525714468,0.7358519910218112,0.0,-0.23529411764705882,0.05455926907629866,0.695915895802482,-0.7891132362483021,-0.2844958199592799,0.1111111111111111,0.1111111111111111,0.1111111111111111,-0.03293360381684463,1,0
0.20495891616279827,0.1111111111111111,1,0.0836315540568891,1,0.25,0.3433849572094511,0.083631554056889,0.14857534644596138,0.4354148090852614,0.05555555555555555,0.8387799564270153,0.3900968748365918,0.23584876857101217,0.6999923241170234,-0.2180439511956038,0.1111111111111111,0.3333333333333333,0.1111111111111111,0.14438963391341122,1,0
-0.3332952455651344,0.0,0,-0.4668695745617363,0,0.0,-0.504636039758671,-0.4668695745617363,-0.1915322845943525,-1.0816988622743808,0.0,2.5098039215686274,-0.5154248908491185,-0.22139741587053635,1.3273719327921307,-0.2844958199592799,0.0,0.1111111111111111,0.0,-0.22887460301959633,0,1
-1.8377883046032708,0.1111111111111111,1,1.4598843756034523,1,0.375,0.18091095283478892,1.4598843756034523,-0.08945764108225514,-0.3662878134610376,0.19444444444444442,-0.30501089324618735,-0.13179501838479385,-1.4978381506157068,-1.666848273078999,2.3900697985747907,0.1111111111111111,0.1111111111111111,0.4444444444444444,0.09153975395147536,0,1
0.18867079311683255,0.1111111111111111,1,-0.4668695745617363,0,0.0,0.44857565069185484,-0.4668695745617363,0.24588702761207146,1.5085071416186988,0.0,0.47276688453159044,0.4123958978726874,0.9466692425054704,0.4544096728511559,-0.2844958199592799,0.1111111111111111,0.1111111111111111,0.1111111111111111,0.21218812386795324,1,0
-1.8377883046032708,0.3333333333333333,1,2.5608866328407034,1,0.25,0.228917944366141,2.560886632840704,0.007556892781777171,-0.32892126286558143,0.3055555555555555,-0.29411764705882354,-2.4349041406302154,0.1775047851717382,-1.3723900433022265,2.5174767633322266,0.3333333333333333,0.2222222222222222,0.3333333333333333,-1.4809843220475034,0,1
0.08150153470574284,0.1111111111111111,1,-0.4668695745617363,0,0.0,0.03791418142094069,-0.4668695745617363,0.05693515131531388,0.031744633402112685,0.0,-0.25925925925925924,0.007052355485223839,0.214438587242051,-0.9531238224996238,-0.2844958199592799,0.1111111111111111,0.1111111111111111,0.1111111111111111,0.11363053313180634,1,0
0.07824744290209906,0.1111111111111111,1,0.0836315540568891,1,0.25,0.034791834629782185,0.083631554056889,0.10854127650719715,0.0459017751983197,0.05555555555555555,-0.25925925925925924,0.13997425265217076,0.10524323791544427,-0.9531238224996238,0.0211779919147679,0.1111111111111111,0.3333333333333333,0.1111111111111111,0.11363053313180634,1,0
-1.8377883046032708,0.1111111111111111,1,-0.4668695745617363,0,0.0,-2.476644085611099,-0.4668695745617363,-1.2558335710649353,-1.6378921616938666,0.0,-0.25925925925925924,-0.2131146983687719,-1.4978381506157068,-0.9531238224996238,-0.2844958199592799,0.1111111111111111,0.1111111111111111,0.0,-1.4809843220475034,1,0
