gdp_x_payment_ratio,PAY_AMT4,avg_payment,PAY_3,unemp_x_delinquency,PAY_5,PAY_4,PAY_AMT2,taiex_x_utilisation,payment_ratio,PAY_2,LIMIT_BAL_sq,PAY_AMT6,total_delinquency,PAY_AMT3,max_delinquency,cpi_risk_norm,rate_x_delinquency,PAY_1,is_anomaly,PAY_6,LIMIT_BAL,PAY_AMT1,true,pred
-0.0172662356855319,-2.814764228080276,-0.1825512428713263,0.1111111111111111,0.083631554056889,0.1111111111111111,0.1111111111111111,0.3165280620467471,-0.0839444886995138,-0.10658527006001806,0.1111111111111111,0.2323049001814882,-2.2159780465851675,0.05555555555555555,0.20258527999812884,0.25,-0.1995852013098598,0.0836315540568891,0.3333333333333333,0,0.1111111111111111,0.3871513198050401,0.418285773844652,0,1
-0.0171490115364139,0.377313852074737,0.6232416701602216,0.1111111111111111,-0.4668695745617363,0.1111111111111111,0.1111111111111111,0.7855237563847912,1.238012853118874,-0.05555377724420414,0.1111111111111111,0.0,0.41987118661557327,0.0,0.4129095728616361,0.0,-0.2844958199592799,-0.4668695745617363,0.1111111111111111,0,0.1111111111111111,0.0869332819236188,0.9698125877403967,1,0
-0.0172070705307098,0.34554615948834894,-0.1417520513291492,0.3333333333333333,0.6341326826755145,0.1111111111111111,0.1111111111111111,-4.321258080645877,1.492259481940767,-0.08082874978696977,0.1111111111111111,-0.3103448275862069,0.058053052405485014,0.1111111111111111,-0.015318657583015807,0.25,0.3268518037888158,0.6341326826755145,0.1111111111111111,0,0.3333333333333333,-0.9531238224996238,0.4088563973723109,0,1
-0.0151182391955432,-0.4261508547027436,-0.7740875159319682,0.0,-0.4668695745617363,0.0,0.1111111111111111,-0.5772939986110899,-1.044581083157756,0.8285076120127138,0.0,0.3702359346642468,-0.01659455217541209,0.0,-3.0949063951708156,0.0,-0.2844958199592799,-0.4668695745617363,0.0,0,0.0,0.5191192900072952,-4.755088530712135,1,0
-0.0172395379584333,0.2225182096590812,0.2651529221367708,0.1111111111111111,-0.4668695745617363,0.1111111111111111,0.1111111111111111,0.40576161802781613,0.8913845078604067,-0.09496287929088351,0.1111111111111111,0.05263157894736842,0.0,0.0,0.32103038572429976,0.0,-0.2844958199592799,-0.4668695745617363,0.1111111111111111,0,0.1111111111111111,0.1673597344439074,0.7153292594524013,1,0
-0.0170589485144743,-0.21975289624601174,-0.8165936066413897,0.1111111111111111,0.083631554056889,0.1111111111111111,0.1111111111111111,-0.24748535826483906,1.3993493367101135,-0.0163464083559408,0.1111111111111111,-0.35390199637023595,-0.649413060418217,0.05555555555555555,-0.5531439721139835,0.25,1.24375098211194,0.0836315540568891,0.1111111111111111,0,0.3333333333333333,-2.102083711231995,-0.3827486942812785,0,1
-0.0170812652573491,-0.4619012021971836,-0.5925141974124506,0.4444444444444444,0.9093832469848272,0.1111111111111111,0.3333333333333333,-4.321258080645877,-0.3134959701647846,-0.02606161390236702,0.1111111111111111,-0.3103448275862069,-0.36498433609924685,0.1388888888888889,-3.0949063951708156,0.375,0.4796887097258397,0.9093832469848272,0.1111111111111111,0,0.1111111111111111,-0.9531238224996238,0.43525894349456834,0,1
-0.0172295110959198,0.31962039750174853,0.24102909985786913,0.1111111111111111,-0.4668695745617363,0.1111111111111111,0.1111111111111111,0.29235185883120085,0.7025727363473557,-0.09059785923166909,0.1111111111111111,0.05263157894736842,0.26386902447357646,0.0,0.2573731452541417,0.0,-0.2844958199592799,-0.4668695745617363,0.1111111111111111,0,0.1111111111111111,0.1673597344439074,0.2696212495623417,1,0
-0.0173918084564822,-2.814764228080276,-4.959556673683751,0.0,-0.4668695745617363,0.0,0.0,-4.321258080645877,-0.8984833607624814,-0.16125119006736108,0.1111111111111111,-0.3103448275862069,-2.2159780465851675,0.0,-3.0949063951708156,0.0,-0.2844958199592799,-0.4668695745617363,0.1111111111111111,0,0.0,-0.9531238224996238,-4.755088530712135,0,1
-0.0173715695537409,-2.814764228080276,-4.190592660944623,0.3333333333333333,0.6341326826755145,0.0,0.0,-4.321258080645877,-1.059849737090677,-0.1524405360544235,0.3333333333333333,1.9963702359346642,-2.2159780465851675,0.1111111111111111,-3.0949063951708156,0.25,-0.1995849654476854,0.6341326826755145,0.0,0,0.0,1.3273719327921307,-3.0718552641788786,0,1
-0.0138164046205094,-2.814764228080276,-0.7340920878380449,0.0,-0.4668695745617363,0.1111111111111111,0.1111111111111111,-0.17106353992773332,-1.0551564669953497,1.395238633419841,0.0,1.2776769509981851,-0.3354955733535253,0.0,-3.0949063951708156,0.0,-0.2844958199592799,-0.4668695745617363,0.0,0,0.0,1.0629938337787594,-0.030311539256362482,1,0
-0.0172118275166326,-0.1559158946214444,-0.3301693396470114,0.1111111111111111,-0.4668695745617363,0.1111111111111111,0.1111111111111111,-0.12130331587691619,0.8891849585955257,-0.08289962080431196,0.1111111111111111,-0.3103448275862069,-0.12274782951552894,0.0,-0.24959447327614714,0.0,-0.2844958199592799,-0.4668695745617363,0.1111111111111111,0,0.1111111111111111,-0.9531238224996238,0.13341011225181146,1,0
-0.014356541154847,-2.814764228080276,-0.05667850433970106,0.0,-0.4668695745617363,0.0,0.0,-4.321258080645877,-0.9749795146358085,1.1600995952694124,0.0,-0.17422867513611615,-2.2159780465851675,0.0,0.5061084552445859,0.0,-0.2844958199592799,-0.4668695745617363,0.0,0,0.0,-0.2847917733012345,0.7177579864408934,1,0
-0.0171832827663659,-2.814764228080276,-1.0802804531790908,0.3333333333333333,0.083631554056889,0.1111111111111111,0.1111111111111111,-4.321258080645877,0.2361758964345333,-0.07047316064977553,0.1111111111111111,-0.3484573502722323,-2.2159780465851675,0.05555555555555555,-3.0949063951708156,0.25,0.4796657853361687,0.0836315540568891,0.1111111111111111,0,0.1111111111111111,-1.666848273078999,0.13269360901044008,0,1
-0.0126577450223526,-1.8584428480870403,1.702319774475024,0.0,-0.4668695745617363,0.0,0.0,-4.321258080645877,-0.8400022028762595,1.899640920868354,0.0,2.5480943738656987,0.46721735756965344,0.0,-2.146606299777608,0.0,-0.2844958199592799,-0.4668695745617363,0.0,0,0.0,1.486110633212629,-0.13420324118399174,1,0
-0.0111723458972876,-2.814764228080276,0.8967794524759559,0.0,-0.1916190102524236,0.0,0.0,1.6251313776386225,-0.9673198011892192,2.546283573851776,0.0,0.3702359346642468,-2.2159780465851675,0.027777777777777776,0.9100135964128244,0.125,-0.2462860203394923,-0.1916190102524235,0.2222222222222222,0,0.0,0.5191192900072952,-4.755088530712135,1,0
-0.0171350102400664,-0.1559158946214444,-0.21674623252807326,0.1111111111111111,-0.4668695745617363,0.1111111111111111,0.1111111111111111,0.07491943898225609,0.5711575994075108,-0.04945855659771485,0.1111111111111111,-0.3103448275862069,0.08711210020847432,0.0,-0.08274428171137979,0.0,-0.2844958199592799,-0.4668695745617363,0.1111111111111111,0,0.1111111111111111,-0.9531238224996238,0.050275059679505366,1,0
-0.0142822784692434,-2.814764228080276,-1.7342699187529018,0.0,-0.1916190102524236,0.1111111111111111,0.1111111111111111,-0.9297151947219351,-1.032673055408117,1.192428562767796,0.0,-0.3484573502722323,-0.40756547145368716,0.027777777777777776,-3.0949063951708156,0.125,0.0975849826884444,-0.1916190102524235,0.2222222222222222,0,0.0,-1.666848273078999,-4.755088530712135,0,1
-0.014426206703052,0.13847026145079377,0.5653464562544375,0.1111111111111111,-0.4668695745617363,0.1111111111111111,0.1111111111111111,0.12475366753727371,-0.7961121774661064,1.129771911515799,0.1111111111111111,-0.20871143375680581,0.8134941753891984,0.0,0.11020490346463009,0.0,-0.2844958199592799,-0.4668695745617363,0.0,0,0.1111111111111111,-0.3945035917891138,0.47521785360088037,1,0
-0.0173918084564822,-2.814764228080276,-4.959556673683751,0.0,-0.1916190102524236,0.0,0.0,-4.321258080645877,-1.06385683154724,-0.16125119006736108,0.0,1.1705989110707804,-2.2159780465851675,0.027777777777777776,-3.0949063951708156,0.125,-0.2581441931243478,-0.1916190102524235,0.2222222222222222,0,0.0,1.0152348983243975,-4.755088530712135,0,1
-0.0172234834268224,-2.814764228080276,-0.7416913489668269,0.1111111111111111,-0.4668695745617363,0.1111111111111111,0.1111111111111111,-0.08763876442566432,-0.3790519654845485,-0.08797381841280602,0.1111111111111111,-0.2395644283121597,-2.2159780465851675,0.0,-0.24877243408383018,0.0,-0.2844958199592799,-0.4668695745617363,0.1111111111111111,0,0.0,-0.5135592262370264,-0.13127304604343448,1,0
-0.0103627612854655,1.3859367725950993,1.4066385855629433,0.0,-0.1916190102524236,0.0,0.0,1.0189403510475612,-0.9879414820779812,2.8987221422939795,0.0,4.181488203266787,0.405235013504655,0.027777777777777776,1.377177052225904,0.125,-0.269211854259697,-0.1916190102524235,0.2222222222222222,0,0.0,1.8373853869087895,-0.7378859766215805,1,0
-0.0172292159801223,-2.814764228080276,0.29098093697579164,0.1111111111111111,0.9093832469848272,0.3333333333333333,0.1111111111111111,0.6672928945168949,0.7236777798837892,-0.09046938570627497,0.3333333333333333,0.1088929219600726,0.28159041781431604,0.1388888888888889,0.60649715932867,0.25,-0.0456848708478014,0.9093832469848272,0.2222222222222222,0,0.1111111111111111,0.2439439807007004,-4.755088530712135,0,1
-0.0173918084564822,-2.814764228080276,-4.959556673683751,0.8888888888888888,8.341148483336271,0.8888888888888888,0.8888888888888888,-4.321258080645877,-1.0599909160314391,-0.16125119006736108,0.3333333333333333,-0.13611615245009073,-2.2159780465851675,0.8888888888888888,-3.0949063951708156,0.875,1.9386106998017067,8.34114848333627,0.3333333333333333,1,0.8888888888888888,-0.1828566844305228,-4.755088530712135,0,1
-0.0173918084564822,-2.814764228080276,-4.959556673683751,0.0,-0.4668695745617363,0.0,0.0,-4.321258080645877,-1.06385683154724,-0.16125119006736108,0.0,0.05263157894736842,-2.2159780465851675,0.0,-3.0949063951708156,0.0,-0.2844958199592799,-0.4668695745617363,0.0,0,0.0,0.1673597344439074,-4.755088530712135,1,0
-0.0134621882915014,-2.814764228080276,-0.7785033105672183,0.3333333333333333,0.083631554056889,0.1111111111111111,0.1111111111111111,-4.321258080645877,-1.052781367832336,1.5494405464644398,0.0,0.3702359346642468,-2.2159780465851675,0.05555555555555555,-3.0949063951708156,0.25,-0.2080762207197047,0.0836315540568891,0.0,0,0.0,0.5191192900072952,0.04286393398568506,1,0
-0.0171723834050312,-0.23033526864587336,-0.6224381233584007,0.1111111111111111,0.3588821183662018,0.1111111111111111,0.1111111111111111,-0.24661117247792613,1.469305250154188,-0.06572831341621392,0.3333333333333333,-0.3484573502722323,-0.11943651489904251,0.08333333333333333,-0.08274428171137979,0.25,0.861746587983893,0.3588821183662018,0.2222222222222222,0,0.1111111111111111,-1.666848273078999,-4.755088530712135,0,1
-0.016458009853147,1.349257155695728,1.0017690625035696,0.1111111111111111,0.3588821183662018,0.1111111111111111,0.1111111111111111,0.12475366753727371,1.9675522868887796,0.24526177740625216,0.3333333333333333,-0.3103448275862069,0.2099103637100951,0.08333333333333333,0.08797594153880627,0.25,0.1740148978517919,0.3588821183662018,0.2222222222222222,0,0.1111111111111111,-0.9531238224996238,-4.755088530712135,0,1
-0.0169626617250349,-0.3619791398249584,-0.3152005538387588,0.1111111111111111,-0.4668695745617363,0.1111111111111111,0.1111111111111111,-0.2657090919451877,0.3336721119266345,0.025570369377182524,0.1111111111111111,-0.3393829401088929,-0.12274782951552894,0.0,-0.4844103108749886,0.0,-0.2844958199592799,-0.4668695745617363,0.1111111111111111,0,0.1111111111111111,-1.3723900433022265,0.4723188152851324,1,0
-0.0170806650594168,-2.814764228080276,-0.5374074643957685,0.1111111111111111,0.9093832469848272,0.3333333333333333,0.1111111111111111,-0.29205669657563127,-0.8863600425126499,-0.025800328180102666,0.3333333333333333,0.604355716878403,0.026463814656494562,0.1388888888888889,0.20258527999812884,0.25,-0.1183661480500896,0.9093832469848272,0.2222222222222222,0,0.1111111111111111,0.6999923241170234,-4.755088530712135,0,1
-0.0152356369728672,-0.5176949796124348,-0.8763976240772376,0.0,-0.4668695745617363,0.0,0.0,-0.27803738391473914,-1.0465443319519294,0.7774005331797246,0.0,0.3702359346642468,-0.40756547145368716,0.0,-0.6367449288562597,0.0,-0.2844958199592799,-0.4668695745617363,0.0,0,0.0,0.5191192900072952,-0.6071901157331824,1,0
-0.0173918084564822,-2.814764228080276,-4.959556673683751,0.0,-0.4668695745617363,0.0,0.0,-4.321258080645877,-1.06385683154724,-0.16125119006736108,0.0,0.05263157894736842,-2.2159780465851675,0.0,-3.0949063951708156,0.0,-0.2844958199592799,-0.4668695745617363,0.0,0,0.0,0.1673597344439074,-4.755088530712135,1,0
-0.0137955154380804,-2.814764228080276,-0.5287714812258132,0.0,-0.4668695745617363,0.0,0.0,-4.321258080645877,-1.0549064264315962,1.4043323753755432,0.0,2.5480943738656987,0.24306195252223553,0.0,0.17813185395678188,0.0,-0.2844958199592799,-0.4668695745617363,0.0,0,0.0,1.486110633212629,-4.755088530712135,1,0
-0.0172445100553929,0.11065092629307056,-0.15261272446082014,0.1111111111111111,0.6341326826755145,0.1111111111111111,0.1111111111111111,0.034048522542284965,0.9059922268871072,-0.09712739515371688,0.3333333333333333,-0.2395644283121597,0.2099103637100951,0.1111111111111111,0.035666533899452305,0.25,0.0975993105394455,0.6341326826755145,0.3333333333333333,0,0.1111111111111111,-0.5135592262370264,-4.755088530712135,0,1
-0.014696773022962,1.003554437073374,0.3677298169081725,0.0,-0.1916190102524236,0.0,0.0,-4.321258080645877,-0.415254977126825,1.0119855738492345,0.0,-0.3393829401088929,0.2970476903638747,0.027777777777777776,-3.0949063951708156,0.125,-0.029771039660052,-0.1916190102524235,0.2222222222222222,0,0.1111111111111111,-1.3723900433022265,-4.755088530712135,0,1
-0.017283223935656,-2.814764228080276,-1.6882064814575903,0.0,-0.4668695745617363,0.0,0.0,-4.321258080645877,-0.6797556833462516,-0.11398080903971017,0.0,-0.3103448275862069,-2.2159780465851675,0.0,-3.0949063951708156,0.0,-0.2844958199592799,-0.4668695745617363,0.0,0,0.0,-0.9531238224996238,-0.4608380511121482,1,0
-0.014850055820175,0.26663088282169384,0.4541406133496498,0.0,-0.4668695745617363,0.1111111111111111,0.1111111111111111,1.1606494565935317,-0.9730035405954915,0.9452565762525614,0.0,0.8711433756805808,0.37212103091592347,0.0,0.035666533899452305,0.0,-0.2844958199592799,-0.4668695745617363,0.0,0,0.1111111111111111,0.8643003776574393,0.02436690244256856,1,0
-0.0173918084564822,-2.814764228080276,-4.959556673683751,0.0,-0.1916190102524236,0.0,0.0,-4.321258080645877,-1.06385683154724,-0.16125119006736108,0.0,0.0,-2.2159780465851675,0.027777777777777776,-3.0949063951708156,0.125,-0.2299105088989508,-0.1916190102524235,0.2222222222222222,0,0.0,0.0869332819236188,-4.755088530712135,0,1
0.9484348927411452,-2.814764228080276,-1.5151909063715798,0.0,-0.1916190102524236,0.0,0.0,-4.321258080645877,-1.06385683154724,420.29459117978575,0.0,-0.04900181488203267,-0.0403134978129906,0.027777777777777776,-3.0949063951708156,0.125,-0.2257116711161392,-0.1916190102524235,0.2222222222222222,0,0.0,0.0021753538983214,-4.755088530712135,0,1
-0.0172223625404902,-0.2050604039136025,-0.4944678432424688,0.3333333333333333,1.4598843756034523,0.1111111111111111,0.3333333333333333,-0.39556095327027846,1.608779069717203,-0.08748586005921069,0.3333333333333333,-0.3393829401088929,-2.2159780465851675,0.19444444444444442,-2.2385060743577045,0.25,1.498577642135315,1.4598843756034523,0.2222222222222222,0,0.1111111111111111,-1.3723900433022265,-0.16893244176358863,0,1
-0.0164648342663129,1.1652888225029694,0.6138287195795089,0.1111111111111111,-0.4668695745617363,0.0,0.1111111111111111,-0.17451544784022996,1.70850581786421,0.2422908879259925,0.1111111111111111,-0.3393829401088929,-0.1242650198246356,0.0,-0.24959447327614714,0.0,-0.2844958199592799,-0.4668695745617363,0.1111111111111111,0,0.1111111111111111,-1.3723900433022265,-0.20902154212594073,1,0
-0.0161749179553296,0.6628453682948996,1.9440636010567385,0.1111111111111111,0.083631554056889,0.1111111111111111,0.1111111111111111,2.752544849970637,-0.0466168528841568,0.36850090738400615,0.0,4.181488203266787,0.10475797555058271,0.05555555555555555,0.5383098281013017,0.25,-0.2539278885601141,0.0836315540568891,0.3333333333333333,1,0.0,1.8373853869087895,1.4935352323127615,1,0
-0.0135778989388331,-0.4929187206278991,-1.0691049351310837,0.0,-0.4668695745617363,0.0,0.0,-0.8931339096976113,-0.9915199205336076,1.4990679303060017,0.0,-0.3484573502722323,-2.2159780465851675,0.0,-0.6102311242960189,0.0,-0.2844958199592799,-0.4668695745617363,0.0,0,0.0,-1.666848273078999,-1.005124285491743,1,0
-0.0172469492096924,-0.1404669937593093,-0.32624358018341704,0.1111111111111111,-0.4668695745617363,0.1111111111111111,0.1111111111111111,-0.005402188470527549,1.37767929146847,-0.09818923852002467,0.1111111111111111,-0.3103448275862069,-0.10001349842747216,0.0,-0.07892079206047088,0.0,-0.2844958199592799,-0.4668695745617363,0.1111111111111111,0,0.1111111111111111,-0.9531238224996238,-0.09473108464626209,1,0
-0.0167161307793073,-0.1559158946214444,0.028205219420591853,0.0,0.3588821183662018,0.1111111111111111,0.0,-0.7125536743116083,1.2161969338249732,0.13289332527354786,0.3333333333333333,-0.3484573502722323,-0.22853092100745945,0.08333333333333333,0.7615289323869556,0.25,0.861746587983893,0.3588821183662018,0.2222222222222222,0,0.1111111111111111,-1.666848273078999,-4.755088530712135,0,1
-0.0154321218727893,0.732265433194735,0.1617047603534066,0.0,-0.4668695745617363,0.0,0.0,-0.9297151947219351,-0.949855923369839,0.691864252181012,0.0,0.16878402903811252,-2.2159780465851675,0.0,-0.4666097226605012,0.0,-0.2844958199592799,-0.4668695745617363,0.1111111111111111,0,0.0,0.3170934418812415,0.19408225987763025,1,0
-0.0172249366908927,-2.814764228080276,-0.4306715932514936,0.3333333333333333,2.8361371971500167,0.3333333333333333,0.3333333333333333,-0.29205669657563127,-0.1640744041445883,-0.08860647162909363,0.3333333333333333,-0.17422867513611615,-2.2159780465851675,0.3333333333333333,-0.11113881133048968,0.25,0.6325347857855188,2.836137197150016,0.3333333333333333,1,0.3333333333333333,-0.2847917733012345,-0.030311539256362482,0,1
-0.016159905772588,0.11314312750537367,1.075131019037924,0.1111111111111111,-0.4668695745617363,0.1111111111111111,0.1111111111111111,0.2302049634480048,0.5471350101042682,0.37503619982583,0.1111111111111111,-0.2395644283121597,0.2118225650949124,0.0,0.20979524099077654,0.0,-0.2844958199592799,-0.4668695745617363,0.1111111111111111,0,0.1111111111111111,-0.5135592262370264,2.114011157279568,1,0
-0.0167511274212093,-2.814764228080276,-0.04499141665336347,0.1111111111111111,-0.4668695745617363,0.0,0.0,-0.3040096120661585,-0.2061827624944009,0.11765814640264141,0.1111111111111111,-0.3103448275862069,-2.2159780465851675,0.0,0.035666533899452305,0.0,-0.2844958199592799,-0.4668695745617363,0.1111111111111111,0,0.0,-0.9531238224996238,0.9698125877403967,1,0
-0.0119764432745662,0.20229314243611982,0.26228415157412566,0.0,-0.4668695745617363,0.0,0.0,-0.04381009225418542,-1.0373737693067375,2.1962337774526755,0.0,1.3883847549909256,0.4483305145682428,0.0,0.2103343006209019,0.0,-0.2844958199592799,-0.4668695745617363,0.0,0,0.0,1.1095988810204689,0.43157623042805493,1,0
-0.0173918084564822,-2.814764228080276,-4.959556673683751,0.0,-0.1916190102524236,0.0,0.0,-4.321258080645877,-1.06385683154724,-0.16125119006736108,0.0,1.2776769509981851,-2.2159780465851675,0.027777777777777776,-3.0949063951708156,0.125,-0.2590225777575635,-0.1916190102524235,0.2222222222222222,0,0.0,1.0629938337787594,-4.755088530712135,0,1
-0.0162334828762445,0.11065092629307056,0.843826335561442,0.1111111111111111,-0.4668695745617363,0.1111111111111111,0.1111111111111111,-0.0019843095974738842,-0.1096707131866816,0.3430056884942437,0.1111111111111111,-0.17422867513611615,0.9946219907874464,0.0,0.035666533899452305,0.0,-0.2844958199592799,-0.4668695745617363,0.1111111111111111,0,0.1111111111111111,-0.2847917733012345,0.10832488669182568,1,0
-0.0171054761330424,-2.814764228080276,-0.6633311381538811,0.1111111111111111,0.6341326826755145,0.1111111111111111,0.3333333333333333,0.315879223095951,-0.8615470300929748,-0.03660139720049328,0.1111111111111111,0.2323049001814882,-2.2159780465851675,0.1111111111111111,-3.0949063951708156,0.25,-0.1146745826604397,0.6341326826755145,0.3333333333333333,0,0.1111111111111111,0.3871513198050401,-0.20902154212594073,0,1
-0.017225708198263,0.11065092629307056,0.15260017882865953,0.1111111111111111,-0.4668695745617363,0.1111111111111111,0.1111111111111111,0.3773517697938406,1.1902722654774864,-0.0889423339332478,0.1111111111111111,-0.17422867513611615,0.08711210020847432,0.0,0.3057208687291216,0.0,-0.2844958199592799,-0.4668695745617363,0.1111111111111111,0,0.1111111111111111,-0.2847917733012345,0.4306891230085945,1,0
-0.0172928921484535,0.279245976012492,0.13642997701728413,0.1111111111111111,0.3588821183662018,0.1111111111111111,0.1111111111111111,0.40228710157988096,0.7813891337797801,-0.11818969718800158,0.3333333333333333,0.3702359346642468,0.20275940500071216,0.08333333333333333,0.20258527999812884,0.25,-0.1698664210999171,0.3588821183662018,0.2222222222222222,0,0.1111111111111111,0.5191192900072952,-4.755088530712135,0,1
-0.0150329559174494,0.1452097780638525,-0.10191838960246757,0.1111111111111111,-0.4668695745617363,0.0,0.0,-0.38209803763669675,-1.0342623455313271,0.8656342026179568,0.1111111111111111,1.9963702359346642,-0.1994976106309844,0.0,-0.12519211703339067,0.0,-0.2844958199592799,-0.4668695745617363,0.1111111111111111,0,0.0,1.3273719327921307,-0.39715284049189586,1,0
-0.0170428245332561,0.11065092629307056,-0.3555039723323022,0.1111111111111111,0.083631554056889,0.1111111111111111,0.1111111111111111,-0.1653565554017613,0.5495209880091894,-0.009327113800273564,0.1111111111111111,-0.3393829401088929,0.0,0.05555555555555555,-0.05618178943457677,0.25,0.2249537406391757,0.0836315540568891,0.1111111111111111,0,0.3333333333333333,-1.3723900433022265,-0.20902154212594073,1,0
-0.0172462888277832,0.07437429057655615,0.5477000120583102,0.1111111111111111,-0.4668695745617363,0.1111111111111111,0.1111111111111111,0.967179037663962,0.5833895887040046,-0.09790175275101011,0.1111111111111111,1.1705989110707804,0.08711210020847432,0.0,0.47402373116471624,0.0,-0.2844958199592799,-0.4668695745617363,0.1111111111111111,0,0.1111111111111111,1.0152348983243975,1.0118628706679804,1,0
-0.0170149141601606,-2.814764228080276,-0.8056590892710066,0.3333333333333333,1.18463381129414,0.1111111111111111,0.1111111111111111,-4.321258080645877,1.1491829131079443,0.002823181295325318,0.3333333333333333,-0.35390199637023595,-2.2159780465851675,0.16666666666666666,-0.24959447327614714,0.25,4.300244586254379,1.18463381129414,0.3333333333333333,1,0.1111111111111111,-2.102083711231995,0.22160843477979358,0,1
-0.0173918084564822,-2.814764228080276,-4.959556673683751,0.0,-0.4668695745617363,0.0,0.0,-4.321258080645877,-1.06385683154724,-0.16125119006736108,0.0,-0.3484573502722323,-2.2159780465851675,0.0,-3.0949063951708156,0.0,-0.2844958199592799,-0.4668695745617363,0.0,0,0.0,-1.666848273078999,-4.755088530712135,0,1
-0.0059872884346786,0.40710342996011545,1.0524881595541893,0.0,-0.1916190102524236,0.0,0.1111111111111111,0.5070233218978856,-1.015869049429993,4.80350808470248,0.0,1.0671506352087115,1.0579573778856701,0.027777777777777776,-3.0949063951708156,0.125,-0.2572030669556937,-0.1916190102524235,0.2222222222222222,0,0.0,0.9662521913648202,0.5479226340652946,1,0
-0.0159195848982857,1.0963391462974434,0.7950146571058243,0.1111111111111111,-0.1916190102524236,0.0,0.1111111111111111,0.2283146734498298,0.0952969385148388,0.4796557092248806,0.0,-0.29038112522686027,0.08711210020847432,0.027777777777777776,0.20532086958857654,0.125,-0.1571313071385413,-0.1916190102524235,0.2222222222222222,0,0.1111111111111111,-0.7891132362483021,1.1638796768439559,1,0
-0.0166548479479908,-2.814764228080276,-0.3247400746497875,0.1111111111111111,0.083631554056889,0.3333333333333333,0.1111111111111111,-0.1653565554017613,-0.5828090298159181,0.15957173914635375,0.1111111111111111,-0.3103448275862069,-0.12274782951552894,0.05555555555555555,0.035666533899452305,0.25,0.0211779919147679,0.0836315540568891,0.1111111111111111,0,0.1111111111111111,-0.9531238224996238,-0.030311539256362482,1,0
-0.0173264303436963,-2.814764228080276,-1.625949239908063,0.3333333333333333,0.9093832469848272,0.1111111111111111,0.1111111111111111,-4.321258080645877,-0.8683956906871642,-0.13278996669275375,0.3333333333333333,0.2323049001814882,-2.2159780465851675,0.1388888888888889,-1.1821534871025023,0.25,-0.0722192733357296,0.9093832469848272,0.2222222222222222,0,0.0,0.3871513198050401,-0.4608380511121482,0,1
-0.0144053045753102,-2.814764228080276,-0.9126736172038274,0.0,-0.4668695745617363,0.1111111111111111,0.1111111111111111,-0.12305762616024334,-1.0166261682911126,1.1388712889880936,0.0,-0.3103448275862069,-0.40756547145368716,0.0,-3.0949063951708156,0.0,-0.2844958199592799,-0.4668695745617363,0.0,0,0.0,-0.9531238224996238,-0.5720553842979529,1,0
-0.0170899840626759,-0.8838538746613914,-0.5862641898713474,0.3333333333333333,0.083631554056889,0.1111111111111111,0.1111111111111111,-4.321258080645877,0.8851764252936155,-0.029857194034489956,0.1111111111111111,-0.3484573502722323,-2.2159780465851675,0.05555555555555555,-0.24959447327614714,0.25,0.4796657853361687,0.0836315540568891,0.1111111111111111,0,0.1111111111111111,-1.666848273078999,0.472457171767186,0,1
-0.0172301812853441,0.4474646423331391,0.48894933906119814,0.1111111111111111,-0.4668695745617363,0.1111111111111111,0.1111111111111111,0.5890391089691536,1.5514004047837722,-0.09088961453166965,0.1111111111111111,0.05263157894736842,0.3646410847315479,0.0,0.38178659260129216,0.0,-0.2844958199592799,-0.4668695745617363,0.1111111111111111,0,0.1111111111111111,0.1673597344439074,0.5933902626275104,1,0
-0.0171867272767671,0.6440248573130932,0.33792005267658676,0.1111111111111111,1.18463381129414,0.3333333333333333,0.3333333333333333,0.7855237563847912,0.6793403363313414,-0.07197266829490064,0.1111111111111111,0.0,-2.2159780465851675,0.16666666666666666,-3.0949063951708156,0.25,0.0430160464026946,1.18463381129414,0.1111111111111111,0,0.3333333333333333,0.0869332819236188,0.5390376728716304,0,1
-0.01706347886915,0.7665693051245074,1.3814925103729825,0.1111111111111111,-0.4668695745617363,0.1111111111111111,0.1111111111111111,1.699982794383183,0.7962461158948069,-0.018318619404810964,0.1111111111111111,2.8457350272232307,0.6974607393259981,0.0,0.865308799347172,0.0,-0.2844958199592799,-0.4668695745617363,0.1111111111111111,0,0.1111111111111111,1.561142456786503,1.0831271999142824,1,0
-0.0172672340143062,0.46317186353556355,0.45875928547961264,0.1111111111111111,0.3588821183662018,0.1111111111111111,0.1111111111111111,0.7096586071884762,0.9589211157155484,-0.10701987511416976,0.3333333333333333,0.6896551724137931,0.41987118661557327,0.08333333333333333,0.4129095728616361,0.25,-0.1889712413063934,0.3588821183662018,0.2222222222222222,0,0.1111111111111111,0.7564222381735122,-4.755088530712135,0,1
-0.0172189585307383,-2.814764228080276,-0.7448725090018657,0.1111111111111111,1.7351349399127654,0.3333333333333333,0.1111111111111111,-0.24661117247792613,1.5902841271302854,-0.08600398366677411,0.3333333333333333,-0.3484573502722323,-2.2159780465851675,0.2222222222222222,-0.08274428171137979,0.25,2.7721506012225148,1.7351349399127651,0.3333333333333333,1,0.3333333333333333,-1.666848273078999,-4.755088530712135,0,1
-0.0172136890723393,0.19648970813407893,-0.4758391031030867,0.3333333333333333,2.8361371971500167,0.3333333333333333,0.3333333333333333,0.05240519291336771,1.5539545576673397,-0.08371001667744014,0.3333333333333333,-0.3393829401088929,-1.6264017692652197,0.3333333333333333,-3.0949063951708156,0.25,2.7722015436314544,2.836137197150016,0.3333333333333333,1,0.3333333333333333,-1.3723900433022265,-0.4608380511121482,0,1
-0.0171548696914303,-2.814764228080276,0.1819983274819128,0.3333333333333333,2.2856360685313915,0.3333333333333333,0.3333333333333333,0.18912502360221406,1.0044669610897816,-0.05810402305860275,0.3333333333333333,-0.2395644283121597,0.4346513371580695,0.2777777777777778,0.0931994550166687,0.25,0.6707420062875338,2.2856360685313906,0.3333333333333333,0,0.1111111111111111,-0.5135592262370264,0.48722126621412404,0,1
-0.012978282022982,-2.814764228080276,-2.147635787604257,0.0,-0.1916190102524236,0.0,0.0,-4.321258080645877,-1.062767825023121,1.7601007171825391,0.0,0.44464609800362975,-2.2159780465851675,0.027777777777777776,-3.0949063951708156,0.125,-0.2481055259427889,-0.1916190102524235,0.2222222222222222,0,0.0,0.5814972662319737,-4.755088530712135,0,1
-0.0165705440645965,-2.814764228080276,-2.0458489315392145,0.1111111111111111,0.083631554056889,0.1111111111111111,0.1111111111111111,-1.4007986183065364,-1.0598457995592752,0.19627196731736687,0.3333333333333333,1.9963702359346642,-0.400670507800158,0.05555555555555555,-3.0949063951708156,0.25,-0.2420403927034826,0.0836315540568891,0.0,0,0.0,1.3273719327921307,-4.755088530712135,1,0
-0.0173918084564822,-2.814764228080276,-4.959556673683751,0.0,-0.1916190102524236,0.0,0.0,-4.321258080645877,-1.06385683154724,-0.16125119006736108,0.0,8.793103448275861,-2.2159780465851675,0.027777777777777776,-3.0949063951708156,0.125,-0.2737324574657663,-0.1916190102524235,0.2222222222222222,1,0.0,2.43337711773284,-4.755088530712135,0,1
-0.0157367360439196,-2.814764228080276,-1.5884836615060132,0.3333333333333333,0.083631554056889,0.1111111111111111,0.1111111111111111,-4.321258080645877,-0.9901497243093126,0.5592557751513515,0.0,-0.3484573502722323,-2.2159780465851675,0.05555555555555555,-3.0949063951708156,0.25,0.4796657853361687,0.0836315540568891,0.0,0,0.0,-1.666848273078999,-0.3633400109731043,1,0
-0.017215238095976,0.26663088282169384,0.1819983274819128,0.1111111111111111,-0.4668695745617363,0.1111111111111111,0.1111111111111111,0.2283146734498298,1.4032327846239474,-0.08438435715403066,0.1111111111111111,-0.20871143375680581,0.2099103637100951,0.0,0.20258527999812884,0.0,-0.2844958199592799,-0.4668695745617363,0.1111111111111111,0,0.1111111111111111,-0.3945035917891138,0.4306891230085945,1,0
-0.0171468270268831,-0.15553161896833645,-0.2741608559530529,0.1111111111111111,0.083631554056889,0.1111111111111111,0.3333333333333333,0.2283146734498298,1.546851468056743,-0.054602789045381996,0.1111111111111111,-0.3393829401088929,-0.06755808087248778,0.05555555555555555,-3.0949063951708156,0.25,0.2249537406391757,0.0836315540568891,0.1111111111111111,0,0.1111111111111111,-1.3723900433022265,-0.20902154212594073,0,1
-0.0172130068222503,0.46317186353556355,0.6347115928935126,0.1111111111111111,-0.4668695745617363,0.1111111111111111,0.1111111111111111,0.5185005985703939,0.9613036256727012,-0.08341301097701252,0.1111111111111111,0.5226860254083484,0.3765219353213134,0.0,0.5209430600168321,0.0,-0.2844958199592799,-0.4668695745617363,0.1111111111111111,0,0.1111111111111111,0.6417328970763176,0.6523419284522012,1,0
-0.0172288948453606,-2.814764228080276,0.021709742544666878,0.1111111111111111,0.083631554056889,0.3333333333333333,0.1111111111111111,0.12882857412027715,1.610726719639619,-0.09032958527769788,0.1111111111111111,-0.26678765880217786,0.08483231314200733,0.05555555555555555,0.4845376147355317,0.25,-0.0661561352760001,0.0836315540568891,0.1111111111111111,0,0.1111111111111111,-0.6440902286753902,0.08062737668265434,1,0
-0.0139969211227316,0.46317186353556355,0.4920798286247737,0.0,-0.4668695745617363,0.0,0.0,0.8206357641906301,-1.0117226032769686,1.316653916400342,0.0,1.9963702359346642,0.3878422123814732,0.0,0.32103038572429976,0.0,-0.2844958199592799,-0.4668695745617363,0.0,0,0.0,1.3273719327921307,0.1434536682556073,1,0
-0.0172037951157037,-0.3522519488626691,-0.43005146393026217,0.1111111111111111,-0.4668695745617363,0.1111111111111111,0.1111111111111111,0.07739427150690893,0.5348888347862587,-0.07940285487871686,0.1111111111111111,-0.3103448275862069,-0.2773172181738604,0.0,-0.16141431604005146,0.0,-0.2844958199592799,-0.4668695745617363,0.1111111111111111,0,0.1111111111111111,-0.9531238224996238,-0.07272942908755821,1,0
-0.0172273314112813,-0.5614278860176968,-1.1526034040733422,0.3333333333333333,1.4598843756034523,0.1111111111111111,0.3333333333333333,-0.31671326833823454,-0.0829532305769651,-0.08964897146574881,0.4444444444444444,-0.3393829401088929,-0.4284137440999439,0.19444444444444442,-1.1901506606821763,0.375,1.498577642135315,1.4598843756034523,0.0,0,0.1111111111111111,-1.3723900433022265,-4.755088530712135,0,1
-0.0151438388021886,0.5976662925656756,-0.44031640690200713,0.0,0.083631554056889,0.0,0.0,-4.321258080645877,-0.8445587833477873,0.8173632688680232,0.0,-0.3393829401088929,-2.2159780465851675,0.05555555555555555,-3.0949063951708156,0.25,0.2249537406391757,0.0836315540568891,0.0,0,0.3333333333333333,-1.3723900433022265,-4.755088530712135,0,1
-0.017218771067847,-0.4222907216928031,-0.6333004405434185,0.1111111111111111,-0.4668695745617363,0.1111111111111111,0.1111111111111111,-0.12870809558806698,0.1993885871707572,-0.08592237496018786,0.1111111111111111,-0.3103448275862069,-0.3324566083412547,0.0,-0.5346500221847261,0.0,-0.2844958199592799,-0.4668695745617363,0.1111111111111111,0,0.1111111111111111,-0.9531238224996238,-0.09576559222442006,1,0
-0.0126867257952098,0.36609003545003416,0.38020175655219085,0.0,-0.4668695745617363,0.0,0.0,0.5901419636856501,-1.023265415045912,1.887024645868832,0.0,1.0671506352087115,0.2582407089742879,0.0,0.4466529204004928,0.0,-0.2844958199592799,-0.4668695745617363,0.0,0,0.0,0.9662521913648202,0.33438084046381855,1,0
0.120530892590399,0.11065092629307056,-0.5470119890825117,0.0,-0.1916190102524236,0.0,0.0,-0.39556095327027846,-1.063352828927813,59.88099591149202,0.0,0.2323049001814882,0.08711210020847432,0.027777777777777776,-3.0949063951708156,0.125,-0.2420405106345698,-0.1916190102524235,0.2222222222222222,0,0.0,0.3871513198050401,-4.755088530712135,1,0
-0.0171414540593646,0.5339026090446802,0.858760281358899,0.1111111111111111,-0.4668695745617363,0.1111111111111111,0.1111111111111111,0.5930392708566061,1.1957692926250671,-0.05226376116262375,0.1111111111111111,0.3702359346642468,0.4276467793910213,0.0,0.45780569338170607,0.0,-0.2844958199592799,-0.4668695745617363,0.1111111111111111,0,0.1111111111111111,0.5191192900072952,1.5393357743649156,1,0
-0.0170900301974045,-0.3256572140778396,-0.38122862158060616,0.1111111111111111,0.083631554056889,0.1111111111111111,0.1111111111111111,-0.2045326901872562,1.6241610475723327,-0.0298772779855543,0.1111111111111111,-0.3484573502722323,0.08711210020847432,0.05555555555555555,-0.14163693776056305,0.25,0.4796657853361687,0.0836315540568891,0.3333333333333333,0,0.1111111111111111,-1.666848273078999,-0.17871493032359645,0,1
-0.0172553565560348,0.377313852074737,0.33287173608397175,0.1111111111111111,0.3588821183662018,0.1111111111111111,0.1111111111111111,0.7096586071884762,1.5354594268902215,-0.10184923040478573,0.3333333333333333,0.0,0.3515170225229502,0.08333333333333333,0.3130271571212327,0.25,-0.1207398867782926,0.3588821183662018,0.2222222222222222,0,0.1111111111111111,0.0869332819236188,-4.755088530712135,0,1
-0.0168501312215617,-2.814764228080276,-0.0038955611259121783,0.1111111111111111,-0.4668695745617363,0.1111111111111111,0.1111111111111111,-0.1653565554017613,0.739256953727288,0.07455856526314508,0.1111111111111111,-0.3393829401088929,-2.2159780465851675,0.0,-0.26681830039097415,0.0,-0.2844958199592799,-0.4668695745617363,0.1111111111111111,0,0.0,-1.3723900433022265,1.0616281398344471,1,0
-0.0161277026506571,0.11065092629307056,0.7939608675419174,0.1111111111111111,1.18463381129414,0.3333333333333333,0.3333333333333333,1.0613720072233828,0.5534579130772332,0.3890552684036687,0.1111111111111111,-0.3103448275862069,0.3646410847315479,0.16666666666666666,-3.0949063951708156,0.25,0.6325256156628638,1.18463381129414,0.1111111111111111,0,0.3333333333333333,-0.9531238224996238,1.6101711821029665,0,1
-0.0154760931378029,-0.021078616693130884,1.1338741640157515,0.0,-0.4668695745617363,0.1111111111111111,0.0,0.3996321865473891,-0.6311837394501111,0.6727221273583776,0.0,0.44464609800362975,0.3646410847315479,0.0,1.4743803809496074,0.0,-0.2844958199592799,-0.4668695745617363,0.0,0,0.1111111111111111,0.5814972662319737,0.6559565979824546,1,0
-0.0172564538670649,0.33795014905989007,0.16812816845838777,0.1111111111111111,0.6341326826755145,0.1111111111111111,0.1111111111111111,0.41045312162911873,1.77039402722309,-0.10232692566101151,0.3333333333333333,-0.17422867513611615,0.24790977229000014,0.1111111111111111,0.3160596459930095,0.25,0.0211810486223196,0.6341326826755145,0.3333333333333333,0,0.1111111111111111,-0.2847917733012345,-4.755088530712135,0,1
-0.0088900611635799,-2.814764228080276,0.018690758944721844,0.0,-0.1916190102524236,0.0,0.0,-0.031115273139600514,-1.048978889809297,3.5398365052928087,0.0,0.6896551724137931,0.466568897013319,0.027777777777777776,-3.0949063951708156,0.125,-0.2526542937416511,-0.1916190102524235,0.2222222222222222,0,0.0,0.7564222381735122,-1.3941717353451974,1,0
-0.0132216854910948,0.3900850926943099,-0.3034004699836733,0.0,-0.4668695745617363,0.0,0.0,-4.321258080645877,-1.0447471656722425,1.6541392542262718,0.0,0.604355716878403,0.1286466636358889,0.0,-3.0949063951708156,0.0,-0.2844958199592799,-0.4668695745617363,0.0,0,0.1111111111111111,0.6999923241170234,0.07251930409104665,1,0
-0.0169821814265968,-0.1559158946214444,-0.2210086272844761,0.3333333333333333,1.4598843756034523,0.1111111111111111,0.3333333333333333,0.2283146734498298,-0.2153699742807656,0.01707280707866889,0.3333333333333333,-0.29038112522686027,-0.12274782951552894,0.19444444444444442,-3.0949063951708156,0.25,0.60705576978589,1.4598843756034523,0.2222222222222222,0,0.1111111111111111,-0.7891132362483021,-4.755088530712135,0,1
-0.0172000667669503,0.718171388998445,1.0511047645636822,0.1111111111111111,-0.4668695745617363,0.1111111111111111,0.1111111111111111,0.9027936556230138,1.508592757016059,-0.07777978314767409,0.1111111111111111,1.3883847549909256,0.6034966390419498,0.0,0.6772126286275987,0.0,-0.2844958199592799,-0.4668695745617363,0.1111111111111111,0,0.1111111111111111,1.1095988810204689,1.1370681095927582,1,0
-0.0173918084564822,-2.814764228080276,-4.959556673683751,0.0,-0.1916190102524236,0.0,0.0,-4.321258080645877,-1.06385683154724,-0.16125119006736108,0.0,-0.09437386569872959,-2.2159780465851675,0.027777777777777776,-3.0949063951708156,0.125,-0.2208130328678629,-0.1916190102524235,0.2222222222222222,0,0.0,-0.0875094222424097,-4.755088530712135,0,1
-0.0172589112244561,0.37091243576710897,0.15046290235878346,0.1111111111111111,0.6341326826755145,0.1111111111111111,0.1111111111111111,0.5185005985703939,1.2760515173618483,-0.10339669342644119,0.3333333333333333,-0.09437386569872959,0.08711210020847432,0.1111111111111111,0.22371684890830099,0.25,-0.0297646715936118,0.6341326826755145,0.3333333333333333,0,0.1111111111111111,-0.0875094222424097,-4.755088530712135,0,1
-0.015340618692,-2.814764228080276,-0.35534640754656655,0.1111111111111111,-0.4668695745617363,0.0,0.0,-4.321258080645877,-0.8991165049077715,0.7316985691558758,0.1111111111111111,-0.3103448275862069,0.24450644761406712,0.0,-3.0949063951708156,0.0,-0.2844958199592799,-0.4668695745617363,0.1111111111111111,0,0.0,-0.9531238224996238,0.4735629163204164,1,0
-0.0171915481464175,-0.1559158946214444,-0.3961674515232114,0.3333333333333333,0.9093832469848272,0.1111111111111111,0.1111111111111111,-4.321258080645877,1.5741456017489042,-0.07407134998103529,0.3333333333333333,-0.3393829401088929,0.0,0.1388888888888889,0.035666533899452305,0.25,0.9891280815368592,0.9093832469848272,0.2222222222222222,0,0.1111111111111111,-1.3723900433022265,-0.030311539256362482,0,1
-0.0135167219802503,-1.038625707191667,-0.03984968718269513,0.1111111111111111,-0.4668695745617363,0.1111111111111111,0.0,0.521786102456892,-1.0281190884552285,1.525700254327147,0.0,0.3702359346642468,-0.5358875879471046,0.0,0.44937534932797457,0.0,-0.2844958199592799,-0.4668695745617363,0.0,0,0.0,0.5191192900072952,-0.22600553984294683,1,0
0.0035291283229216,-2.814764228080276,0.10726552827871869,0.3333333333333333,3.111387761459329,0.4444444444444444,0.3333333333333333,-4.321258080645877,-1.008292086212015,8.946314469323942,0.3333333333333333,-0.3393829401088929,0.7150259349955775,0.3611111111111111,-0.3272408554397131,0.375,3.026926323930682,3.1113877614593286,0.3333333333333333,1,0.3333333333333333,-1.3723900433022265,-4.755088530712135,0,1
-0.0133529962910855,0.03665700708458281,-0.5489290156014862,0.0,-0.4668695745617363,0.0,0.0,-0.3722061324200458,-1.0329694832936498,1.596975383157192,0.0,-0.17422867513611615,-0.266424525508948,0.0,-0.24795203242086913,0.0,-0.2844958199592799,-0.4668695745617363,0.0,0,0.0,-0.2847917733012345,-0.4352906266973334,1,0
-0.0171996183668537,0.0,-0.1898651307306654,0.3333333333333333,1.4598843756034523,0.1111111111111111,0.3333333333333333,0.39173422957051773,-0.8739683812026761,-0.07758457997088075,0.3333333333333333,6.177858439201452,0.2099103637100951,0.19444444444444442,-3.0949063951708156,0.25,-0.1953393236596071,1.4598843756034523,0.2222222222222222,0,0.1111111111111111,2.140314080450793,-4.755088530712135,0,1
-0.0171856335893341,-0.23739697199571716,-0.36239593755770255,0.1111111111111111,-0.4668695745617363,0.1111111111111111,0.1111111111111111,-0.0019843095974738842,0.2869496801297089,-0.0714965505085998,0.1111111111111111,-0.29038112522686027,-0.26935663489186107,0.0,-0.4475458863967122,0.0,-0.2844958199592799,-0.4668695745617363,0.1111111111111111,0,0.1111111111111111,-0.7891132362483021,-0.03970093975074638,1,0
-0.0139900026982888,0.2737462106005432,0.11800284729071807,0.0,-0.4668695745617363,0.0,0.1111111111111111,0.6234990775174356,-0.8553445096692001,1.3196657320536023,0.0,-0.3103448275862069,0.2125240292419795,0.0,-3.0949063951708156,0.0,-0.2844958199592799,-0.4668695745617363,0.0,0,0.0,-0.9531238224996238,0.10107548688130996,1,0
-0.0151021515960572,-2.814764228080276,-1.233550887879212,0.0,0.083631554056889,0.1111111111111111,0.1111111111111111,-0.42587324107050595,-0.9707779845865242,0.835511068414567,0.3333333333333333,-0.3484573502722323,-2.2159780465851675,0.05555555555555555,-3.0949063951708156,0.25,0.4796657853361687,0.0836315540568891,0.0,0,0.0,-1.666848273078999,-4.755088530712135,0,1
-0.0173918084564822,-2.814764228080276,-4.959556673683751,0.0,0.6341326826755145,0.0,0.0,-4.321258080645877,-1.060575555379075,-0.16125119006736108,0.3333333333333333,1.9963702359346642,-2.2159780465851675,0.1111111111111111,-3.0949063951708156,0.25,-0.1995849654476854,0.6341326826755145,0.3333333333333333,0,0.0,1.3273719327921307,-4.755088530712135,0,1
-0.0165407571957773,0.46317186353556355,-0.03418098874922248,0.3333333333333333,2.8361371971500167,0.3333333333333333,0.3333333333333333,-0.1653565554017613,0.5778272377405921,0.20923916216237265,0.3333333333333333,-0.3484573502722323,-0.1546365686886988,0.3333333333333333,-3.0949063951708156,0.375,4.300473811813412,2.836137197150016,0.2222222222222222,1,0.4444444444444444,-1.666848273078999,-0.4608380511121482,0,1
-0.0170608631267251,-0.3522519488626691,-0.03418098874922248,0.1111111111111111,0.083631554056889,0.1111111111111111,0.1111111111111111,-0.06182077906576844,-0.2962406467298564,-0.01717990147198189,0.1111111111111111,-0.13611615245009073,0.3646410847315479,0.05555555555555555,0.035666533899452305,0.25,-0.1455516624742182,0.0836315540568891,0.3333333333333333,0,0.1111111111111111,-0.1828566844305228,0.22160843477979358,0,1
-0.0171765506512434,-2.814764228080276,-0.08684168016129278,0.1111111111111111,0.6341326826755145,0.3333333333333333,0.1111111111111111,0.008705304998317598,1.326895461068625,-0.06754245151611639,0.1111111111111111,-0.3103448275862069,-2.2159780465851675,0.1111111111111111,0.3861157611634419,0.25,0.3268518037888158,0.6341326826755145,0.1111111111111111,0,0.3333333333333333,-0.9531238224996238,-0.1558706132907932,0,1
-0.0172497530363373,0.33677633076997154,0.29976821939717174,0.3333333333333333,2.8361371971500167,0.3333333333333333,0.3333333333333333,0.315879223095951,1.3067821013733674,-0.09940983564407542,0.3333333333333333,0.0,0.26513373594517553,0.3333333333333333,0.2660513215595181,0.25,0.3705279127646692,2.836137197150016,0.3333333333333333,1,0.3333333333333333,0.0869332819236188,0.8620438183856182,0,1
-0.0173401212886011,-2.814764228080276,-1.6645255479199708,0.1111111111111111,0.3588821183662018,0.0,0.1111111111111111,-0.37438949975354896,-0.3658682092728264,-0.13875008124089064,0.3333333333333333,-0.29038112522686027,-2.2159780465851675,0.08333333333333333,-3.0949063951708156,0.25,0.0975977185029357,0.3588821183662018,0.2222222222222222,0,0.0,-0.7891132362483021,-4.755088530712135,0,1
-0.0171252267680611,-2.814764228080276,-0.25374892607461336,0.3333333333333333,3.6618888900779543,0.5555555555555556,0.3333333333333333,-0.0019843095974738842,1.413278734159906,-0.04519949235958752,0.3333333333333333,-0.3393829401088929,-0.12274782951552894,0.41666666666666663,0.2660513215595181,0.5,3.536375884529138,3.661888890077954,0.3333333333333333,1,0.4444444444444444,-1.3723900433022265,0.22160843477979358,0,1
-0.0172436820382237,0.4782630749718738,0.44089644586554966,0.3333333333333333,0.9093832469848272,0.1111111111111111,0.1111111111111111,-4.321258080645877,1.7719566556366442,-0.09676693229224609,0.3333333333333333,0.0,0.3646410847315479,0.1388888888888889,0.48798343050834453,0.25,-0.0115692646576344,0.9093832469848272,0.2222222222222222,0,0.1111111111111111,0.0869332819236188,0.7481420290032386,0,1
-0.016985797842896,-2.814764228080276,-0.3247400746497875,0.3333333333333333,1.7351349399127654,0.3333333333333333,0.3333333333333333,-0.0019843095974738842,-0.627271227863064,0.015498463193216913,0.1111111111111111,-0.17422867513611615,-2.2159780465851675,0.2222222222222222,-0.24959447327614714,0.25,0.3268579172039191,1.7351349399127651,0.1111111111111111,0,0.3333333333333333,-0.2847917733012345,0.3173937429971883,0,1
-0.0144952643217955,0.27525395801232905,0.5912207042560005,0.0,-0.4668695745617363,0.0,0.0,0.9276072719140043,-0.8925780316765253,1.099708879271159,0.0,0.05263157894736842,0.233407626858734,0.0,0.4864708223022238,0.0,-0.2844958199592799,-0.4668695745617363,0.0,0,0.0,0.1673597344439074,1.0258196277808647,1,0
-0.0170876651828404,-2.814764228080276,-0.3901499249876952,0.1111111111111111,0.9093832469848272,0.3333333333333333,0.1111111111111111,-0.13729057189182056,1.566234820986629,-0.0288477100624996,0.3333333333333333,-0.3484573502722323,0.15469035568283057,0.1388888888888889,0.11003312390067259,0.25,1.6259081932793418,0.9093832469848272,0.2222222222222222,0,0.1111111111111111,-1.666848273078999,-4.755088530712135,0,1
-0.0140469324181656,0.5377256739396032,0.4318300247256493,0.0,-0.4668695745617363,0.0,0.0,1.0866504610419845,-1.0291892031096146,1.2948823694720923,0.0,4.181488203266787,-2.2159780465851675,0.0,0.5755089909476966,0.0,-0.2844958199592799,-0.4668695745617363,0.0,0,0.0,1.8373853869087895,-0.6639222478887006,1,0
-0.0172525613947942,-2.814764228080276,-3.0409155029051536,0.3333333333333333,0.6341326826755145,0.0,0.0,-2.4278306698788974,-1.0552454695078148,-0.10063240561366057,0.3333333333333333,0.3702359346642468,-2.2159780465851675,0.1111111111111111,-1.2462996659108794,0.25,-0.1316566214801296,0.6341326826755145,0.0,0,0.0,0.5191192900072952,-4.755088530712135,0,1
-0.01704737826358,-0.6261201914013081,-0.803113240934588,0.1111111111111111,0.3588821183662018,0.1111111111111111,0.1111111111111111,-0.25497074434320804,1.3674584328514805,-0.011309501030700322,0.3333333333333333,-0.35390199637023595,-0.12274782951552894,0.08333333333333333,-0.1978535282568763,0.25,2.00787438314755,0.3588821183662018,0.2222222222222222,0,0.1111111111111111,-2.102083711231995,-4.072227943210566,0,1
-0.0167190660689355,-2.814764228080276,-1.2474085861571593,0.3333333333333333,1.4598843756034523,0.0,0.3333333333333333,-4.321258080645877,-1.0195732966852844,0.1316154980280433,0.3333333333333333,0.0,-2.2159780465851675,0.19444444444444442,-3.0949063951708156,0.25,0.0976013574630238,1.4598843756034523,0.2222222222222222,0,0.0,0.0869332819236188,-0.030311539256362482,0,1
-0.0170056728758577,-2.814764228080276,-0.5539618819860418,0.1111111111111111,0.083631554056889,0.3333333333333333,0.1111111111111111,-0.1653565554017613,0.5387293972025251,0.006846213554971211,0.1111111111111111,-0.3484573502722323,-0.12274782951552894,0.05555555555555555,-0.364115812769057,0.25,0.4796657853361687,0.0836315540568891,0.1111111111111111,0,0.1111111111111111,-1.666848273078999,0.042311430399918186,0,1
-0.015999096735076,-2.814764228080276,-0.5668848721781554,0.0,0.083631554056889,0.1111111111111111,0.1111111111111111,-0.20250838933087204,-0.7735751361749251,0.4450416151285274,0.3333333333333333,-0.3393829401088929,-0.12762982471298523,0.05555555555555555,0.2573731452541417,0.25,0.2249537406391757,0.0836315540568891,0.0,0,0.1111111111111111,-1.3723900433022265,-4.755088530712135,1,0
-0.0171792028112712,0.49984518417842333,0.7146794307002455,0.1111111111111111,0.083631554056889,0.1111111111111111,0.1111111111111111,0.4868434977158564,0.7056496038884159,-0.06869702321845902,0.1111111111111111,0.6896551724137931,0.7224555473949843,0.05555555555555555,0.4655599542176076,0.25,-0.2208127675240223,0.0836315540568891,0.3333333333333333,0,0.1111111111111111,0.7564222381735122,0.6621046846368133,1,0
-0.016932101590868,-0.19642138719233884,-0.614233685668848,0.1111111111111111,1.18463381129414,0.3333333333333333,0.3333333333333333,-0.1653565554017613,-0.9793862490141804,0.03887419183120884,0.1111111111111111,1.1705989110707804,-0.1902807091387112,0.16666666666666666,-0.24959447327614714,0.25,-0.1263860589496875,1.18463381129414,0.1111111111111111,0,0.3333333333333333,1.0152348983243975,-0.3476165799874087,1,0
-0.0131078798627911,-2.814764228080276,-2.0172222017561765,0.3333333333333333,1.7351349399127654,0.3333333333333333,0.3333333333333333,-1.5961908623518368,-1.0542022995488007,1.7036825535112532,0.0,-0.3393829401088929,-0.9704561448941782,0.2222222222222222,-3.0949063951708156,0.25,1.7533024224345426,1.7351349399127651,0.0,1,0.3333333333333333,-1.3723900433022265,-1.103428439357928,0,1
-0.012978282022982,-2.814764228080276,-0.52825495159334,0.0,-0.1916190102524236,0.0,0.0,-4.321258080645877,-1.034661034567137,1.7601007171825391,0.0,-0.17422867513611615,-2.2159780465851675,0.027777777777777776,-3.0949063951708156,0.125,-0.20807660281388,-0.1916190102524235,0.2222222222222222,0,0.0,-0.2847917733012345,-4.755088530712135,0,1
-0.013268477763913,-0.08485302548441206,-0.6417551502959068,0.0,-0.4668695745617363,0.0,0.0,-0.9429473213573684,-0.8023041741229513,1.6337690527607611,0.0,-0.35390199637023595,-2.2159780465851675,0.0,0.20065949793851434,0.0,-0.2844958199592799,-0.4668695745617363,0.0,0,0.0,-2.102083711231995,-0.7758713098730988,1,0
-0.0144886019883945,1.3404283870967435,0.989235754447495,0.0,-0.4668695745617363,0.0,0.0,0.4362430276852787,-0.7223933488764462,1.1026092101470752,0.0,0.0,0.08711210020847432,0.0,0.5144300819797761,0.0,-0.2844958199592799,-0.4668695745617363,0.0,0,0.1111111111111111,0.0869332819236188,-0.22496001779584252,1,0
-0.0172313535905967,0.32593776497342714,0.6313594156935568,0.1111111111111111,-0.4668695745617363,0.1111111111111111,0.1111111111111111,0.852442618374056,1.8413124503002,-0.09139995721723744,0.1111111111111111,0.16878402903811252,0.3646410847315479,0.0,0.5514592732686778,0.0,-0.2844958199592799,-0.4668695745617363,0.1111111111111111,0,0.1111111111111111,0.3170934418812415,0.7020858260316316,1,0
-0.0171384097673588,-0.5079759773920336,-0.5627297168758371,0.3333333333333333,2.010385504222078,0.1111111111111111,0.3333333333333333,0.24694041997229824,1.3448772585445208,-0.050938481629419975,0.3333333333333333,-0.3484573502722323,0.08711210020847432,0.25,-3.0949063951708156,0.375,3.154231403870239,2.0103855042220777,0.4444444444444444,1,0.1111111111111111,-1.666848273078999,-4.755088530712135,0,1
-0.0163839758786329,0.46317186353556355,0.9439893795130221,0.1111111111111111,-0.4668695745617363,0.1111111111111111,0.1111111111111111,0.5185005985703939,0.0052242550948322,0.27749117951296615,0.1111111111111111,-0.09437386569872959,0.2970476903638747,0.0,0.6064456887920016,0.0,-0.2844958199592799,-0.4668695745617363,0.0,0,0.1111111111111111,-0.0875094222424097,1.7484436779525068,1,0
-0.0036861828135943,-0.19770494158262408,-0.4091740841926531,0.0,-0.4668695745617363,0.0,0.0,-0.738240900032387,-1.0551409971799546,5.805254361850643,0.0,-0.04900181488203267,0.0875660063182611,0.0,-0.24959447327614714,0.0,-0.2844958199592799,-0.4668695745617363,0.0,0,0.0,0.0021753538983214,0.22160843477979358,1,0
-0.0169074746470744,-0.1559158946214444,-0.4486488243916541,0.3333333333333333,1.7351349399127654,0.3333333333333333,0.3333333333333333,-0.39556095327027846,-0.0592185165122871,0.049595103134327224,0.1111111111111111,-0.3393829401088929,-2.2159780465851675,0.2222222222222222,-3.0949063951708156,0.25,1.7533024224345426,1.7351349399127651,0.1111111111111111,0,0.3333333333333333,-1.3723900433022265,0.22160843477979358,0,1
-0.0161636677972888,-0.1871372256015383,0.7895815684590347,0.1111111111111111,-0.1916190102524236,0.1111111111111111,0.1111111111111111,-0.0019843095974738842,-0.768619836345888,0.3733984678573171,0.0,1.0671506352087115,0.3646410847315479,0.027777777777777776,-0.19930751564041418,0.125,-0.2572030669556937,-0.1916190102524235,0.2222222222222222,0,0.1111111111111111,0.9662521913648202,1.8096340585041915,1,0
-0.0150741982251571,0.9966708297496274,1.737408295546264,0.1111111111111111,-0.4668695745617363,0.1111111111111111,0.1111111111111111,1.2770518508840074,-0.3206564485359925,0.847680081855891,0.1111111111111111,0.8711433756805808,1.3266173269773958,0.0,0.9626794022319689,0.0,-0.2844958199592799,-0.4668695745617363,0.1111111111111111,0,0.1111111111111111,0.8643003776574393,1.3693919184543044,1,0
-0.0172204164522596,0.6440248573130932,0.8192236191962613,0.1111111111111111,-0.4668695745617363,0.1111111111111111,0.1111111111111111,0.8618338741669651,1.5215758526784142,-0.08663866442326226,0.1111111111111111,0.6896551724137931,0.4959925627634864,0.0,0.6068572730847134,0.0,-0.2844958199592799,-0.4668695745617363,0.1111111111111111,0,0.1111111111111111,0.7564222381735122,0.9769805480003702,1,0
-0.0165315179807054,-0.6380442719341791,-0.49427198649277637,0.1111111111111111,0.3588821183662018,0.1111111111111111,0.1111111111111111,-0.3776803621339124,-0.7479084531348046,0.21326129361833612,0.3333333333333333,-0.3103448275862069,0.08711210020847432,0.08333333333333333,-0.9107853542097065,0.25,0.1740148978517919,0.3588821183662018,0.2222222222222222,0,0.1111111111111111,-0.9531238224996238,-4.755088530712135,0,1
-0.0167249698139243,0.5337104552412648,1.6555376951509382,0.1111111111111111,-0.4668695745617363,0.1111111111111111,0.1111111111111111,0.7868006572579114,1.62151264426805,0.12904540541275564,0.1111111111111111,0.5226860254083484,1.3822514190738897,0.0,0.7032880504624641,0.0,-0.2844958199592799,-0.4668695745617363,0.1111111111111111,0,0.1111111111111111,0.6417328970763176,0.9698125877403967,1,0
-0.0171714137389204,-0.17807176922728454,-0.1122786199435153,0.3333333333333333,2.2856360685313915,0.3333333333333333,0.3333333333333333,-4.321258080645877,1.1799587697982123,-0.06530618615373951,0.2222222222222222,-0.3103448275862069,-0.09061365947644877,0.2777777777777778,-0.042022553335258186,0.25,1.2438732394109595,2.2856360685313906,0.2222222222222222,0,0.3333333333333333,-0.9531238224996238,0.7637477620952422,0,1
-0.0133310807222613,0.6539956749690691,0.488339973259631,0.0,0.083631554056889,0.0,0.0,0.06566767727016108,-0.8410131188132052,1.606515944563878,0.0,-0.26678765880217786,-2.2159780465851675,0.05555555555555555,0.9358829680491586,0.25,-0.0661561352760001,0.0836315540568891,0.3333333333333333,0,0.0,-0.6440902286753902,0.0023622507979158495,0,1
-0.016590392096563,-0.1559158946214444,-0.25374892607461336,0.1111111111111111,-0.4668695745617363,0.1111111111111111,0.1111111111111111,-0.0019843095974738842,-0.7107115791446462,0.18763147209239375,0.1111111111111111,-0.26678765880217786,-0.12274782951552894,0.0,0.035666533899452305,0.0,-0.2844958199592799,-0.4668695745617363,0.1111111111111111,0,0.1111111111111111,-0.6440902286753902,0.10832488669182568,1,0
-0.0171918158262697,-0.1288259691132873,-0.18339320570327586,0.1111111111111111,-0.4668695745617363,0.1111111111111111,0.1111111111111111,0.4466526735043765,1.1481787136696904,-0.07418787974525036,0.1111111111111111,-0.3103448275862069,-0.10884576503982438,0.0,-0.22523222726938102,0.0,-0.2844958199592799,-0.4668695745617363,0.1111111111111111,0,0.1111111111111111,-0.9531238224996238,-0.03844079437627114,1,0
-0.0140587398967553,0.2755046759590546,0.7685800427674314,0.0,-0.4668695745617363,0.0,0.0,1.0240730897493515,-0.8533235715298034,1.2897421891989993,0.0,0.0,-0.36431178916023954,0.0,0.3169962410871439,0.0,-0.2844958199592799,-0.4668695745617363,0.0,0,0.0,0.0869332819236188,1.5429795914833977,1,0
-0.0140248176386334,0.6370352979384556,0.18619578895976277,0.3333333333333333,0.9093832469848272,0.0,0.3333333333333333,-4.321258080645877,-0.946648393306678,1.304509653792879,0.0,-0.17422867513611615,-0.16664083204481547,0.1388888888888889,-3.0949063951708156,0.25,0.0976002657677195,0.9093832469848272,0.2222222222222222,0,0.1111111111111111,-0.2847917733012345,-1.4495233364587956,0,1
-0.0135733642387348,-0.5484175642307054,-1.1556297191962566,0.0,0.083631554056889,0.0,0.0,-0.9750760228157298,-1.0564357659915138,1.5010420330589571,0.0,0.16878402903811252,-2.2159780465851675,0.05555555555555555,-0.6696220716348651,0.25,-0.1945904884170285,0.0836315540568891,0.3333333333333333,0,0.0,0.3170934418812415,-1.0947593100847266,0,1
-0.0168941201155907,0.5708738851029173,0.019435892374989217,0.3333333333333333,0.9093832469848272,0.1111111111111111,0.1111111111111111,-4.321258080645877,-0.8532783364789545,0.055408765955479805,0.3333333333333333,1.1705989110707804,0.13698017796207806,0.1388888888888889,0.09409340261883624,0.25,-0.1527376857846195,0.9093832469848272,0.2222222222222222,0,0.1111111111111111,1.0152348983243975,-0.25187562132077446,0,1
-0.017215781795543,-0.19471661348729616,-0.4837839301670701,0.1111111111111111,0.3588821183662018,0.1111111111111111,0.1111111111111111,-0.05804730211382795,1.5523008450085531,-0.08462104729646626,0.3333333333333333,-0.3393829401088929,-0.08229018484620325,0.08333333333333333,-0.0017994195687020256,0.25,0.4796785209384036,0.3588821183662018,0.2222222222222222,0,0.1111111111111111,-1.3723900433022265,-4.755088530712135,0,1
-0.0157774861864632,0.11065092629307056,0.909864557404779,0.3333333333333333,0.083631554056889,0.1111111111111111,0.0,-4.321258080645877,-0.7826525993160524,0.5415159099264506,0.0,0.9673321234119783,0.2099103637100951,0.05555555555555555,1.3489818534108153,0.25,-0.2278886360321305,0.0836315540568891,0.0,0,0.1111111111111111,0.9159689132265976,0.036759213999366186,1,0
-0.0170546756376275,-0.08581315579848388,-0.3555039723323022,0.1111111111111111,-0.4668695745617363,0.1111111111111111,0.1111111111111111,-0.0019843095974738842,-0.061788097717766,-0.014486285797989279,0.1111111111111111,-0.3103448275862069,-0.12274782951552894,0.0,-0.08274428171137979,0.0,-0.2844958199592799,-0.4668695745617363,0.0,0,0.1111111111111111,-0.9531238224996238,-0.20902154212594073,1,0
-0.0167762896325877,0.11065092629307056,-0.1046257145757392,0.4444444444444444,2.8361371971500167,0.3333333333333333,0.3333333333333333,-4.321258080645877,-0.7734539082032144,0.10670421567380675,0.0,0.0,0.2099103637100951,0.3333333333333333,0.035666533899452305,0.625,0.3705279127646692,2.836137197150016,0.0,1,0.6666666666666666,0.0869332819236188,0.22160843477979358,0,1
-0.0142269805294052,-1.038625707191667,-0.44058640853601866,0.0,0.083631554056889,0.0,0.0,-0.7473118142863711,-1.0249306123652386,1.2165015583136365,0.0,-0.09437386569872959,0.20574244925599589,0.05555555555555555,0.22397750809334244,0.25,-0.1571302457764458,0.0836315540568891,0.0,0,0.3333333333333333,-0.0875094222424097,-1.1449417720142185,1,0
-0.0156952738205819,0.7408185420790809,0.9265835154847211,0.1111111111111111,-0.4668695745617363,0.0,0.0,0.5185005985703939,-0.8166492974041426,0.5773056323548991,0.1111111111111111,1.2776769509981851,0.3646410847315479,0.0,0.41659883161916916,0.0,-0.2844958199592799,-0.4668695745617363,0.1111111111111111,0,0.1111111111111111,1.0629938337787594,1.652631740238081,1,0
-0.0172003243437133,0.4782630749718738,0.024931712382849944,0.3333333333333333,2.560886632840704,0.3333333333333333,0.3333333333333333,0.7256636266669363,0.2702540838345976,-0.07789191470788355,0.3333333333333333,-0.09437386569872959,-2.2159780465851675,0.3055555555555555,-3.0949063951708156,0.25,0.4160148380463074,2.5608866328407034,0.2222222222222222,0,0.3333333333333333,-0.0875094222424097,-4.755088530712135,0,1
-0.0172599146424155,0.46317186353556355,0.40776166337358355,0.1111111111111111,-0.4668695745617363,0.1111111111111111,0.1111111111111111,0.5516037639487911,0.3959034778314031,-0.10383351396874543,0.1111111111111111,1.1705989110707804,0.20727395515354877,0.0,0.32103038572429976,0.0,-0.2844958199592799,-0.4668695745617363,0.1111111111111111,0,0.1111111111111111,1.0152348983243975,0.7020858260316316,1,0
-0.0172271780369902,0.4474646423331391,0.6904951103709773,0.1111111111111111,-0.4668695745617363,0.1111111111111111,0.1111111111111111,0.852442618374056,1.33640222676393,-0.08958220263786972,0.1111111111111111,0.5226860254083484,0.41987118661557327,0.0,0.6005876896765675,0.0,-0.2844958199592799,-0.4668695745617363,0.1111111111111111,0,0.1111111111111111,0.6417328970763176,0.911198376159075,1,0
-0.0171641582162543,0.9313867255077845,1.4669715569286388,0.1111111111111111,0.3588821183662018,0.1111111111111111,0.1111111111111111,1.670852585559792,1.1570329743436478,-0.062147620656781,0.3333333333333333,5.749546279491833,0.7326235692040619,0.08333333333333333,1.361135544938457,0.25,-0.2449683115562402,0.3588821183662018,0.2222222222222222,1,0.1111111111111111,2.082866912739321,-4.755088530712135,1,0
-0.0173918084564822,-2.814764228080276,-4.959556673683751,0.0,-0.1916190102524236,0.0,0.0,-4.321258080645877,-1.06385683154724,-0.16125119006736108,0.0,-0.13611615245009073,-2.2159780465851675,0.027777777777777776,-3.0949063951708156,0.125,-0.215023741216749,-0.1916190102524235,0.2222222222222222,0,0.0,-0.1828566844305228,-4.755088530712135,0,1
-0.0079508172735387,0.11065092629307056,-0.040356569028836255,0.0,0.6341326826755145,0.0,0.0,0.580036403908682,-1.0272145205658094,3.9487199835486,0.3333333333333333,-0.2395644283121597,0.09767626451319662,0.1111111111111111,-0.018827694704308378,0.25,0.0975993105394455,0.6341326826755145,0.3333333333333333,0,0.0,-0.5135592262370264,-4.755088530712135,0,1
-0.0163433237955551,-2.814764228080276,0.5808291301984859,0.1111111111111111,0.9093832469848272,0.3333333333333333,0.1111111111111111,0.5185005985703939,0.3327363040989703,0.29518835625636214,0.3333333333333333,-0.3103448275862069,0.6629487920185496,0.1388888888888889,0.6983351684928056,0.25,0.4796887097258397,0.9093832469848272,0.2222222222222222,0,0.1111111111111111,-0.9531238224996238,-4.755088530712135,0,1
-0.0161700449702335,-0.04770805196267181,1.0759441816613937,0.3333333333333333,2.2856360685313915,0.3333333333333333,0.3333333333333333,1.590676125821183,3.273201486674841,0.3706222766222798,0.0,-0.3393829401088929,0.21935292414666635,0.2777777777777778,0.474733069091738,0.25,2.2627519830329987,2.2856360685313906,0.3333333333333333,1,0.3333333333333333,-1.3723900433022265,1.7118714709772058,0,1
-0.017050525818066,-0.1559158946214444,-0.7165194801111259,0.3333333333333333,1.7351349399127654,0.1111111111111111,0.3333333333333333,-0.5979877937552974,0.3414920131225716,-0.012679734087171185,0.3333333333333333,-0.3484573502722323,-2.2159780465851675,0.2222222222222222,-3.0949063951708156,0.25,2.7721506012225148,1.7351349399127651,0.3333333333333333,0,0.1111111111111111,-1.666848273078999,-0.20902154212594073,0,1
-0.0173918084564822,-2.814764228080276,-4.959556673683751,0.3333333333333333,0.9093832469848272,0.0,0.0,-4.321258080645877,-0.855270767323555,-0.16125119006736108,0.3333333333333333,0.1088929219600726,-2.2159780465851675,0.1388888888888889,-3.0949063951708156,0.25,-0.0456848708478014,0.9093832469848272,0.2222222222222222,0,0.0,0.2439439807007004,-4.755088530712135,0,1
-0.0172596245474611,-0.8838538746613914,-0.15825773846899865,0.0,-0.4668695745617363,0.0,0.0,-0.0019843095974738842,-0.6286996402946058,-0.10370722617998247,0.1111111111111111,2.5480943738656987,0.2726131076375973,0.0,-0.24959447327614714,0.0,-0.2844958199592799,-0.4668695745617363,0.1111111111111111,0,0.0,1.486110633212629,0.40037018956560505,1,0
1.015373376982565,-2.814764228080276,-1.472580248830741,0.0,-0.1916190102524236,0.0,0.0,-4.321258080645877,-1.06385683154724,449.43509510640934,0.0,0.1088929219600726,-0.020025385964990202,0.027777777777777776,-3.0949063951708156,0.125,-0.2367336301369842,-0.1916190102524235,0.2222222222222222,0,0.0,0.2439439807007004,-4.755088530712135,1,0
-0.012978282022982,-2.814764228080276,-2.878646723918627,0.0,-0.1916190102524236,0.0,0.0,-4.321258080645877,-1.0603132206223396,1.7601007171825391,0.0,-0.3484573502722323,-2.2159780465851675,0.027777777777777776,-3.0949063951708156,0.125,0.0975849826884444,-0.1916190102524235,0.2222222222222222,0,0.0,-1.666848273078999,-1.6365154978355265,0,1
-0.0172162867127536,0.0,-0.489006430224218,0.1111111111111111,-0.4668695745617363,0.1111111111111111,0.1111111111111111,-0.0019843095974738842,0.8878829245416402,-0.08484085421506464,0.1111111111111111,-0.32667876588021777,-2.2159780465851675,0.0,-0.22137239115700838,0.0,-0.2844958199592799,-0.4668695745617363,0.1111111111111111,0,0.1111111111111111,-1.1433092459291831,-0.030311539256362482,1,0
-0.0171595999069757,0.6440248573130932,0.5603327042819727,0.3333333333333333,1.7351349399127654,0.3333333333333333,0.3333333333333333,0.6220805347583526,1.117173916894694,-0.06016324005815917,0.1111111111111111,0.0,0.3646410847315479,0.2222222222222222,-3.0949063951708156,0.25,0.1521866685233528,1.7351349399127651,0.1111111111111111,0,0.3333333333333333,0.0869332819236188,1.0290485518892634,0,1
-0.017246942728903,-0.3041580016367179,-0.4451939865699803,0.1111111111111111,0.083631554056889,0.1111111111111111,0.1111111111111111,-0.09327954128309454,0.962412331459017,-0.09818641722117566,0.1111111111111111,-0.3103448275862069,-0.2234243573463744,0.05555555555555555,-0.1403726497419968,0.25,0.0211779919147679,0.0836315540568891,0.3333333333333333,0,0.1111111111111111,-0.9531238224996238,-0.049875145314629804,0,1
-0.0168700152842641,-2.814764228080276,-1.3576451926500563,0.0,-0.4668695745617363,0.0,0.0,-4.321258080645877,-0.9518198691050836,0.06590238468447221,0.0,-0.29038112522686027,-2.2159780465851675,0.0,-3.0949063951708156,0.0,-0.2844958199592799,-0.4668695745617363,0.0,0,0.0,-0.7891132362483021,-0.33888007370879697,1,0
-0.0166755118425371,0.2370533045714102,1.47443107168373,0.1111111111111111,0.6341326826755145,0.1111111111111111,0.1111111111111111,0.28245467238384553,2.12222405412957,0.15057607234888729,0.3333333333333333,-0.04900181488203267,0.2725310097447725,0.1111111111111111,0.12752514285418468,0.25,-0.0493592245867171,0.6341326826755145,0.3333333333333333,0,0.0,0.0021753538983214,-4.755088530712135,0,1
-0.0169793136763107,0.41599145628581563,0.037957418656335694,0.1111111111111111,-0.4668695745617363,0.1111111111111111,0.1111111111111111,-0.0017004121899102417,0.4530998410924254,0.018321232247218655,0.1111111111111111,-0.3103448275862069,0.08711210020847432,0.0,-0.5346500221847261,0.0,-0.2844958199592799,-0.4668695745617363,0.1111111111111111,0,0.1111111111111111,-0.9531238224996238,-0.00624396370291907,1,0
-0.0171759869913557,0.46317186353556355,0.09034534105029533,0.3333333333333333,1.18463381129414,0.1111111111111111,0.3333333333333333,0.6220805347583526,-0.277028767584446,-0.06729707199552187,0.3333333333333333,0.3702359346642468,0.2099103637100951,0.16666666666666666,-3.0949063951708156,0.25,-0.0552370222405545,1.18463381129414,0.0,0,0.1111111111111111,0.5191192900072952,-4.755088530712135,1,0
-0.0172629248959855,0.46317186353556355,0.6347115928935126,0.1111111111111111,-0.4668695745617363,0.1111111111111111,0.1111111111111111,0.9123043261078035,1.313437933705745,-0.10514397546138392,0.1111111111111111,0.8711433756805808,0.22945808135802045,0.0,0.4129095728616361,0.0,-0.2844958199592799,-0.4668695745617363,0.1111111111111111,0,0.1111111111111111,0.8643003776574393,0.9698125877403967,1,0
-0.0173918084564822,-2.814764228080276,-4.959556673683751,0.0,-0.4668695745617363,0.0,0.0,-4.321258080645877,-1.06385683154724,-0.16125119006736108,0.0,1.6206896551724137,-2.2159780465851675,0.0,-3.0949063951708156,0.0,-0.2844958199592799,-0.4668695745617363,0.0,0,0.0,1.199597083727945,-4.755088530712135,1,0
-0.0172415538902797,0.12462648082468913,0.009903045916898758,0.1111111111111111,-0.4668695745617363,0.1111111111111111,0.1111111111111111,-0.004831112392891955,-0.1974362495452581,-0.09584048012918965,0.1111111111111111,0.604355716878403,0.10102095518548815,0.0,0.03628352502401441,0.0,-0.2844958199592799,-0.4668695745617363,0.1111111111111111,0,0.1111111111111111,0.6999923241170234,0.41298033320606486,1,0
-0.017148325778809,-0.3335054491116912,-0.5921717062848894,0.3333333333333333,0.083631554056889,0.1111111111111111,0.1111111111111111,-4.321258080645877,1.3299232204414413,-0.05525524460779478,0.1111111111111111,-0.3484573502722323,-2.2159780465851675,0.05555555555555555,-0.4529032497283939,0.25,0.4796657853361687,0.0836315540568891,0.1111111111111111,0,0.1111111111111111,-1.666848273078999,0.18973714261580513,0,1
-0.0172067171803316,-0.08581315579848388,-0.32249143183036066,0.3333333333333333,0.083631554056889,0.1111111111111111,0.1111111111111111,-4.321258080645877,0.8582459446898516,-0.0806749248505132,0.1111111111111111,-0.3103448275862069,-0.09389805230647255,0.05555555555555555,-0.21037919042405448,0.25,0.0211779919147679,0.0836315540568891,0.1111111111111111,0,0.1111111111111111,-0.9531238224996238,0.4202448891554315,1,0
-0.0173541333626486,-2.814764228080276,-1.6756334601719693,0.1111111111111111,-0.4668695745617363,0.0,0.0,-4.321258080645877,-0.7109863363879904,-0.14484999377147945,0.1111111111111111,0.1088929219600726,-2.2159780465851675,0.0,-3.0949063951708156,0.0,-0.2844958199592799,-0.4668695745617363,0.1111111111111111,0,0.0,0.2439439807007004,-0.4485415770324018,1,0
-0.0164168290568684,-2.814764228080276,0.27268164163875847,0.0,0.083631554056889,0.3333333333333333,0.0,-0.44474464888636656,-0.1369054531045114,0.2631891202383558,0.1111111111111111,-0.3103448275862069,-0.2875714040092958,0.05555555555555555,0.9502480812132077,0.25,0.0211779919147679,0.0836315540568891,0.1111111111111111,0,0.1111111111111111,-0.9531238224996238,-0.43827749689988493,1,0
-0.0172160537815597,0.5431400074706518,0.7930091279479979,0.1111111111111111,-0.4668695745617363,0.1111111111111111,0.1111111111111111,0.8831614073881915,1.3559989496686935,-0.08473945167439578,0.1111111111111111,0.6896551724137931,0.43894835283862366,0.0,0.7885100104762439,0.0,-0.2844958199592799,-0.4668695745617363,0.1111111111111111,0,0.1111111111111111,0.7564222381735122,0.8311295705151313,1,0
-0.0139468586839266,-0.026808529503909138,0.3957971063733927,0.0,-0.4668695745617363,0.0,0.0,1.2766031493397365,-0.9578116482308092,1.3384477277049731,0.0,0.05263157894736842,-0.6046819701277691,0.0,-3.0949063951708156,0.0,-0.2844958199592799,-0.4668695745617363,0.0,0,0.0,0.1673597344439074,0.6025469047031543,1,0
-0.0131971608985891,-0.19471661348729616,-0.272982654702262,0.0,-0.4668695745617363,0.0,0.0,-0.2639052153526961,-0.9983888128337424,1.664815608677827,0.0,-0.26678765880217786,-2.2159780465851675,0.0,0.11600318182775143,0.0,-0.2844958199592799,-0.4668695745617363,0.0,0,0.0,-0.6440902286753902,0.09093551497375191,1,0
-0.0165248757918524,0.4862452604117628,1.69419014720212,0.1111111111111111,-0.4668695745617363,0.1111111111111111,0.1111111111111111,0.7096586071884762,1.6182298579231595,0.21615285491594494,0.0,0.2323049001814882,0.2099103637100951,0.0,0.4129095728616361,0.0,-0.2844958199592799,-0.4668695745617363,0.1111111111111111,0,0.1111111111111111,0.3871513198050401,2.7491572273767555,1,0
-0.017005081058147,-2.814764228080276,-0.3026021541689073,0.3333333333333333,2.010385504222078,0.3333333333333333,0.3333333333333333,0.26497495973436364,-0.1148021074950514,0.007103851093637789,0.3333333333333333,-0.3103448275862069,0.2815107170979246,0.25,-0.3413914031813136,0.25,1.0910363334739357,2.0103855042220777,0.2222222222222222,0,0.1111111111111111,-0.9531238224996238,-4.755088530712135,0,1
-0.0169168750480582,-0.1559158946214444,-0.40666575497760804,0.1111111111111111,0.083631554056889,0.1111111111111111,0.3333333333333333,0.315879223095951,0.0303339613720913,0.04550280219737466,0.1111111111111111,-0.3393829401088929,-2.2159780465851675,0.05555555555555555,-3.0949063951708156,0.25,0.2249537406391757,0.0836315540568891,0.1111111111111111,0,0.1111111111111111,-1.3723900433022265,-0.21904029216455922,1,0
-0.0171682189674532,0.01508430970304718,-0.5751660261682705,0.3333333333333333,2.560886632840704,0.3333333333333333,0.3333333333333333,0.28245467238384553,0.0070450657791583,-0.06391539800635317,0.3333333333333333,-0.3103448275862069,-0.16109409092532906,0.3055555555555555,-3.0949063951708156,0.25,1.3967101453479835,2.5608866328407034,0.2222222222222222,1,0.3333333333333333,-0.9531238224996238,-4.755088530712135,0,1
-0.0166823003817844,0.07204248923717047,0.7518517174487553,0.3333333333333333,0.6341326826755145,0.1111111111111111,0.3333333333333333,-0.0019843095974738842,1.6337813732820554,0.147620799954621,0.1111111111111111,-0.3103448275862069,0.08711210020847432,0.1111111111111111,-3.0949063951708156,0.25,0.3268518037888158,0.6341326826755145,0.1111111111111111,0,0.1111111111111111,-0.9531238224996238,0.5390376728716304,0,1
-0.0165008362331205,0.09092072007672566,0.8053364678436835,0.3333333333333333,1.7351349399127654,0.3333333333333333,0.3333333333333333,-4.321258080645877,1.2720198185059337,0.22661805835697696,0.1111111111111111,-0.3103448275862069,-2.2159780465851675,0.2222222222222222,0.31060610108364856,0.25,0.9381994275369115,1.7351349399127651,0.1111111111111111,1,0.3333333333333333,-0.9531238224996238,1.863243814907151,0,1
-0.0163717317730216,-2.814764228080276,0.7134983682662515,0.1111111111111111,0.6341326826755145,0.3333333333333333,0.1111111111111111,-0.14417817924534526,-0.8483708388319346,0.28282143775959295,0.1111111111111111,2.695099818511797,-2.2159780465851675,0.1111111111111111,0.8063781571608842,0.25,-0.2099399224492042,0.6341326826755145,0.1111111111111111,0,0.3333333333333333,1.5239621819167464,0.3622508726402704,1,0
-0.014185308087721,-2.814764228080276,-0.9954857969694662,0.3333333333333333,0.083631554056889,0.0,0.0,-4.321258080645877,-0.999472285365154,1.2346429304150763,0.0,-0.3393829401088929,-2.2159780465851675,0.05555555555555555,-0.20665546253675737,0.25,0.2249537406391757,0.0836315540568891,0.0,0,0.0,-1.3723900433022265,-0.07539567014339729,1,0
-0.0167151669774291,0.46317186353556355,0.31074464173996225,0.1111111111111111,0.083631554056889,0.1111111111111111,0.1111111111111111,0.2283146734498298,-0.4731437773167935,0.13331289964446588,0.1111111111111111,-0.09437386569872959,0.574622098378171,0.05555555555555555,0.035666533899452305,0.25,-0.1571302457764458,0.0836315540568891,0.1111111111111111,0,0.3333333333333333,-0.0875094222424097,0.22160843477979358,1,0
-0.0158139909341271,-2.814764228080276,-1.337533211259723,0.3333333333333333,0.083631554056889,0.1111111111111111,0.1111111111111111,-4.321258080645877,-0.9491383338717992,0.5256242034634926,0.0,-0.3484573502722323,-2.2159780465851675,0.05555555555555555,-3.0949063951708156,0.25,0.4796657853361687,0.0836315540568891,0.0,0,0.1111111111111111,-1.666848273078999,-0.11825547092287204,1,0
-0.017155732186868,0.5712808591180746,0.996107753199676,0.1111111111111111,-0.4668695745617363,0.1111111111111111,0.1111111111111111,0.7488563705520227,1.412203194836722,-0.05847949543408578,0.1111111111111111,0.6896551724137931,0.7846182577304438,0.0,0.5514592732686778,0.0,-0.2844958199592799,-0.4668695745617363,0.1111111111111111,0,0.1111111111111111,0.7564222381735122,0.9043309270812694,1,0
-0.0095074505558605,-2.814764228080276,-0.6218400440415986,0.0,-0.1916190102524236,0.0,0.0,-4.321258080645877,-1.0356299425624356,3.271066780165471,0.0,-0.3103448275862069,0.13582203663068768,0.027777777777777776,-0.12216162875592533,0.125,-0.1316589140222559,-0.1916190102524235,0.2222222222222222,0,0.0,-0.9531238224996238,-4.755088530712135,0,1
-0.0171761578058298,0.11065092629307056,-0.5058318342861996,0.3333333333333333,2.8361371971500167,0.3333333333333333,0.3333333333333333,-0.5979877937552974,-0.032371806484967,-0.06737143310348517,0.3333333333333333,-0.29038112522686027,-2.2159780465851675,0.3333333333333333,-0.24959447327614714,0.25,1.243878333889583,2.836137197150016,0.3333333333333333,0,0.3333333333333333,-0.7891132362483021,-0.13127304604343448,0,1
-0.0172346656855653,0.15286877779400232,-0.2734675332017925,0.1111111111111111,-0.4668695745617363,0.1111111111111111,0.1111111111111111,0.05420866055559359,0.4640932801882608,-0.09284182010868748,0.1111111111111111,-0.2395644283121597,-0.44199505512560966,0.0,-0.13039568345257363,0.0,-0.2844958199592799,-0.4668695745617363,0.1111111111111111,0,0.1111111111111111,-0.5135592262370264,0.11940918763349224,1,0
-0.0172245677004665,-2.814764228080276,-0.8218047633896147,0.1111111111111111,-0.4668695745617363,0.0,0.1111111111111111,0.025725746709283345,-0.0912529252553016,-0.0884458380699786,0.1111111111111111,-0.3103448275862069,-2.2159780465851675,0.0,-3.0949063951708156,0.0,-0.2844958199592799,-0.4668695745617363,0.1111111111111111,0,0.0,-0.9531238224996238,-0.09576559222442006,1,0
-0.0129005379665533,0.45712206973125585,-0.0886031528137675,0.0,-0.1916190102524236,0.0,0.0,-2.469940349943173,-0.8734121318325184,1.7939452388699546,0.0,-0.3393829401088929,-2.2159780465851675,0.027777777777777776,-3.0949063951708156,0.125,-0.029771039660052,-0.1916190102524235,0.2222222222222222,0,0.0,-1.3723900433022265,-0.8097640795706252,0,1
-0.0168793221774297,-2.814764228080276,-0.9814761078251493,0.1111111111111111,-0.4668695745617363,0.0,0.1111111111111111,-0.37548433756705774,0.1714314236939901,0.061850790748469046,0.1111111111111111,-0.35390199637023595,-2.2159780465851675,0.0,-3.0949063951708156,0.0,-0.2844958199592799,-0.4668695745617363,0.1111111111111111,0,0.0,-2.102083711231995,-0.030311539256362482,1,0
-0.0167046741007698,-2.814764228080276,-0.6025271839036824,0.3333333333333333,2.8361371971500167,0.3333333333333333,0.3333333333333333,-4.321258080645877,-0.785658351741655,0.13788079085019342,0.3333333333333333,-0.29038112522686027,-2.2159780465851675,0.3333333333333333,-0.08274428171137979,0.25,1.243878333889583,2.836137197150016,0.3333333333333333,1,0.3333333333333333,-0.7891132362483021,0.10832488669182568,0,1
-0.0162276391497053,0.17772810180297793,0.20677901986709146,0.1111111111111111,0.3588821183662018,0.0,0.1111111111111111,1.1343608555774853,-0.9179833083063867,0.34554965312226354,0.3333333333333333,0.6896551724137931,-2.2159780465851675,0.08333333333333333,-3.0949063951708156,0.25,-0.1889712413063934,0.3588821183662018,0.2222222222222222,0,0.0,0.7564222381735122,-4.755088530712135,0,1
-0.0170181149893122,-0.33472720262860517,0.12058795309567162,0.3333333333333333,1.7351349399127654,0.1111111111111111,0.3333333333333333,-0.1653565554017613,0.8419731951646313,0.0014297560405207696,0.3333333333333333,-0.3103448275862069,-0.19562310423068516,0.2222222222222222,-3.0949063951708156,0.25,0.9381994275369115,1.7351349399127651,0.3333333333333333,0,0.1111111111111111,-0.9531238224996238,0.3684961728641642,0,1
-0.0160504336196766,0.7230241887870438,-0.10717899992439986,0.4444444444444444,1.4598843756034523,0.0,0.3333333333333333,-4.321258080645877,-0.6922295679997306,0.42269299603089816,0.0,-0.3103448275862069,-0.14798465998143012,0.19444444444444442,-3.0949063951708156,0.375,0.7853625215998877,1.4598843756034523,0.0,1,0.3333333333333333,-0.9531238224996238,-0.34297607860094986,0,1
-0.0169897653899948,-2.814764228080276,-0.6883095271401428,0.1111111111111111,0.6341326826755145,0.3333333333333333,0.1111111111111111,-0.09428081140899382,1.4298228670639188,0.013771260626212757,0.1111111111111111,-0.35390199637023595,-2.2159780465851675,0.1111111111111111,-0.16441438878642042,0.25,2.77199778418316,0.6341326826755145,0.1111111111111111,0,0.3333333333333333,-2.102083711231995,-0.39212892590501836,0,1
-0.0173918084564822,-2.814764228080276,-4.959556673683751,0.0,-0.1916190102524236,0.0,0.0,-4.321258080645877,-1.06385683154724,-0.16125119006736108,0.0,0.5226860254083484,-2.2159780465851675,0.027777777777777776,-3.0949063951708156,0.125,-0.2497596226976441,-0.1916190102524235,0.2222222222222222,0,0.0,0.6417328970763176,-4.755088530712135,0,1
-0.0129248387160173,-2.814764228080276,-1.6863046770080006,0.0,-0.4668695745617363,0.0,0.0,-4.321258080645877,-1.0625561336741791,1.783366330590207,0.0,1.9963702359346642,-2.2159780465851675,0.0,-0.24836202896903345,0.0,-0.2844958199592799,-0.4668695745617363,0.0,0,0.0,1.3273719327921307,-4.755088530712135,1,0
-0.0169304611969995,-2.814764228080276,-0.6261587680112538,0.3333333333333333,1.7351349399127654,0.3333333333333333,0.3333333333333333,-4.321258080645877,0.1339545332875748,0.039588308747787286,0.1111111111111111,-0.3484573502722323,-2.2159780465851675,0.2222222222222222,-0.007702430750156923,0.25,2.7721506012225148,1.7351349399127651,0.1111111111111111,1,0.3333333333333333,-1.666848273078999,0.10832488669182568,0,1
-0.0173918084564822,-2.814764228080276,-4.959556673683751,0.0,-0.4668695745617363,0.0,0.0,-4.321258080645877,-1.06385683154724,-0.16125119006736108,0.0,0.2323049001814882,-2.2159780465851675,0.0,-3.0949063951708156,0.0,-0.2844958199592799,-0.4668695745617363,0.0,0,0.0,0.3871513198050401,-4.755088530712135,1,0
-0.0167470807817818,0.5536845584332454,0.07334229498468316,0.3333333333333333,0.083631554056889,0.1111111111111111,0.1111111111111111,-0.5520695726876534,-0.0380026676626098,0.11941978043816989,0.1111111111111111,-0.3103448275862069,0.1269255449456055,0.05555555555555555,-0.5346500221847261,0.25,0.0211779919147679,0.0836315540568891,0.1111111111111111,0,0.1111111111111111,-0.9531238224996238,0.1636909757685133,1,0
-0.016960291642746,-0.5157314445642188,-0.558601419373236,0.3333333333333333,2.2856360685313915,0.3333333333333333,0.3333333333333333,-4.321258080645877,-0.1147360129144036,0.026602143446012083,0.3333333333333333,-0.3393829401088929,0.08711210020847432,0.2777777777777778,0.035666533899452305,0.25,2.2627519830329987,2.2856360685313906,0.0,1,0.3333333333333333,-1.3723900433022265,-0.20902154212594073,0,1
-0.017205997294684,-2.814764228080276,0.38409931603264325,0.1111111111111111,0.6341326826755145,0.3333333333333333,0.1111111111111111,0.5407822475981413,1.1635186199932708,-0.08036153516479191,0.1111111111111111,-0.04900181488203267,-2.2159780465851675,0.1111111111111111,0.6064456887920016,0.25,-0.0493592245867171,0.6341326826755145,0.1111111111111111,0,0.3333333333333333,0.0021753538983214,0.4735629163204164,0,1
-0.0171864402705178,0.5067783933873306,-0.12764450841959163,0.1111111111111111,1.4598843756034523,0.1111111111111111,0.1111111111111111,0.05214708677701143,0.405355726559904,-0.07184772512011325,0.3333333333333333,-0.2395644283121597,0.1261278728614804,0.19444444444444442,-0.08274428171137979,0.375,0.3841706584134897,1.4598843756034523,0.4444444444444444,0,0.3333333333333333,-0.5135592262370264,-4.755088530712135,0,1
-0.0170104741942523,0.11065092629307056,-0.1898651307306654,0.1111111111111111,0.083631554056889,0.1111111111111111,0.3333333333333333,0.315879223095951,1.8070822435156884,0.004756043167699184,0.1111111111111111,-0.3484573502722323,-2.2159780465851675,0.05555555555555555,-3.0949063951708156,0.25,0.4796657853361687,0.0836315540568891,0.1111111111111111,0,0.1111111111111111,-1.666848273078999,0.40037018956560505,0,1
-0.0170708100416507,0.32593776497342714,0.8377730559662477,0.1111111111111111,1.7351349399127654,0.3333333333333333,0.3333333333333333,1.3061364582863635,1.3723687131386575,-0.02151011774042563,0.1111111111111111,0.0,0.41987118661557327,0.2222222222222222,0.035666533899452305,0.25,0.1521866685233528,1.7351349399127651,0.3333333333333333,0,0.3333333333333333,0.0869332819236188,0.6523419284522012,0,1
-0.0172150694514565,0.0,-0.25374892607461336,0.1111111111111111,0.083631554056889,0.1111111111111111,0.1111111111111111,-0.09428081140899382,0.804349870357765,-0.08431094069807153,0.1111111111111111,-0.29038112522686027,-0.12274782951552894,0.05555555555555555,0.035666533899452305,0.25,-0.0297667943178028,0.0836315540568891,0.3333333333333333,0,0.1111111111111111,-0.7891132362483021,-0.13127304604343448,0,1
-0.0172944509310883,-0.1438054901756566,-0.4847478435038802,0.3333333333333333,1.4598843756034523,0.1111111111111111,0.1111111111111111,-2.0983658279614184,0.9603192674098574,-0.11886828607455713,0.3333333333333333,-0.26678765880217786,-0.06755808087248778,0.19444444444444442,-0.18569760158737644,0.375,0.4796930764321994,1.4598843756034523,0.4444444444444444,0,0.1111111111111111,-0.6440902286753902,-0.04096364509726887,0,1
-0.0161446957901011,0.24513844082255698,0.15928622918237192,0.1111111111111111,-0.4668695745617363,0.0,0.1111111111111111,-0.3689467316124768,-0.5582218217429261,0.381657600943649,0.0,-0.29038112522686027,0.37022367976598736,0.0,-0.24959447327614714,0.0,-0.2844958199592799,-0.4668695745617363,0.1111111111111111,0,0.0,-0.7891132362483021,0.5145748698552813,1,0
-0.0167711704071814,-0.1559158946214444,-0.1601698952376606,0.3333333333333333,1.4598843756034523,0.1111111111111111,0.3333333333333333,0.5185005985703939,0.1681433496042956,0.10893278134485121,0.3333333333333333,-0.3393829401088929,-2.2159780465851675,0.19444444444444442,-3.0949063951708156,0.25,1.498577642135315,1.4598843756034523,0.2222222222222222,0,0.1111111111111111,-1.3723900433022265,-4.755088530712135,0,1
-0.0170708820806171,0.11065092629307056,-0.3687192450009311,0.3333333333333333,0.083631554056889,0.1111111111111111,0.1111111111111111,-4.321258080645877,1.5138130033709358,-0.021541478650461944,0.1111111111111111,-0.3484573502722323,0.01381017633243729,0.05555555555555555,-0.5232993411830643,0.25,0.4796657853361687,0.0836315540568891,0.1111111111111111,0,0.1111111111111111,-1.666848273078999,0.18973714261580513,0,1
-0.0172695052559818,-0.5276657972684107,-0.6470812009014283,0.1111111111111111,-0.4668695745617363,0.1111111111111111,0.1111111111111111,-0.2045326901872562,0.6852180446859129,-0.1080086206424643,0.1111111111111111,-0.3103448275862069,-1.5502579528949827,0.0,-0.5956769066589863,0.0,-0.2844958199592799,-0.4668695745617363,0.1111111111111111,0,0.0,-0.9531238224996238,0.01114158450822036,1,0
-0.017213458147694,-0.554867749315951,-0.7812595841815723,0.1111111111111111,-0.4668695745617363,0.1111111111111111,0.1111111111111111,-0.12870809558806698,1.365784563001433,-0.08360948765277444,0.1111111111111111,-0.3484573502722323,-2.2159780465851675,0.0,-0.6847265556868766,0.0,-0.2844958199592799,-0.4668695745617363,0.1111111111111111,0,0.1111111111111111,-1.666848273078999,-0.20902154212594073,1,0
-0.0168261368081608,-0.14604735302748967,0.4980621511445907,0.3333333333333333,1.18463381129414,0.3333333333333333,0.3333333333333333,-4.321258080645877,-0.3532431630379904,0.08500411547016182,0.1111111111111111,0.1088929219600726,0.5058069246622241,0.16666666666666666,0.598493930725603,0.25,0.0020773189744942,1.18463381129414,0.1111111111111111,0,0.1111111111111111,0.2439439807007004,0.7481420290032386,1,0
-0.0172273093482499,-0.12525919627437604,-0.4927072909173812,0.1111111111111111,0.3588821183662018,0.1111111111111111,0.1111111111111111,-0.06182077906576844,1.6967565831646425,-0.0896393667090759,0.3333333333333333,-0.3393829401088929,-0.0551998314088098,0.08333333333333333,-0.1745754674831542,0.25,0.4796785209384036,0.3588821183662018,0.2222222222222222,0,0.1111111111111111,-1.3723900433022265,-4.755088530712135,0,1
-0.012978282022982,-2.814764228080276,-2.3661969734732398,0.0,-0.1916190102524236,0.0,0.0,-4.321258080645877,-1.0632353080238366,1.7601007171825391,0.0,0.8711433756805808,-2.2159780465851675,0.027777777777777776,-3.0949063951708156,0.125,-0.2551036324917042,-0.1916190102524235,0.2222222222222222,0,0.0,0.8643003776574393,-1.1265508892295792,0,1
-0.0172131779157861,0.22609692276855597,0.1402845217789635,0.1111111111111111,0.6341326826755145,0.3333333333333333,0.1111111111111111,0.25926594443143847,1.2205486000701091,-0.0834874935696237,0.1111111111111111,-0.20871143375680581,0.03789846496024198,0.1111111111111111,0.2217566286507389,0.25,0.0551447677567291,0.6341326826755145,0.1111111111111111,0,0.3333333333333333,-0.3945035917891138,0.2808312196366998,0,1
-0.0147859700971222,-2.195368772897393,0.2357434545864635,0.1111111111111111,-0.4668695745617363,0.1111111111111111,0.1111111111111111,-0.3256774960486942,-0.8820073966943545,0.9731551802533187,0.0,-0.20871143375680581,-2.2159780465851675,0.0,0.44314786521339233,0.0,-0.2844958199592799,-0.4668695745617363,0.1111111111111111,0,0.0,-0.3945035917891138,0.7250798862044303,1,0
-0.0168377397741999,0.11065092629307056,-0.1046257145757392,0.1111111111111111,-0.4668695745617363,0.1111111111111111,0.1111111111111111,-0.0019843095974738842,1.1943210423819215,0.07995296617608777,0.1111111111111111,-0.3484573502722323,0.08711210020847432,0.0,0.035666533899452305,0.0,-0.2844958199592799,-0.4668695745617363,0.0,0,0.1111111111111111,-1.666848273078999,-0.030311539256362482,1,0
-0.0173918084564822,-2.814764228080276,-4.959556673683751,0.0,-0.1916190102524236,0.0,0.0,-4.321258080645877,-1.06385683154724,-0.16125119006736108,0.0,2.4047186932849365,-2.2159780465851675,0.027777777777777776,-3.0949063951708156,0.125,-0.2649010031927661,-0.1916190102524235,0.2222222222222222,0,0.0,1.4475584443037126,-4.755088530712135,0,1
-0.0166393787845857,0.5729656173658527,-0.33671101336382336,0.0,0.3588821183662018,0.0,0.1111111111111111,-0.536581743503307,0.0921163003009181,0.16630597016543042,0.3333333333333333,-0.3484573502722323,-2.2159780465851675,0.08333333333333333,-3.0949063951708156,0.25,0.861746587983893,0.3588821183662018,0.2222222222222222,0,0.0,-1.666848273078999,-4.755088530712135,0,1
-0.0173918084564822,-2.814764228080276,-4.959556673683751,0.0,-0.1916190102524236,0.0,0.0,-4.321258080645877,-1.06385683154724,-0.16125119006736108,0.0,-0.20871143375680581,-2.2159780465851675,0.027777777777777776,-3.0949063951708156,0.125,-0.1995856730302776,-0.1916190102524235,0.2222222222222222,0,0.0,-0.3945035917891138,-4.755088530712135,0,1
-0.017235112151528,0.5333258595717373,0.460957418347771,0.4444444444444444,2.010385504222078,0.1111111111111111,0.3333333333333333,-4.321258080645877,1.7024179046042738,-0.09303618129396703,0.3333333333333333,0.0,0.41987118661557327,0.25,-3.0949063951708156,0.375,0.2067719795836819,2.0103855042220777,0.3333333333333333,1,0.1111111111111111,0.0869332819236188,1.0882850296358464,0,1
-0.0171530218427544,-0.08581315579848388,-0.26043541412294385,0.1111111111111111,-0.4668695745617363,0.1111111111111111,0.1111111111111111,0.04408708427011788,1.6728013740787928,-0.057299594302764496,0.1111111111111111,-0.3393829401088929,0.0,0.0,-0.24959447327614714,0.0,-0.2844958199592799,-0.4668695745617363,0.1111111111111111,0,0.1111111111111111,-1.3723900433022265,-0.1959095675930338,1,0
-0.0114060164607165,-2.281246022631343,0.0855841230830386,0.3333333333333333,0.6341326826755145,0.0,0.3333333333333333,-4.321258080645877,-1.0467908588466246,2.444559161530478,0.0,1.6206896551724137,-2.2159780465851675,0.1111111111111111,-0.8927456164506928,0.25,-0.1918658202470713,0.6341326826755145,0.0,1,0.0,1.199597083727945,1.2401869500916953,1,0
-0.017154206180933,-2.814764228080276,-0.3097498258737439,0.3333333333333333,2.8361371971500167,0.3333333333333333,0.3333333333333333,-0.39556095327027846,1.4819471836104667,-0.05781517531322155,0.3333333333333333,-0.3393829401088929,-0.12244530101149678,0.3333333333333333,0.07508758318031578,0.25,2.7722015436314544,2.836137197150016,0.3333333333333333,0,0.3333333333333333,-1.3723900433022265,-0.030311539256362482,0,1
-0.0167188963301811,1.3043406391604788,0.8445849950503468,0.1111111111111111,-0.4668695745617363,0.0,0.1111111111111111,-0.09830362926931464,0.9917035771389648,0.1316893908401457,0.1111111111111111,-0.2395644283121597,-0.028554501017401847,0.0,-0.3998519338719644,0.0,-0.2844958199592799,-0.4668695745617363,0.1111111111111111,0,0.1111111111111111,-0.5135592262370264,0.2936897468610754,1,0
-0.0170406633492298,-2.814764228080276,-0.33032081334764823,0.3333333333333333,2.2856360685313915,0.3333333333333333,0.3333333333333333,-0.5222138313809659,-0.5634506048156049,-0.008386279953791978,0.3333333333333333,-0.17422867513611615,0.2099103637100951,0.2777777777777778,-0.341391403181314,0.25,0.4796963514947189,2.2856360685313906,0.3333333333333333,0,0.1111111111111111,-0.2847917733012345,0.2546804272078452,0,1
-0.0171221459355077,-0.15553161896833645,-0.47917728884777355,0.3333333333333333,1.7351349399127654,0.1111111111111111,0.1111111111111111,-4.321258080645877,-0.0317751752484862,-0.04385830553507124,0.3333333333333333,-0.3103448275862069,-0.25874152058039196,0.2222222222222222,-0.24959447327614714,0.25,0.9381994275369115,1.7351349399127651,0.3333333333333333,0,0.3333333333333333,-0.9531238224996238,0.2993812830943706,0,1
-0.0171981896938123,-0.1559158946214444,-0.42186923706138607,0.3333333333333333,3.111387761459329,0.3333333333333333,0.3333333333333333,-0.3414553481670005,1.556931240453155,-0.076962632031002,0.3333333333333333,-0.3393829401088929,0.11597562964203406,0.3611111111111111,-0.1745754674831542,0.375,3.026926323930682,3.1113877614593286,0.4444444444444444,1,0.3333333333333333,-1.3723900433022265,-0.09576559222442006,0,1
-0.0171942830144556,-2.814764228080276,-0.486196446655476,0.3333333333333333,2.560886632840704,0.3333333333333333,0.3333333333333333,-4.321258080645877,0.3297312318869958,-0.07526192717601744,0.3333333333333333,-0.3103448275862069,-2.2159780465851675,0.3055555555555555,0.15920869535828097,0.25,1.3967101453479835,2.5608866328407034,0.2222222222222222,0,0.3333333333333333,-0.9531238224996238,-0.09576559222442006,0,1
-0.0171074238402019,-0.1559158946214444,-0.41232473474002673,0.3333333333333333,1.4598843756034523,0.1111111111111111,0.3333333333333333,0.3474463868376146,1.6529115442096918,-0.03744929760891108,0.3333333333333333,-0.3484573502722323,-0.2263927168501504,0.19444444444444442,-3.0949063951708156,0.25,2.3900697985747907,1.4598843756034523,0.2222222222222222,0,0.1111111111111111,-1.666848273078999,-4.755088530712135,0,1
-0.0171102745707542,0.33030988850357007,-0.5979040087716329,0.1111111111111111,0.3588821183662018,0.0,0.1111111111111111,-0.0019843095974738842,-0.5509058214849807,-0.03869031353263494,0.3333333333333333,-0.2395644283121597,-2.2159780465851675,0.08333333333333333,-3.0949063951708156,0.25,0.0020755279147641,0.3588821183662018,0.2222222222222222,0,0.0,-0.5135592262370264,-4.755088530712135,0,1
-0.0172192873624122,0.24008799583748353,0.172210587697401,0.1111111111111111,-0.4668695745617363,0.1111111111111111,0.1111111111111111,0.3773517697938406,1.7335449998018613,-0.086147134812102,0.1111111111111111,-0.2395644283121597,0.20625381186112127,0.0,0.16676285979976102,0.0,-0.2844958199592799,-0.4668695745617363,0.1111111111111111,0,0.1111111111111111,-0.5135592262370264,0.20054350821613087,1,0
-0.0172514281867815,0.46317186353556355,0.19544066005126237,0.1111111111111111,0.3588821183662018,0.1111111111111111,0.1111111111111111,0.4194510454590317,0.5207169038758606,-0.10013908323088463,0.3333333333333333,0.2323049001814882,-2.2159780465851675,0.08333333333333333,0.20258527999812884,0.25,-0.1571298919851497,0.3588821183662018,0.2222222222222222,0,0.1111111111111111,0.3871513198050401,0.5390376728716304,1,0
-0.0170447275583899,-0.30078208494899306,-0.25772536929850626,0.1111111111111111,0.083631554056889,0.1111111111111111,0.3333333333333333,0.05214708677701143,1.772283984233167,-0.010155562666577267,0.1111111111111111,-0.3484573502722323,0.3100907607343276,0.05555555555555555,-3.0949063951708156,0.25,0.4796657853361687,0.0836315540568891,0.1111111111111111,0,0.1111111111111111,-1.666848273078999,-0.14084712681286488,0,1
-0.0172920787752475,-2.814764228080276,-0.26050331279475003,0.1111111111111111,-0.4668695745617363,0.1111111111111111,0.1111111111111111,0.40576161802781613,1.3931152508239968,-0.11783560932103417,0.1111111111111111,-0.2395644283121597,-2.2159780465851675,0.0,0.035666533899452305,0.0,-0.2844958199592799,-0.4668695745617363,0.1111111111111111,0,0.1111111111111111,-0.5135592262370264,0.2808312196366998,1,0
-0.0060228678727668,-2.814764228080276,-1.7557812996934419,0.0,-0.1916190102524236,0.0,0.0,-4.321258080645877,-1.0622078053057675,4.788019195656595,0.0,-0.17422867513611615,-0.30363429627497285,0.027777777777777776,-3.0949063951708156,0.125,-0.20807660281388,-0.1916190102524235,0.2222222222222222,0,0.0,-0.2847917733012345,-1.4618319860606837,0,1
-0.01670513192095,0.16441350685740708,-0.14821209482901188,0.1111111111111111,-0.4668695745617363,0.1111111111111111,0.1111111111111111,-0.1653565554017613,-0.2129200798321611,0.137681486803969,0.1111111111111111,-0.32667876588021777,0.09869812811797664,0.0,0.09853426404940635,0.0,-0.2844958199592799,-0.4668695745617363,0.1111111111111111,0,0.1111111111111111,-1.1433092459291831,-0.030311539256362482,1,0
-0.0171971949314928,-2.814764228080276,-0.18659072896936468,0.1111111111111111,1.7351349399127654,0.3333333333333333,0.3333333333333333,0.39173422957051773,-0.686880934594705,-0.07652957957086473,0.1111111111111111,1.2776769509981851,-2.2159780465851675,0.2222222222222222,-0.09783378562340185,0.25,-0.0807098823455483,1.7351349399127651,0.3333333333333333,0,0.3333333333333333,1.0629938337787594,-0.05276690469829838,0,1
-0.0172684956825272,-2.814764228080276,-0.8383691994714525,0.3333333333333333,2.2856360685313915,0.3333333333333333,0.3333333333333333,-4.321258080645877,1.078205050201032,-0.1075691204124933,0.4444444444444444,-0.3393829401088929,-0.12274782951552894,0.2777777777777778,-0.007702430750156923,0.375,2.2627519830329987,2.2856360685313906,0.2222222222222222,1,0.1111111111111111,-1.3723900433022265,-4.755088530712135,0,1
-0.0172252606190577,0.12014923748777635,0.19049991041528788,0.1111111111111111,-0.4668695745617363,0.1111111111111111,0.1111111111111111,0.45864520240061574,0.7711897654171622,-0.0887474881171412,0.1111111111111111,-0.04900181488203267,0.12943774051249,0.0,0.17447491731508938,0.0,-0.2844958199592799,-0.4668695745617363,0.1111111111111111,0,0.1111111111111111,0.0021753538983214,0.48722126621412404,1,0
-0.0151470354871329,-1.7243963081287366,-0.01586573818204757,0.1111111111111111,0.083631554056889,0.1111111111111111,0.3333333333333333,0.396119870694831,-0.9998020005527458,0.8159716477217482,0.1111111111111111,0.3702359346642468,-0.21674679182180706,0.05555555555555555,-2.3569854902016623,0.25,-0.2080762207197047,0.0836315540568891,0.1111111111111111,0,0.1111111111111111,0.5191192900072952,0.22160843477979358,1,0
-0.0151451833663004,-2.814764228080276,-0.7253156401085872,0.0,0.083631554056889,0.3333333333333333,0.0,-0.2639052153526961,-0.8532954703896612,0.8167779362865935,0.1111111111111111,-0.3484573502722323,-0.6958312042975925,0.05555555555555555,0.06081583295035682,0.25,0.4796657853361687,0.0836315540568891,0.0,0,0.1111111111111111,-1.666848273078999,-0.4608380511121482,1,0
-0.015594264218846,-2.814764228080276,-0.9217870491987689,0.0,-0.4668695745617363,0.1111111111111111,0.1111111111111111,0.1858699017784274,-1.047039832530606,0.6212784042120388,0.0,0.604355716878403,-2.2159780465851675,0.0,-1.6548994811286997,0.0,-0.2844958199592799,-0.4668695745617363,0.0,0,0.1111111111111111,0.6999923241170234,-0.8691145590959111,1,0
-0.0166178119463467,-0.1559158946214444,0.3593721372410712,0.1111111111111111,-0.4668695745617363,0.1111111111111111,0.1111111111111111,-0.16308971469821085,0.273589301033724,0.17569471778215873,0.1111111111111111,-0.3103448275862069,-0.23068432219458748,0.0,0.9691093481592631,0.0,-0.2844958199592799,-0.4668695745617363,0.1111111111111111,0,0.1111111111111111,-0.9531238224996238,-0.2912516111019055,1,0
-0.0171980805535442,0.031494280418425835,-0.7041600325107922,0.1111111111111111,0.9093832469848272,0.1111111111111111,0.1111111111111111,-0.13226838699401386,-0.7833793738362587,-0.07691511971506601,0.3333333333333333,0.2323049001814882,-0.17768550045335801,0.1388888888888889,-0.4344496637534792,0.25,-0.0722192733357296,0.9093832469848272,0.2222222222222222,0,0.3333333333333333,0.3871513198050401,-4.755088530712135,0,1
-0.0171671457531096,0.0,-0.33100288991222676,0.1111111111111111,0.3588821183662018,0.1111111111111111,0.1111111111111111,-0.1653565554017613,0.4987145692911698,-0.06344819282314779,0.3333333333333333,-0.3103448275862069,-0.095830519815557,0.08333333333333333,-0.014387941935798707,0.25,0.1740148978517919,0.3588821183662018,0.2222222222222222,0,0.1111111111111111,-0.9531238224996238,-0.20902154212594073,0,1
-0.0144713381528654,-1.0502301652814066,-0.09224508349499574,0.0,0.083631554056889,0.1111111111111111,0.1111111111111111,0.6914324218448231,-1.0124652577175115,1.1101247204357503,0.0,0.16878402903811252,-0.11734800254132945,0.05555555555555555,0.035666533899452305,0.25,-0.1945904884170285,0.0836315540568891,0.3333333333333333,0,0.1111111111111111,0.3170934418812415,-0.27954568145249953,0,1
-0.012978282022982,-0.07538120938649578,-1.2410723352238373,0.0,-0.4668695745617363,0.0,0.0,-4.321258080645877,-1.060448057067624,1.7601007171825391,0.0,1.0671506352087115,-2.2159780465851675,0.0,-0.3481303068165436,0.0,-0.2844958199592799,-0.4668695745617363,0.0,0,0.0,0.9662521913648202,-4.755088530712135,1,0
-0.0173918084564822,-2.814764228080276,-4.959556673683751,0.0,-0.1916190102524236,0.0,0.0,-4.321258080645877,-1.06385683154724,-0.16125119006736108,0.0,0.2323049001814882,-2.2159780465851675,0.027777777777777776,-3.0949063951708156,0.125,-0.2420405106345698,-0.1916190102524235,0.2222222222222222,0,0.0,0.3871513198050401,-4.755088530712135,0,1
-0.012978282022982,-2.814764228080276,-0.27146114290243134,0.0,-0.1916190102524236,0.0,0.0,-4.321258080645877,-1.034750712615298,1.7601007171825391,0.0,0.05263157894736842,-2.2159780465851675,0.027777777777777776,-3.0949063951708156,0.125,-0.2335495053763295,-0.1916190102524235,0.2222222222222222,0,0.0,0.1673597344439074,-4.755088530712135,0,1
-0.0172475987167835,-2.814764228080276,-0.579738863843622,0.5555555555555556,3.937139454387268,0.3333333333333333,0.4444444444444444,-4.321258080645877,1.6836371294049366,-0.09847199012626447,0.5555555555555556,-0.3393829401088929,-0.04332596586582715,0.4444444444444444,-3.0949063951708156,0.5,3.791100664828365,3.937139454387266,0.2222222222222222,1,0.3333333333333333,-1.3723900433022265,-0.030311539256362482,0,1
-0.0113076503528838,0.024821756018813496,-0.16599951635743534,0.0,0.3588821183662018,0.0,0.3333333333333333,0.39173422957051773,-1.0441932630749573,2.4873811343317684,0.0,0.29945553539019965,0.03789846496024198,0.08333333333333333,-3.0949063951708156,0.25,-0.1638333265972902,0.3588821183662018,0.2222222222222222,0,0.0,0.4544096728511559,-0.030311539256362482,0,1
-0.0172220283471569,0.8859237313160764,0.7441377703527651,0.1111111111111111,0.083631554056889,0.1111111111111111,0.1111111111111111,0.8199677407779054,0.8565242820936819,-0.08734037480880807,0.1111111111111111,1.1705989110707804,-2.2159780465851675,0.05555555555555555,0.5526341178783023,0.25,-0.2317925662894157,0.0836315540568891,0.1111111111111111,0,0.3333333333333333,1.0152348983243975,0.7319521441637115,1,0
-0.0167069568236634,0.4224611598276248,1.2969947646170323,0.1111111111111111,-0.4668695745617363,0.1111111111111111,0.1111111111111111,0.5161095252820157,1.2798866292816875,0.13688704717347686,0.1111111111111111,0.0,0.14383757153964907,0.0,0.29059673674663455,0.0,-0.2844958199592799,-0.4668695745617363,0.1111111111111111,0,0.0,0.0869332819236188,0.5897353223317695,1,0
-0.0173918084564822,-2.814764228080276,-4.959556673683751,0.0,-0.4668695745617363,0.0,0.0,-4.321258080645877,-1.06385683154724,-0.16125119006736108,0.0,1.9963702359346642,-2.2159780465851675,0.0,-3.0949063951708156,0.0,-0.2844958199592799,-0.4668695745617363,0.0,0,0.0,1.3273719327921307,-4.755088530712135,1,0
-0.0168380699735296,0.5700003460248142,-0.24706522280625698,0.3333333333333333,0.083631554056889,0.1111111111111111,0.1111111111111111,-0.39556095327027846,0.743762725317259,0.07980921964562764,0.1111111111111111,-0.3484573502722323,-2.2159780465851675,0.05555555555555555,-3.0949063951708156,0.25,0.4796657853361687,0.0836315540568891,0.1111111111111111,0,0.1111111111111111,-1.666848273078999,-0.030311539256362482,0,1
-0.0172486623505109,0.8728775348344943,1.081649032687039,0.1111111111111111,0.3588821183662018,0.1111111111111111,0.1111111111111111,1.1059892365779411,1.426173259768393,-0.09893502455496564,0.3333333333333333,3.319419237749546,0.6440368964647836,0.08333333333333333,0.856989046380229,0.25,-0.2335492789487679,0.3588821183662018,0.2222222222222222,1,0.1111111111111111,1.668921836399024,-4.755088530712135,1,0
-0.0171947645732729,-1.179722190135725,1.037139080612081,0.1111111111111111,0.083631554056889,0.3333333333333333,0.1111111111111111,0.9817443723090936,1.385225126818418,-0.07547156542468554,0.1111111111111111,1.3883847549909256,0.5605461119550992,0.05555555555555555,1.1485733539558345,0.25,-0.2351927652352168,0.0836315540568891,0.1111111111111111,1,0.1111111111111111,1.1095988810204689,1.0290485518892634,1,0
-0.0162798967658408,0.6238817927862944,1.5347440443605498,0.3333333333333333,1.4598843756034523,0.1111111111111111,0.1111111111111111,-4.321258080645877,0.1580165283600477,0.3228002095779552,0.3333333333333333,0.6896551724137931,1.3741815504668797,0.19444444444444442,0.035666533899452305,0.25,-0.0616051364358781,1.4598843756034523,0.2222222222222222,1,0.3333333333333333,0.7564222381735122,0.7269199304524763,0,1
-0.0170634915352655,0.11065092629307056,-0.024535223052488155,0.1111111111111111,-0.4668695745617363,0.1111111111111111,0.1111111111111111,-0.12870809558806698,0.6643148379787192,-0.01832413337774121,0.1111111111111111,-0.3103448275862069,0.2970476903638747,0.0,0.036488983496032086,0.0,-0.2844958199592799,-0.4668695745617363,0.1111111111111111,0,0.1111111111111111,-0.9531238224996238,0.22160843477979358,1,0
-0.0172345067621062,0.4707914360163341,0.48682454669224084,0.1111111111111111,0.3588821183662018,0.1111111111111111,0.1111111111111111,0.5185005985703939,1.8056899024124424,-0.09277263554713706,0.3333333333333333,0.0,0.3646410847315479,0.08333333333333333,0.4129095728616361,0.25,-0.1207398867782926,0.3588821183662018,0.2222222222222222,0,0.1111111111111111,0.0869332819236188,-3.8934144063200833,0,1
-0.0167916120814832,0.26663088282169384,-0.12880370375707817,0.1111111111111111,0.3588821183662018,0.1111111111111111,0.1111111111111111,0.13689175371544607,-0.0602575048138973,0.1000338542626375,0.3333333333333333,-0.32667876588021777,0.2099103637100951,0.08333333333333333,0.035666533899452305,0.25,0.288639711684214,0.3588821183662018,0.2222222222222222,0,0.1111111111111111,-1.1433092459291831,-4.755088530712135,0,1
-0.0172003293970996,0.5926419006143737,0.760270646381825,0.1111111111111111,-0.4668695745617363,0.1111111111111111,0.1111111111111111,0.7855237563847912,0.0136625738754734,-0.07789411461164067,0.1111111111111111,3.6533575317604354,0.5070211320094472,0.0,0.6549479113628416,0.0,-0.2844958199592799,-0.4668695745617363,0.1111111111111111,0,0.1111111111111111,1.7378785539272517,0.7020858260316316,1,0
-0.0022115564692992,-0.3092780598764393,0.5867672648885314,0.0,-0.4668695745617363,0.0,0.0,-0.13693036861546792,-1.0395158540185163,6.447207272246016,0.0,0.3702359346642468,0.8769289388463578,0.0,0.1148160735360675,0.0,-0.2844958199592799,-0.4668695745617363,0.0,0,0.0,0.5191192900072952,-0.01953354948544168,1,0
-0.0171890988642429,-0.2397799643438899,-0.3822137459749989,0.1111111111111111,-0.4668695745617363,0.1111111111111111,0.1111111111111111,-0.1362106463540532,1.5998805206484945,-0.07300509762062073,0.1111111111111111,-0.3393829401088929,0.05855261108686157,0.0,-0.11055130552669631,0.0,-0.2844958199592799,-0.4668695745617363,0.1111111111111111,0,0.1111111111111111,-1.3723900433022265,-0.2382721406312553,1,0
-0.0173918084564822,-2.814764228080276,-4.959556673683751,0.0,-0.1916190102524236,0.0,0.0,-4.321258080645877,-1.06385683154724,-0.16125119006736108,0.0,-0.3103448275862069,-2.2159780465851675,0.027777777777777776,-3.0949063951708156,0.125,-0.1316589140222559,-0.1916190102524235,0.2222222222222222,0,0.0,-0.9531238224996238,-4.755088530712135,0,1
-0.0170405395194731,-0.34338983280150354,-0.3882395465971462,0.3333333333333333,0.083631554056889,0.1111111111111111,0.1111111111111111,-0.39556095327027846,1.2202130262065267,-0.008332372824715271,0.1111111111111111,-0.3484573502722323,0.1359509378330637,0.05555555555555555,-0.14833888454701655,0.25,0.4796657853361687,0.0836315540568891,0.1111111111111111,0,0.1111111111111111,-1.666848273078999,-0.09061018672488759,1,0
-0.0170642170482549,0.11065092629307056,-0.06342562972288893,0.3333333333333333,0.083631554056889,0.1111111111111111,0.1111111111111111,-4.321258080645877,1.6521693399548858,-0.018639972828748814,0.1111111111111111,-0.3393829401088929,0.0,0.05555555555555555,0.20258527999812884,0.25,0.2249537406391757,0.0836315540568891,0.1111111111111111,0,0.1111111111111111,-1.3723900433022265,0.5390376728716304,0,1
-0.0172481611093883,0.5268586928616462,0.037829744721729376,0.3333333333333333,2.8361371971500167,0.3333333333333333,0.3333333333333333,0.16846769062672157,1.113760282875316,-0.0987168179572728,0.3333333333333333,-0.17422867513611615,-2.2159780465851675,0.3333333333333333,-3.0949063951708156,0.25,0.6325347857855188,2.836137197150016,0.3333333333333333,1,0.3333333333333333,-0.2847917733012345,0.2808312196366998,0,1
-0.0170633292515304,-0.5431237801487397,-0.7063398600729626,0.3333333333333333,0.083631554056889,0.1111111111111111,0.1111111111111111,-4.321258080645877,1.9032256176765223,-0.018253485978476734,0.1111111111111111,-0.35390199637023595,-0.3583251170139726,0.05555555555555555,-0.5289355786909562,0.25,1.24375098211194,0.0836315540568891,0.1111111111111111,0,0.1111111111111111,-2.102083711231995,0.20884395453487734,0,1
-0.0172146961904761,-2.814764228080276,-0.7010395071992188,0.1111111111111111,0.083631554056889,0.1111111111111111,0.1111111111111111,-0.09428081140899382,0.7858601514163274,-0.08414844802752315,0.1111111111111111,-0.3393829401088929,-2.2159780465851675,0.05555555555555555,-0.20739751949178006,0.25,0.2249537406391757,0.0836315540568891,0.3333333333333333,0,0.0,-1.3723900433022265,-0.0605446891002135,0,1
-0.0133145894489091,0.2356659489427642,1.0542837536827605,0.3333333333333333,0.083631554056889,0.0,0.1111111111111111,-4.321258080645877,-0.93822444942449,1.6136951333567116,0.0,1.2776769509981851,0.5973761389537335,0.05555555555555555,-3.0949063951708156,0.25,-0.233549335555847,0.0836315540568891,0.0,0,0.0,1.0629938337787594,0.9698125877403967,1,0
-0.0146534170417168,-2.814764228080276,-0.5973284578128482,0.3333333333333333,1.4598843756034523,0.3333333333333333,0.0,-4.321258080645877,-1.042743047583909,1.0308598455934532,0.0,0.3702359346642468,-2.2159780465851675,0.19444444444444442,0.08415160653202888,0.25,-0.0170272226207668,1.4598843756034523,0.2222222222222222,0,0.3333333333333333,0.5191192900072952,-0.8174310762549218,0,1
-0.0172372353723475,-0.1559158946214444,-0.3650297097672657,0.1111111111111111,-0.4668695745617363,0.1111111111111111,0.1111111111111111,-0.0011330425477450003,1.0893341078081646,-0.09396048851919547,0.1111111111111111,-0.3103448275862069,-0.16178190568522788,0.0,-0.14227054019109928,0.0,-0.2844958199592799,-0.4668695745617363,0.1111111111111111,0,0.1111111111111111,-0.9531238224996238,-0.030311539256362482,1,0
-0.0164595470368852,-2.814764228080276,0.9076440887827077,0.1111111111111111,0.083631554056889,0.3333333333333333,0.0,-0.031115273139600514,1.5564432884304855,0.24459259122332985,0.1111111111111111,-0.3103448275862069,0.007574951335536786,0.05555555555555555,1.3729648418351066,0.25,0.0211779919147679,0.0836315540568891,0.1111111111111111,0,0.1111111111111111,-0.9531238224996238,-0.020144425694868805,1,0
-0.0128360822184391,0.1938648295178661,-1.089413550898059,0.0,-0.1916190102524236,0.0,0.0,-4.321258080645877,-1.0521246477146462,1.822004926840208,0.0,-0.17422867513611615,-0.8845378592047981,0.027777777777777776,-3.0949063951708156,0.125,-0.20807660281388,-0.1916190102524235,0.2222222222222222,0,0.0,-0.2847917733012345,-4.755088530712135,0,1
-0.0170439725260703,0.26663088282169384,0.11774000464082891,0.3333333333333333,0.9093832469848272,0.1111111111111111,0.1111111111111111,-4.321258080645877,0.634809997973061,-0.009826872488963401,0.3333333333333333,-0.29038112522686027,0.3646410847315479,0.1388888888888889,0.20258527999812884,0.25,0.3523267441444129,0.9093832469848272,0.2222222222222222,0,0.1111111111111111,-0.7891132362483021,0.22160843477979358,0,1
-0.0129111457687994,-2.814764228080276,-0.3469728626777224,0.0,-0.1916190102524236,0.0,0.0,0.8001761154273884,-1.0532438719089272,1.789327316810506,0.0,1.9963702359346642,-2.2159780465851675,0.027777777777777776,-3.0949063951708156,0.125,-0.2632681063313813,-0.1916190102524235,0.2222222222222222,0,0.0,1.3273719327921307,-4.755088530712135,1,0
-0.0171900787563515,0.26663088282169384,0.33792005267658676,0.3333333333333333,1.4598843756034523,0.1111111111111111,0.3333333333333333,0.2283146734498298,1.692822680879076,-0.07343167659327986,0.3333333333333333,-0.20871143375680581,0.3646410847315479,0.19444444444444442,-3.0949063951708156,0.25,0.309875208543736,1.4598843756034523,0.2222222222222222,0,0.1111111111111111,-0.3945035917891138,0.8311295705151313,0,1
-0.0170528071020595,0.4226322051791571,-0.07856592912753105,0.3333333333333333,2.560886632840704,0.3333333333333333,0.3333333333333333,0.6220805347583526,-0.2094721376284642,-0.013672851363761914,0.3333333333333333,-0.20871143375680581,0.08711210020847432,0.3055555555555555,-3.0949063951708156,0.25,0.6495157962597452,2.5608866328407034,0.2222222222222222,1,0.3333333333333333,-0.3945035917891138,-4.755088530712135,0,1
-0.0172350889717041,-0.4222907216928031,-0.117034088169356,0.1111111111111111,-0.4668695745617363,0.1111111111111111,0.1111111111111111,0.31098917011524185,0.8936954358710956,-0.09302609036115946,0.1111111111111111,-0.2395644283121597,-0.3324566083412547,0.0,0.24244883247672844,0.0,-0.2844958199592799,-0.4668695745617363,0.1111111111111111,0,0.1111111111111111,-0.5135592262370264,0.35091601266892847,1,0
-0.0141163399829031,0.5652486638647147,0.8939268342105402,0.0,-0.4668695745617363,0.0,0.0,1.385375418812881,-0.9051718260449384,1.2646669943303992,0.0,0.604355716878403,0.41723433681353117,0.0,0.4992878677533946,0.0,-0.2844958199592799,-0.4668695745617363,0.0,0,0.0,0.6999923241170234,0.33702944907512306,1,0
-0.0172235696792504,-2.814764228080276,-0.6270019217386436,0.3333333333333333,2.8361371971500167,0.3333333333333333,0.3333333333333333,-4.321258080645877,2.21646380163301,-0.08801136690597909,0.3333333333333333,-0.3484573502722323,-2.2159780465851675,0.3333333333333333,-0.042768868547557584,0.25,4.300473811813412,2.836137197150016,0.3333333333333333,1,0.3333333333333333,-1.666848273078999,-0.13127304604343448,0,1
-0.0161323071939012,-2.814764228080276,-0.41266932004956725,0.0,0.083631554056889,0.1111111111111111,0.0,-0.3414553481670005,-0.98721698645248,0.3870507606529212,0.3333333333333333,0.1088929219600726,-2.2159780465851675,0.05555555555555555,-0.4255239568440657,0.25,-0.1889714403146885,0.0836315540568891,0.0,0,0.0,0.2439439807007004,-4.755088530712135,1,0
-0.0171852720549627,0.0,-0.486196446655476,0.3333333333333333,1.4598843756034523,0.1111111111111111,0.3333333333333333,0.2283146734498298,0.0468029752956921,-0.07133916281317006,0.3333333333333333,-0.29038112522686027,-0.12274782951552894,0.19444444444444442,-3.0949063951708156,0.25,0.60705576978589,1.4598843756034523,0.2222222222222222,0,0.1111111111111111,-0.7891132362483021,-4.755088530712135,0,1
-0.0173918084564822,-2.814764228080276,-4.959556673683751,0.3333333333333333,0.6341326826755145,0.0,0.0,-4.321258080645877,-1.059032056471686,-0.16125119006736108,0.3333333333333333,0.2323049001814882,-2.2159780465851675,0.1111111111111111,-3.0949063951708156,0.25,-0.1146745826604397,0.6341326826755145,0.0,0,0.0,0.3871513198050401,-4.755088530712135,0,1
-0.0173918084564822,-2.814764228080276,-4.959556673683751,0.0,-0.4668695745617363,0.0,0.0,-4.321258080645877,-1.06385683154724,-0.16125119006736108,0.0,0.3702359346642468,-2.2159780465851675,0.0,-3.0949063951708156,0.0,-0.2844958199592799,-0.4668695745617363,0.0,0,0.0,0.5191192900072952,-4.755088530712135,1,0
-0.0169369068819212,0.26663088282169384,-0.20836841944099543,0.3333333333333333,0.6341326826755145,0.1111111111111111,0.1111111111111111,-4.321258080645877,0.4947594745368041,0.036782292016155564,0.1111111111111111,-0.3393829401088929,0.08711210020847432,0.1111111111111111,0.035666533899452305,0.25,0.7344033012376314,0.6341326826755145,0.1111111111111111,0,0.3333333333333333,-1.3723900433022265,0.26171047190889735,0,1
-0.0158559147162425,0.9927646505524581,0.9723954514355697,0.3333333333333333,0.6341326826755145,0.1111111111111111,0.1111111111111111,-2.591297563913506,-0.4771165340388992,0.5073734146803576,0.1111111111111111,0.05263157894736842,0.3646410847315479,0.1111111111111111,1.1507618455879554,0.25,-0.0807105616274785,0.6341326826755145,0.1111111111111111,0,0.3333333333333333,0.1673597344439074,0.9698125877403967,1,0
-0.0173918084564822,-2.814764228080276,-4.959556673683751,0.0,-0.1916190102524236,0.0,0.0,-4.321258080645877,-1.06385683154724,-0.16125119006736108,0.0,0.5226860254083484,-2.2159780465851675,0.027777777777777776,-3.0949063951708156,0.125,-0.2497596226976441,-0.1916190102524235,0.2222222222222222,0,0.0,0.6417328970763176,-4.755088530712135,0,1
-0.0123781589567767,-2.814764228080276,-0.9014617051379227,0.1111111111111111,-0.4668695745617363,0.0,0.0,-4.321258080645877,-1.0528439132266083,2.021353847805298,0.1111111111111111,-0.04900181488203267,-0.12214307428158341,0.0,-0.5338288025734037,0.0,-0.2844958199592799,-0.4668695745617363,0.0,0,0.0,0.0021753538983214,-0.4589780003682638,1,0
-0.014892493748346,-0.586486275984681,-0.3826079063231418,0.0,0.083631554056889,0.0,0.1111111111111111,-0.6382921149923843,-1.041520452873802,0.9267819629338166,0.0,1.1705989110707804,-0.30363429627497285,0.05555555555555555,-3.0949063951708156,0.25,-0.2317925662894157,0.0836315540568891,0.3333333333333333,0,0.0,1.0152348983243975,-1.148686159802042,0,1
-0.016570361727254,0.7298924868284511,0.5046536384820159,0.1111111111111111,0.083631554056889,0.1111111111111111,0.3333333333333333,0.7096586071884762,-0.3446934545278917,0.19635134470551574,0.1111111111111111,-0.13611615245009073,0.3646410847315479,0.05555555555555555,-3.0949063951708156,0.25,-0.1455516624742182,0.0836315540568891,0.1111111111111111,0,0.1111111111111111,-0.1828566844305228,0.5390376728716304,1,0
-0.017277039600202,-0.0939087852881712,-0.5938860014602978,0.3333333333333333,1.18463381129414,0.1111111111111111,0.1111111111111111,-2.745815916324404,0.0616955152263887,-0.11128856624957878,0.4444444444444444,-0.20871143375680581,-0.06354833140974898,0.16666666666666666,-0.0006738613425133817,0.375,0.2249650616147337,1.18463381129414,0.2222222222222222,0,0.1111111111111111,-0.3945035917891138,-4.755088530712135,0,1
-0.0118307651502719,-2.814764228080276,-1.724115669009348,0.0,1.18463381129414,0.4444444444444444,0.0,-4.321258080645877,-1.061888071315104,2.2596522130675134,0.0,0.2323049001814882,-0.2554405137622843,0.16666666666666666,-0.744481550960766,0.375,-0.0297639640110196,1.18463381129414,0.2222222222222222,1,0.3333333333333333,0.3871513198050401,-4.755088530712135,0,1
-0.0172078114163063,0.26663088282169384,0.18851958234538035,0.1111111111111111,-0.4668695745617363,0.1111111111111111,0.1111111111111111,0.3474463868376146,1.626931467318657,-0.08115128143493036,0.1111111111111111,-0.2395644283121597,0.2099103637100951,0.0,0.20258527999812884,0.0,-0.2844958199592799,-0.4668695745617363,0.1111111111111111,0,0.1111111111111111,-0.5135592262370264,0.3173937429971883,1,0
-0.0168334789521059,-0.20244827600365914,-0.23641215176269104,0.0,0.083631554056889,0.1111111111111111,0.0,-1.031283152231442,-0.1523700674874056,0.08180784090723005,0.3333333333333333,-0.32667876588021777,-0.17914040011150367,0.05555555555555555,0.5300011584432576,0.25,0.097594534469716,0.0836315540568891,0.0,0,0.1111111111111111,-1.1433092459291831,-4.755088530712135,1,0
-0.0155209219941394,1.017254856497652,0.6602235468087002,0.0,-0.4668695745617363,0.0,0.0,0.9153641575014057,-0.9295669990430028,0.6532066650812628,0.0,1.6206896551724137,0.06529862592482132,0.0,0.1800207052063427,0.0,-0.2844958199592799,-0.4668695745617363,0.0,0,0.0,1.199597083727945,-0.0038579089760272783,1,0
-0.0173918084564822,-2.814764228080276,-4.959556673683751,0.0,-0.1916190102524236,0.0,0.0,-4.321258080645877,-1.0641757704833616,-0.16125119006736108,0.0,0.1088929219600726,-2.2159780465851675,0.027777777777777776,-3.0949063951708156,0.125,-0.2367336301369842,-0.1916190102524235,0.2222222222222222,0,0.0,0.2439439807007004,-4.755088530712135,0,1
-0.0171492058435212,-0.27689079101900727,-0.15015149268386876,0.1111111111111111,-0.4668695745617363,0.1111111111111111,0.1111111111111111,0.3987912086197025,0.857140304913748,-0.05563836546109809,0.1111111111111111,-0.3103448275862069,0.2099103637100951,0.0,-0.4106588906377609,0.0,-0.2844958199592799,-0.4668695745617363,0.1111111111111111,0,0.1111111111111111,-0.9531238224996238,-0.07807339746433212,1,0
-0.0173918084564822,-2.814764228080276,-4.959556673683751,0.0,-0.4668695745617363,0.0,0.0,-4.321258080645877,-1.06385683154724,-0.16125119006736108,0.0,1.9963702359346642,-2.2159780465851675,0.0,-3.0949063951708156,0.0,-0.2844958199592799,-0.4668695745617363,0.0,0,0.0,1.3273719327921307,-4.755088530712135,1,0
-0.0172252973403256,-0.27741762482422583,-0.5723936941144712,0.1111111111111111,0.6341326826755145,0.3333333333333333,0.1111111111111111,-0.2379424971152105,0.380401663335446,-0.08876347408192,0.1111111111111111,-0.3103448275862069,-0.4021892191084218,0.1111111111111111,-0.026893972685140766,0.25,0.3268518037888158,0.6341326826755145,0.1111111111111111,0,0.3333333333333333,-0.9531238224996238,-0.16815645353163797,0,1
-0.0172444665681482,-0.1404669937593093,-0.556547234232343,0.1111111111111111,0.3588821183662018,0.1111111111111111,0.1111111111111111,-0.06182077906576844,1.7247752004977952,-0.09710846373869196,0.3333333333333333,-0.3393829401088929,-0.14406250460690143,0.08333333333333333,-0.24959447327614714,0.25,0.4796785209384036,0.3588821183662018,0.2222222222222222,0,0.1111111111111111,-1.3723900433022265,-4.755088530712135,0,1
-0.0170381222074525,-2.814764228080276,-0.41318654684723033,0.4444444444444444,2.2856360685313915,0.3333333333333333,0.4444444444444444,-0.39556095327027846,1.1176373019670784,-0.007280038114303476,0.1111111111111111,-0.3484573502722323,-2.2159780465851675,0.2777777777777778,-3.0949063951708156,0.375,3.5363122065179637,2.2856360685313906,0.1111111111111111,1,0.3333333333333333,-1.666848273078999,0.5390376728716304,0,1
-0.0172347734973379,0.377313852074737,0.3969624643990473,0.1111111111111111,-0.4668695745617363,0.1111111111111111,0.1111111111111111,0.5087597620271138,0.3927796995389863,-0.0928887540872434,0.1111111111111111,0.6896551724137931,0.2970476903638747,0.0,0.33119731768965005,0.0,-0.2844958199592799,-0.4668695745617363,0.1111111111111111,0,0.1111111111111111,0.7564222381735122,0.5761859679933192,1,0
-0.0163099772701457,-2.814764228080276,-1.8681478523673574,0.0,-0.4668695745617363,0.0,0.0,-4.321258080645877,-1.0591744737226167,0.3097051856354953,0.0,1.3883847549909256,-0.3924510025289707,0.0,-3.0949063951708156,0.0,-0.2844958199592799,-0.4668695745617363,0.0,0,0.0,1.1095988810204689,-4.755088530712135,1,0
-0.017225764766381,-0.08581315579848388,-0.12078773221300126,0.1111111111111111,-0.4668695745617363,0.1111111111111111,0.1111111111111111,-0.0019843095974738842,1.0353317524045056,-0.08896695987872655,0.1111111111111111,-0.26678765880217786,0.0,0.0,-0.08274428171137979,0.0,-0.2844958199592799,-0.4668695745617363,0.1111111111111111,0,0.1111111111111111,-0.6440902286753902,0.40037018956560505,1,0
-0.0172480417782003,-0.19642138719233884,-0.8218047633896147,0.4444444444444444,2.2856360685313915,0.1111111111111111,0.3333333333333333,-4.321258080645877,0.0675528562611477,-0.09866486920177019,0.5555555555555556,-0.3103448275862069,-0.23068432219458748,0.2777777777777778,-3.0949063951708156,0.5,1.2438732394109595,2.2856360685313906,0.2222222222222222,1,0.1111111111111111,-0.9531238224996238,-0.16893244176358863,0,1
-0.0163154781530046,0.4482034778022723,0.029787229616610168,0.0,0.3588821183662018,0.1111111111111111,0.3333333333333333,0.7491593004002838,-1.0052875355801936,0.30731047203591294,0.0,4.001814882032668,0.15456918700630437,0.08333333333333333,-3.0949063951708156,0.25,-0.2377081717682121,0.3588821183662018,0.2222222222222222,0,0.1111111111111111,1.8047152235915511,-4.755088530712135,1,0
-0.0170704129245425,-2.814764228080276,0.4294730326092418,0.1111111111111111,0.9093832469848272,0.3333333333333333,0.1111111111111111,0.2283146734498298,1.9316730786576173,-0.021337239719893326,0.3333333333333333,-0.29038112522686027,0.466568897013319,0.1388888888888889,0.6314103960150467,0.25,0.3523267441444129,0.9093832469848272,0.2222222222222222,0,0.1111111111111111,-0.7891132362483021,0.5634111736586482,0,1
-0.0172669891332222,0.5613330706174532,0.872547143620114,0.1111111111111111,-0.4668695745617363,0.1111111111111111,0.1111111111111111,1.132744185520963,1.0412022126221077,-0.10691327039684975,0.1111111111111111,3.1578947368421053,0.3596935775591962,0.0,0.6838772238495526,0.0,-0.2844958199592799,-0.4668695745617363,0.1111111111111111,0,0.1111111111111111,1.6335973378751631,1.187444306924091,1,0
-0.0142239720181421,0.6893485536921018,0.7521438803024164,0.0,0.3588821183662018,0.0,0.0,0.8714388727553501,-0.9127362871812972,1.2178112613233374,0.3333333333333333,0.3702359346642468,0.5526367452854931,0.08333333333333333,0.6687162351302367,0.25,-0.1698664210999171,0.3588821183662018,0.2222222222222222,0,0.0,0.5191192900072952,-4.755088530712135,0,1
-0.0171139310944021,0.0,-0.5777272437373969,0.1111111111111111,0.9093832469848272,0.1111111111111111,0.1111111111111111,-0.12870809558806698,1.0816578390429237,-0.04028211745419732,0.3333333333333333,-0.3484573502722323,-0.12274782951552894,0.1388888888888889,-0.05618178943457677,0.25,1.6259081932793418,0.9093832469848272,0.2222222222222222,0,0.3333333333333333,-1.666848273078999,-2.924923920398431,0,1
-0.0170554430515292,0.5333258595717373,-0.039875701022577675,0.3333333333333333,0.6341326826755145,0.1111111111111111,0.1111111111111111,-4.321258080645877,1.6807234451965976,-0.014820366081856976,0.1111111111111111,-0.3393829401088929,-0.19755416412392923,0.1111111111111111,0.20258527999812884,0.25,0.7344033012376314,0.6341326826755145,0.1111111111111111,0,0.3333333333333333,-1.3723900433022265,0.3173937429971883,0,1
-0.0093438025602382,-2.814764228080276,-0.6633311381538811,0.0,-0.1916190102524236,0.1111111111111111,0.1111111111111111,0.2283146734498298,-1.0546025481396122,3.3423080864641865,0.0,0.0,0.08711210020847432,0.027777777777777776,-3.0949063951708156,0.125,-0.2299105088989508,-0.1916190102524235,0.2222222222222222,0,0.1111111111111111,0.0869332819236188,-4.755088530712135,1,0
-0.0171626267572684,0.07012408686463154,-0.4766005802195068,0.1111111111111111,0.9093832469848272,0.1111111111111111,0.1111111111111111,-0.09428081140899382,-0.0477752153931597,-0.0614809266451756,0.3333333333333333,-0.29038112522686027,0.055206555305286134,0.1388888888888889,-0.11113881133048968,0.25,0.3523267441444129,0.9093832469848272,0.2222222222222222,0,0.3333333333333333,-0.7891132362483021,-4.755088530712135,0,1
-0.0160995655468669,-0.1559158946214444,-0.6633311381538811,0.1111111111111111,0.6341326826755145,0.1111111111111111,0.1111111111111111,-0.39556095327027846,-0.9966159813579788,0.401304266760507,0.3333333333333333,-0.09437386569872959,0.08711210020847432,0.1111111111111111,-0.24959447327614714,0.25,-0.0297646715936118,0.6341326826755145,0.0,0,0.3333333333333333,-0.0875094222424097,-4.755088530712135,1,0
-0.0170883239350439,-0.7136316348205413,-0.9696193059009485,0.1111111111111111,-0.4668695745617363,0.1111111111111111,0.1111111111111111,-0.3424884769050972,-0.6387903121547128,-0.02913448636748925,0.1111111111111111,-0.3103448275862069,-0.649413060418217,0.0,-0.8517139134472892,0.0,-0.2844958199592799,-0.4668695745617363,0.0,0,0.1111111111111111,-0.9531238224996238,-0.39212892590501836,1,0
-0.0172654412174103,0.5471822814028252,0.546837372218059,0.1111111111111111,0.6341326826755145,0.1111111111111111,0.1111111111111111,0.7874380332635175,1.433230964176308,-0.10623941219249004,0.3333333333333333,0.5226860254083484,0.4443051888671619,0.1111111111111111,0.5026791707506205,0.25,-0.1455510309127367,0.6341326826755145,0.3333333333333333,0,0.1111111111111111,0.6417328970763176,-3.7547158516804484,0,1
-0.0148138365719227,0.11065092629307056,-0.0617321544193306,0.0,-0.4668695745617363,0.1111111111111111,0.1111111111111111,0.39991223615848887,-0.983996817903373,0.9610239955163464,0.0,-0.04900181488203267,-0.4617227614448983,0.0,0.035666533899452305,0.0,-0.2844958199592799,-0.4668695745617363,0.0,0,0.0,0.0021753538983214,-1.1562432923224801,1,0
-0.0167616087468496,0.0,0.016538144606494925,0.1111111111111111,0.083631554056889,0.1111111111111111,0.1111111111111111,-0.14637067321731154,-0.6637861760761457,0.11309528373197511,0.1111111111111111,-0.09437386569872959,0.466568897013319,0.05555555555555555,0.035666533899452305,0.25,-0.1571302457764458,0.0836315540568891,0.1111111111111111,0,0.3333333333333333,-0.0875094222424097,-0.030311539256362482,1,0
-0.0172710443256859,-2.814764228080276,-1.657226167261761,0.1111111111111111,0.3588821183662018,0.0,0.1111111111111111,-0.36786440623873146,-0.7012258848104214,-0.10867862784782724,0.3333333333333333,-0.3103448275862069,-2.2159780465851675,0.08333333333333333,-3.0949063951708156,0.25,0.1740148978517919,0.3588821183662018,0.2222222222222222,0,0.0,-0.9531238224996238,-4.755088530712135,0,1
-0.0172192201150962,-2.814764228080276,-0.7444377803254731,0.3333333333333333,2.2856360685313915,0.3333333333333333,0.4444444444444444,0.1022767705823225,0.7094901258691318,-0.08611785986361223,0.3333333333333333,-0.3393829401088929,-2.2159780465851675,0.2777777777777778,-3.0949063951708156,0.375,2.2627519830329987,2.2856360685313906,0.2222222222222222,1,0.1111111111111111,-1.3723900433022265,-4.755088530712135,0,1
-0.0172827088535679,-2.814764228080276,-0.5107359959559212,0.1111111111111111,-0.4668695745617363,0.1111111111111111,0.1111111111111111,0.10815537308144271,1.3640525174758054,-0.11375657701858373,0.1111111111111111,-0.3103448275862069,-2.2159780465851675,0.0,-0.1044325714933984,0.0,-0.2844958199592799,-0.4668695745617363,0.1111111111111111,0,0.0,-0.9531238224996238,0.10832488669182568,1,0
-0.0153594929248507,-2.814764228080276,-1.915285628443198,0.0,-0.4668695745617363,0.0,0.0,-4.321258080645877,-1.049511864195739,0.723482000425182,0.0,-0.3103448275862069,-2.2159780465851675,0.0,-3.0949063951708156,0.0,-0.2844958199592799,-0.4668695745617363,0.0,0,0.0,-0.9531238224996238,-0.6831565010958577,1,0
-0.017231446756863,0.8002452572023537,1.0299860129480238,0.1111111111111111,0.083631554056889,0.1111111111111111,0.1111111111111111,1.0160830895811384,1.4293682323334,-0.09144051552954172,0.1111111111111111,2.128856624319419,0.6036343144528772,0.05555555555555555,0.785655060394329,0.25,-0.2431878335821775,0.0836315540568891,0.3333333333333333,0,0.1111111111111111,1.3682240822548568,1.179156630901433,1,0
-0.0173918084564822,-2.814764228080276,-4.959556673683751,0.0,-0.1916190102524236,0.0,0.0,-4.321258080645877,-1.06385683154724,-0.16125119006736108,0.0,2.128856624319419,-2.2159780465851675,0.027777777777777776,-3.0949063951708156,0.125,-0.2638418267707287,-0.1916190102524235,0.2222222222222222,0,0.0,1.3682240822548568,-4.755088530712135,0,1
-0.0171897339216933,0.16441350685740708,0.49725414307724364,0.1111111111111111,1.7351349399127654,0.4444444444444444,0.3333333333333333,0.6675551703809646,0.2606264854117661,-0.07328155882731259,0.1111111111111111,0.6896551724137931,-2.2159780465851675,0.2222222222222222,0.8219200171466357,0.375,-0.0297636102182493,1.7351349399127651,0.1111111111111111,0,0.4444444444444444,0.7564222381735122,0.7020858260316316,0,1
-0.0163382974225236,-2.814764228080276,-0.7074164837317493,0.0,-0.4668695745617363,0.0,0.0,0.37766014689292304,-0.961229868313098,0.2973765002623074,0.0,-0.20871143375680581,-2.2159780465851675,0.0,-0.4902729223080636,0.0,-0.2844958199592799,-0.4668695745617363,0.0,0,0.0,-0.3945035917891138,-1.4374537049306322,1,0
0.0222730541043816,-2.814764228080276,-0.8931800739032578,0.0,-0.1916190102524236,0.0,0.0,-4.321258080645877,-1.0627110138878393,17.106156285655324,0.0,0.1088929219600726,0.21974412145293676,0.027777777777777776,-3.0949063951708156,0.125,-0.2367336301369842,-0.1916190102524235,0.2222222222222222,0,0.0,0.2439439807007004,-4.755088530712135,0,1
-0.0171909776715152,0.26663088282169384,0.10789985370104262,0.1111111111111111,-0.4668695745617363,0.1111111111111111,0.1111111111111111,0.15570293109133396,0.6743963770994915,-0.07382300366250705,0.1111111111111111,-0.17422867513611615,0.2099103637100951,0.0,0.035666533899452305,0.0,-0.2844958199592799,-0.4668695745617363,0.1111111111111111,0,0.1111111111111111,-0.2847917733012345,0.24198280864049138,1,0
-0.0172027403665914,0.11065092629307056,-0.05303699857206245,0.1111111111111111,-0.4668695745617363,0.1111111111111111,0.1111111111111111,0.12475366753727371,0.729868159597253,-0.07894368821250046,0.1111111111111111,-0.2395644283121597,0.08711210020847432,0.0,0.03771958649914805,0.0,-0.2844958199592799,-0.4668695745617363,0.1111111111111111,0,0.1111111111111111,-0.5135592262370264,0.10832488669182568,1,0
-0.0166954808619052,1.8867437423247027,1.7675844346141059,0.3333333333333333,0.9093832469848272,0.0,0.1111111111111111,-4.321258080645877,2.3074264377639,0.14188290736459566,0.3333333333333333,0.3702359346642468,0.38490992109179467,0.1388888888888889,0.4780506893006951,0.25,-0.093446821860342,0.9093832469848272,0.2222222222222222,1,0.1111111111111111,0.5191192900072952,0.5553520467202178,0,1
-0.017270664714284,-0.1263257614871225,-0.596064068411672,0.1111111111111111,0.6341326826755145,0.1111111111111111,0.1111111111111111,0.020017670180345004,0.8489661305006725,-0.1085133706318372,0.3333333333333333,-0.3103448275862069,-0.12153952374013674,0.1111111111111111,-0.40044493829208294,0.25,0.3268518037888158,0.6341326826755145,0.3333333333333333,0,0.1111111111111111,-0.9531238224996238,-4.755088530712135,0,1
-0.0172093383397305,-0.08581315579848388,-0.16899323827101756,0.3333333333333333,3.111387761459329,0.3333333333333333,0.4444444444444444,0.38444466836762314,1.415913637913906,-0.08181600096871412,0.3333333333333333,-0.3103448275862069,0.08711210020847432,0.3611111111111111,-0.031229186384769358,0.375,1.7023839572220312,3.1113877614593286,0.3333333333333333,1,0.3333333333333333,-0.9531238224996238,-4.755088530712135,0,1
-0.0173918084564822,-2.814764228080276,-4.959556673683751,0.0,-0.4668695745617363,0.0,0.0,-4.321258080645877,-1.06385683154724,-0.16125119006736108,0.0,1.9963702359346642,-2.2159780465851675,0.0,-3.0949063951708156,0.0,-0.2844958199592799,-0.4668695745617363,0.0,0,0.0,1.3273719327921307,-4.755088530712135,1,0
-0.0136050563392993,-2.814764228080276,0.5537630163671807,0.0,-0.4668695745617363,0.0,0.0,0.8656090293280801,-0.9608985464474712,1.4872454287377392,0.0,0.2323049001814882,0.1858606959324,0.0,0.3924820984998647,0.0,-0.2844958199592799,-0.4668695745617363,0.0,0,0.0,0.3871513198050401,1.296382050008513,1,0
-0.0172756864006406,-2.814764228080276,-0.701987619342406,0.4444444444444444,4.487640583005893,0.4444444444444444,0.3333333333333333,-4.321258080645877,1.753187558940184,-0.11069947437544987,0.5555555555555556,-0.3393829401088929,-2.2159780465851675,0.5,0.12752514285418468,0.5,4.300550225426821,4.487640583005892,0.5555555555555556,1,0.3333333333333333,-1.3723900433022265,-1.4404492118996832,0,1
-0.017169562462799,0.11314312750537367,0.19163833384095205,0.1111111111111111,0.083631554056889,0.1111111111111111,0.1111111111111111,0.22888242102354361,-0.0103879359691445,-0.06450026531913522,0.1111111111111111,0.16878402903811252,0.2099103637100951,0.05555555555555555,0.203818544432442,0.25,-0.1945904884170285,0.0836315540568891,0.3333333333333333,0,0.1111111111111111,0.3170934418812415,0.5415184843590939,1,0
-0.0173995463237511,-0.7587560216311561,-2.1866005009592104,0.0,-0.1916190102524236,0.0,0.0,-2.4078910573467853,-1.447061684236165,-0.1646197358910402,0.0,1.5027223230490019,-1.3954868450070863,0.027777777777777776,-2.0385538079156125,0.125,-0.2606146504199437,-0.1916190102524235,0.2222222222222222,0,0.0,1.155113830650042,-1.5069394971050663,1,0
-0.0172467919735489,-2.814764228080276,0.5800647563698274,0.3333333333333333,2.010385504222078,0.3333333333333333,0.3333333333333333,-4.321258080645877,0.6750405943761582,-0.0981207885019087,0.3333333333333333,1.1705989110707804,0.466568897013319,0.25,0.8475529310307723,0.25,-0.0473311784448913,2.0103855042220777,0.2222222222222222,1,0.1111111111111111,1.0152348983243975,0.7481420290032386,0,1
-0.0171530264463099,0.11065092629307056,-0.5439354983210588,0.1111111111111111,-0.4668695745617363,0.1111111111111111,0.1111111111111111,-0.25320058512525895,1.568738972706891,-0.057301598380491876,0.1111111111111111,-0.3484573502722323,-0.40756547145368716,0.0,-0.422382511417094,0.0,-0.2844958199592799,-0.4668695745617363,0.1111111111111111,0,0.1111111111111111,-1.666848273078999,-0.2936194863200716,1,0
-0.0173918084564822,-2.814764228080276,-4.959556673683751,0.0,-0.4668695745617363,0.0,0.0,-4.321258080645877,-1.0387203991336855,-0.16125119006736108,0.1111111111111111,-0.3393829401088929,-2.2159780465851675,0.0,-3.0949063951708156,0.0,-0.2844958199592799,-0.4668695745617363,0.1111111111111111,0,0.0,-1.3723900433022265,-4.755088530712135,0,1
-0.017256285912263,0.0,-0.3957477308958032,0.1111111111111111,0.6341326826755145,0.1111111111111111,0.1111111111111111,0.12566173109356363,1.2766030261248258,-0.1022538094615732,0.3333333333333333,-0.3103448275862069,-0.0430931711777589,0.1111111111111111,-0.1745754674831542,0.25,0.3268518037888158,0.6341326826755145,0.3333333333333333,0,0.1111111111111111,-0.9531238224996238,-4.755088530712135,0,1
-0.0171883340917525,-0.1559158946214444,-0.6034558483431826,0.1111111111111111,0.3588821183662018,0.1111111111111111,0.1111111111111111,-0.0019843095974738842,0.061873458778768,-0.07267216722921953,0.3333333333333333,-0.3103448275862069,-0.23900973849487983,0.08333333333333333,-0.3378079244009804,0.25,0.1740148978517919,0.3588821183662018,0.2222222222222222,0,0.1111111111111111,-0.9531238224996238,-3.7547158516804484,0,1
-0.0172513045856691,-0.14830235186941587,-0.26084291447007796,0.1111111111111111,0.083631554056889,0.1111111111111111,0.1111111111111111,0.1404389873933439,1.2601757997201972,-0.10008527563812519,0.1111111111111111,-0.29038112522686027,-0.0994524199863584,0.05555555555555555,-0.051068855998471566,0.25,-0.0297667943178028,0.0836315540568891,0.3333333333333333,0,0.1111111111111111,-0.7891132362483021,-0.013457582304981227,0,1
-0.0172869246374864,-0.11579083266733227,-0.7891342473689078,0.3333333333333333,1.18463381129414,0.1111111111111111,0.1111111111111111,-3.4067422248438315,1.6567209871776405,-0.11559184516400503,0.4444444444444444,-0.3393829401088929,-0.12824564255022203,0.16666666666666666,-0.24144699690918162,0.375,1.243852861836087,1.18463381129414,0.2222222222222222,0,0.1111111111111111,-1.3723900433022265,-4.755088530712135,0,1
-0.0165984557578208,-0.554867749315951,-0.9172140784284545,0.1111111111111111,-0.4668695745617363,0.0,0.1111111111111111,-0.39556095327027846,-0.9755890400946908,0.18412109752672723,0.1111111111111111,-0.17422867513611615,-0.37041914140084786,0.0,-3.0949063951708156,0.0,-0.2844958199592799,-0.4668695745617363,0.1111111111111111,0,0.0,-0.2847917733012345,-0.39046327106350276,1,0
-0.0172381163814769,0.606038804805089,0.8366042323880871,0.1111111111111111,-0.4668695745617363,0.1111111111111111,0.1111111111111111,0.9770996285661654,0.9112994828168144,-0.09434402050806817,0.1111111111111111,1.9963702359346642,0.4270556903953231,0.0,0.5243498565458493,0.0,-0.2844958199592799,-0.4668695745617363,0.1111111111111111,0,0.1111111111111111,1.3273719327921307,1.1845913681126041,1,0
-0.012900851734675,-0.5176949796124348,-1.1528779318470697,0.0,-0.1916190102524236,0.1111111111111111,0.0,-4.321258080645877,-1.0602658049038096,1.793808645379906,0.0,1.2776769509981851,-0.3091835772530541,0.027777777777777776,-0.24959447327614714,0.125,-0.2590225777575635,-0.1916190102524235,0.2222222222222222,0,0.0,1.0629938337787594,-4.755088530712135,1,0
-0.0172174215898477,-0.3863793404657092,-0.7518687143010568,0.3333333333333333,1.4598843756034523,0.1111111111111111,0.3333333333333333,0.20116829990909016,1.5381930465342502,-0.08533490320333258,0.3333333333333333,-0.3484573502722323,-0.331249506060856,0.19444444444444442,-3.0949063951708156,0.25,2.3900697985747907,1.4598843756034523,0.2222222222222222,0,0.1111111111111111,-1.666848273078999,-4.755088530712135,0,1
-0.0172867925076516,-0.1559158946214444,-0.37113699749975926,0.1111111111111111,-0.4668695745617363,0.1111111111111111,0.1111111111111111,0.0042289005618818135,0.5057090251029465,-0.11553432474040823,0.1111111111111111,-0.17422867513611615,-0.4868248142128441,0.0,-0.24959447327614714,0.0,-0.2844958199592799,-0.4668695745617363,0.1111111111111111,0,0.1111111111111111,-0.2847917733012345,0.23836436476203215,1,0
-0.0132052935500639,-0.385680244842748,-0.2015833953194328,0.0,-0.4668695745617363,0.0,0.0,-0.024577097297448065,-1.046149357375315,1.6612752004220783,0.0,1.1705989110707804,0.20244913126994551,0.0,-0.4954720724924243,0.0,-0.2844958199592799,-0.4668695745617363,0.0,0,0.0,1.0152348983243975,-0.8319256602535402,1,0
-0.017235513522178,-2.814764228080276,-0.8897153721137268,0.1111111111111111,-0.4668695745617363,0.1111111111111111,0.1111111111111111,-0.12165374490400728,0.4954209596003187,-0.09321091101986657,0.1111111111111111,-0.3393829401088929,-2.2159780465851675,0.0,-3.0949063951708156,0.0,-0.2844958199592799,-0.4668695745617363,0.1111111111111111,0,0.0,-1.3723900433022265,-0.06677187715607047,1,0
-0.0171736387653016,0.0,-0.3832826815479295,0.1111111111111111,0.6341326826755145,0.3333333333333333,0.1111111111111111,-0.1653565554017613,-0.2402266266107436,-0.06627481265807922,0.1111111111111111,-0.20871143375680581,0.04754002188951723,0.1111111111111111,-0.08274428171137979,0.25,0.0551447677567291,0.6341326826755145,0.1111111111111111,0,0.3333333333333333,-0.3945035917891138,-0.20902154212594073,1,0
-0.017171947535245,0.1807856920685292,0.23239403589917698,0.1111111111111111,-0.4668695745617363,0.1111111111111111,0.1111111111111111,0.07739427150690893,0.6903624702108985,-0.06553856509192842,0.1111111111111111,-0.13611615245009073,0.5324326877024244,0.0,0.0931994550166687,0.0,-0.2844958199592799,-0.4668695745617363,0.1111111111111111,0,0.1111111111111111,-0.1828566844305228,0.032562260220685806,1,0
-0.0142753982453004,-0.5818071662533906,-0.4059832127211022,0.0,-0.4668695745617363,0.0,0.0,0.245839927731436,-1.0495480685705136,1.1954237484983765,0.0,1.867513611615245,-0.05763148388014295,0.0,-3.0949063951708156,0.0,-0.2844958199592799,-0.4668695745617363,0.0,0,0.1111111111111111,1.285678693674575,0.18316197735558842,1,0
-0.0172751839663718,0.3147850855427289,0.11204361903397868,0.1111111111111111,0.6341326826755145,0.1111111111111111,0.1111111111111111,0.29420961859082934,1.253697338294654,-0.1104807483623439,0.3333333333333333,-0.04900181488203267,0.1303580605524201,0.1111111111111111,0.25689230281934733,0.25,-0.0493592245867171,0.6341326826755145,0.3333333333333333,0,0.1111111111111111,0.0021753538983214,-2.063249796006379,0,1
-0.013860987309682,-0.4013615710476725,-1.653607523838166,0.0,-0.4668695745617363,0.0,0.0,-1.1507403753442618,-1.0430673009796387,1.3758303357325592,0.0,-0.3393829401088929,-2.2159780465851675,0.0,-3.0949063951708156,0.0,-0.2844958199592799,-0.4668695745617363,0.0,0,0.0,-1.3723900433022265,-1.2869154305439137,1,0
-0.0173287252851516,-2.814764228080276,-0.7697020418967331,0.1111111111111111,0.3588821183662018,0.1111111111111111,0.1111111111111111,-0.031115273139600514,1.7341299953542462,-0.1337890295076535,0.3333333333333333,-0.3103448275862069,-2.2159780465851675,0.08333333333333333,-0.13132082386096033,0.25,0.1740148978517919,0.3588821183662018,0.2222222222222222,0,0.1111111111111111,-0.9531238224996238,-4.755088530712135,0,1
-0.0136062555031225,-0.07506946207531175,-1.1444219661242556,0.0,-0.4668695745617363,0.0,0.0,-0.536581743503307,-1.0530641179342657,1.4867233936409627,0.0,-0.09437386569872959,-2.2159780465851675,0.0,-0.6967344470560399,0.0,-0.2844958199592799,-0.4668695745617363,0.0,0,0.0,-0.0875094222424097,-4.755088530712135,1,0
-0.0172291236683964,-2.814764228080276,0.11939036435947621,0.1111111111111111,0.083631554056889,0.3333333333333333,0.1111111111111111,0.15008121975508792,-0.1139367473425858,-0.0904291994032336,0.1111111111111111,0.604355716878403,0.18901395815568892,0.05555555555555555,0.48798343050834453,0.25,-0.2180439511956038,0.0836315540568891,0.1111111111111111,0,0.1111111111111111,0.6999923241170234,0.13982174324410993,1,0
-0.0124499206491827,0.8285689179487051,0.8953917207897528,0.0,-0.4668695745617363,0.0,0.0,1.156154366413676,-0.9903839459729996,1.990113644161072,0.0,1.6206896551724137,0.7362703406712067,0.0,-3.0949063951708156,0.0,-0.2844958199592799,-0.4668695745617363,0.0,0,0.0,1.199597083727945,0.988666657156362,1,0
-0.0170025960013188,0.377313852074737,1.5526391111796989,0.1111111111111111,0.083631554056889,0.1111111111111111,0.1111111111111111,0.9664563732231808,0.6592835356964749,0.008185677326796988,0.1111111111111111,4.181488203266787,1.2722372935361344,0.05555555555555555,0.3695268902996087,0.25,-0.2539278885601141,0.0836315540568891,0.3333333333333333,1,0.1111111111111111,1.8373853869087895,1.7880023471868995,1,0
-0.0172079789241469,-0.09752553329123513,-0.4548781970941662,0.3333333333333333,1.4598843756034523,0.1111111111111111,0.3333333333333333,0.3239369396491639,-0.689389338153481,-0.08122420305754738,0.3333333333333333,0.44464609800362975,-0.0889847186085517,0.19444444444444442,-3.0949063951708156,0.25,-0.0297637618438426,1.4598843756034523,0.2222222222222222,0,0.1111111111111111,0.5814972662319737,-4.755088530712135,0,1
-0.0050569439214505,0.8074846641233686,1.119348648886376,0.0,-0.4668695745617363,0.0,0.0,-0.39556095327027846,-0.97764291209223,5.208517374172778,0.0,0.1088929219600726,1.142450263562596,0.0,-0.24959447327614714,0.0,-0.2844958199592799,-0.4668695745617363,0.0,0,0.0,0.2439439807007004,-0.4608380511121482,1,0
-0.0172786222858195,-0.3173805072417562,-0.562293900512464,0.1111111111111111,0.3588821183662018,0.1111111111111111,0.1111111111111111,0.020290787536921505,1.0947300079120557,-0.11197756088360684,0.3333333333333333,-0.3103448275862069,-0.17623755374722852,0.08333333333333333,-0.05618178943457677,0.25,0.1740148978517919,0.3588821183662018,0.2222222222222222,0,0.1111111111111111,-0.9531238224996238,-4.755088530712135,0,1
-0.0172020712746537,-0.3209058940426349,-0.5268108870278432,0.1111111111111111,-0.4668695745617363,0.1111111111111111,0.1111111111111111,-0.1653565554017613,0.2974692302150435,-0.0786524106842098,0.1111111111111111,-0.3103448275862069,-0.12274782951552894,0.0,-0.3963117272708637,0.0,-0.2844958199592799,-0.4668695745617363,0.1111111111111111,0,0.1111111111111111,-0.9531238224996238,-0.27815567007992703,1,0
-0.0172265776188753,0.49984518417842333,0.6619559334453279,0.1111111111111111,-0.4668695745617363,0.1111111111111111,0.1111111111111111,0.852442618374056,1.3320587721208532,-0.08932082106293587,0.1111111111111111,0.44464609800362975,0.39351287179961847,0.0,0.48798343050834453,0.0,-0.2844958199592799,-0.4668695745617363,0.1111111111111111,0,0.1111111111111111,0.5814972662319737,0.8349245805174293,1,0
-0.0166359371340833,0.6601794770655263,1.8211270393622336,0.1111111111111111,-0.4668695745617363,0.1111111111111111,0.1111111111111111,1.061896236352057,0.9227946653192604,0.16780423280337545,0.1111111111111111,1.7422867513611615,1.4761260547264579,0.0,0.6068572730847134,0.0,-0.2844958199592799,-0.4668695745617363,0.1111111111111111,0,0.1111111111111111,1.2431022551165405,0.9698125877403967,1,0
-0.0171890207497236,-0.49384273556064723,-0.7179076329195678,0.1111111111111111,-0.4668695745617363,0.1111111111111111,0.1111111111111111,0.0016953388491349375,0.1161714816046097,-0.07297109182438298,0.1111111111111111,-0.32667876588021777,-0.510908617769237,0.0,-0.7192724317557571,0.0,-0.2844958199592799,-0.4668695745617363,0.1111111111111111,0,0.1111111111111111,-1.1433092459291831,-0.29790452698888625,1,0
-0.0172317367204506,0.1294187615693814,-0.21465725378494335,0.5555555555555556,3.6618888900779543,0.3333333333333333,0.4444444444444444,-4.321258080645877,1.567745383919546,-0.09156674613003024,0.3333333333333333,-0.3103448275862069,-2.2159780465851675,0.41666666666666663,-3.0949063951708156,0.5,2.0080577690960792,3.661888890077954,0.3333333333333333,1,0.3333333333333333,-0.9531238224996238,0.6523419284522012,0,1
-0.0171125126680542,-2.814764228080276,-0.585812020751051,0.1111111111111111,0.083631554056889,0.3333333333333333,0.1111111111111111,-0.2693341163573286,1.0438829465834851,-0.03966463023399484,0.1111111111111111,-0.3484573502722323,-0.037102452010212214,0.05555555555555555,-0.15286821612210216,0.25,0.4796657853361687,0.0836315540568891,0.1111111111111111,0,0.1111111111111111,-1.666848273078999,-0.32875661714420007,0,1
-0.0151413584011476,-2.814764228080276,-0.6803983336414169,0.4444444444444444,1.4598843756034523,0.1111111111111111,0.3333333333333333,-4.321258080645877,-1.0262654280948258,0.8184430682852643,0.0,-0.09437386569872959,-2.2159780465851675,0.19444444444444442,-2.146606299777608,0.375,0.1612836896806392,1.4598843756034523,0.3333333333333333,1,0.0,-0.0875094222424097,-0.13090774101201916,0,1
-0.016696030449854,0.46317186353556355,0.4394456009608595,0.1111111111111111,-0.4668695745617363,0.1111111111111111,0.1111111111111111,0.2283146734498298,-0.6805388271626658,0.14164365381768265,0.1111111111111111,0.5226860254083484,0.574622098378171,0.0,0.48798343050834453,0.0,-0.2844958199592799,-0.4668695745617363,0.1111111111111111,0,0.1111111111111111,0.6417328970763176,0.22160843477979358,1,0
-0.0155255892432194,0.11065092629307056,-0.06622470885638984,0.0,-0.4668695745617363,0.1111111111111111,0.0,-0.65686596107573,-0.3518509004434297,0.6511748594363627,0.1111111111111111,-0.3484573502722323,0.24170145507855417,0.0,0.3677847105951487,0.0,-0.2844958199592799,-0.4668695745617363,0.1111111111111111,0,0.1111111111111111,-1.666848273078999,-0.030311539256362482,1,0
-0.0171635734048706,-2.814764228080276,-0.6025271839036824,0.3333333333333333,2.560886632840704,0.3333333333333333,0.3333333333333333,-4.321258080645877,-0.3459496177817545,-0.06189303320063449,0.3333333333333333,-0.26678765880217786,-2.2159780465851675,0.3055555555555555,0.035666533899452305,0.25,0.916372445798759,2.5608866328407034,0.2222222222222222,1,0.3333333333333333,-0.6440902286753902,-0.20902154212594073,0,1
-0.0134566222480679,-2.814764228080276,-0.5000751591630795,0.0,-0.4668695745617363,0.0,0.0,0.07739427150690893,-1.0562516166706064,1.5518636265859391,0.0,3.319419237749546,0.22430324918207487,0.0,-3.0949063951708156,0.0,-0.2844958199592799,-0.4668695745617363,0.0,0,0.0,1.668921836399024,-0.7779363167327971,1,0
-0.0149347231798399,-2.125201950811507,-0.05224919281865024,0.1111111111111111,0.083631554056889,0.3333333333333333,0.1111111111111111,0.38069211805542263,-1.011211016151923,0.9083981150141385,0.1111111111111111,0.44464609800362975,0.42203770470765495,0.05555555555555555,-0.025697801357416495,0.25,-0.2117152319262978,0.0836315540568891,0.1111111111111111,0,0.0,0.5814972662319737,-0.41592927441039124,1,0
-0.0171716220427734,-0.4222907216928031,-0.7985245981780807,0.1111111111111111,0.083631554056889,0.1111111111111111,0.1111111111111111,-0.37548433756705774,-0.824416378392064,-0.06539686761020967,0.1111111111111111,0.1088929219600726,-0.12274782951552894,0.05555555555555555,-0.7323478632487916,0.25,-0.1889714403146885,0.0836315540568891,0.1111111111111111,0,0.3333333333333333,0.2439439807007004,-0.3476165799874087,1,0
-0.0173918084564822,-2.814764228080276,-4.959556673683751,0.0,-0.1916190102524236,0.0,0.0,-4.321258080645877,-1.06385683154724,-0.16125119006736108,0.0,-0.17422867513611615,-2.2159780465851675,0.027777777777777776,-3.0949063951708156,0.125,-0.20807660281388,-0.1916190102524235,0.2222222222222222,0,0.0,-0.2847917733012345,-4.755088530712135,0,1
-0.017228209590574,0.11065092629307056,-0.11719683217730556,0.1111111111111111,-0.4668695745617363,0.1111111111111111,0.1111111111111111,-0.0019843095974738842,0.2996086162588186,-0.09003127153449517,0.1111111111111111,-0.13611615245009073,0.08711210020847432,0.0,0.035666533899452305,0.0,-0.2844958199592799,-0.4668695745617363,0.1111111111111111,0,0.1111111111111111,-0.1828566844305228,-0.1076119489873885,1,0
-0.017197153352719,0.29742561688667385,0.08586053484599625,0.1111111111111111,-0.4668695745617363,0.1111111111111111,0.1111111111111111,0.13197786527446914,1.8237074671385367,-0.07651147897545907,0.1111111111111111,-0.29038112522686027,0.17004348242547243,0.0,0.12916856681713193,0.0,-0.2844958199592799,-0.4668695745617363,0.1111111111111111,0,0.1111111111111111,-0.7891132362483021,0.06988107223101582,1,0
-0.0100317085002668,0.529458615160515,2.201999589021394,0.0,-0.4668695745617363,0.0,0.0,2.449709138066172,-0.8014871194505594,3.042840209745418,0.0,3.825771324863884,1.4832377266620775,0.0,0.960157560851433,0.0,-0.2844958199592799,-0.4668695745617363,0.0,1,0.0,1.7715522582507326,-3.7547158516804484,1,0
-0.016046520277952,0.46317186353556355,1.5025773075974225,0.0,-0.4668695745617363,0.1111111111111111,0.1111111111111111,2.3242275123229903,-0.5151121125567049,0.4243966012317855,0.0,2.8457350272232307,0.36560888678140124,0.0,0.41315655427750453,0.0,-0.2844958199592799,-0.4668695745617363,0.0,0,0.1111111111111111,1.561142456786503,0.15129138074352658,1,0
-0.0172899352382774,-2.814764228080276,-1.1427981800231595,0.1111111111111111,-0.4668695745617363,0.0,0.1111111111111111,-0.39556095327027846,-0.0988884546492493,-0.11690245781333126,0.1111111111111111,-0.3103448275862069,-2.2159780465851675,0.0,-3.0949063951708156,0.0,-0.2844958199592799,-0.4668695745617363,0.1111111111111111,0,0.0,-0.9531238224996238,-0.2712518616775304,1,0
-0.0144494575008154,-2.814764228080276,-1.8458224738131266,0.0,0.083631554056889,0.0,0.0,-4.321258080645877,-1.045429747635048,1.1196500814325723,0.0,-0.3393829401088929,-2.2159780465851675,0.05555555555555555,-3.0949063951708156,0.25,0.2249537406391757,0.0836315540568891,0.3333333333333333,0,0.0,-1.3723900433022265,-0.615098193054528,0,1
-0.0172289922918764,-0.01039501504762101,-0.15192491444470102,0.1111111111111111,-0.4668695745617363,0.1111111111111111,0.1111111111111111,0.015078975792848597,0.7201701140409175,-0.09037200692211884,0.1111111111111111,-0.2395644283121597,0.0806849625375469,0.0,-0.10733491964758836,0.0,-0.2844958199592799,-0.4668695745617363,0.1111111111111111,0,0.1111111111111111,-0.5135592262370264,0.10832488669182568,1,0
-0.0173918084564822,-2.814764228080276,-4.959556673683751,0.0,-0.1916190102524236,0.0,0.0,-4.321258080645877,-1.06385683154724,-0.16125119006736108,0.0,1.2776769509981851,-2.2159780465851675,0.027777777777777776,-3.0949063951708156,0.125,-0.2590225777575635,-0.1916190102524235,0.2222222222222222,0,0.0,1.0629938337787594,-4.755088530712135,0,1
-0.0172426679994546,-0.3522519488626691,-0.3555039723323022,0.1111111111111111,-0.4668695745617363,0.1111111111111111,0.1111111111111111,0.025725746709283345,0.823801005328744,-0.09632548816533118,0.1111111111111111,-0.29038112522686027,-0.12274782951552894,0.0,-0.11113881133048968,0.0,-0.2844958199592799,-0.4668695745617363,0.1111111111111111,0,0.1111111111111111,-0.7891132362483021,-0.030311539256362482,1,0
-0.0169841810410046,-0.2930182359400527,-0.4775537050878431,0.1111111111111111,0.083631554056889,0.1111111111111111,0.3333333333333333,0.02301476518609856,-0.4934345798780482,0.016202309753192864,0.1111111111111111,-0.29038112522686027,-0.020889199156281457,0.05555555555555555,-3.0949063951708156,0.25,-0.0297667943178028,0.0836315540568891,0.1111111111111111,0,0.1111111111111111,-0.7891132362483021,-0.20902154212594073,1,0
-0.0167497034408937,-2.5480051253558096,-0.02988608928150867,0.0,1.18463381129414,0.3333333333333333,0.0,-0.685444311578414,1.1267325700076556,0.11827805144603383,0.3333333333333333,-0.3484573502722323,-0.20900371653876934,0.16666666666666666,0.7498457184292241,0.25,2.0079889959270663,1.18463381129414,0.3333333333333333,0,0.1111111111111111,-1.666848273078999,-4.755088530712135,0,1
-0.0085647555894818,-2.814764228080276,-2.0119306316720964,0.0,-0.1916190102524236,0.0,0.0,-4.321258080645877,-1.0629118276858132,3.6814526244324397,0.0,0.05263157894736842,-2.2159780465851675,0.027777777777777776,-0.45969946828486846,0.125,-0.2335495053763295,-0.1916190102524235,0.2222222222222222,0,0.0,0.1673597344439074,-4.755088530712135,0,1
-0.0172061269552841,-2.814764228080276,0.46548365626542537,0.4444444444444444,1.7351349399127654,0.3333333333333333,0.4444444444444444,0.5185005985703939,1.468053071257547,-0.08041798065005201,0.1111111111111111,-0.04900181488203267,0.3646410847315479,0.2222222222222222,-3.0949063951708156,0.375,0.1857773707858456,1.7351349399127651,0.1111111111111111,1,0.1111111111111111,0.0021753538983214,1.226233204168413,0,1
-0.0173918084564822,-2.814764228080276,-4.959556673683751,0.0,-0.4668695745617363,0.0,0.0,-4.321258080645877,-1.06385683154724,-0.16125119006736108,0.0,0.604355716878403,-2.2159780465851675,0.0,-3.0949063951708156,0.0,-0.2844958199592799,-0.4668695745617363,0.0,0,0.0,0.6999923241170234,-4.755088530712135,1,0
-0.0172560145691546,0.6678059846924638,1.1038277875160005,0.1111111111111111,-0.4668695745617363,0.1111111111111111,0.1111111111111111,1.033193704999344,0.8772899599551891,-0.10213568496255211,0.1111111111111111,6.847549909255898,0.3873929336758079,0.0,1.0989581410790816,0.0,-0.2844958199592799,-0.4668695745617363,0.1111111111111111,1,0.1111111111111111,2.223906638893516,1.2567789182711258,1,0
-0.0167524095843036,1.6420507267119364,1.516694548174947,0.1111111111111111,-0.4668695745617363,0.1111111111111111,0.1111111111111111,0.7855237563847912,1.1895483151920032,0.11709997901796389,0.1111111111111111,0.5226860254083484,0.5070211320094472,0.0,0.48798343050834453,0.0,-0.2844958199592799,-0.4668695745617363,0.1111111111111111,0,0.1111111111111111,0.6417328970763176,0.9698125877403967,1,0
-0.0172435880769304,0.46317186353556355,0.44123601143032454,0.1111111111111111,0.083631554056889,0.1111111111111111,0.1111111111111111,0.5411099096828108,0.9210136870116098,-0.09672602787878594,0.1111111111111111,0.3702359346642468,0.2099103637100951,0.05555555555555555,0.32103038572429976,0.25,-0.2080762207197047,0.0836315540568891,0.3333333333333333,0,0.1111111111111111,0.5191192900072952,0.8319835307348452,0,1
-0.0172502759315541,0.5741176902699671,0.5662030819583866,0.1111111111111111,0.3588821183662018,0.1111111111111111,0.1111111111111111,0.7587687569413735,1.7450180168726988,-0.09963746897475631,0.3333333333333333,0.2323049001814882,0.44003677138470365,0.08333333333333333,0.49364058927789567,0.25,-0.1571298919851497,0.3588821183662018,0.2222222222222222,0,0.1111111111111111,0.3871513198050401,-4.755088530712135,0,1
-0.0172154258163523,-0.09851784677940878,-0.27291341638513184,0.1111111111111111,-0.4668695745617363,0.1111111111111111,0.1111111111111111,0.03670749159374813,1.116067910599598,-0.08446607795225547,0.1111111111111111,-0.3103448275862069,-0.07599966951390172,0.0,-0.01625148130824462,0.0,-0.2844958199592799,-0.4668695745617363,0.1111111111111111,0,0.1111111111111111,-0.9531238224996238,-0.05891627189146267,1,0
-0.0167578942604289,-0.11927053118868146,0.6246018130492592,0.1111111111111111,-0.4668695745617363,0.1111111111111111,0.1111111111111111,0.12475366753727371,1.409979092790887,0.11471232073771578,0.1111111111111111,-0.3103448275862069,0.0,0.0,1.1281903127180277,0.0,-0.2844958199592799,-0.4668695745617363,0.1111111111111111,0,0.1111111111111111,-0.9531238224996238,0.0,1,0
-0.0147100047176977,-0.20331701685700596,0.9965253209657037,0.0,-0.4668695745617363,0.1111111111111111,0.1111111111111111,1.763653568102964,-0.9142972506798348,1.0062253858681016,0.0,1.867513611615245,0.5986101700914048,0.0,-3.0949063951708156,0.0,-0.2844958199592799,-0.4668695745617363,0.0,0,0.0,1.285678693674575,-0.4985979077278952,1,0
-0.0172362793933007,0.0,-0.5319833226165606,0.1111111111111111,0.3588821183662018,0.1111111111111111,0.1111111111111111,-0.0019843095974738842,1.6816684238587616,-0.09354431968171986,0.3333333333333333,-0.3393829401088929,-0.2818887054769932,0.08333333333333333,-0.24959447327614714,0.25,0.4796785209384036,0.3588821183662018,0.2222222222222222,0,0.1111111111111111,-1.3723900433022265,-4.755088530712135,0,1
-0.0171136823600102,0.028410703706199327,-0.5010639948703416,0.1111111111111111,0.083631554056889,0.1111111111111111,0.1111111111111111,-0.25275890562426495,-0.7616858146781735,-0.04017383526636675,0.1111111111111111,0.1088929219600726,-0.12274782951552894,0.05555555555555555,-0.145133876164908,0.25,-0.1889714403146885,0.0836315540568891,0.1111111111111111,0,0.3333333333333333,0.2439439807007004,-0.3183015077252094,1,0
-0.0146247991948948,-0.586486275984681,-1.0262613441295445,0.0,-0.4668695745617363,0.0,0.0,-4.321258080645877,-1.0401583400371663,1.0433181270609546,0.0,-0.20871143375680581,-0.07315959333891327,0.0,-0.24959447327614714,0.0,-0.2844958199592799,-0.4668695745617363,0.0,0,0.0,-0.3945035917891138,-4.755088530712135,1,0
-0.0171947153282555,0.34429052367757007,0.4573043625269472,0.1111111111111111,0.083631554056889,0.1111111111111111,0.1111111111111111,0.39173422957051773,-0.0762908659074878,-0.07545012746357768,0.1111111111111111,1.3883847549909256,-2.2159780465851675,0.05555555555555555,0.28140696692008493,0.25,-0.2351927652352168,0.0836315540568891,0.3333333333333333,0,0.1111111111111111,1.1095988810204689,0.5427551869020949,1,0
-0.0172214704158489,0.4636333168697609,0.564414036374765,0.1111111111111111,-0.4668695745617363,0.1111111111111111,0.1111111111111111,0.6220805347583526,0.5473829313075992,-0.08709748912570184,0.1111111111111111,0.8711433756805808,0.42017396705877436,0.0,0.48798343050834453,0.0,-0.2844958199592799,-0.4668695745617363,0.1111111111111111,0,0.1111111111111111,0.8643003776574393,0.6727196424249386,1,0
-0.0170983307675237,-0.26090669454394405,-0.3287321283744664,0.1111111111111111,-0.4668695745617363,0.1111111111111111,0.1111111111111111,-0.23751251552116373,0.9368519919857144,-0.03349078670017886,0.1111111111111111,-0.3393829401088929,0.055206555305286134,0.0,-0.3807469351403698,0.0,-0.2844958199592799,-0.4668695745617363,0.1111111111111111,0,0.1111111111111111,-1.3723900433022265,-0.28000971021093923,1,0
-0.0163554508318574,0.5003345954974063,1.6207664216614952,0.1111111111111111,-0.4668695745617363,0.1111111111111111,0.1111111111111111,0.5773792521448508,0.2218316514367831,0.28990906209558537,0.0,1.0671506352087115,0.3106704925957091,0.0,0.48846355221986554,0.0,-0.2844958199592799,-0.4668695745617363,0.0,0,0.1111111111111111,0.9662521913648202,2.6597876995734078,1,0
-0.0164695410795438,-2.814764228080276,-0.5686425309571811,0.1111111111111111,-0.4668695745617363,0.0,0.0,-0.24661117247792613,0.2474971351197676,0.2402418587166647,0.1111111111111111,-0.35390199637023595,-2.2159780465851675,0.0,-0.3413914031813136,0.0,-0.2844958199592799,-0.4668695745617363,0.1111111111111111,0,0.0,-2.102083711231995,-0.09576559222442006,1,0
-0.0181273961953989,-2.814764228080276,-4.074145914458836,0.0,-0.4668695745617363,0.0,0.0,-4.321258080645877,-1.064078702533533,-0.48147650794234437,0.0,0.604355716878403,-2.2159780465851675,0.0,-3.0949063951708156,0.0,-0.2844958199592799,-0.4668695745617363,0.0,0,0.0,0.6999923241170234,-2.924923920398431,1,0
-0.0170884242045784,-0.24362371199690358,-0.11163288172447693,0.1111111111111111,-0.4668695745617363,0.1111111111111111,0.1111111111111111,-0.11641986710067757,1.6555712631386748,-0.029178136963976118,0.1111111111111111,-0.3393829401088929,-0.12274782951552894,0.0,-0.10011704302318418,0.0,-0.2844958199592799,-0.4668695745617363,0.1111111111111111,0,0.1111111111111111,-1.3723900433022265,-0.030311539256362482,1,0
-0.0166844519715875,-0.3522519488626691,-0.6807915746117106,0.1111111111111111,0.6341326826755145,0.1111111111111111,0.1111111111111111,-0.34663987911088656,-0.585776376714262,0.14668414278623015,0.1111111111111111,-0.3393829401088929,-0.12274782951552894,0.1111111111111111,-0.18323883906865723,0.25,0.7344033012376314,0.6341326826755145,0.3333333333333333,0,0.3333333333333333,-1.3723900433022265,-0.4608380511121482,0,1
-0.0173918084564822,-2.814764228080276,-4.959556673683751,0.0,-0.4668695745617363,0.0,0.0,-4.321258080645877,-1.06385683154724,-0.16125119006736108,0.0,1.2776769509981851,-2.2159780465851675,0.0,-3.0949063951708156,0.0,-0.2844958199592799,-0.4668695745617363,0.0,0,0.0,1.0629938337787594,-4.755088530712135,1,0
-0.0170409015468204,-2.814764228080276,-0.597558615961552,0.1111111111111111,0.9093832469848272,0.4444444444444444,0.1111111111111111,-0.1653565554017613,0.0341611249538543,-0.008489975128591632,0.1111111111111111,-0.3393829401088929,-0.09389805230647255,0.1388888888888889,-0.016718686688602505,0.375,0.9891280815368592,0.9093832469848272,0.0,0,0.3333333333333333,-1.3723900433022265,-0.35700282955648543,0,1
-0.0170261517957524,1.2228346903651308,0.823877542310927,0.1111111111111111,-0.4668695745617363,0.1111111111111111,0.1111111111111111,0.5726474815224252,1.0287958478530694,-0.0020689277477682908,0.1111111111111111,0.0,-0.26739874587120055,0.0,0.1515133762085115,0.0,-0.2844958199592799,-0.4668695745617363,0.1111111111111111,0,0.1111111111111111,0.0869332819236188,0.609465669599838,1,0
-0.012978282022982,-2.814764228080276,-0.24222990943738368,0.0,-0.1916190102524236,0.0,0.0,-4.321258080645877,-1.0410042375808863,1.7601007171825391,0.0,0.3702359346642468,-2.2159780465851675,0.027777777777777776,-3.0949063951708156,0.125,-0.2462860203394923,-0.1916190102524235,0.2222222222222222,0,0.0,0.5191192900072952,0.20481399216045187,1,0
-0.0173918084564822,-2.814764228080276,-4.959556673683751,0.0,-0.4668695745617363,0.0,0.0,-4.321258080645877,-1.06385683154724,-0.16125119006736108,0.0,0.44464609800362975,-2.2159780465851675,0.0,-3.0949063951708156,0.0,-0.2844958199592799,-0.4668695745617363,0.0,0,0.0,0.5814972662319737,-4.755088530712135,1,0
-0.0168628260166497,0.6801757044724491,0.36816133772213944,0.3333333333333333,1.18463381129414,0.1111111111111111,0.1111111111111111,-4.321258080645877,-0.2371609563562735,0.06903210719792789,0.3333333333333333,-0.09437386569872959,0.08711210020847432,0.16666666666666666,0.6584106990928766,0.25,0.0976009025892222,1.18463381129414,0.3333333333333333,0,0.1111111111111111,-0.0875094222424097,0.4453114508986312,0,1
-0.0173918084564822,-2.814764228080276,-4.959556673683751,0.0,-0.4668695745617363,0.0,0.0,-4.321258080645877,-1.0567610687078246,-0.16125119006736108,0.0,0.604355716878403,-2.2159780465851675,0.0,-3.0949063951708156,0.0,-0.2844958199592799,-0.4668695745617363,0.0,0,0.0,0.6999923241170234,-4.755088530712135,1,0
-0.0171154415814479,-2.814764228080276,-0.403005636905098,0.1111111111111111,1.4598843756034523,0.3333333333333333,0.1111111111111111,0.39173422957051773,0.8273132153965739,-0.040939681696798846,0.3333333333333333,-0.3393829401088929,-0.38588795302762247,0.19444444444444442,-0.45969946828486846,0.25,1.498577642135315,1.4598843756034523,0.2222222222222222,0,0.3333333333333333,-1.3723900433022265,-4.755088530712135,0,1
-0.0168313236814328,0.11845675085505077,0.7254584430597074,0.1111111111111111,-0.4668695745617363,0.1111111111111111,0.1111111111111111,0.2283146734498298,0.4255386664551838,0.08274610047831142,0.1111111111111111,-0.13611615245009073,0.2099103637100951,0.0,-0.007702430750156923,0.0,-0.2844958199592799,-0.4668695745617363,0.1111111111111111,0,0.1111111111111111,-0.1828566844305228,1.6951299195275278,1,0
-0.0171652274219401,-0.1559158946214444,-0.35079385617915776,0.1111111111111111,-0.4668695745617363,0.1111111111111111,0.1111111111111111,-0.23708285905500684,0.4381784290713324,-0.0626130807406095,0.1111111111111111,-0.3103448275862069,-0.12274782951552894,0.0,-0.12978007571669914,0.0,-0.2844958199592799,-0.4668695745617363,0.1111111111111111,0,0.1111111111111111,-0.9531238224996238,-0.030311539256362482,1,0
-0.0172368332477472,-2.814764228080276,-0.1395569519774941,0.1111111111111111,-0.4668695745617363,0.1111111111111111,0.1111111111111111,0.5581050933568686,-0.2592371381567566,-0.0937854305741588,0.1111111111111111,0.29945553539019965,-2.2159780465851675,0.0,-0.24959447327614714,0.0,-0.2844958199592799,-0.4668695745617363,0.1111111111111111,0,0.0,0.4544096728511559,0.5390376728716304,1,0
-0.0169890215854607,-0.6393922664283053,-0.506230765502006,0.1111111111111111,0.083631554056889,0.1111111111111111,0.3333333333333333,0.14440333358598423,-0.4015691557484389,0.014095062982840972,0.1111111111111111,-0.3103448275862069,-0.12274782951552894,0.05555555555555555,-3.0949063951708156,0.25,0.0211779919147679,0.0836315540568891,0.1111111111111111,0,0.1111111111111111,-0.9531238224996238,-0.19916172147688604,1,0
-0.0172141711230271,-2.814764228080276,-2.3516806927995035,0.3333333333333333,1.4598843756034523,0.0,0.0,-0.9910383266451571,-0.9816803914361392,-0.0839198690533932,0.3333333333333333,-0.3103448275862069,-2.2159780465851675,0.19444444444444442,-3.0949063951708156,0.375,0.7853625215998877,1.4598843756034523,0.4444444444444444,1,0.0,-0.9531238224996238,-4.755088530712135,0,1
-0.0136668182345836,-0.05532913336828116,-0.3637513728766822,0.0,0.083631554056889,0.0,0.1111111111111111,0.1465938553790966,-1.0294223800060966,1.4603584627055124,0.0,-0.04900181488203267,-0.04355893955790217,0.05555555555555555,-3.0949063951708156,0.25,-0.1669275222729985,0.0836315540568891,0.3333333333333333,0,0.0,0.0021753538983214,-0.2086075784122968,0,1
-0.0172712071220877,-2.814764228080276,-1.6882064814575903,0.1111111111111111,-0.4668695745617363,0.0,0.0,-4.321258080645877,-0.1993102621628863,-0.10874949842756725,0.1111111111111111,-0.3484573502722323,-2.2159780465851675,0.0,-3.0949063951708156,0.0,-0.2844958199592799,-0.4668695745617363,0.1111111111111111,0,0.0,-1.666848273078999,-0.4608380511121482,1,0
-0.0172014147846347,0.11065092629307056,0.002838721940879821,0.1111111111111111,0.3588821183662018,0.1111111111111111,0.1111111111111111,0.12475366753727371,2.0467803542636025,-0.07836661918186827,0.3333333333333333,-0.3103448275862069,0.08711210020847432,0.08333333333333333,0.035666533899452305,0.25,0.1740148978517919,0.3588821183662018,0.2222222222222222,0,0.1111111111111111,-0.9531238224996238,0.10832488669182568,0,1
-0.0173918084564822,-2.814764228080276,-4.959556673683751,0.0,-0.1916190102524236,0.0,0.0,-4.321258080645877,-1.06385683154724,-0.16125119006736108,0.0,-0.17422867513611615,-2.2159780465851675,0.027777777777777776,-3.0949063951708156,0.125,-0.20807660281388,-0.1916190102524235,0.2222222222222222,0,0.0,-0.2847917733012345,-4.755088530712135,0,1
-0.0154119635389384,-1.799117645318608,-0.5751660261682705,0.3333333333333333,1.4598843756034523,0.1111111111111111,0.3333333333333333,-0.06340048719864892,-1.0033862360218544,0.700639831929957,0.3333333333333333,-0.17422867513611615,0.2099103637100951,0.19444444444444442,-3.0949063951708156,0.25,0.2504387000585193,1.4598843756034523,0.2222222222222222,0,0.0,-0.2847917733012345,-4.755088530712135,0,1
-0.0171627506603992,0.26663088282169384,0.3675520470909168,0.3333333333333333,1.18463381129414,0.1111111111111111,0.1111111111111111,-4.321258080645877,1.7971374824480673,-0.061534865716383065,0.3333333333333333,-0.2395644283121597,0.5051217885801849,0.16666666666666666,0.1741809547768291,0.25,0.2886468757888082,1.18463381129414,0.3333333333333333,0,0.1111111111111111,-0.5135592262370264,0.8311295705151313,0,1
-0.0172321816053983,-2.814764228080276,0.7249796712219786,0.3333333333333333,2.560886632840704,0.3333333333333333,0.3333333333333333,1.1793487870036656,2.129621890754516,-0.09176041904800436,0.3333333333333333,0.2323049001814882,0.466568897013319,0.3055555555555555,0.48798343050834453,0.25,0.1825125826125307,2.5608866328407034,0.2222222222222222,1,0.3333333333333333,0.3871513198050401,-4.755088530712135,0,1
-0.0169531100280393,-0.8994581215846507,-0.7081164644333661,0.3333333333333333,1.7351349399127654,0.1111111111111111,0.3333333333333333,-0.0019843095974738842,-0.3253245077775809,0.02972853439932366,0.3333333333333333,-0.3393829401088929,-1.098312969862905,0.2222222222222222,-3.0949063951708156,0.25,1.7533024224345426,1.7351349399127651,0.3333333333333333,0,0.1111111111111111,-1.3723900433022265,0.06988107223101582,0,1
-0.0124613156787925,1.0154084260743121,1.4147016859181671,0.0,-0.4668695745617363,0.0,0.0,1.8722382884933397,-0.8147618762396454,1.985153016371968,0.0,0.5226860254083484,0.9405324224332284,0.0,-3.0949063951708156,0.0,-0.2844958199592799,-0.4668695745617363,0.0,0,0.0,0.6417328970763176,-4.755088530712135,1,0
-0.0147341993188604,-2.195368772897393,0.0660132968925575,0.0,-0.4668695745617363,0.1111111111111111,0.0,-0.016363129699309777,-1.002348790203912,0.995692687403608,0.0,0.3702359346642468,-0.06730591084410252,0.0,0.7706958618042485,0.0,-0.2844958199592799,-0.4668695745617363,0.0,0,0.1111111111111111,0.5191192900072952,-0.78000820696142,1,0
-0.016311993876246,0.37188921810519965,1.4329000113355146,0.1111111111111111,-0.1916190102524236,0.1111111111111111,0.1111111111111111,0.5622230348819413,1.081605484399602,0.3088272912724693,0.0,-0.09437386569872959,0.5390457268706182,0.027777777777777776,0.32103038572429976,0.125,-0.2208130328678629,-0.1916190102524235,0.2222222222222222,0,0.1111111111111111,-0.0875094222424097,2.438689207540892,1,0
-0.0430091937876563,-2.814764228080276,-0.7551011009626262,0.0,-0.1916190102524236,0.0,0.0,-4.321258080645877,-1.067773330144164,-11.313333976115713,0.0,-0.20871143375680581,0.2799122841021552,0.027777777777777776,-3.0949063951708156,0.125,-0.1995856730302776,-0.1916190102524235,0.2222222222222222,0,0.0,-0.3945035917891138,-4.755088530712135,0,1
-0.0130538449755437,0.013106902477417678,-0.6214814650919301,0.0,-0.4668695745617363,0.0,0.0,-0.5394994425939427,-0.9996922456992664,1.7272057010974435,0.0,-0.32667876588021777,-0.008391129440428432,0.0,-0.3539198673153765,0.0,-0.2844958199592799,-0.4668695745617363,0.0,0,0.1111111111111111,-1.1433092459291831,-0.6182898123549365,1,0
-0.0173918084564822,-2.814764228080276,-4.959556673683751,0.0,-0.4668695745617363,0.0,0.0,-4.321258080645877,-0.8188678469703904,-0.16125119006736108,0.1111111111111111,-0.3103448275862069,-2.2159780465851675,0.0,-3.0949063951708156,0.0,-0.2844958199592799,-0.4668695745617363,0.1111111111111111,0,0.0,-0.9531238224996238,-4.755088530712135,0,1
-0.0173918084564822,-2.814764228080276,-4.959556673683751,0.0,-0.4668695745617363,0.0,0.0,-4.321258080645877,-1.06385683154724,-0.16125119006736108,0.0,1.9963702359346642,-2.2159780465851675,0.0,-3.0949063951708156,0.0,-0.2844958199592799,-0.4668695745617363,0.0,0,0.0,1.3273719327921307,-4.755088530712135,1,0
-0.017236862579405,-0.13899246308724683,-0.4712892077742386,0.3333333333333333,2.010385504222078,0.1111111111111111,0.3333333333333333,0.31766175047922945,0.7546843523281274,-0.09379819960082446,0.3333333333333333,-0.3103448275862069,-0.08468321215647442,0.25,-3.0949063951708156,0.375,1.0910363334739357,2.0103855042220777,0.4444444444444444,0,0.1111111111111111,-0.9531238224996238,-4.755088530712135,0,1
-0.0173918084564822,-2.814764228080276,-4.959556673683751,0.0,-0.4668695745617363,0.0,0.0,-4.321258080645877,-0.8417838850648499,-0.16125119006736108,0.1111111111111111,-0.3103448275862069,-2.2159780465851675,0.0,-3.0949063951708156,0.0,-0.2844958199592799,-0.4668695745617363,0.1111111111111111,0,0.0,-0.9531238224996238,-4.755088530712135,0,1
-0.0128442596717195,-2.0144869199068762,-0.22910234877425664,0.3333333333333333,2.2856360685313915,0.3333333333333333,0.0,-0.0966239926652263,-1.052246563397673,1.818445014898257,0.3333333333333333,2.4047186932849365,-1.7959554319256517,0.2777777777777778,0.5479144959815123,0.25,-0.0885476522941423,2.2856360685313906,0.3333333333333333,1,0.3333333333333333,1.4475584443037126,-4.324251468516109,0,1
-0.0103657174601431,0.46240154295289265,0.31415025203104635,0.0,-0.1916190102524236,0.0,0.0,-3.697003892519749,-1.011063881511869,2.8974352231057514,0.0,-0.04900181488203267,0.5605461119550992,0.027777777777777776,-0.2763661600079866,0.125,-0.2257116711161392,-0.1916190102524235,0.2222222222222222,0,0.0,0.0021753538983214,0.6956466567262662,1,0
-0.0173918084564822,-2.814764228080276,-4.959556673683751,0.3333333333333333,0.6341326826755145,0.0,0.0,-4.321258080645877,-1.0621374428351216,-0.16125119006736108,0.3333333333333333,1.9963702359346642,-2.2159780465851675,0.1111111111111111,-3.0949063951708156,0.25,-0.1995849654476854,0.6341326826755145,0.0,0,0.0,1.3273719327921307,-4.755088530712135,0,1
-0.0172219337121735,0.6196517669037207,0.7742080072284487,0.1111111111111111,-0.4668695745617363,0.1111111111111111,0.1111111111111111,0.852442618374056,1.180126589896482,-0.08729917711605767,0.1111111111111111,0.8711433756805808,0.46168268392668044,0.0,0.5573002660637107,0.0,-0.2844958199592799,-0.4668695745617363,0.1111111111111111,0,0.1111111111111111,0.8643003776574393,0.9063303107916915,1,0
-0.0131903064293477,0.3693444090107864,0.4368075147694605,0.0,-0.4668695745617363,0.0,0.0,0.8940019111934936,-0.8320654523019718,1.667799582547377,0.0,-0.29038112522686027,0.10475797555058271,0.0,0.3581157527651814,0.0,-0.2844958199592799,-0.4668695745617363,0.0,0,0.0,-0.7891132362483021,0.5972502313363517,1,0
-0.0129332153813874,0.10130656352519586,-0.7373787812264005,0.0,-0.4668695745617363,0.0,0.0,-4.321258080645877,-1.0580725979179986,1.7797196951326746,0.0,1.9963702359346642,-2.2159780465851675,0.0,-3.0949063951708156,0.0,-0.2844958199592799,-0.4668695745617363,0.0,0,0.0,1.3273719327921307,-4.755088530712135,1,0
-0.01724552309394,0.5926419006143737,0.8244615631343107,0.1111111111111111,-0.4668695745617363,0.1111111111111111,0.1111111111111111,0.9715982113083731,0.9722209686654312,-0.09756840385137378,0.1111111111111111,1.9963702359346642,0.4119426085785659,0.0,0.5509883954141889,0.0,-0.2844958199592799,-0.4668695745617363,0.1111111111111111,0,0.1111111111111111,1.3273719327921307,1.1837108998117374,1,0
-0.0025101658206716,0.21803388413521044,0.9372275264112716,0.1111111111111111,-0.4668695745617363,0.0,0.0,-0.39556095327027846,-1.0160973333292704,6.317212888972964,0.1111111111111111,0.2323049001814882,1.0920737376323568,0.0,-0.14163693776056305,0.0,-0.2844958199592799,-0.4668695745617363,0.1111111111111111,0,0.0,0.3871513198050401,-0.33379773555586484,1,0
-0.0171764837417418,0.11065092629307056,-0.34767296623746236,0.3333333333333333,0.9093832469848272,0.1111111111111111,0.1111111111111111,-4.321258080645877,1.5832803954831531,-0.06751332362926653,0.3333333333333333,-0.3393829401088929,-0.12274782951552894,0.1388888888888889,0.035666533899452305,0.25,0.9891280815368592,0.9093832469848272,0.2222222222222222,0,0.1111111111111111,-1.3723900433022265,-0.030311539256362482,0,1
-0.0133512451667827,-0.5176949796124348,-0.6369626573189806,0.0,-0.4668695745617363,0.0,0.0,-0.20860305608414614,-1.0470475683582998,1.5977377046408665,0.0,0.1088929219600726,-0.1979418574226573,0.0,-0.6367449288562597,0.0,-0.2844958199592799,-0.4668695745617363,0.0,0,0.0,0.2439439807007004,0.04589395612774968,1,0
0.5916748393665457,-2.814764228080276,-1.8079631636449773,0.0,-0.1916190102524236,0.0,0.0,-4.321258080645877,-1.06385683154724,264.9853120104189,0.0,0.29945553539019965,-0.1798704782276901,0.027777777777777776,-3.0949063951708156,0.125,-0.2442749888386166,-0.1916190102524235,0.2222222222222222,0,0.0,0.4544096728511559,-4.755088530712135,0,1
-0.0124928129111143,-2.814764228080276,1.0481189670805446,0.0,-0.4668695745617363,0.0,0.0,-0.5279174742454806,-0.9085262879620228,1.9714412445481062,0.0,0.3702359346642468,0.03575344876827193,0.0,-3.0949063951708156,0.0,-0.2844958199592799,-0.4668695745617363,0.0,0,0.0,0.5191192900072952,-4.755088530712135,1,0
-0.0171987300371637,0.05196628964225067,-0.04887964938035395,0.1111111111111111,-0.4668695745617363,0.1111111111111111,0.1111111111111111,-0.03471351618909431,1.7648327614445134,-0.07719786110336616,0.1111111111111111,-0.3103448275862069,0.15469035568283057,0.0,0.2617945239870531,0.0,-0.2844958199592799,-0.4668695745617363,0.1111111111111111,0,0.1111111111111111,-0.9531238224996238,-0.10972612277078087,1,0
-0.0171649982195472,0.011617150805760458,-0.6223184626825015,0.1111111111111111,0.9093832469848272,0.1111111111111111,0.1111111111111111,-0.13369877327338095,-0.0833716981333309,-0.06251330146856726,0.3333333333333333,-0.3103448275862069,-2.2159780465851675,0.1388888888888889,-0.14163693776056305,0.25,0.4796887097258397,0.9093832469848272,0.2222222222222222,0,0.3333333333333333,-0.9531238224996238,-4.755088530712135,0,1
-0.0170526936962054,0.46317186353556355,0.3890301585248836,0.3333333333333333,2.8361371971500167,0.5555555555555556,0.3333333333333333,0.5185005985703939,1.6009171596632394,-0.013623482099249564,0.1111111111111111,-0.29038112522686027,-0.12274782951552894,0.3333333333333333,0.4129095728616361,0.5,1.243878333889583,2.836137197150016,0.1111111111111111,1,0.5555555555555556,-0.7891132362483021,0.5390376728716304,0,1
0.3930661498590365,-2.814764228080276,-2.057804927898223,0.0,-0.1916190102524236,0.0,0.0,-4.321258080645877,-1.06385683154724,178.52447618417338,0.0,1.9963702359346642,-0.2992669086310205,0.027777777777777776,-3.0949063951708156,0.125,-0.2632681063313813,-0.1916190102524235,0.2222222222222222,0,0.0,1.3273719327921307,-4.755088530712135,0,1
-0.0173918084564822,-2.814764228080276,-4.959556673683751,0.0,-0.4668695745617363,0.0,0.0,-4.321258080645877,-1.06385683154724,-0.16125119006736108,0.0,0.2323049001814882,-2.2159780465851675,0.0,-3.0949063951708156,0.0,-0.2844958199592799,-0.4668695745617363,0.0,0,0.0,0.3871513198050401,-4.755088530712135,1,0
-0.007055834619853,-0.30985118289317387,-0.13173868177091314,0.0,-0.4668695745617363,0.0,0.0,-0.5687608319081628,-1.0251829352547377,4.338335103005558,0.0,-0.29038112522686027,0.5558124174190506,0.0,-0.6273726571756602,0.0,-0.2844958199592799,-0.4668695745617363,0.0,0,0.0,-0.7891132362483021,-1.2139661116621594,1,0
-0.0166637214054605,0.7987358426896046,0.04456153804588704,0.3333333333333333,0.9093832469848272,0.0,0.1111111111111111,-4.321258080645877,0.3833937392008136,0.15570883389582615,0.3333333333333333,-0.3393829401088929,-2.2159780465851675,0.1388888888888889,-3.0949063951708156,0.25,0.9891280815368592,0.9093832469848272,0.2222222222222222,0,0.0,-1.3723900433022265,-0.030311539256362482,0,1
-0.0170881847117888,-0.5196685841151775,-0.8862693639644795,0.3333333333333333,1.18463381129414,0.1111111111111111,0.3333333333333333,0.10133052448618235,-0.2568450540594525,-0.02907387794683235,0.3333333333333333,-0.3393829401088929,-0.3460621798524149,0.16666666666666666,-3.0949063951708156,0.25,1.243852861836087,1.18463381129414,0.0,0,0.1111111111111111,-1.3723900433022265,-4.755088530712135,0,1
-0.0172166387758778,0.46317186353556355,0.6984267768685247,0.3333333333333333,1.7351349399127654,0.3333333333333333,0.3333333333333333,0.2283146734498298,1.4485842345183206,-0.08499411876789296,0.1111111111111111,0.3702359346642468,0.5748340905804636,0.2222222222222222,0.5515180951638884,0.25,0.0211825769990206,1.7351349399127651,0.1111111111111111,0,0.3333333333333333,0.5191192900072952,1.0290485518892634,0,1
-0.0155280986337661,0.46317186353556355,0.44765369103371816,0.1111111111111111,-0.4668695745617363,0.1111111111111111,0.1111111111111111,0.6220805347583526,-0.7095239584861238,0.6500824399424497,0.1111111111111111,-0.20871143375680581,0.3646410847315479,0.0,0.32103038572429976,0.0,-0.2844958199592799,-0.4668695745617363,0.0,0,0.1111111111111111,-0.3945035917891138,0.5390376728716304,1,0
-0.0172436056307079,0.5333258595717373,0.4688086402095958,0.3333333333333333,2.8361371971500167,0.3333333333333333,0.3333333333333333,0.6220805347583526,1.0088424922729715,-0.09673366961026643,0.3333333333333333,0.3702359346642468,-2.2159780465851675,0.3333333333333333,0.4782615476542817,0.25,0.1740217754781709,2.836137197150016,0.3333333333333333,1,0.3333333333333333,0.5191192900072952,0.7115741264901143,0,1
-0.0159223841079912,0.43125622762340016,1.2982440949732679,0.0,0.6341326826755145,0.0,0.0,-0.033511568306936135,-0.2977172991013854,0.47843712200503474,0.3333333333333333,0.3702359346642468,0.5603873910799643,0.1111111111111111,0.630634525777584,0.25,-0.1316566214801296,0.6341326826755145,0.3333333333333333,0,0.0,0.5191192900072952,1.2777295523380232,0,1
-0.0159379407597217,0.26778332697400464,1.2694543861706569,0.4444444444444444,1.7351349399127654,0.1111111111111111,0.3333333333333333,-4.321258080645877,-0.0064216392445299,0.4716648044663957,0.3333333333333333,0.0,1.2534903365514616,0.2222222222222222,-3.0949063951708156,0.375,0.1521866685233528,1.7351349399127651,0.2222222222222222,0,0.1111111111111111,0.0869332819236188,0.5634111736586482,0,1
-0.0167830087980153,0.7387330494606673,0.4438648150361563,0.1111111111111111,-0.4668695745617363,0.0,0.0,0.5295278008076768,0.1492257365501175,0.10377914396438141,0.1111111111111111,-0.2395644283121597,0.574622098378171,0.0,-0.45969946828486846,0.0,-0.2844958199592799,-0.4668695745617363,0.1111111111111111,0,0.1111111111111111,-0.5135592262370264,-0.2974269499442147,1,0
-0.0164520027864292,0.0,-0.086066101613356,0.1111111111111111,-0.4668695745617363,0.1111111111111111,0.0,0.2283146734498298,-0.7211945239699266,0.24787684933773158,0.1111111111111111,-0.2395644283121597,-0.9754642303475705,0.0,0.49861961919104664,0.0,-0.2844958199592799,-0.4668695745617363,0.1111111111111111,0,0.1111111111111111,-0.5135592262370264,-0.20902154212594073,1,0
-0.0172156496104566,-0.11927053118868146,-0.486196446655476,0.1111111111111111,0.6341326826755145,0.1111111111111111,0.1111111111111111,-0.0019843095974738842,1.540472862087138,-0.08456350281999886,0.3333333333333333,-0.3393829401088929,-0.12274782951552894,0.1111111111111111,-0.24959447327614714,0.25,0.7344033012376314,0.6341326826755145,0.3333333333333333,0,0.1111111111111111,-1.3723900433022265,-4.755088530712135,0,1
-0.0158919439891297,0.3868145081906613,1.006400523916906,0.3333333333333333,1.18463381129414,0.0,0.0,-4.321258080645877,-0.1133184159328606,0.4916886978849357,0.3333333333333333,-0.17422867513611615,-2.2159780465851675,0.16666666666666666,1.4311456264246027,0.25,0.1740194829131194,1.18463381129414,0.0,0,0.3333333333333333,-0.2847917733012345,0.10832488669182568,1,0
-0.0136087857991963,0.3376303716965714,-0.1704658901933249,0.0,-0.4668695745617363,0.0,0.0,-0.06056016701368468,-1.0287582488364877,1.4856218732896964,0.0,0.16878402903811252,0.05587872922849145,0.0,-0.0067887498460277055,0.0,-0.2844958199592799,-0.4668695745617363,0.0,0,0.1111111111111111,0.3170934418812415,-0.09438663105303974,1,0
-0.0172226395076062,0.11065092629307056,-0.1543930029616853,0.1111111111111111,0.3588821183662018,0.1111111111111111,0.1111111111111111,0.025725746709283345,1.2166745569753834,-0.08760643287200803,0.3333333333333333,-0.29038112522686027,0.2099103637100951,0.08333333333333333,0.035666533899452305,0.25,0.0975977185029357,0.3588821183662018,0.2222222222222222,0,0.1111111111111111,-0.7891132362483021,-4.755088530712135,0,1
-0.0172313282574603,0.19648970813407893,-0.0062169927264476245,0.3333333333333333,2.560886632840704,0.3333333333333333,0.3333333333333333,0.12475366753727371,1.5350729869103816,-0.09138892887726963,0.3333333333333333,-0.26678765880217786,-0.12274782951552894,0.3055555555555555,0.12752514285418468,0.25,0.916372445798759,2.5608866328407034,0.2222222222222222,0,0.3333333333333333,-0.6440902286753902,0.20054350821613087,0,1
-0.0167827974543345,0.17153906562397486,1.189148888410731,0.1111111111111111,0.6341326826755145,0.1111111111111111,0.1111111111111111,0.6517800968017397,0.8839800329445838,0.10387114875698895,0.3333333333333333,0.1088929219600726,1.1930689818593347,0.1111111111111111,0.08870037707936708,0.25,-0.0934470606700971,0.6341326826755145,0.3333333333333333,0,0.1111111111111111,0.2439439807007004,-4.755088530712135,0,1
-0.0138505387454553,-0.4331981895919235,-0.6195724366406067,0.0,-0.4668695745617363,0.0,0.0,0.31017005414606474,-1.0501460263387117,1.380378936292126,0.0,0.604355716878403,-2.2159780465851675,0.0,-3.0949063951708156,0.0,-0.2844958199592799,-0.4668695745617363,0.0,0,0.0,0.6999923241170234,-0.623108181391489,1,0
-0.0170846604023686,0.33106992944527414,-0.17949344480880838,0.1111111111111111,0.3588821183662018,0.1111111111111111,0.1111111111111111,0.09561971612063198,0.3852872681580578,-0.027539631187863737,0.1111111111111111,-0.3103448275862069,-2.2159780465851675,0.08333333333333333,0.10640910241397686,0.375,0.1740148978517919,0.3588821183662018,0.1111111111111111,0,0.4444444444444444,-0.9531238224996238,0.07645577382238895,0,1
-0.0172516028570669,0.27986600520188465,0.0634015696082427,0.3333333333333333,0.9093832469848272,0.1111111111111111,0.1111111111111111,-4.321258080645877,1.838947753150444,-0.10021512289916408,0.3333333333333333,-0.2395644283121597,0.19224178277125986,0.1388888888888889,0.20107292427266427,0.25,0.1931230931641269,0.9093832469848272,0.2222222222222222,0,0.1111111111111111,-0.5135592262370264,0.35460584078678437,0,1
-0.0173918084564822,-2.814764228080276,-4.959556673683751,0.0,-0.1916190102524236,0.0,0.0,-4.321258080645877,-1.06385683154724,-0.16125119006736108,0.0,0.3702359346642468,-2.2159780465851675,0.027777777777777776,-3.0949063951708156,0.125,-0.2462860203394923,-0.1916190102524235,0.2222222222222222,0,0.0,0.5191192900072952,-4.755088530712135,0,1
-0.0153469325721256,0.6810504679689982,1.0837876961187605,0.1111111111111111,-0.4668695745617363,0.1111111111111111,0.0,0.5185005985703939,-0.8015181601394777,0.728949931347895,0.1111111111111111,1.2776769509981851,0.1790071016862554,0.0,1.244587211020238,0.0,-0.2844958199592799,-0.4668695745617363,0.0,0,0.1111111111111111,1.0629938337787594,1.430321577476124,1,0
-0.0171968716635264,0.9966323483942706,0.8625627105323713,0.3333333333333333,2.560886632840704,0.3333333333333333,0.3333333333333333,1.2137948600631616,1.271613039383568,-0.07638885048875733,0.3333333333333333,0.778584392014519,0.5253870901026384,0.3055555555555555,-3.0949063951708156,0.25,0.0517507529397424,2.5608866328407034,0.2222222222222222,1,0.3333333333333333,0.8111528623165425,-4.755088530712135,0,1
-0.0153804605569821,-2.814764228080276,-0.6291751562368446,0.0,-0.1916190102524236,0.0,0.0,-4.321258080645877,-0.9544740930138924,0.7143541067571073,0.0,-0.3103448275862069,-2.2159780465851675,0.027777777777777776,-3.0949063951708156,0.125,-0.1316589140222559,-0.1916190102524235,0.2222222222222222,0,0.0,-0.9531238224996238,-4.755088530712135,0,1
-0.0171788013758537,-2.814764228080276,-0.17188283776449043,0.1111111111111111,0.6341326826755145,0.3333333333333333,0.3333333333333333,0.4328184144250843,0.6983766220563588,-0.06852226529717063,0.1111111111111111,-0.29038112522686027,0.0,0.1111111111111111,-0.24959447327614714,0.25,0.2249622313236743,0.6341326826755145,0.1111111111111111,0,0.1111111111111111,-0.7891132362483021,-0.030311539256362482,0,1
-0.0133659566421408,-2.814764228080276,-0.47185617528216883,0.3333333333333333,0.083631554056889,0.1111111111111111,0.0,-4.321258080645877,-1.0492879855950397,1.591333319924102,0.0,0.6896551724137931,0.07553764956928298,0.05555555555555555,0.08415160653202888,0.25,-0.2208127675240223,0.0836315540568891,0.0,0,0.0,0.7564222381735122,-0.7282640121402408,1,0
-0.0172438290407076,-0.1559158946214444,-0.6025271839036824,0.1111111111111111,0.3588821183662018,0.1111111111111111,0.1111111111111111,-0.0019843095974738842,0.4862973841133886,-0.09683092726476883,0.3333333333333333,-0.3103448275862069,-2.2159780465851675,0.08333333333333333,-0.08274428171137979,0.25,0.1740148978517919,0.3588821183662018,0.2222222222222222,0,0.0,-0.9531238224996238,-4.755088530712135,0,1
-0.0172282443137083,0.5944516819533492,0.7010388813603396,0.3333333333333333,1.7351349399127654,0.1111111111111111,0.3333333333333333,0.852442618374056,1.7800765964208538,-0.09004638764659181,0.3333333333333333,0.29945553539019965,0.574622098378171,0.2222222222222222,-3.0949063951708156,0.25,0.0372708290060258,1.7351349399127651,0.3333333333333333,1,0.1111111111111111,0.4544096728511559,0.9043309270812694,0,1
-0.0173039578536935,-2.814764228080276,-1.6882064814575903,0.1111111111111111,-0.4668695745617363,0.0,0.0,-4.321258080645877,-0.7671332562093794,-0.12300695934521509,0.1111111111111111,-0.2395644283121597,-2.2159780465851675,0.0,-3.0949063951708156,0.0,-0.2844958199592799,-0.4668695745617363,0.1111111111111111,0,0.0,-0.5135592262370264,-0.4608380511121482,1,0
-0.0172204305753365,0.0,-0.6218400440415986,0.1111111111111111,0.3588821183662018,0.1111111111111111,0.1111111111111111,-0.1160726500722024,0.2347407102682305,-0.0866448126589572,0.3333333333333333,-0.3103448275862069,-0.3324566083412547,0.08333333333333333,-0.3963117272708637,0.25,0.1740148978517919,0.3588821183662018,0.2222222222222222,0,0.1111111111111111,-0.9531238224996238,-4.755088530712135,0,1
-0.0171656964309647,0.46317186353556355,0.6573418877890065,0.1111111111111111,0.083631554056889,0.1111111111111111,0.3333333333333333,1.2793198424121797,1.083335376254487,-0.06281725565549093,0.1111111111111111,0.16878402903811252,0.3327254478772566,0.05555555555555555,-3.0949063951708156,0.25,-0.1945904884170285,0.0836315540568891,0.1111111111111111,0,0.1111111111111111,0.3170934418812415,0.6523419284522012,1,0
-0.0173918084564822,-2.814764228080276,-4.959556673683751,0.0,-0.4668695745617363,0.0,0.0,-4.321258080645877,-1.06385683154724,-0.16125119006736108,0.0,0.0,-2.2159780465851675,0.0,-3.0949063951708156,0.0,-0.2844958199592799,-0.4668695745617363,0.0,0,0.0,0.0869332819236188,-4.755088530712135,1,0
-0.0172375432892854,-2.814764228080276,-1.2474085861571593,0.3333333333333333,0.6341326826755145,0.0,0.3333333333333333,-4.321258080645877,-0.162662180730472,-0.09409453479822805,0.1111111111111111,-0.3393829401088929,-2.2159780465851675,0.1111111111111111,-3.0949063951708156,0.25,0.7344033012376314,0.6341326826755145,0.1111111111111111,0,0.0,-1.3723900433022265,-0.030311539256362482,0,1
-0.0172338073790859,0.46317186353556355,0.5879015277671387,0.1111111111111111,0.083631554056889,0.1111111111111111,0.1111111111111111,0.7855237563847912,1.692332474700023,-0.09246817132328936,0.1111111111111111,0.16878402903811252,0.3646410847315479,0.05555555555555555,0.4129095728616361,0.25,-0.1945904884170285,0.0836315540568891,0.3333333333333333,0,0.1111111111111111,0.3170934418812415,0.8311295705151313,0,1
-0.0170064750489021,-0.2930182359400527,-0.42160703157467533,0.4444444444444444,1.7351349399127654,0.1111111111111111,0.3333333333333333,-3.53353699848514,0.9122259886870212,0.00649700148339409,0.3333333333333333,-0.3484573502722323,0.2099103637100951,0.2222222222222222,-3.0949063951708156,0.375,2.7721506012225148,1.7351349399127651,0.2222222222222222,1,0.1111111111111111,-1.666848273078999,0.24198280864049138,0,1
-0.0163476261528633,-2.814764228080276,0.41945937204737704,0.0,0.6341326826755145,0.3333333333333333,0.0,1.3892419693032272,0.7514471784691995,0.2933153998927077,0.1111111111111111,-0.3393829401088929,-2.2159780465851675,0.1111111111111111,0.035666533899452305,0.25,0.7344033012376314,0.6341326826755145,0.1111111111111111,0,0.3333333333333333,-1.3723900433022265,-4.755088530712135,0,1
-0.0167179876269402,-2.814764228080276,-1.2163378268712788,0.1111111111111111,-0.4668695745617363,0.0,0.1111111111111111,-0.39556095327027846,-0.9338732835104196,0.13208497897842514,0.1111111111111111,-0.3103448275862069,-2.2159780465851675,0.0,-3.0949063951708156,0.0,-0.2844958199592799,-0.4668695745617363,0.1111111111111111,0,0.0,-0.9531238224996238,-0.4016528890568359,1,0
-0.0173918084564822,-2.814764228080276,-4.959556673683751,0.0,-0.1916190102524236,0.0,0.0,-4.321258080645877,-1.06385683154724,-0.16125119006736108,0.0,1.1705989110707804,-2.2159780465851675,0.027777777777777776,-3.0949063951708156,0.125,-0.2581441931243478,-0.1916190102524235,0.2222222222222222,0,0.0,1.0152348983243975,-4.755088530712135,0,1
-0.0169209201767244,-2.814764228080276,-0.1848391578856074,0.3333333333333333,2.8361371971500167,0.3333333333333333,0.3333333333333333,-4.321258080645877,1.2794622008708605,0.04374182584547137,0.3333333333333333,-0.3484573502722323,-2.2159780465851675,0.3333333333333333,0.0358723003282231,0.25,4.300473811813412,2.836137197150016,0.3333333333333333,1,0.3333333333333333,-1.666848273078999,0.17873957169814658,0,1
-0.0172394831147252,0.11065092629307056,-0.12764450841959163,0.1111111111111111,0.6341326826755145,0.3333333333333333,0.1111111111111111,0.09105759892917742,2.105435961872803,-0.0949390040372173,0.1111111111111111,-0.3103448275862069,0.04231906091015383,0.1111111111111111,0.2653449037214526,0.25,0.3268518037888158,0.6341326826755145,0.1111111111111111,0,0.3333333333333333,-0.9531238224996238,-0.030311539256362482,0,1
-0.0171606071838923,-2.814764228080276,-0.41474074518120063,0.1111111111111111,0.083631554056889,0.3333333333333333,0.1111111111111111,-0.0019843095974738842,1.1555673033435,-0.06060174053026002,0.1111111111111111,-0.3393829401088929,-0.12274782951552894,0.05555555555555555,0.016282179691499546,0.25,0.2249537406391757,0.0836315540568891,0.1111111111111111,0,0.1111111111111111,-1.3723900433022265,-0.26351913817533856,0,1
-0.0165343786367761,-1.7477278171824098,0.5555631819622099,0.3333333333333333,3.111387761459329,0.3333333333333333,0.3333333333333333,-4.321258080645877,1.6719981422159538,0.21201595679297644,0.4444444444444444,-0.3393829401088929,0.9154550361907882,0.3611111111111111,0.01455265904530554,0.5,3.026926323930682,3.1113877614593286,0.5555555555555556,1,0.1111111111111111,-1.3723900433022265,-4.755088530712135,0,1
-0.01707767143309,0.8483315795752037,0.21263262469192204,0.1111111111111111,-0.4668695745617363,0.1111111111111111,0.1111111111111111,0.03378194001362406,1.5548651530235684,-0.024497105068310064,0.1111111111111111,-0.3103448275862069,-0.3188570723695823,0.0,-0.18009899032573515,0.0,-0.2844958199592799,-0.4668695745617363,0.1111111111111111,0,0.1111111111111111,-0.9531238224996238,-0.10026846196456375,1,0
-0.0172151411525465,-0.3593610886768418,-0.7257375418231968,0.1111111111111111,-0.4668695745617363,0.1111111111111111,0.1111111111111111,-0.2972850288564622,1.6120182741363418,-0.08434215451949677,0.1111111111111111,-0.3484573502722323,-0.6091706784731258,0.0,-0.4807881107569174,0.0,-0.2844958199592799,-0.4668695745617363,0.1111111111111111,0,0.1111111111111111,-1.666848273078999,-0.25811809194175145,1,0
-0.0173918084564822,-2.814764228080276,-4.959556673683751,0.0,-0.1916190102524236,0.0,0.0,-4.321258080645877,-1.06385683154724,-0.16125119006736108,0.0,0.05263157894736842,-2.2159780465851675,0.027777777777777776,-3.0949063951708156,0.125,-0.2335495053763295,-0.1916190102524235,0.2222222222222222,0,0.0,0.1673597344439074,-4.755088530712135,0,1
-0.0165084105858516,-2.814764228080276,0.36398622032167177,0.3333333333333333,2.8361371971500167,0.3333333333333333,0.3333333333333333,-0.39556095327027846,0.903305249478904,0.22332069574109284,0.3333333333333333,-0.3393829401088929,-2.2159780465851675,0.3333333333333333,-0.24959447327614714,0.25,2.7722015436314544,2.836137197150016,0.3333333333333333,1,0.3333333333333333,-1.3723900433022265,0.9698125877403967,0,1
-0.0173918084564822,-2.814764228080276,-4.959556673683751,0.0,-0.1916190102524236,0.0,0.0,-4.321258080645877,-1.06385683154724,-0.16125119006736108,0.0,3.825771324863884,-2.2159780465851675,0.027777777777777776,-3.0949063951708156,0.125,-0.2685750236822781,-0.1916190102524235,0.2222222222222222,0,0.0,1.7715522582507326,-4.755088530712135,0,1
-0.0171881212118035,0.0,-0.22961971523085117,0.1111111111111111,-0.4668695745617363,0.1111111111111111,0.1111111111111111,-0.0019843095974738842,2.3030706424532315,-0.07257949364898551,0.1111111111111111,-0.3393829401088929,-0.05568460314681259,0.0,-0.08274428171137979,0.0,-0.2844958199592799,-0.4668695745617363,0.1111111111111111,0,0.1111111111111111,-1.3723900433022265,-0.1619831787719659,1,0
-0.0138267046313004,0.6087426591479438,0.01008570751460098,0.3333333333333333,1.4598843756034523,0.0,0.0,-4.321258080645877,-0.7838281546594011,1.3907547030126979,0.3333333333333333,-0.3393829401088929,0.3961451325257778,0.19444444444444442,-0.5985468938734968,0.375,1.498577642135315,1.4598843756034523,0.4444444444444444,1,0.0,-1.3723900433022265,-0.9874900107714302,0,1
-0.0104343510114649,0.09011007831389209,-0.7857254195713821,0.0,-0.4668695745617363,0.0,0.0,-0.6559675883203452,-1.0556100978498562,2.86755680123147,0.0,0.05263157894736842,-0.19716696628003114,0.0,-3.0949063951708156,0.0,-0.2844958199592799,-0.4668695745617363,0.0,0,0.0,0.1673597344439074,-0.88981506256429,1,0
-0.0143558328849246,0.8593735168527648,0.5948074999309229,0.0,-0.4668695745617363,0.1111111111111111,0.1111111111111111,0.6488970938227772,-1.0145566950347014,1.1604079282513708,0.0,4.181488203266787,-0.4617227614448983,0.0,0.48798343050834453,0.0,-0.2844958199592799,-0.4668695745617363,0.0,0,0.0,1.8373853869087895,-0.7496324646576399,1,0
-0.0144864208929286,0.6263165122246706,0.41059793814552015,0.0,-0.4668695745617363,0.0,0.1111111111111111,-0.8511215693593839,-0.9566171491959866,1.103558712092134,0.0,0.2323049001814882,0.5991414972994888,0.0,-3.0949063951708156,0.0,-0.2844958199592799,-0.4668695745617363,0.0,0,0.0,0.3871513198050401,0.15036297654842434,1,0
-0.0172208902290078,0.02626135383688904,-0.7305386745565072,0.1111111111111111,0.9093832469848272,0.1111111111111111,0.1111111111111111,-0.1308415923977209,1.6812840556817266,-0.08684491488363172,0.3333333333333333,-0.3484573502722323,-0.4868248142128441,0.1388888888888889,-0.24959447327614714,0.25,1.6259081932793418,0.9093832469848272,0.2222222222222222,0,0.3333333333333333,-1.666848273078999,-4.755088530712135,0,1
-0.0171764639987406,-0.12242938915254323,-0.3146829477913045,0.3333333333333333,0.083631554056889,0.1111111111111111,0.1111111111111111,-4.321258080645877,1.7234522303707664,-0.0675047288573502,0.1111111111111111,-0.3393829401088929,-0.2954964139241974,0.05555555555555555,-0.2256202079844788,0.25,0.2249537406391757,0.0836315540568891,0.1111111111111111,0,0.0,-1.3723900433022265,0.48722126621412404,0,1
-0.0173918084564822,-2.814764228080276,-4.959556673683751,0.3333333333333333,0.6341326826755145,0.0,0.0,-4.321258080645877,-1.0584369522087882,-0.16125119006736108,0.3333333333333333,0.16878402903811252,-2.2159780465851675,0.1111111111111111,-3.0949063951708156,0.25,-0.1046851568747772,0.6341326826755145,0.0,0,0.0,0.3170934418812415,-4.755088530712135,0,1
-0.0169834702189149,-0.42848565681599426,-0.6683264238949357,0.3333333333333333,0.083631554056889,0.1111111111111111,0.1111111111111111,-0.0019843095974738842,0.2028895778133031,0.016511753776781067,0.1111111111111111,-0.3484573502722323,-0.4368304595375874,0.05555555555555555,-0.7065993857354921,0.25,0.4796657853361687,0.0836315540568891,0.1111111111111111,0,0.1111111111111111,-1.666848273078999,-0.23265488696101239,1,0
-0.0172019813278599,0.0,-0.1968333814526074,0.3333333333333333,3.937139454387268,0.4444444444444444,0.5555555555555556,0.40381850692765464,1.218079717292253,-0.07861325391320367,0.3333333333333333,-0.3103448275862069,0.055206555305286134,0.4444444444444444,-3.0949063951708156,0.5,2.160894675033103,3.937139454387266,0.3333333333333333,1,0.4444444444444444,-0.9531238224996238,-0.030311539256362482,0,1
-0.0171648777408107,-0.2930182359400527,-0.5644759622719017,0.1111111111111111,0.3588821183662018,0.1111111111111111,0.1111111111111111,-0.2693341163573286,1.6184676460196603,-0.062460853147763847,0.3333333333333333,-0.3484573502722323,-0.12274782951552894,0.08333333333333333,-0.4429146882131694,0.25,0.861746587983893,0.3588821183662018,0.2222222222222222,0,0.1111111111111111,-1.666848273078999,-0.3153463524293993,0,1
-0.0172433041705419,-1.286789307143878,0.5819013506409128,0.1111111111111111,0.083631554056889,0.3333333333333333,0.1111111111111111,0.5199757603459818,1.1809358753680383,-0.0966024341744841,0.1111111111111111,0.5226860254083484,0.3134091711667039,0.05555555555555555,0.7233392373142655,0.25,-0.2150234254360083,0.0836315540568891,0.1111111111111111,0,0.1111111111111111,0.6417328970763176,0.9698125877403967,1,0
-0.0172554974939887,0.4688248136354333,0.6170333696037803,0.1111111111111111,0.083631554056889,0.1111111111111111,0.1111111111111111,0.8136496320306106,0.7698883177759345,-0.10191058528973186,0.1111111111111111,1.3883847549909256,0.2099103637100951,0.05555555555555555,0.48798343050834453,0.25,-0.2351927652352168,0.0836315540568891,0.3333333333333333,0,0.1111111111111111,1.1095988810204689,1.0661688460242649,1,0
-0.0171241417590327,-2.814764228080276,-0.47185617528216883,0.1111111111111111,0.3588821183662018,0.1111111111111111,0.1111111111111111,-0.0019843095974738842,1.5655024747288169,-0.04472715256568265,0.3333333333333333,-0.3484573502722323,0.08711210020847432,0.08333333333333333,-0.05618178943457677,0.25,0.861746587983893,0.3588821183662018,0.2222222222222222,0,0.1111111111111111,-1.666848273078999,-4.755088530712135,0,1
-0.0199102258222455,0.11065092629307056,-0.8056590892710066,0.0,-0.1916190102524236,0.0,0.0,-4.321258080645877,-1.11906025508836,-1.2576003525494728,0.0,-0.29038112522686027,-2.2159780465851675,0.027777777777777776,0.035666533899452305,0.125,-0.1571313071385413,-0.1916190102524235,0.2222222222222222,0,0.0,-0.7891132362483021,-4.755088530712135,0,1
-0.0128663476621299,1.3010221797658408,0.8170032685825925,0.0,-0.4668695745617363,0.0,0.0,0.18423532129295098,-0.9988048752581372,1.8088293927553072,0.0,1.9963702359346642,0.10231976186339847,0.0,-3.0949063951708156,0.0,-0.2844958199592799,-0.4668695745617363,0.0,0,0.0,1.3273719327921307,-0.08515781410441103,1,0
-0.0155053418660824,-0.4856053977629707,-0.9795892856087604,0.0,-0.4668695745617363,0.0,0.0,-0.8473376220833502,-1.04405620569743,0.6599892026299924,0.0,0.16878402903811252,-0.23591580073971752,0.0,-3.0949063951708156,0.0,-0.2844958199592799,-0.4668695745617363,0.0,0,0.0,0.3170934418812415,-4.755088530712135,1,0
-0.0173918084564822,-2.814764228080276,-4.959556673683751,0.0,-0.1916190102524236,0.0,0.0,-4.321258080645877,-1.06385683154724,-0.16125119006736108,0.0,1.9963702359346642,-2.2159780465851675,0.027777777777777776,-3.0949063951708156,0.125,-0.2632681063313813,-0.1916190102524235,0.2222222222222222,0,0.0,1.3273719327921307,-4.755088530712135,0,1
-0.012978282022982,-0.5118341754657908,-1.1376832577400584,0.0,-0.4668695745617363,0.0,0.0,-0.9210619211549314,-1.0616114918943085,1.7601007171825391,0.0,4.181488203266787,-0.40295143906165404,0.0,-0.6304731097003913,0.0,-0.2844958199592799,-0.4668695745617363,0.0,0,0.0,1.8373853869087895,-1.0356742420226601,1,0
-0.0142583239260357,-2.814764228080276,-0.5129805027021184,0.0,0.083631554056889,0.0,0.0,-4.321258080645877,-1.040457459934896,1.2028567561802255,0.0,0.2323049001814882,-2.2159780465851675,0.05555555555555555,-3.0949063951708156,0.25,-0.1995852013098598,0.0836315540568891,0.3333333333333333,0,0.0,0.3871513198050401,0.6235863403342278,0,1
-0.017282842890305,-0.11927053118868146,-0.7448725090018657,0.4444444444444444,2.560886632840704,0.1111111111111111,0.3333333333333333,-4.321258080645877,1.7429975390331849,-0.11381492757893655,0.5555555555555556,-0.3393829401088929,0.08711210020847432,0.3055555555555555,-3.0949063951708156,0.5,2.5174767633322266,2.5608866328407034,0.3333333333333333,1,0.1111111111111111,-1.3723900433022265,-4.755088530712135,0,1
-0.0155227780633598,0.19648970813407893,-0.52856481924189,0.3333333333333333,0.9093832469848272,0.0,0.0,-4.321258080645877,-1.0447151788926332,0.6523986576544837,0.3333333333333333,1.9963702359346642,-2.2159780465851675,0.1388888888888889,-0.09471483337774875,0.25,-0.1783572518197867,0.9093832469848272,0.2222222222222222,0,0.0,1.3273719327921307,-0.06447038526372541,0,1
-0.0165334548206737,0.26663088282169384,0.09195062882781563,0.1111111111111111,-0.4668695745617363,0.1111111111111111,0.1111111111111111,0.2283146734498298,-0.2705272174985964,0.2124181240524126,0.1111111111111111,-0.3103448275862069,0.3646410847315479,0.0,-0.7091029891817544,0.0,-0.2844958199592799,-0.4668695745617363,0.1111111111111111,0,0.1111111111111111,-0.9531238224996238,-0.030311539256362482,1,0
-0.0170626833595647,-2.814764228080276,-0.916455089799929,0.1111111111111111,-0.4668695745617363,0.1111111111111111,0.1111111111111111,-0.3152328836986633,-0.3537998647974467,-0.01797230815417318,0.1111111111111111,-0.3393829401088929,-2.2159780465851675,0.0,-0.21754839433743176,0.0,-0.2844958199592799,-0.4668695745617363,0.1111111111111111,0,0.0,-1.3723900433022265,-0.3854929216663218,1,0
-0.0172480284271698,0.24077437382325992,0.04253676486370856,0.1111111111111111,0.3588821183662018,0.1111111111111111,0.1111111111111111,0.31180710699092107,1.127850243482966,-0.09865905706304032,0.3333333333333333,-0.17422867513611615,0.17574738340371962,0.08333333333333333,0.23718320733967532,0.25,-0.0552381685230802,0.3588821183662018,0.2222222222222222,0,0.1111111111111111,-0.2847917733012345,-4.755088530712135,0,1
-0.0171921980758668,-0.04741792602762537,-0.22916699666699292,0.3333333333333333,1.4598843756034523,0.1111111111111111,0.3333333333333333,0.39173422957051773,0.0822125078762258,-0.07435428545360548,0.3333333333333333,-0.20871143375680581,0.2099103637100951,0.19444444444444442,-3.0949063951708156,0.25,0.309875208543736,1.4598843756034523,0.2222222222222222,0,0.1111111111111111,-0.3945035917891138,-4.755088530712135,0,1
-0.0171212967647811,-0.0514997282943712,0.14864057704950281,0.1111111111111111,0.083631554056889,0.1111111111111111,0.1111111111111111,0.12498081950888514,1.6871733795639916,-0.043488633840620905,0.1111111111111111,-0.3103448275862069,0.038965305047057,0.05555555555555555,0.03669433952054007,0.25,0.0211779919147679,0.0836315540568891,0.3333333333333333,0,0.1111111111111111,-0.9531238224996238,0.8836183181885655,0,1
-0.0135205679984072,-0.5176949796124348,-1.0498894478421217,0.3333333333333333,0.083631554056889,0.0,0.0,-0.9282638001922867,-1.0565117767926246,1.5240259572695571,0.0,0.3702359346642468,-2.0059667392554097,0.05555555555555555,-0.6367449288562597,0.25,-0.2080762207197047,0.0836315540568891,0.0,0,0.0,0.5191192900072952,-0.6158945627894274,1,0
-0.0170908666699351,-0.08485302548441206,-0.6758283233531048,0.3333333333333333,2.560886632840704,0.3333333333333333,0.3333333333333333,-0.0019843095974738842,0.6348557495586549,-0.030241421741404283,0.3333333333333333,-0.3484573502722323,0.03789846496024198,0.3055555555555555,-3.0949063951708156,0.25,3.918393009165688,2.5608866328407034,0.2222222222222222,1,0.3333333333333333,-1.666848273078999,-4.755088530712135,0,1
-0.0171935288723417,0.09092072007672566,0.008656823363962373,0.1111111111111111,-0.4668695745617363,0.1111111111111111,0.1111111111111111,0.11327870872762433,0.012680929715051,-0.07493362453394276,0.1111111111111111,0.0,0.29461469543509755,0.0,-0.037081384302912745,0.0,-0.2844958199592799,-0.4668695745617363,0.1111111111111111,0,0.1111111111111111,0.0869332819236188,0.11080520320361714,1,0
-0.0129725902976624,-2.814764228080276,-0.6101119584572666,0.0,-0.1916190102524236,0.0,0.0,-0.13262564613776523,-1.038209512238614,1.7625785107254186,0.0,-0.17422867513611615,-2.2159780465851675,0.027777777777777776,-3.0949063951708156,0.125,-0.20807660281388,-0.1916190102524235,0.2222222222222222,0,0.0,-0.2847917733012345,-0.5610148366026427,1,0
-0.0159163392852935,-2.814764228080276,-1.5413845263217016,0.0,-0.4668695745617363,0.0,0.0,-4.321258080645877,-1.0476672364594033,0.4810686303451817,0.0,-0.13611615245009073,-2.2159780465851675,0.0,-3.0949063951708156,0.0,-0.2844958199592799,-0.4668695745617363,0.0,0,0.0,-0.1828566844305228,-0.3173148940370099,1,0
-0.0171967559209446,0.8859237313160764,1.1417219457985603,0.1111111111111111,-0.4668695745617363,0.1111111111111111,0.1111111111111111,1.1426790340435071,1.593299638329516,-0.07633846397051111,0.1111111111111111,1.7422867513611615,0.6422245793515311,0.0,0.865308799347172,0.0,-0.2844958199592799,-0.4668695745617363,0.1111111111111111,0,0.1111111111111111,1.2431022551165405,1.2218153958892664,1,0
-0.0458661725435803,-2.814764228080276,-1.572394930305851,0.0,-0.1916190102524236,0.0,0.0,-0.29205669657563127,-1.0643450840848094,-12.55706994651833,0.0,0.2323049001814882,-2.2159780465851675,0.027777777777777776,-3.0949063951708156,0.125,-0.2420405106345698,-0.1916190102524235,0.2222222222222222,0,0.0,0.3871513198050401,-4.755088530712135,0,1
-0.0173519240700528,-2.814764228080276,-1.6882064814575903,0.6666666666666666,5.863893404552456,0.5555555555555556,0.5555555555555556,-4.321258080645877,1.550335819970243,-0.1438882166967066,0.7777777777777777,-0.3484573502722323,-2.2159780465851675,0.6388888888888888,-0.24959447327614714,0.75,8.503362640938379,5.863893404552456,0.2222222222222222,1,0.4444444444444444,-1.666848273078999,-4.755088530712135,0,1
-0.0168484641746455,0.3575785859113251,0.06483118104841312,0.1111111111111111,-0.4668695745617363,0.1111111111111111,0.1111111111111111,-0.12870809558806698,1.9389281939948155,0.07528428512005138,0.1111111111111111,-0.3484573502722323,0.08711210020847432,0.0,0.11071981267771415,0.0,-0.2844958199592799,-0.4668695745617363,0.1111111111111111,0,0.1111111111111111,-1.666848273078999,0.5524395861331087,1,0
-0.0172188875516345,0.247975698794106,0.34054856947997364,0.0,-0.4668695745617363,0.0,0.0,0.3342440011577545,1.0120726624829772,-0.08597308414948387,0.0,0.0,0.08711210020847432,0.0,0.13937401109565634,0.0,-0.2844958199592799,-0.4668695745617363,0.0,0,0.0,0.0869332819236188,0.5455902992721514,1,0
-0.0170359160247965,-2.814764228080276,-0.3479843698788056,0.1111111111111111,0.6341326826755145,0.3333333333333333,0.1111111111111111,-0.0019843095974738842,1.337317555238067,-0.00631961489769357,0.1111111111111111,-0.3484573502722323,-2.2159780465851675,0.1111111111111111,0.20258527999812884,0.25,1.2438273906316173,0.6341326826755145,0.1111111111111111,0,0.3333333333333333,-1.666848273078999,-0.1704873306121175,0,1
-0.0159655659944076,0.11065092629307056,0.13548095922641865,0.1111111111111111,-0.4668695745617363,0.1111111111111111,0.1111111111111111,-0.0019843095974738842,-0.7443942334372152,0.45963863941406774,0.0,-0.2395644283121597,-0.12274782951552894,0.0,0.035666533899452305,0.0,-0.2844958199592799,-0.4668695745617363,0.0,0,0.1111111111111111,-0.5135592262370264,0.867269880436216,1,0
-0.012978282022982,-2.814764228080276,0.4245206756422033,0.0,-0.1916190102524236,0.0,0.0,1.1721297860579902,-0.8474058615827281,1.7601007171825391,0.0,-0.29038112522686027,-2.2159780465851675,0.027777777777777776,-3.0949063951708156,0.125,-0.1571313071385413,-0.1916190102524235,0.2222222222222222,0,0.0,-0.7891132362483021,-4.755088530712135,0,1
-0.0172697523892815,-0.21300487939205906,-0.36976581423046234,0.1111111111111111,-0.4668695745617363,0.1111111111111111,0.1111111111111111,0.12702111128597396,1.191703079650292,-0.10811620582269255,0.1111111111111111,-0.29038112522686027,-0.39991399736563876,0.0,-0.3223026488099277,0.0,-0.2844958199592799,-0.4668695745617363,0.1111111111111111,0,0.1111111111111111,-0.7891132362483021,0.05543782744561979,1,0
-0.016616974893452,-1.0164165437412924,0.8059760393614904,0.1111111111111111,-0.4668695745617363,0.1111111111111111,0.1111111111111111,0.020017670180345004,1.6248323060344458,0.17605911418939602,0.1111111111111111,-0.3103448275862069,0.08711210020847432,0.0,0.1515133762085115,0.0,-0.2844958199592799,-0.4668695745617363,0.1111111111111111,0,0.0,-0.9531238224996238,-0.09129510854963241,1,0
-0.0146565898129457,-0.9565778625316271,0.1846757036986132,0.0,-0.4668695745617363,0.1111111111111111,0.1111111111111111,0.8118217925400837,-1.0278721158236228,1.0294786348668499,0.0,2.5480943738656987,0.19870084917679487,0.0,-0.22022145934522377,0.0,-0.2844958199592799,-0.4668695745617363,0.1111111111111111,0,0.0,1.486110633212629,0.2936897468610754,1,0
-0.0172650110544793,-0.414684702694374,-0.486776809126797,0.1111111111111111,-0.4668695745617363,0.1111111111111111,0.1111111111111111,0.03644215390533169,1.1051060119647222,-0.10605214824825075,0.1111111111111111,-0.3103448275862069,-0.3324566083412547,0.0,-0.1881711315370674,0.0,-0.2844958199592799,-0.4668695745617363,0.1111111111111111,0,0.1111111111111111,-0.9531238224996238,-0.10270666371888361,1,0
-0.0171929585585186,0.024821756018813496,-0.21213428445344912,0.3333333333333333,0.083631554056889,0.1111111111111111,0.1111111111111111,-4.321258080645877,0.7084801873064672,-0.07468534833842674,0.1111111111111111,-0.29038112522686027,-0.034150934078890506,0.05555555555555555,0.035666533899452305,0.25,-0.0297667943178028,0.0836315540568891,0.1111111111111111,0,0.1111111111111111,-0.7891132362483021,0.3348988845219174,1,0
-0.0173918084564822,-2.814764228080276,-4.959556673683751,0.0,-0.1916190102524236,0.0,0.0,-4.321258080645877,-1.06385683154724,-0.16125119006736108,0.0,-0.3103448275862069,-2.2159780465851675,0.027777777777777776,-3.0949063951708156,0.125,-0.1316589140222559,-0.1916190102524235,0.2222222222222222,0,0.0,-0.9531238224996238,-4.755088530712135,0,1
-0.0172040368116223,0.46317186353556355,0.533481803815375,0.1111111111111111,-0.4668695745617363,0.1111111111111111,0.1111111111111111,0.5726474815224252,1.065891703060578,-0.07950807298969548,0.1111111111111111,0.16878402903811252,0.3646410847315479,0.0,0.4129095728616361,0.0,-0.2844958199592799,-0.4668695745617363,0.1111111111111111,0,0.1111111111111111,0.3170934418812415,0.7569574723711164,1,0
-0.0016936973918735,-2.814764228080276,-0.9620389482219112,0.0,-0.1916190102524236,0.1111111111111111,0.0,-4.321258080645877,-1.0612580698455063,6.672648207310125,0.0,0.1088929219600726,-2.2159780465851675,0.027777777777777776,-0.048535997470034765,0.125,-0.2367336301369842,-0.1916190102524235,0.2222222222222222,0,0.0,0.2439439807007004,-4.755088530712135,1,0
-0.0171636214839183,-0.13825731093512136,-0.297329374833078,0.3333333333333333,0.083631554056889,0.1111111111111111,0.1111111111111111,-4.321258080645877,1.6390813854839188,-0.061913963577121985,0.1111111111111111,-0.3393829401088929,-0.2073985086960271,0.05555555555555555,-0.25207048172768487,0.25,0.2249537406391757,0.0836315540568891,0.1111111111111111,0,0.1111111111111111,-1.3723900433022265,0.49580768714291407,0,1
-0.0160107058961746,-0.4222907216928031,-0.22774625241821747,0.1111111111111111,-0.4668695745617363,0.1111111111111111,0.1111111111111111,-0.305945629780338,-0.3168400245054144,0.43998776892311237,0.1111111111111111,-0.3484573502722323,0.3646410847315479,0.0,-0.5346500221847261,0.0,-0.2844958199592799,-0.4668695745617363,0.1111111111111111,0,0.1111111111111111,-1.666848273078999,0.0356427943133937,1,0
-0.0170784543745809,-0.1559158946214444,-0.3906492257472541,0.1111111111111111,-0.4668695745617363,0.1111111111111111,0.1111111111111111,0.08133171922008098,1.4869288084873595,-0.024837945017833183,0.1111111111111111,-0.3484573502722323,-0.1902807091387112,0.0,-0.1558064556856885,0.0,-0.2844958199592799,-0.4668695745617363,0.1111111111111111,0,0.1111111111111111,-1.666848273078999,-0.3007777208248195,1,0
-0.0136772901793951,-0.586486275984681,-0.8012104921914223,0.0,-0.4668695745617363,0.0,0.0,-0.6177826772554207,-1.0505545020529683,1.4557996838153382,0.0,0.16878402903811252,0.041791982311095106,0.0,-0.7103605214522907,0.0,-0.2844958199592799,-0.4668695745617363,0.0,0,0.0,0.3170934418812415,-0.7263573649609586,1,0
-0.0172103472291816,0.8985421337595898,0.7805456111484362,0.1111111111111111,0.6341326826755145,0.1111111111111111,0.1111111111111111,0.8331812335091752,1.234601087627537,-0.08225520342967313,0.1111111111111111,0.6896551724137931,0.5070211320094472,0.1111111111111111,0.5630595753945483,0.25,-0.1571297150887646,0.6341326826755145,0.3333333333333333,0,0.3333333333333333,0.7564222381735122,0.8760762505249018,0,1
-0.0170123000010892,0.024821756018813496,-0.3845182958929567,0.3333333333333333,0.083631554056889,0.1111111111111111,0.1111111111111111,-4.321258080645877,1.062616836339792,0.003961209942795491,0.1111111111111111,-0.3484573502722323,-0.31369736310638735,0.05555555555555555,-0.24959447327614714,0.25,0.4796657853361687,0.0836315540568891,0.1111111111111111,0,0.1111111111111111,-1.666848273078999,0.40161177098829365,0,1
-0.0172074335738777,0.11103539389209109,-0.21706334134534253,0.3333333333333333,0.9093832469848272,0.1111111111111111,0.1111111111111111,-1.5256233238452308,1.2122680210332455,-0.08098679431066863,0.3333333333333333,-0.3103448275862069,0.21021309373189895,0.1388888888888889,-0.1725230969635581,0.25,0.4796887097258397,0.9093832469848272,0.2222222222222222,0,0.1111111111111111,-0.9531238224996238,-0.12762962123231683,0,1
-0.016932089988092,-0.1559158946214444,-0.27222144572617524,0.3333333333333333,0.6341326826755145,0.1111111111111111,0.3333333333333333,-0.7379022416844943,1.0293068936457288,0.0388792428977679,0.1111111111111111,-0.3484573502722323,-0.12274782951552894,0.1111111111111111,-3.0949063951708156,0.25,1.2438273906316173,0.6341326826755145,0.1111111111111111,0,0.1111111111111111,-1.666848273078999,0.6623085772064821,0,1
-0.0172151954567425,0.2856459654576801,0.18713979715319817,0.3333333333333333,2.8361371971500167,0.3333333333333333,0.3333333333333333,0.2283146734498298,0.3347701380810695,-0.08436579490597185,0.3333333333333333,0.1088929219600726,0.21984184190907038,0.3333333333333333,0.22915634400050866,0.25,0.2886504579082685,2.836137197150016,0.3333333333333333,0,0.3333333333333333,0.2439439807007004,0.2808312196366998,0,1
-0.0116261920299784,0.18903170419018037,0.04367648950473739,0.0,-0.1916190102524236,0.0,0.0,-4.321258080645877,-1.0030198533419383,2.3487095600145333,0.0,-0.20871143375680581,0.2608973376254601,0.027777777777777776,0.06467025040222472,0.125,-0.1995856730302776,-0.1916190102524235,0.2222222222222222,0,0.0,-0.3945035917891138,-4.755088530712135,1,0
-0.0142837061898698,-2.814764228080276,0.3980772740986473,0.0,-0.4668695745617363,0.1111111111111111,0.0,1.03236639985526,-1.0118161088494992,1.1918070294452066,0.0,1.7422867513611615,-2.2159780465851675,0.0,0.6371355204314216,0.0,-0.2844958199592799,-0.4668695745617363,0.0,0,0.1111111111111111,1.2431022551165405,0.5867497764440264,1,0
-0.0164722919347994,-0.3808218137875389,-0.5454188506766734,0.3333333333333333,1.7351349399127654,0.1111111111111111,0.1111111111111111,-4.321258080645877,-0.7910284044028534,0.23904432176486323,0.3333333333333333,-0.3103448275862069,0.08711210020847432,0.2222222222222222,-0.24959447327614714,0.25,0.9381994275369115,1.7351349399127651,0.3333333333333333,1,0.3333333333333333,-0.9531238224996238,0.09779810576966495,0,1
-0.0171939976804422,-0.05503320714484808,-0.31727518303655,0.3333333333333333,2.560886632840704,0.3333333333333333,0.3333333333333333,-0.29205669657563127,0.2313420927525131,-0.07513771198005155,0.3333333333333333,-0.26678765880217786,-0.020889199156281457,0.3055555555555555,-0.11113881133048968,0.25,0.916372445798759,2.5608866328407034,0.2222222222222222,0,0.3333333333333333,-0.6440902286753902,-0.06217738374284629,0,1
-0.0173281000822281,-0.06644151307654436,-0.8226228611775831,0.4444444444444444,3.386638325768641,0.1111111111111111,0.3333333333333333,-4.321258080645877,1.4860508893518765,-0.13351685829768664,0.5555555555555556,-0.3103448275862069,-0.04920473530787309,0.38888888888888884,-3.0949063951708156,0.625,1.855220863159056,3.386638325768641,0.6666666666666666,1,0.1111111111111111,-0.9531238224996238,-4.755088530712135,0,1
-0.0173918084564822,-2.814764228080276,-4.959556673683751,0.0,0.6341326826755145,0.0,0.0,-4.321258080645877,-1.060575555379075,-0.16125119006736108,0.3333333333333333,1.9963702359346642,-2.2159780465851675,0.1111111111111111,-3.0949063951708156,0.25,-0.1995849654476854,0.6341326826755145,0.3333333333333333,0,0.0,1.3273719327921307,-4.755088530712135,0,1
-0.0170716052312183,-0.1559158946214444,-0.2812059308719918,0.1111111111111111,-0.4668695745617363,0.1111111111111111,0.1111111111111111,-0.09428081140899382,0.911621061705944,-0.021856289676911514,0.1111111111111111,-0.3393829401088929,0.08711210020847432,0.0,-0.031229186384769358,0.0,-0.2844958199592799,-0.4668695745617363,0.1111111111111111,0,0.1111111111111111,-1.3723900433022265,-0.13127304604343448,1,0
-0.0110818746339543,0.08170103957926612,-0.34109128069962186,0.0,-0.4668695745617363,0.0,0.0,-4.321258080645877,-1.0544149091303916,2.5856686635246016,0.0,1.1705989110707804,0.1534764827786302,0.0,-3.0949063951708156,0.0,-0.2844958199592799,-0.4668695745617363,0.0,0,0.0,1.0152348983243975,-4.755088530712135,1,0
-0.0172780112276854,0.11065092629307056,-0.08174018087619878,0.1111111111111111,0.3588821183662018,0.1111111111111111,0.1111111111111111,0.44755450898354454,0.1357949251650012,-0.11171154736151055,0.3333333333333333,0.29945553539019965,0.0,0.08333333333333333,0.19454774127727473,0.25,-0.1638333265972902,0.3588821183662018,0.2222222222222222,0,0.1111111111111111,0.4544096728511559,-4.755088530712135,0,1
-0.0168624285039025,-0.1559158946214444,-0.005442244295965933,0.1111111111111111,-0.4668695745617363,0.1111111111111111,0.1111111111111111,0.0005656751581354951,-0.812867569026494,0.06920515745297784,0.1111111111111111,0.5226860254083484,0.2099103637100951,0.0,0.41323884851269055,0.0,-0.2844958199592799,-0.4668695745617363,0.1111111111111111,0,0.1111111111111111,0.6417328970763176,-0.02907026776434,1,0
-0.0172188550736931,-0.0571094851999611,-0.33909153072185766,0.1111111111111111,0.6341326826755145,0.1111111111111111,0.1111111111111111,-0.17837565731563373,0.9403278856747892,-0.08595894544301746,0.3333333333333333,-0.3103448275862069,0.21122001480361396,0.1111111111111111,-0.1473747604267604,0.25,0.3268518037888158,0.6341326826755145,0.3333333333333333,0,0.1111111111111111,-0.9531238224996238,-4.755088530712135,0,1
-0.0170776084084669,-0.24169703946424329,-0.33993681477872306,0.1111111111111111,0.083631554056889,0.1111111111111111,0.3333333333333333,0.39173422957051773,1.6904501959408025,-0.024469668395726812,0.1111111111111111,-0.3484573502722323,-0.1902807091387112,0.05555555555555555,-3.0949063951708156,0.25,0.4796657853361687,0.0836315540568891,0.1111111111111111,0,0.1111111111111111,-1.666848273078999,-0.13127304604343448,0,1
-0.0171999788529425,0.3868145081906613,0.43027935623071856,0.1111111111111111,-0.4668695745617363,0.1111111111111111,0.1111111111111111,0.5516037639487911,1.6771374056190222,-0.07774151131469935,0.1111111111111111,-0.13611615245009073,0.3261933516078772,0.0,0.32103038572429976,0.0,-0.2844958199592799,-0.4668695745617363,0.1111111111111111,0,0.1111111111111111,-0.1828566844305228,0.5752486385141815,1,0
-0.0170628062433199,-2.814764228080276,-0.7595354315897009,0.1111111111111111,0.9093832469848272,0.3333333333333333,0.1111111111111111,-0.24661117247792613,1.6614689435363332,-0.0180258034579968,0.3333333333333333,-0.35390199637023595,-0.12274782951552894,0.1388888888888889,-0.24959447327614714,0.25,3.5361211852187697,0.9093832469848272,0.2222222222222222,0,0.1111111111111111,-2.102083711231995,-4.755088530712135,0,1
-0.0172512600320218,0.5459430208420227,0.1072893254139108,0.3333333333333333,2.560886632840704,0.3333333333333333,0.3333333333333333,0.7256636266669363,1.6932846807135655,-0.10006587998329818,0.3333333333333333,-0.20871143375680581,0.23877848013469594,0.3055555555555555,-3.0949063951708156,0.25,0.6495157962597452,2.5608866328407034,0.2222222222222222,1,0.3333333333333333,-0.3945035917891138,-4.755088530712135,0,1
-0.0166587564321152,-0.6183712309333453,-0.6261587680112538,0.1111111111111111,-0.4668695745617363,0.1111111111111111,0.1111111111111111,-0.3414553481670005,0.4437561197549725,0.15787024861720395,0.1111111111111111,-0.35390199637023595,-0.12274782951552894,0.0,-0.45969946828486846,0.0,-0.2844958199592799,-0.4668695745617363,0.1111111111111111,0,0.1111111111111111,-2.102083711231995,-0.030311539256362482,1,0
-0.0173918084564822,-2.814764228080276,-4.959556673683751,0.1111111111111111,-0.4668695745617363,0.1111111111111111,0.1111111111111111,-4.321258080645877,-1.0475817469615845,-0.16125119006736108,0.1111111111111111,0.2323049001814882,-2.2159780465851675,0.0,-3.0949063951708156,0.0,-0.2844958199592799,-0.4668695745617363,0.1111111111111111,0,0.1111111111111111,0.3871513198050401,-4.755088530712135,1,0
-0.0172303190329452,0.7748065606083664,1.0398574766743056,0.1111111111111111,-0.4668695745617363,0.1111111111111111,0.1111111111111111,1.0160357556105664,2.037210451655853,-0.09094958055202994,0.1111111111111111,1.2776769509981851,0.5579005185275969,0.0,0.7193672102265098,0.0,-0.2844958199592799,-0.4668695745617363,0.1111111111111111,0,0.1111111111111111,1.0629938337787594,1.400618573942464,1,0
-0.015693632019954,0.7818639057906351,0.39089394240915604,0.1111111111111111,-0.4668695745617363,0.0,0.1111111111111111,-0.1589571826691771,0.0035123170110121,0.5780203616796752,0.1111111111111111,-0.3393829401088929,0.45325419880727547,0.0,0.035666533899452305,0.0,-0.2844958199592799,-0.4668695745617363,0.1111111111111111,0,0.0,-1.3723900433022265,0.10832488669182568,1,0
-0.0173918084564822,-2.814764228080276,-4.959556673683751,0.0,-0.4668695745617363,0.0,0.0,-4.321258080645877,-1.0404435598297752,-0.16125119006736108,0.1111111111111111,1.6206896551724137,-2.2159780465851675,0.0,-3.0949063951708156,0.0,-0.2844958199592799,-0.4668695745617363,0.1111111111111111,0,0.0,1.199597083727945,-4.755088530712135,1,0
-0.0169173265861719,0.43936390051312885,1.1848258426001397,0.1111111111111111,-0.4668695745617363,0.1111111111111111,0.1111111111111111,0.7783771315605391,0.4076952915417041,0.04530623293945061,0.1111111111111111,0.9673321234119783,1.1174682055031164,0.0,0.6456936966174419,0.0,-0.2844958199592799,-0.4668695745617363,0.1111111111111111,0,0.1111111111111111,0.9159689132265976,0.7391997586275593,1,0
-0.0171193094526283,-2.814764228080276,-0.41318654684723033,0.3333333333333333,1.18463381129414,0.3333333333333333,0.3333333333333333,-4.321258080645877,1.767582793739467,-0.04262349208774219,0.1111111111111111,-0.3484573502722323,-0.39991399736563876,0.16666666666666666,0.20258527999812884,0.25,2.0079889959270663,1.18463381129414,0.1111111111111111,0,0.1111111111111111,-1.666848273078999,0.22160843477979358,0,1
-0.0171743397938417,0.37635075839240917,0.017900845459166554,0.1111111111111111,-0.4668695745617363,0.1111111111111111,0.1111111111111111,0.39414344905206655,-0.1924772672645001,-0.06657999323032883,0.1111111111111111,0.1088929219600726,-2.2159780465851675,0.0,0.07302509014459281,0.0,-0.2844958199592799,-0.4668695745617363,0.1111111111111111,0,0.0,0.2439439807007004,0.451351709610187,1,0
-0.0173918084564822,-2.814764228080276,-4.959556673683751,0.0,-0.4668695745617363,0.0,0.0,-4.321258080645877,-1.0585886633055546,-0.16125119006736108,0.0,-0.3484573502722323,-2.2159780465851675,0.0,-3.0949063951708156,0.0,-0.2844958199592799,-0.4668695745617363,0.0,0,0.0,-1.666848273078999,-4.755088530712135,0,1
-0.0129751388587563,-0.3522519488626691,-0.3299421964323326,0.0,-0.1916190102524236,0.0,0.0,0.3870281463440388,-0.8648240179320037,1.7614690390155954,0.0,-0.3484573502722323,-2.2159780465851675,0.027777777777777776,-0.12005347754185584,0.125,0.0975849826884444,-0.1916190102524235,0.2222222222222222,0,0.0,-1.666848273078999,0.10683193202755469,0,1
-0.0166367330557498,2.1792620652976504,2.317360289707164,0.1111111111111111,-0.4668695745617363,0.1111111111111111,0.1111111111111111,1.246271594270992,2.204123846111467,0.16745774216033474,0.1111111111111111,3.319419237749546,0.7846182577304438,0.0,1.077894880413571,0.0,-0.2844958199592799,-0.4668695745617363,0.1111111111111111,1,0.1111111111111111,1.668921836399024,1.40680305850479,1,0
-0.0172982786893107,0.503327401516989,-0.08725570747065663,0.3333333333333333,2.560886632840704,0.3333333333333333,0.3333333333333333,0.6916000138381972,1.2273051494199938,-0.12053463398751242,0.3333333333333333,-0.09437386569872959,-2.2159780465851675,0.3055555555555555,-3.0949063951708156,0.25,0.4160148380463074,2.5608866328407034,0.2222222222222222,1,0.3333333333333333,-0.0875094222424097,-4.755088530712135,0,1
-0.012978282022982,-2.814764228080276,-1.8458224738131266,0.0,-0.1916190102524236,0.0,0.0,-0.536581743503307,-1.062101821033164,1.7601007171825391,0.0,0.44464609800362975,-2.2159780465851675,0.027777777777777776,-3.0949063951708156,0.125,-0.2481055259427889,-0.1916190102524235,0.2222222222222222,0,0.0,0.5814972662319737,-4.755088530712135,0,1
-0.0172188401027115,0.052190236133651445,-0.008546892784744917,0.3333333333333333,0.083631554056889,0.1111111111111111,0.1111111111111111,-4.321258080645877,1.338648680841429,-0.08595242808676723,0.1111111111111111,-0.26678765880217786,0.08711210020847432,0.05555555555555555,0.09587549756142165,0.25,-0.0661561352760001,0.0836315540568891,0.1111111111111111,0,0.1111111111111111,-0.6440902286753902,0.6435799801374663,1,0
-0.0172409654151752,0.32593776497342714,0.38439624251671833,0.1111111111111111,0.3588821183662018,0.1111111111111111,0.1111111111111111,0.7855237563847912,1.3151431394013589,-0.09558429773592204,0.3333333333333333,0.05263157894736842,0.2970476903638747,0.08333333333333333,0.43690246585554143,0.25,-0.1316568762104289,0.3588821183662018,0.2222222222222222,0,0.1111111111111111,0.1673597344439074,-3.1608019537147367,0,1
-0.0166626989291139,-2.814764228080276,0.38437150391477,0.1111111111111111,-0.4668695745617363,0.1111111111111111,0.1111111111111111,0.09298295663548764,0.4126164154443163,0.15615395117524447,0.1111111111111111,-0.3103448275862069,0.7411003907388621,0.0,0.11037661140900523,0.0,-0.2844958199592799,-0.4668695745617363,0.1111111111111111,0,0.0,-0.9531238224996238,0.35610902529948224,1,0
-0.0172490297785968,-1.9691578789916715,0.133395472609791,0.1111111111111111,0.9093832469848272,0.3333333333333333,0.1111111111111111,0.45864520240061574,-0.554929242023346,-0.09909497797639019,0.3333333333333333,4.181488203266787,0.1308827053096869,0.1388888888888889,0.5630595753945483,0.25,-0.2080759914613655,0.9093832469848272,0.2222222222222222,0,0.1111111111111111,1.8373853869087895,-4.755088530712135,0,1
-0.0172677646805054,0.26663088282169384,0.23101159194874255,0.3333333333333333,1.18463381129414,0.1111111111111111,0.1111111111111111,-4.321258080645877,1.2113407652493804,-0.1072508914067646,0.3333333333333333,0.05263157894736842,0.2099103637100951,0.16666666666666666,0.4129095728616361,0.25,0.0211820675384221,1.18463381129414,0.3333333333333333,0,0.1111111111111111,0.1673597344439074,0.6826633274259496,0,1
-0.0162227975481671,-2.814764228080276,-0.9240858717971538,0.1111111111111111,0.9093832469848272,0.0,0.1111111111111111,-0.39556095327027846,-1.0243493701138615,0.34765736007489434,0.3333333333333333,0.05263157894736842,-2.2159780465851675,0.1388888888888889,-3.0949063951708156,0.375,-0.0297642470445282,0.9093832469848272,0.4444444444444444,0,0.0,0.1673597344439074,-4.755088530712135,0,1
-0.0135084198919622,0.14380070725548494,-0.025615478020609282,0.0,-0.4668695745617363,0.0,0.0,0.47100781382250195,-1.0395465261782275,1.5293144239501897,0.0,1.2776769509981851,-2.0059667392554097,0.0,0.27593087739483213,0.0,-0.2844958199592799,-0.4668695745617363,0.0,0,0.0,1.0629938337787594,0.12596611318267115,1,0
-0.0149019828149961,0.05508974358975167,0.4737961450829479,0.0,0.9093832469848272,0.0,0.0,1.182924183380567,-0.2349372987416244,0.9226510629424011,0.3333333333333333,-0.3393829401088929,0.3944477484134727,0.1388888888888889,0.5108100423604874,0.25,0.9891280815368592,0.9093832469848272,0.2222222222222222,0,0.3333333333333333,-1.3723900433022265,-4.755088530712135,0,1
-0.0163795594229278,-0.1559158946214444,0.7046599935534763,0.1111111111111111,-0.4668695745617363,0.1111111111111111,0.1111111111111111,0.10862304442423645,1.8630098291279724,0.2794138066276202,0.1111111111111111,-0.3393829401088929,-0.13827285828164568,0.0,-0.14163693776056305,0.0,-0.2844958199592799,-0.4668695745617363,0.1111111111111111,0,0.0,-1.3723900433022265,0.10981426398526252,1,0
-0.0170688245354615,-2.814764228080276,0.2771156732503091,0.1111111111111111,0.6341326826755145,0.3333333333333333,0.1111111111111111,0.39173422957051773,1.2841944076803142,-0.020645762182340932,0.1111111111111111,-0.29038112522686027,-2.2159780465851675,0.1111111111111111,0.32103038572429976,0.25,0.2249622313236743,0.6341326826755145,0.1111111111111111,0,0.3333333333333333,-0.7891132362483021,0.971054355195787,0,1
-0.0152392294581169,-0.1559158946214444,0.07943272420159077,0.0,-0.4668695745617363,0.1111111111111111,0.0,0.2302049634480048,-0.2883730167420482,0.7758366072600896,0.0,-0.3484573502722323,-2.2159780465851675,0.0,0.48798343050834453,0.0,-0.2844958199592799,-0.4668695745617363,0.1111111111111111,0,0.1111111111111111,-1.666848273078999,0.22160843477979358,1,0
-0.0172091982064416,-0.05503320714484808,-0.08886260313855333,0.1111111111111111,0.083631554056889,0.1111111111111111,0.1111111111111111,0.3474463868376146,0.9427760793867224,-0.08175499638068935,0.1111111111111111,-0.26678765880217786,-0.06755808087248778,0.05555555555555555,-0.14163693776056305,0.25,-0.0661561352760001,0.0836315540568891,0.3333333333333333,0,0.1111111111111111,-0.6440902286753902,0.35192450368474876,0,1
-0.0170278952534582,-1.1331733319247854,-0.20495772412551763,0.1111111111111111,0.083631554056889,0.1111111111111111,0.1111111111111111,-0.37713055981775295,0.1114099007132657,-0.0028279117119017314,0.1111111111111111,-0.3103448275862069,0.4678923286222735,0.05555555555555555,-1.1130491786300827,0.25,0.0211779919147679,0.0836315540568891,0.3333333333333333,0,0.0,-0.9531238224996238,-0.13420324118399174,0,1
-0.0167353881597683,-0.17281359342255856,0.4790863665513923,0.1111111111111111,0.083631554056889,0.1111111111111111,0.1111111111111111,0.0008483016993605666,0.8383349788073665,0.12450995990008666,0.1111111111111111,-0.3103448275862069,-2.2159780465851675,0.05555555555555555,-0.34345319221146636,0.25,0.0211779919147679,0.0836315540568891,0.3333333333333333,0,0.1111111111111111,-0.9531238224996238,1.5393109131968599,0,1
-0.0134588993886135,-2.814764228080276,-1.3029238966300878,0.0,-0.4668695745617363,0.1111111111111111,0.0,-0.2122914829153444,-1.06187327855234,1.5508723130872657,0.0,4.001814882032668,-2.2159780465851675,0.0,-0.8534929291665672,0.0,-0.2844958199592799,-0.4668695745617363,0.0,0,0.0,1.8047152235915511,-1.8334274340426857,1,0
-0.0171887203555962,-0.11927053118868146,-0.3878250019887452,0.3333333333333333,1.4598843756034523,0.1111111111111111,0.3333333333333333,0.315879223095951,0.5174631959218536,-0.07284032046993655,0.3333333333333333,-0.3103448275862069,0.08711210020847432,0.19444444444444442,-3.0949063951708156,0.25,0.7853625215998877,1.4598843756034523,0.2222222222222222,0,0.1111111111111111,-0.9531238224996238,-4.755088530712135,0,1
-0.0172173514025013,0.33677633076997154,0.38856336150223486,0.1111111111111111,-0.4668695745617363,0.1111111111111111,0.1111111111111111,0.4328184144250843,1.1544846765851842,-0.08530434836383632,0.1111111111111111,0.0,0.31182663908465363,0.0,0.2660513215595181,0.0,-0.2844958199592799,-0.4668695745617363,0.1111111111111111,0,0.1111111111111111,0.0869332819236188,0.7020858260316316,1,0
-0.017261054383431,0.8114899901719757,0.9223780366818713,0.1111111111111111,0.3588821183662018,0.1111111111111111,0.1111111111111111,1.1036814506548158,1.519765872202932,-0.1043296803805097,0.3333333333333333,2.128856624319419,0.5608316001659865,0.08333333333333333,0.7735531344665507,0.25,-0.2225338403936263,0.3588821183662018,0.2222222222222222,1,0.1111111111111111,1.3682240822548568,-3.64139088101454,1,0
-0.0169695171479581,-2.814764228080276,-0.6863225229789366,0.3333333333333333,2.010385504222078,0.4444444444444444,0.3333333333333333,-0.39556095327027846,-0.7236107835741228,0.022585980338857642,0.1111111111111111,-0.26678765880217786,-0.39991399736563876,0.25,-0.28255938195782665,0.375,0.698032761115479,2.0103855042220777,0.1111111111111111,1,0.3333333333333333,-0.6440902286753902,0.10832488669182568,0,1
-0.0173918084564822,-2.814764228080276,-4.959556673683751,0.0,-0.1916190102524236,0.0,0.0,-4.321258080645877,-1.0641970329373536,-0.16125119006736108,0.0,0.05263157894736842,-2.2159780465851675,0.027777777777777776,-3.0949063951708156,0.125,-0.2335495053763295,-0.1916190102524235,0.2222222222222222,0,0.0,0.1673597344439074,-4.755088530712135,0,1
-0.0173918084564822,-2.814764228080276,-4.959556673683751,0.0,-0.1916190102524236,0.0,0.0,-4.321258080645877,-1.06385683154724,-0.16125119006736108,0.0,1.2776769509981851,-2.2159780465851675,0.027777777777777776,-3.0949063951708156,0.125,-0.2590225777575635,-0.1916190102524235,0.2222222222222222,0,0.0,1.0629938337787594,-4.755088530712135,0,1
-0.0161065323363188,-2.814764228080276,-0.8999815449024698,0.1111111111111111,0.083631554056889,0.1111111111111111,0.3333333333333333,-0.24661117247792613,-0.8772707947030202,0.3982713962424351,0.1111111111111111,-0.3393829401088929,-2.2159780465851675,0.05555555555555555,-3.0949063951708156,0.25,0.2249537406391757,0.0836315540568891,0.1111111111111111,0,0.1111111111111111,-1.3723900433022265,-0.030311539256362482,1,0
-0.0166504751515237,-2.814764228080276,-1.1347406023092115,0.3333333333333333,1.4598843756034523,0.1111111111111111,0.3333333333333333,0.055236649346909104,-0.7281351325221811,0.16147535997172913,0.3333333333333333,-0.3484573502722323,-2.2159780465851675,0.19444444444444442,-3.0949063951708156,0.25,2.3900697985747907,1.4598843756034523,0.2222222222222222,1,0.1111111111111111,-1.666848273078999,-4.755088530712135,0,1
-0.0171421854085242,-0.24073730820724085,-0.4338703755092324,0.1111111111111111,-0.4668695745617363,0.1111111111111111,0.1111111111111111,-0.2239221361750525,-0.664860451188538,-0.052582141288785425,0.1111111111111111,0.05263157894736842,-0.17659889221774303,0.0,-0.1212568136751332,0.0,-0.2844958199592799,-0.4668695745617363,0.1111111111111111,0,0.1111111111111111,0.1673597344439074,-0.03875559129009598,1,0
-0.0172235355382597,0.26663088282169384,-0.0038955611259121783,0.3333333333333333,1.18463381129414,0.1111111111111111,0.1111111111111111,-4.321258080645877,-0.0395413279594107,-0.08799650421996998,0.3333333333333333,0.16878402903811252,0.2099103637100951,0.16666666666666666,0.2660513215595181,0.25,-0.0147798253325259,1.18463381129414,0.3333333333333333,0,0.1111111111111111,0.3170934418812415,0.12062866319252531,0,1
-0.012978282022982,-2.814764228080276,-0.9461488451856077,0.0,-0.1916190102524236,0.0,0.0,-4.321258080645877,-1.05493765575386,1.7601007171825391,0.0,0.16878402903811252,-2.2159780465851675,0.027777777777777776,-3.0949063951708156,0.125,-0.2395431541881542,-0.1916190102524235,0.2222222222222222,0,0.0,0.3170934418812415,0.2634556293297144,1,0
-0.0171907858155047,0.7298924868284511,0.6056410688092666,0.1111111111111111,-0.4668695745617363,0.1111111111111111,0.1111111111111111,0.5726474815224252,-0.092957092709018,-0.07373948248794879,0.1111111111111111,2.4047186932849365,0.3646410847315479,0.0,0.48798343050834453,0.0,-0.2844958199592799,-0.4668695745617363,0.1111111111111111,0,0.1111111111111111,1.4475584443037126,0.5390376728716304,1,0
-0.0171716217877877,-0.026533733323285395,-0.2807852333999303,0.3333333333333333,1.7351349399127654,0.3333333333333333,0.3333333333333333,0.2279358596695212,0.0141795662421856,-0.06539675660664289,0.1111111111111111,-0.2395644283121597,-2.2159780465851675,0.2222222222222222,-0.18044668262044067,0.25,0.479694441038171,1.7351349399127651,0.1111111111111111,0,0.3333333333333333,-0.5135592262370264,0.07932675579992625,0,1
-0.0165849188502586,-0.6183712309333453,-0.556547234232343,0.4444444444444444,0.9093832469848272,0.1111111111111111,0.3333333333333333,-4.321258080645877,-0.3000433087213865,0.19001415459904245,0.1111111111111111,-0.3484573502722323,0.0,0.1388888888888889,-0.5257054327314836,0.375,1.6259081932793418,0.9093832469848272,0.1111111111111111,0,0.1111111111111111,-1.666848273078999,0.2808312196366998,0,1
-0.0172248506055747,0.19648970813407893,0.0753922751355249,0.3333333333333333,0.083631554056889,0.1111111111111111,0.1111111111111111,-4.321258080645877,0.7426167615994712,-0.08856899588435814,0.1111111111111111,-0.13611615245009073,0.109857376792418,0.05555555555555555,0.046432917380217716,0.25,-0.1455516624742182,0.0836315540568891,0.1111111111111111,0,0.1111111111111111,-0.1828566844305228,0.7481420290032386,1,0
-0.0123593769181476,0.26133674350060454,-0.16911092554898824,0.0,-0.4668695745617363,0.0,0.0,-0.9097254723393198,-1.042452453315953,2.0295302813864047,0.0,0.44464609800362975,0.1731369187639724,0.0,0.18161222536181065,0.0,-0.2844958199592799,-0.4668695745617363,0.0,0,0.0,0.5814972662319737,-0.3507296073279289,1,0
-0.0131091230556744,0.24008799583748386,0.24909050759127177,0.3333333333333333,0.6341326826755145,0.0,0.0,-4.321258080645877,-0.5554431601153711,1.7031413511295943,0.3333333333333333,-0.3484573502722323,-0.44373633734149753,0.1111111111111111,-0.6222565479228473,0.25,1.2438273906316173,0.6341326826755145,0.0,0,0.0,-1.666848273078999,-4.755088530712135,0,1
-0.0170509545667246,1.1526700062807762,1.5031054530665497,0.1111111111111111,-0.4668695745617363,0.1111111111111111,0.1111111111111111,1.2556633674835116,0.6868874346704271,-0.012866382352528048,0.1111111111111111,4.551724137931035,0.8522237681175366,0.0,1.0996736299264762,0.0,-0.2844958199592799,-0.4668695745617363,0.1111111111111111,0,0.1111111111111111,1.9013142578933817,1.459857362989083,1,0
-0.0172173369916901,-2.814764228080276,-0.5686425309571811,0.3333333333333333,2.8361371971500167,0.3333333333333333,0.3333333333333333,-4.321258080645877,1.246930990330358,-0.08529807486800586,0.3333333333333333,-0.3393829401088929,-2.2159780465851675,0.3333333333333333,0.12752514285418468,0.25,2.7722015436314544,2.836137197150016,0.3333333333333333,1,0.3333333333333333,-1.3723900433022265,0.2808312196366998,0,1
-0.0172048542907773,0.4927847763889384,0.3244768712695691,0.3333333333333333,2.010385504222078,0.3333333333333333,0.3333333333333333,0.315879223095951,0.574476373683013,-0.07986394831009176,0.1111111111111111,0.1088929219600726,-2.2159780465851675,0.25,0.28893093361828176,0.375,0.1453638884413813,2.0103855042220777,0.1111111111111111,0,0.4444444444444444,0.2439439807007004,0.9043309270812694,0,1
-0.0169671684312674,-0.24169703946424329,-0.7745429090747847,0.3333333333333333,2.560886632840704,0.3333333333333333,0.3333333333333333,0.1470309482078948,-0.651339796109122,0.023608453266420814,0.3333333333333333,-0.3103448275862069,-0.1902807091387112,0.3055555555555555,-3.0949063951708156,0.25,1.3967101453479835,2.5608866328407034,0.2222222222222222,1,0.3333333333333333,-0.9531238224996238,-4.755088530712135,0,1
-0.0173918084564822,-2.814764228080276,-4.959556673683751,0.0,-0.4668695745617363,0.0,0.0,-4.321258080645877,-1.0547186442072438,-0.16125119006736108,0.0,0.05263157894736842,-2.2159780465851675,0.0,-3.0949063951708156,0.0,-0.2844958199592799,-0.4668695745617363,0.0,0,0.0,0.1673597344439074,-4.755088530712135,1,0
-0.0134131671440191,-2.814764228080276,-0.6199299451054369,0.0,-0.4668695745617363,0.0,0.0,-1.1380184861260618,-1.046324049475431,1.5707810497172885,0.0,0.1088929219600726,-0.2549718635967407,0.0,-3.0949063951708156,0.0,-0.2844958199592799,-0.4668695745617363,0.0,0,0.0,0.2439439807007004,0.4068609976070569,1,0
-0.0143629177668252,-0.17563598872532032,-1.332420751726184,0.3333333333333333,1.4598843756034523,0.0,0.3333333333333333,-4.321258080645877,-1.050469336343277,1.157323648241394,0.0,-0.20871143375680581,-2.2159780465851675,0.19444444444444442,-3.0949063951708156,0.25,0.309875208543736,1.4598843756034523,0.2222222222222222,1,0.3333333333333333,-0.3945035917891138,-0.5993813887468402,0,1
-0.0169368165098819,1.5987797877126821,1.4706851116588182,0.1111111111111111,-0.4668695745617363,0.1111111111111111,0.1111111111111111,0.90024583635647,0.7882929923460862,0.03682163391036519,0.1111111111111111,1.867513611615245,0.42522587269787504,0.0,0.437057819119782,0.0,-0.2844958199592799,-0.4668695745617363,0.1111111111111111,0,0.1111111111111111,1.285678693674575,1.1181195309961378,1,0
-0.0162484638240225,-2.814764228080276,-0.7236308147154515,0.3333333333333333,0.6341326826755145,0.0,0.0,-4.321258080645877,-1.0223710928881715,0.3364839936501672,0.3333333333333333,0.3702359346642468,-2.2159780465851675,0.1111111111111111,-3.0949063951708156,0.25,-0.1316566214801296,0.6341326826755145,0.0,0,0.0,0.5191192900072952,-4.755088530712135,0,1
-0.0172479876155181,0.46317186353556355,0.32718823913735295,0.3333333333333333,2.8361371971500167,0.3333333333333333,0.3333333333333333,0.45864520240061574,0.4239709696765105,-0.09864129042084385,0.3333333333333333,0.604355716878403,0.3327254478772566,0.3333333333333333,0.29991109607174843,0.25,0.1142153926227767,2.836137197150016,0.3333333333333333,1,0.3333333333333333,0.6999923241170234,0.6312734314835,0,1
-0.0169968506185176,-2.814764228080276,-0.5260900772793987,0.3333333333333333,2.560886632840704,0.3333333333333333,0.3333333333333333,-0.39556095327027846,-0.9215245394791438,0.010686829720312303,0.3333333333333333,0.604355716878403,-2.2159780465851675,0.3055555555555555,0.20258527999812884,0.25,0.0809894582409387,2.5608866328407034,0.2222222222222222,1,0.3333333333333333,0.6999923241170234,-0.4608380511121482,0,1
-0.0171481881969299,0.08603105724999648,0.04101396138672314,0.3333333333333333,1.7351349399127654,0.3333333333333333,0.3333333333333333,-4.321258080645877,0.1092552317224772,-0.055195350731603046,0.1111111111111111,-0.13611615245009073,0.08711210020847432,0.2222222222222222,0.46330726462107813,0.25,0.2712808099809667,1.7351349399127651,0.1111111111111111,1,0.3333333333333333,-0.1828566844305228,0.6036680566901399,0,1
-0.0172220798459769,-2.0144869199068762,0.7853701286411228,0.3333333333333333,1.18463381129414,0.3333333333333333,0.3333333333333333,-4.321258080645877,1.412118538029162,-0.08736279392363511,0.1111111111111111,0.6896551724137931,0.49231808970859603,0.16666666666666666,0.8920668547125631,0.25,-0.093446662653507,1.18463381129414,0.1111111111111111,1,0.1111111111111111,0.7564222381735122,1.2810532432733424,1,0
-0.017214859453518,0.24008799583748386,0.1211111928686531,0.1111111111111111,-0.4668695745617363,0.1111111111111111,0.1111111111111111,0.18912502360221406,1.8134217535552413,-0.08421952175093647,0.1111111111111111,-0.26678765880217786,0.20889907348010675,0.0,0.18862794635628494,0.0,-0.2844958199592799,-0.4668695745617363,0.1111111111111111,0,0.1111111111111111,-0.6440902286753902,0.17873957169814658,1,0
-0.0129210142072716,-2.814764228080276,-0.9027596652275952,0.0,-0.1916190102524236,0.0,0.0,-4.321258080645877,-1.059144302087789,1.7850312639000256,0.0,1.7422867513611615,-2.2159780465851675,0.027777777777777776,0.1893371621310283,0.125,-0.26201942096705,-0.1916190102524235,0.2222222222222222,0,0.0,1.2431022551165405,-4.755088530712135,1,0
-0.0172454134039053,-2.814764228080276,-0.2088692536997442,0.1111111111111111,1.4598843756034523,0.3333333333333333,0.1111111111111111,-0.05212341178563805,0.3879902864782042,-0.09752065220415018,0.3333333333333333,-0.17422867513611615,0.077732047057514,0.19444444444444442,0.35452546231771115,0.375,0.2504387000585193,1.4598843756034523,0.4444444444444444,0,0.1111111111111111,-0.2847917733012345,-4.755088530712135,0,1
-0.0173918084564822,-2.814764228080276,-4.959556673683751,0.0,-0.4668695745617363,0.0,0.0,-4.321258080645877,-1.06385683154724,-0.16125119006736108,0.0,0.29945553539019965,-2.2159780465851675,0.0,-3.0949063951708156,0.0,-0.2844958199592799,-0.4668695745617363,0.0,0,0.0,0.4544096728511559,-4.755088530712135,1,0
-0.0173918084564822,-2.814764228080276,-4.959556673683751,0.0,-0.1916190102524236,0.0,0.0,-4.321258080645877,-1.1555388964756257,-0.16125119006736108,0.0,0.3702359346642468,-2.2159780465851675,0.027777777777777776,-3.0949063951708156,0.125,-0.2462860203394923,-0.1916190102524235,0.2222222222222222,0,0.0,0.5191192900072952,-4.755088530712135,0,1
-0.0173918084564822,-2.814764228080276,-4.959556673683751,0.0,-0.4668695745617363,0.0,0.0,-4.321258080645877,-1.06385683154724,-0.16125119006736108,0.0,0.604355716878403,-2.2159780465851675,0.0,-3.0949063951708156,0.0,-0.2844958199592799,-0.4668695745617363,0.0,0,0.0,0.6999923241170234,-4.755088530712135,1,0
-0.0172328142643966,0.5337104552412648,0.8142074655187141,0.1111111111111111,-0.4668695745617363,0.1111111111111111,0.1111111111111111,0.9371500493290886,1.3063416896871936,-0.09203583613028339,0.1111111111111111,1.0671506352087115,0.36470166301258844,0.0,0.488394997663133,0.0,-0.2844958199592799,-0.4668695745617363,0.1111111111111111,0,0.1111111111111111,0.9662521913648202,1.299278604606063,1,0
-0.0171838845006772,-0.9129630874112588,-0.5535320055735541,0.1111111111111111,0.083631554056889,0.1111111111111111,0.1111111111111111,0.2283146734498298,0.9216220858805096,-0.07073511520790651,0.1111111111111111,-0.3393829401088929,-2.2159780465851675,0.05555555555555555,-0.1745754674831542,0.25,0.2249537406391757,0.0836315540568891,0.3333333333333333,0,0.1111111111111111,-1.3723900433022265,-0.16893244176358863,0,1
-0.0173918084564822,-2.814764228080276,-4.959556673683751,0.0,-0.4668695745617363,0.0,0.0,-4.321258080645877,-1.06385683154724,-0.16125119006736108,0.0,-0.09437386569872959,-2.2159780465851675,0.0,-3.0949063951708156,0.0,-0.2844958199592799,-0.4668695745617363,0.0,0,0.0,-0.0875094222424097,-4.755088530712135,1,0
-0.0164759203567007,-0.08040381946156316,0.4036362595844372,0.0,0.083631554056889,0.1111111111111111,0.1111111111111111,1.3514303371254914,-0.3908648226449789,0.23746475144951176,0.3333333333333333,-0.20871143375680581,-0.3324566083412547,0.05555555555555555,-0.1745754674831542,0.25,-0.1146755261012753,0.0836315540568891,0.0,0,0.1111111111111111,-0.3945035917891138,-0.4608380511121482,1,0
-0.0170090297655651,0.41284693737411926,-0.22164725233092683,0.1111111111111111,0.3588821183662018,0.0,0.1111111111111111,-0.39556095327027846,-0.8272211528605812,0.005384850053715868,0.3333333333333333,0.604355716878403,0.1887975422381907,0.08333333333333333,-1.0716712448382182,0.25,-0.1848180168137657,0.3588821183662018,0.2222222222222222,0,0.0,0.6999923241170234,-4.755088530712135,0,1
-0.0157223636594123,0.11065092629307056,-0.3798356246145825,0.0,-0.4668695745617363,0.0,0.0,-4.321258080645877,-0.955638620316149,0.5655125425687169,0.0,-0.20871143375680581,-0.09115859176653822,0.0,0.12752514285418468,0.0,-0.2844958199592799,-0.4668695745617363,0.1111111111111111,0,0.0,-0.3945035917891138,-0.42759127678869874,1,0
-0.0138893461837664,0.12014923748777635,0.03227254807703044,0.0,-0.4668695745617363,0.0,0.0,-0.18421559206497276,-1.0298038848176203,1.3634847935384675,0.0,0.8711433756805808,0.08284252597981412,0.0,0.1148160735360675,0.0,-0.2844958199592799,-0.4668695745617363,0.0,0,0.0,0.8643003776574393,0.366202566966183,1,0
-0.0143655286748721,-2.814764228080276,-1.1052714681371396,0.0,-0.4668695745617363,0.0,0.0,-4.321258080645877,-1.059071418383588,1.1561870348708592,0.0,1.9963702359346642,-2.2159780465851675,0.0,-3.0949063951708156,0.0,-0.2844958199592799,-0.4668695745617363,0.0,0,0.0,1.3273719327921307,0.10832488669182568,1,0
-0.0173918084564822,-2.814764228080276,-4.959556673683751,0.0,-0.1916190102524236,0.0,0.0,-4.321258080645877,-1.1271722245673113,-0.16125119006736108,0.0,0.5226860254083484,-2.2159780465851675,0.027777777777777776,-3.0949063951708156,0.125,-0.2497596226976441,-0.1916190102524235,0.2222222222222222,0,0.0,0.6417328970763176,-4.755088530712135,0,1
-0.0167897132114604,-0.26191813279920784,-0.5018561671960716,0.1111111111111111,-0.4668695745617363,0.0,0.1111111111111111,-0.3368293743177722,-0.3203633698012216,0.10086049427371867,0.1111111111111111,-0.3393829401088929,-2.2159780465851675,0.0,-0.24959447327614714,0.0,-0.2844958199592799,-0.4668695745617363,0.1111111111111111,0,0.0,-1.3723900433022265,-0.4061857550387898,1,0
-0.0172749450847307,-0.2919217906553593,-0.5144642526042659,0.3333333333333333,0.9093832469848272,0.1111111111111111,0.1111111111111111,-4.321258080645877,1.1895504311037286,-0.11037675539804466,0.3333333333333333,-0.3103448275862069,-0.3154075215787422,0.1388888888888889,0.06905868871334091,0.25,0.4796887097258397,0.9093832469848272,0.2222222222222222,0,0.1111111111111111,-0.9531238224996238,-0.09129510854963241,0,1
-0.0172477165110941,-0.5137778767419023,-0.8380336655232353,0.1111111111111111,0.3588821183662018,0.1111111111111111,0.1111111111111111,-0.06752840054268835,1.687284570181225,-0.09852326982895045,0.3333333333333333,-0.3484573502722323,-0.5723143668894635,0.08333333333333333,-0.11113881133048968,0.25,0.861746587983893,0.3588821183662018,0.2222222222222222,0,0.1111111111111111,-1.666848273078999,-4.755088530712135,0,1
-0.0172392770248375,0.0,-0.26595872803194687,0.3333333333333333,0.9093832469848272,0.1111111111111111,0.1111111111111111,-1.70450528688105,0.3519416612464175,-0.09484928639195418,0.3333333333333333,-0.20871143375680581,-0.06755808087248778,0.1388888888888889,-0.08274428171137979,0.25,0.1400549146857315,0.9093832469848272,0.2222222222222222,0,0.1111111111111111,-0.3945035917891138,0.22284991287506398,0,1
-0.016827091474018,-2.814764228080276,-0.7000928004107029,0.3333333333333333,2.2856360685313915,0.3333333333333333,0.3333333333333333,0.12475366753727371,-0.4828682004046366,0.08458851830693817,0.3333333333333333,-0.3393829401088929,-0.14471268140493657,0.2777777777777778,-3.0949063951708156,0.25,2.2627519830329987,2.2856360685313906,0.3333333333333333,1,0.0,-1.3723900433022265,-4.755088530712135,0,1
-0.0173443080756537,-0.4644640443070904,-1.5868564278723147,0.4444444444444444,2.2856360685313915,0.1111111111111111,0.3333333333333333,-4.321258080645877,1.510930866485351,-0.14057272610549199,0.5555555555555556,-0.3484573502722323,-0.4446107456587005,0.2777777777777778,-3.0949063951708156,0.5,3.5363122065179637,2.2856360685313906,0.2222222222222222,1,0.1111111111111111,-1.666848273078999,-4.755088530712135,0,1
-0.0172303408003157,0.11065092629307056,-0.07576320495340598,0.3333333333333333,0.9093832469848272,0.1111111111111111,0.1111111111111111,-4.321258080645877,2.179126380454491,-0.09095905659788059,0.3333333333333333,-0.3103448275862069,0.2970476903638747,0.1388888888888889,0.035666533899452305,0.25,0.4796887097258397,0.9093832469848272,0.2222222222222222,0,0.1111111111111111,-0.9531238224996238,0.0,0,1
-0.0125536511215729,0.7367575351999681,0.777077077632291,0.0,-0.1916190102524236,0.0,0.0,1.4483953071243143,-0.9815467757249572,1.9449563886263301,0.0,0.778584392014519,-2.2159780465851675,0.027777777777777776,-3.0949063951708156,0.125,-0.2539279496957324,-0.1916190102524235,0.2222222222222222,0,0.0,0.8111528623165425,0.4292077912944452,1,0
-0.0148671004254737,-2.814764228080276,-0.8027957222326759,0.3333333333333333,0.083631554056889,0.1111111111111111,0.1111111111111111,-4.321258080645877,-1.0401507459691304,0.9378365040286097,0.0,0.0,-0.2521750843075455,0.05555555555555555,-3.0949063951708156,0.25,-0.1753251978386217,0.0836315540568891,0.0,0,0.0,0.0869332819236188,0.060289628695866966,1,0
-0.017228956752611,0.279245976012492,0.10253783853015644,0.3333333333333333,2.8361371971500167,0.3333333333333333,0.3333333333333333,-4.321258080645877,1.5932718073761722,-0.09035653552153655,0.3333333333333333,-0.2395644283121597,0.31182663908465363,0.3333333333333333,0.48798343050834453,0.25,0.8617895715368965,2.836137197150016,0.3333333333333333,1,0.3333333333333333,-0.5135592262370264,0.2808312196366998,0,1
-0.0140774144082182,-0.4705112265069743,-1.3306047457948946,0.0,-0.4668695745617363,0.0,0.1111111111111111,-0.7027226219992869,-1.0553627093969706,1.2816125656979684,0.0,-0.04900181488203267,-0.4960222841734175,0.0,-3.0949063951708156,0.0,-0.2844958199592799,-0.4668695745617363,0.0,0,0.0,0.0021753538983214,-4.755088530712135,1,0
-0.0167056090952579,-0.040234962112284466,-0.4149136675744974,0.1111111111111111,-0.4668695745617363,0.1111111111111111,0.1111111111111111,-0.283603671523123,-0.7835053526053377,0.13747375727509287,0.1111111111111111,-0.2395644283121597,0.08711210020847432,0.0,-0.7296993557377194,0.0,-0.2844958199592799,-0.4668695745617363,0.1111111111111111,0,0.1111111111111111,-0.5135592262370264,-0.20902154212594073,1,0
-0.0171608220241873,0.19648970813407893,0.17172759496761605,0.1111111111111111,-0.4668695745617363,0.1111111111111111,0.1111111111111111,0.2283146734498298,1.7198210814959598,-0.060695267513014774,0.1111111111111111,-0.29038112522686027,0.15469035568283057,0.0,0.12752514285418468,0.0,-0.2844958199592799,-0.4668695745617363,0.1111111111111111,0,0.1111111111111111,-0.7891132362483021,0.5390376728716304,1,0
-0.0129146253917296,-2.814764228080276,0.6983057270968777,0.0,-0.1916190102524236,0.0,0.0,-1.3078107217242778,-1.0201764589298223,1.787812523537105,0.0,3.319419237749546,-2.2159780465851675,0.027777777777777776,1.289331153573326,0.125,-0.2675136396224425,-0.1916190102524235,0.2222222222222222,0,0.0,1.668921836399024,-4.755088530712135,1,0
-0.0171316835007276,0.1807856920685292,-0.25374892607461336,0.1111111111111111,0.083631554056889,0.1111111111111111,0.1111111111111111,-0.06182077906576844,1.4747653457780228,-0.04801031853463466,0.1111111111111111,-0.3393829401088929,-0.12274782951552894,0.05555555555555555,-0.14163693776056305,0.25,0.2249537406391757,0.0836315540568891,0.1111111111111111,0,0.3333333333333333,-1.3723900433022265,-0.030311539256362482,0,1
-0.017208614446706,-2.814764228080276,-0.6723250948433083,0.3333333333333333,0.083631554056889,0.1111111111111111,0.1111111111111111,-4.321258080645877,0.8067914287832527,-0.08150086674119539,0.1111111111111111,-0.3393829401088929,-2.2159780465851675,0.05555555555555555,-0.14163693776056305,0.25,0.2249537406391757,0.0836315540568891,0.1111111111111111,0,0.0,-1.3723900433022265,0.34005571575835053,0,1
-0.0171865699422681,-0.5216523618819418,-0.6600225214204046,0.3333333333333333,1.18463381129414,0.1111111111111111,0.1111111111111111,-4.321258080645877,1.489456584280455,-0.07190417545944684,0.3333333333333333,-0.3484573502722323,-2.2159780465851675,0.16666666666666666,-0.6356929704334401,0.25,2.0079889959270663,1.18463381129414,0.3333333333333333,0,0.1111111111111111,-1.666848273078999,0.40037018956560505,0,1
-0.0172550081868784,0.279245976012492,0.26598722540263064,0.1111111111111111,-0.4668695745617363,0.1111111111111111,0.1111111111111111,0.5185005985703939,0.5705442458317627,-0.10169757395654465,0.1111111111111111,0.3702359346642468,-0.04332596586582715,0.0,0.3695268902996087,0.0,-0.2844958199592799,-0.4668695745617363,0.1111111111111111,0,0.1111111111111111,0.5191192900072952,0.47947282467989183,1,0
-0.0172376630972551,0.024821756018813496,0.04628596325367802,0.1111111111111111,0.083631554056889,0.1111111111111111,0.1111111111111111,0.24694041997229824,0.992511966593326,-0.09414669111237746,0.1111111111111111,-0.17422867513611615,0.08711210020847432,0.05555555555555555,0.035666533899452305,0.25,-0.1316573856684801,0.0836315540568891,0.3333333333333333,0,0.1111111111111111,-0.2847917733012345,0.5390376728716304,0,1
-0.0168338491151828,-0.08581315579848388,-0.34767296623746236,0.1111111111111111,-0.4668695745617363,0.1111111111111111,0.1111111111111111,-0.1653565554017613,-0.7233262035415032,0.08164669685506282,0.1111111111111111,-0.20871143375680581,-2.2159780465851675,0.0,-0.08274428171137979,0.0,-0.2844958199592799,-0.4668695745617363,0.1111111111111111,0,0.1111111111111111,-0.3945035917891138,-0.20902154212594073,1,0
-0.0169681863822085,-0.24121687466756697,-0.21712678200650634,0.3333333333333333,2.8361371971500167,0.3333333333333333,0.3333333333333333,-0.12870809558806698,1.4124421068459545,0.023165306043544547,0.3333333333333333,-0.3484573502722323,-2.0059667392554097,0.3333333333333333,0.27420455867901933,0.25,4.300473811813412,2.836137197150016,0.3333333333333333,0,0.3333333333333333,-1.666848273078999,0.2593759471248869,0,1
-0.0172244820442635,-0.036834185627342315,-0.9162654834883864,0.4444444444444444,3.386638325768641,0.3333333333333333,0.3333333333333333,-4.321258080645877,1.031716549074661,-0.08840854913301227,0.5555555555555556,-0.3484573502722323,0.08711210020847432,0.38888888888888884,-3.0949063951708156,0.5,5.064635417108861,3.386638325768641,0.2222222222222222,1,0.3333333333333333,-1.666848273078999,-4.755088530712135,0,1
-0.0163429840718114,0.12146048930009692,-1.229513453999372,0.3333333333333333,1.7351349399127654,0.0,0.1111111111111111,-4.321258080645877,-0.9275279098857588,0.29533624907462647,0.4444444444444444,-0.3393829401088929,-2.2159780465851675,0.2222222222222222,-3.0949063951708156,0.375,1.7533024224345426,1.7351349399127651,0.0,1,0.4444444444444444,-1.3723900433022265,-4.755088530712135,0,1
-0.0122126754141925,0.3269258323572767,-0.20071712469831768,0.0,-0.4668695745617363,0.0,0.0,-1.0783601797073346,-1.0260696551111304,2.0933942275228086,0.0,-0.13611615245009073,0.37605553958308885,0.0,-0.2830053392278421,0.0,-0.2844958199592799,-0.4668695745617363,0.0,0,0.1111111111111111,-0.1828566844305228,-1.0294429467960269,1,0
-0.0172234316151691,0.0066092462506179735,-0.038099630759097246,0.1111111111111111,-0.4668695745617363,0.1111111111111111,0.1111111111111111,0.2283146734498298,1.6852421609868224,-0.08795126311142912,0.1111111111111111,-0.29038112522686027,0.08711210020847432,0.0,0.09176509048930673,0.0,-0.2844958199592799,-0.4668695745617363,0.0,0,0.1111111111111111,-0.7891132362483021,0.10832488669182568,1,0
-0.0173918084564822,-2.814764228080276,-4.959556673683751,0.0,-0.4668695745617363,0.0,0.0,-4.321258080645877,-1.06385683154724,-0.16125119006736108,0.0,1.867513611615245,-2.2159780465851675,0.0,-3.0949063951708156,0.0,-0.2844958199592799,-0.4668695745617363,0.0,0,0.0,1.285678693674575,-4.755088530712135,1,0
0.0232733365279396,-2.814764228080276,0.5247249394918436,0.0,-0.4668695745617363,0.0,0.0,-0.30934961475356243,-1.0605587526799287,17.541611826989314,0.0,4.181488203266787,0.8936810781693012,0.0,-3.0949063951708156,0.0,-0.2844958199592799,-0.4668695745617363,0.0,0,0.0,1.8373853869087895,0.06350324977806551,1,0
-0.0173918084564822,-2.814764228080276,-4.959556673683751,0.0,-0.1916190102524236,0.0,0.0,-4.321258080645877,-1.0639749573252306,-0.16125119006736108,0.0,0.6896551724137931,-2.2159780465851675,0.027777777777777776,-3.0949063951708156,0.125,-0.2526542937416511,-0.1916190102524235,0.2222222222222222,0,0.0,0.7564222381735122,-4.755088530712135,0,1
-0.0171413131767022,0.04813912467843712,-0.04741878676783752,0.1111111111111111,0.6341326826755145,0.3333333333333333,0.1111111111111111,-0.016363129699309777,1.1214543607908734,-0.05220243034785631,0.1111111111111111,-0.3103448275862069,-0.23068432219458748,0.1111111111111111,0.4210635018189429,0.25,0.3268518037888158,0.6341326826755145,0.1111111111111111,0,0.3333333333333333,-0.9531238224996238,-0.03812615681295396,0,1
-0.016904474753283,-0.8941860934615711,-0.7359477054411597,0.1111111111111111,-0.4668695745617363,0.1111111111111111,0.1111111111111111,-0.3083749650301767,0.8453452794562828,0.05090105467772802,0.1111111111111111,-0.35390199637023595,-2.2159780465851675,0.0,0.035666533899452305,0.0,-0.2844958199592799,-0.4668695745617363,0.1111111111111111,0,0.1111111111111111,-2.102083711231995,-0.37404770890140326,1,0
-0.0152857536210428,-2.814764228080276,-1.0184273191727236,0.3333333333333333,1.7351349399127654,0.3333333333333333,0.0,-4.321258080645877,-0.9692959667533938,0.755583122769242,0.3333333333333333,-0.3393829401088929,-2.2159780465851675,0.2222222222222222,-0.08411846216088492,0.25,1.7533024224345426,1.7351349399127651,0.0,1,0.3333333333333333,-1.3723900433022265,-1.4587318973746688,0,1
-0.0173918084564822,-2.814764228080276,-4.959556673683751,0.0,-0.4668695745617363,0.0,0.0,-4.321258080645877,-0.5947253696250367,-0.16125119006736108,0.1111111111111111,-0.3103448275862069,-2.2159780465851675,0.0,-3.0949063951708156,0.0,-0.2844958199592799,-0.4668695745617363,0.1111111111111111,0,0.0,-0.9531238224996238,-4.755088530712135,0,1
-0.0173918084564822,-2.814764228080276,-4.959556673683751,0.0,-0.1916190102524236,0.0,0.0,-4.321258080645877,-1.06385683154724,-0.16125119006736108,0.0,0.604355716878403,-2.2159780465851675,0.027777777777777776,-3.0949063951708156,0.125,-0.2512698855774418,-0.1916190102524235,0.2222222222222222,0,0.0,0.6999923241170234,-4.755088530712135,0,1
-0.0129269865639349,0.33709681825659443,0.4229389557650239,0.0,-0.4668695745617363,0.0,0.0,0.9095134808421002,-1.0104974488658238,1.7824313023865286,0.0,0.6896551724137931,0.4750608932197844,0.0,0.28140696692008493,0.0,-0.2844958199592799,-0.4668695745617363,0.0,0,0.0,0.7564222381735122,0.0017725292232603467,1,0
-0.0172065962837966,0.16441350685740708,0.04959556493989342,0.1111111111111111,-0.4668695745617363,0.1111111111111111,0.1111111111111111,0.2283146734498298,0.8476254836689021,-0.08062229464842527,0.1111111111111111,-0.20871143375680581,0.13966541508007546,0.0,0.0931994550166687,0.0,-0.2844958199592799,-0.4668695745617363,0.1111111111111111,0,0.1111111111111111,-0.3945035917891138,0.22160843477979358,1,0
-0.0169540270696857,-0.1559158946214444,-0.23586102407391143,0.1111111111111111,0.083631554056889,0.1111111111111111,0.3333333333333333,0.2596244432757714,1.2630434702521554,0.029329316281375615,0.1111111111111111,-0.3484573502722323,0.2099103637100951,0.05555555555555555,-3.0949063951708156,0.25,0.4796657853361687,0.0836315540568891,0.1111111111111111,0,0.1111111111111111,-1.666848273078999,-0.16893244176358863,0,1
-0.0165228158275932,0.645800473067211,1.707642095071026,0.1111111111111111,0.083631554056889,0.1111111111111111,0.1111111111111111,2.3243127383183952,0.1658546482299585,0.21704962449868806,0.1111111111111111,2.5480943738656987,0.5362046589376346,0.05555555555555555,0.7012486212249794,0.25,-0.2462859248152321,0.0836315540568891,0.3333333333333333,0,0.1111111111111111,1.486110633212629,1.9703344099196418,1,0
-0.0172226558840064,0.1473137579808319,-0.02472296228245234,0.3333333333333333,2.8361371971500167,0.3333333333333333,0.3333333333333333,0.025725746709283345,0.1337696168408221,-0.08761356205278985,0.3333333333333333,0.0,0.1423270626946242,0.3333333333333333,0.055750547262627216,0.25,0.3705279127646692,2.836137197150016,0.3333333333333333,0,0.3333333333333333,0.0869332819236188,0.17873957169814658,0,1
-0.0170697316065551,-0.1559158946214444,-0.7745429090747847,0.3333333333333333,1.18463381129414,0.1111111111111111,0.1111111111111111,-4.321258080645877,0.29580305626419,-0.021040639793712405,0.4444444444444444,-0.3484573502722323,-0.12274782951552894,0.16666666666666666,-0.1745754674831542,0.375,2.0079889959270663,1.18463381129414,0.2222222222222222,0,0.1111111111111111,-1.666848273078999,-4.755088530712135,0,1
-0.0172358186497117,-0.5853111543552887,-0.9357057591112297,0.1111111111111111,0.3588821183662018,0.1111111111111111,0.1111111111111111,-0.22182769720434384,1.11650334647111,-0.0933437429803439,0.3333333333333333,-0.3484573502722323,-0.46265073237434245,0.08333333333333333,-0.22368394913529244,0.25,0.861746587983893,0.3588821183662018,0.2222222222222222,0,0.1111111111111111,-1.666848273078999,-4.755088530712135,0,1
-0.0170248428350057,-2.814764228080276,-1.1411785117272466,0.3333333333333333,1.18463381129414,0.1111111111111111,0.1111111111111111,-3.53353699848514,-1.019094999439217,-0.001499094471600583,0.4444444444444444,1.2776769509981851,-2.2159780465851675,0.16666666666666666,-3.0949063951708156,0.375,-0.1316563667489812,1.18463381129414,0.2222222222222222,0,0.0,1.0629938337787594,-4.755088530712135,0,1
-0.0127673618366717,1.277642136912662,0.9557609192218925,0.0,-0.4668695745617363,0.0,0.0,0.37214481852747017,-0.9689261522141344,1.8519211488375344,0.0,1.2776769509981851,0.2924696792431278,0.0,0.8259874706690948,0.0,-0.2844958199592799,-0.4668695745617363,0.0,0,0.0,1.0629938337787594,-1.4434592250123117,1,0
-0.0172642953089925,-1.9286096701729265,0.7230027548004154,0.1111111111111111,0.9093832469848272,0.3333333333333333,0.1111111111111111,0.909456381846986,1.250244578565503,-0.10574056090941815,0.3333333333333333,1.3883847549909256,0.5096603670917289,0.1388888888888889,0.9364377302123394,0.25,-0.1612381831491223,0.9093832469848272,0.2222222222222222,1,0.1111111111111111,1.1095988810204689,-2.242063332896861,0,1
-0.0173077064614776,-0.3503356692124582,-0.7872726317033659,0.1111111111111111,0.3588821183662018,0.1111111111111111,0.1111111111111111,0.051113488221130134,1.488232871363695,-0.12463885049259095,0.3333333333333333,-0.32667876588021777,-0.4083413547755567,0.08333333333333333,-2.432073073381978,0.25,0.288639711684214,0.3588821183662018,0.2222222222222222,0,0.1111111111111111,-1.1433092459291831,-4.755088530712135,0,1
-0.0172394333902788,0.4180736184501316,0.6112672455164753,0.1111111111111111,-0.4668695745617363,0.1111111111111111,0.1111111111111111,0.6872264762950898,0.8744496902372109,-0.09491735736502349,0.1111111111111111,0.8711433756805808,0.3934026964269075,0.0,0.41471733972463376,0.0,-0.2844958199592799,-0.4668695745617363,0.1111111111111111,0,0.1111111111111111,0.8643003776574393,0.9332054033298015,1,0
-0.0172099395762779,0.46317186353556355,0.5788435013184466,0.1111111111111111,0.083631554056889,0.1111111111111111,0.1111111111111111,0.9123043261078035,0.3694602741101703,-0.08207773883397625,0.1111111111111111,1.0671506352087115,0.3646410847315479,0.05555555555555555,0.4129095728616361,0.25,-0.2299103139521075,0.0836315540568891,0.3333333333333333,0,0.1111111111111111,0.9662521913648202,0.5390376728716304,1,0
-0.0156263978830821,-2.814764228080276,-1.8458224738131266,0.3333333333333333,0.6341326826755145,0.0,0.3333333333333333,-4.321258080645877,-1.017789889523535,0.607289572832599,0.0,-0.3484573502722323,-2.2159780465851675,0.1111111111111111,-3.0949063951708156,0.25,1.2438273906316173,0.6341326826755145,0.0,1,0.0,-1.666848273078999,-0.615098193054528,1,0
-0.0172573932481333,0.2618564627350407,0.24700799113628796,0.1111111111111111,-0.4668695745617363,0.1111111111111111,0.1111111111111111,0.267277961621927,1.2428323705171571,-0.10273586885750913,0.1111111111111111,0.0,0.08238148261677267,0.0,0.1824777419646759,0.0,-0.2844958199592799,-0.4668695745617363,0.1111111111111111,0,0.1111111111111111,0.0869332819236188,0.5690028708921326,1,0
-0.0119130567948908,0.4698093810227574,0.13163397614298147,0.3333333333333333,0.9093832469848272,0.0,0.3333333333333333,-4.321258080645877,-1.012986598934844,2.223827978020648,0.0,-0.04900181488203267,0.1534764827786302,0.1388888888888889,-3.0949063951708156,0.25,0.0094249242564235,0.9093832469848272,0.2222222222222222,1,0.0,0.0021753538983214,0.7203629688207484,0,1
-0.0172236880897992,-2.814764228080276,-0.6025271839036824,0.3333333333333333,2.010385504222078,0.3333333333333333,0.3333333333333333,-4.321258080645877,1.210187070016561,-0.08806291487725085,0.3333333333333333,-0.3393829401088929,-0.12274782951552894,0.25,-0.007702430750156923,0.25,2.0080272027337704,2.0103855042220777,0.2222222222222222,0,0.1111111111111111,-1.3723900433022265,-0.13127304604343448,0,1
-0.0172531788890472,0.11065092629307056,-0.1046257145757392,0.1111111111111111,0.3588821183662018,0.1111111111111111,0.1111111111111111,0.2283146734498298,0.2255395731270373,-0.10090122098804834,0.3333333333333333,0.0,0.2099103637100951,0.08333333333333333,0.035666533899452305,0.25,-0.1207398867782926,0.3588821183662018,0.2222222222222222,0,0.1111111111111111,0.0869332819236188,-4.755088530712135,0,1
-0.0170542310724747,0.22609692276855597,-0.3247400746497875,0.1111111111111111,1.4598843756034523,0.3333333333333333,0.3333333333333333,0.28245467238384553,1.561486382347263,-0.014292752097198687,0.1111111111111111,-0.3484573502722323,-0.3324566083412547,0.19444444444444442,-3.0949063951708156,0.375,2.3900697985747907,1.4598843756034523,0.1111111111111111,1,0.4444444444444444,-1.666848273078999,-0.030311539256362482,0,1
-0.0172480029865311,0.40594437048331755,0.55363017166569,0.1111111111111111,-0.4668695745617363,0.1111111111111111,0.1111111111111111,0.74953773574522,1.806169396784619,-0.09864798192379416,0.1111111111111111,0.16878402903811252,0.3731241866901478,0.0,0.45758409450704685,0.0,-0.2844958199592799,-0.4668695745617363,0.1111111111111111,0,0.1111111111111111,0.3170934418812415,0.7367631246087435,1,0
-0.0125180436090113,0.7494730847677677,0.4086911161532937,0.0,-0.4668695745617363,0.0,0.0,0.9546615093597276,-1.0256139728063918,1.9604574994055426,0.0,1.2776769509981851,0.24567505002139667,0.0,-0.12519211703339067,0.0,-0.2844958199592799,-0.4668695745617363,0.0,0,0.0,1.0629938337787594,-0.6087637026320231,1,0
-0.017057846762016,0.0,-0.9890796363846278,0.3333333333333333,2.8361371971500167,0.3333333333333333,0.3333333333333333,-0.1653565554017613,-0.7516385529260147,-0.01586677960125524,0.3333333333333333,-0.29038112522686027,-2.2159780465851675,0.3333333333333333,-3.0949063951708156,0.375,1.243878333889583,2.836137197150016,0.2222222222222222,1,0.4444444444444444,-0.7891132362483021,-4.755088530712135,0,1
-0.0171141014318399,-0.23080203890880788,-0.4025813998547999,0.1111111111111111,0.083631554056889,0.1111111111111111,0.1111111111111111,-0.22982797188762447,1.7610389255648176,-0.04035627089270178,0.1111111111111111,-0.3484573502722323,0.038787759028723966,0.05555555555555555,-0.05387311102040606,0.25,0.4796657853361687,0.0836315540568891,0.3333333333333333,0,0.1111111111111111,-1.666848273078999,-0.28607382165742257,0,1
-0.0170871739680937,-0.1559158946214444,-0.16331128040379309,0.1111111111111111,-0.4668695745617363,0.1111111111111111,0.1111111111111111,0.2283146734498298,-0.2312858798137443,-0.028633868273008487,0.1111111111111111,-0.20871143375680581,-0.11973605251277752,0.0,0.035666533899452305,0.0,-0.2844958199592799,-0.4668695745617363,0.0,0,0.1111111111111111,-0.3945035917891138,0.22160843477979358,1,0
-0.0171910777341833,-0.036834185627342315,-0.38650026445238544,0.3333333333333333,2.8361371971500167,0.3333333333333333,0.3333333333333333,-4.321258080645877,1.6081333342980575,-0.07386656420330713,0.3333333333333333,-0.3393829401088929,-0.08282033768770716,0.3333333333333333,0.29026411470786373,0.25,2.7722015436314544,2.836137197150016,0.3333333333333333,1,0.3333333333333333,-1.3723900433022265,-0.20902154212594073,0,1
-0.0164725396605058,-2.814764228080276,-0.8509095267968866,0.3333333333333333,1.4598843756034523,0.1111111111111111,0.3333333333333333,0.2179970009128655,-0.998836997937412,0.2389364786907097,0.3333333333333333,-0.04900181488203267,-2.2159780465851675,0.19444444444444442,-3.0949063951708156,0.25,0.126993221942705,1.4598843756034523,0.2222222222222222,0,0.0,0.0021753538983214,-4.755088530712135,0,1
-0.0114890374327029,0.36290777827262977,0.8146742834102548,0.0,-0.4668695745617363,0.0,0.0,-4.321258080645877,-0.989319465635038,2.4084174265094673,0.0,0.6896551724137931,0.7308378670628591,0.0,-3.0949063951708156,0.0,-0.2844958199592799,-0.4668695745617363,0.1111111111111111,0,0.0,0.7564222381735122,-0.6127151876063274,1,0
-0.016996017764844,-0.1559158946214444,-0.31727518303655,0.1111111111111111,0.083631554056889,0.1111111111111111,0.3333333333333333,0.2283146734498298,1.2016917531057143,0.011049398069751819,0.1111111111111111,-0.3484573502722323,-2.2159780465851675,0.05555555555555555,-0.1745754674831542,0.25,0.4796657853361687,0.0836315540568891,0.1111111111111111,0,0.0,-1.666848273078999,-0.030311539256362482,0,1
-0.017245704706387,-0.1559158946214444,-0.5470119890825117,0.3333333333333333,1.4598843756034523,0.1111111111111111,0.1111111111111111,-0.39556095327027846,0.6489303802394286,-0.09764746566888508,0.3333333333333333,-0.3103448275862069,-0.12274782951552894,0.19444444444444442,-0.24959447327614714,0.375,0.7853625215998877,1.4598843756034523,0.4444444444444444,0,0.1111111111111111,-0.9531238224996238,-0.4608380511121482,0,1
-0.0172320138255073,-0.06250049679426582,-0.21884206618315458,0.3333333333333333,1.7351349399127654,0.1111111111111111,0.3333333333333333,-0.1653565554017613,1.5550825010137426,-0.09168737899297066,0.3333333333333333,-0.3103448275862069,0.06869659355823295,0.2222222222222222,-3.0949063951708156,0.25,0.9381994275369115,1.7351349399127651,0.3333333333333333,0,0.1111111111111111,-0.9531238224996238,0.40037018956560505,0,1
-0.0172378911681947,0.32703546119567983,0.3513466761566703,0.1111111111111111,-0.4668695745617363,0.1111111111111111,0.1111111111111111,0.5185005985703939,1.3081557313321213,-0.09424597782589966,0.1111111111111111,0.0,0.2566008635923135,0.0,0.2660513215595181,0.0,-0.2844958199592799,-0.4668695745617363,0.0,0,0.1111111111111111,0.0869332819236188,0.5982679880337806,1,0
0.0001094478772241,-2.814764228080276,-1.743895121346753,0.0,-0.1916190102524236,0.0,0.0,-4.321258080645877,-1.0631291785739412,7.457616113140036,0.0,0.05263157894736842,-0.23723790729556588,0.027777777777777776,-3.0949063951708156,0.125,-0.2335495053763295,-0.1916190102524235,0.2222222222222222,0,0.0,0.1673597344439074,-1.3695790839791666,0,1
-0.0166656777061472,-2.814764228080276,-0.4486488243916541,0.3333333333333333,2.010385504222078,0.3333333333333333,0.3333333333333333,-0.0019843095974738842,0.9463095187835416,0.15485719244490304,0.3333333333333333,-0.35390199637023595,-0.12274782951552894,0.25,-0.24959447327614714,0.25,6.592614789361209,2.0103855042220777,0.2222222222222222,0,0.1111111111111111,-2.102083711231995,-0.4608380511121482,0,1
-0.0171040605118732,-0.2494622872077862,-0.3527521849831152,0.3333333333333333,1.4598843756034523,0.1111111111111111,0.3333333333333333,0.4395165742978265,0.1152654650607047,-0.03598513116598639,0.3333333333333333,-0.3103448275862069,-2.2159780465851675,0.19444444444444442,-3.0949063951708156,0.25,0.7853625215998877,1.4598843756034523,0.2222222222222222,0,0.1111111111111111,-0.9531238224996238,-4.755088530712135,0,1
-0.0172774912265295,-0.8915769171312117,-1.0691049351310837,0.1111111111111111,-0.4668695745617363,0.1111111111111111,0.1111111111111111,-0.3624834886653531,-0.4604990106866641,-0.11148517390988409,0.1111111111111111,-0.2395644283121597,-1.013049983641489,0.0,-1.0178146368531618,0.0,-0.2844958199592799,-0.4668695745617363,0.1111111111111111,0,0.1111111111111111,-0.5135592262370264,-0.3982748019753403,1,0
-0.0139687340193119,1.0353521131473575,1.277295685317352,0.0,-0.4668695745617363,0.0,0.0,0.7214660057350253,-0.8819887955841643,1.3289246812255704,0.0,1.867513611615245,-2.2159780465851675,0.0,0.6962710026910968,0.0,-0.2844958199592799,-0.4668695745617363,0.0,0,0.0,1.285678693674575,2.0875472357372917,1,0
-0.0172545720374094,0.522002037249833,0.29181079335349996,0.3333333333333333,1.4598843756034523,0.1111111111111111,0.1111111111111111,-3.53353699848514,0.8210840899586986,-0.10150770387720978,0.3333333333333333,0.2323049001814882,0.19490561452193667,0.19444444444444442,0.48818926549736036,0.25,0.0126913453136904,1.4598843756034523,0.2222222222222222,0,0.3333333333333333,0.3871513198050401,0.8025952026257733,0,1
-0.0152523969149782,-2.814764228080276,0.3207435113813527,0.0,-0.4668695745617363,0.1111111111111111,0.0,0.15029847100966268,-0.9879459933308298,0.7701043841194021,0.0,1.2776769509981851,-0.15195825492427287,0.0,0.705276940488791,0.0,-0.2844958199592799,-0.4668695745617363,0.1111111111111111,0,0.1111111111111111,1.0629938337787594,0.9489569364362115,1,0
-0.0162153607439769,-0.03290422552211565,-0.6716784522288508,0.1111111111111111,-0.4668695745617363,0.0,0.1111111111111111,-0.39556095327027846,-0.8889011493695815,0.3508948433278132,0.1111111111111111,-0.3103448275862069,-0.41382889391622835,0.0,-1.5655033099948652,0.0,-0.2844958199592799,-0.4668695745617363,0.1111111111111111,0,0.0,-0.9531238224996238,-0.4270029506746744,1,0
-0.0157807320558553,-0.6196519377212747,0.7352878298046513,0.1111111111111111,-0.4668695745617363,0.1111111111111111,0.1111111111111111,-0.33224075732721814,0.0937480140334536,0.5401028771869556,0.1111111111111111,-0.3103448275862069,0.996185841962847,0.0,-0.7655342516339094,0.0,-0.2844958199592799,-0.4668695745617363,0.1111111111111111,0,0.1111111111111111,-0.9531238224996238,-0.13237025108220357,1,0
-0.0167398984825818,0.0,0.5789347204304944,0.1111111111111111,-0.4668695745617363,0.1111111111111111,0.1111111111111111,0.2343415979606729,1.175668509470425,0.12254646937372166,0.1111111111111111,-0.3103448275862069,0.826961672637643,0.0,-0.039050743697440014,0.0,-0.2844958199592799,-0.4668695745617363,0.1111111111111111,0,0.1111111111111111,-0.9531238224996238,0.40037018956560505,1,0
-0.0131092512332994,-2.814764228080276,-0.2571171906881249,0.0,0.083631554056889,0.0,0.0,0.7858077602139786,-0.9871626600968876,1.7030855512317002,0.0,-0.29038112522686027,-2.2159780465851675,0.05555555555555555,-0.40103879780178425,0.25,-0.0297667943178028,0.0836315540568891,0.3333333333333333,0,0.0,-0.7891132362483021,-0.8174310762549218,0,1
-0.0171926784534162,0.32593776497342714,0.31997779568438117,0.1111111111111111,-0.4668695745617363,0.1111111111111111,0.1111111111111111,0.24694041997229824,1.3799055582432165,-0.07456340945785304,0.1111111111111111,-0.17422867513611615,0.4708659804094014,0.0,0.21608506281759368,0.0,-0.2844958199592799,-0.4668695745617363,0.1111111111111111,0,0.1111111111111111,-0.2847917733012345,0.22881568043253547,1,0
-0.0168018522807411,-0.16329099541092987,0.6442522405602897,0.1111111111111111,-0.4668695745617363,0.1111111111111111,0.1111111111111111,0.12475366753727371,1.220509659295572,0.09557596176528813,0.1111111111111111,-0.29038112522686027,-0.10539621424898428,0.0,1.1642656125329833,0.0,-0.2844958199592799,-0.4668695745617363,0.1111111111111111,0,0.1111111111111111,-0.7891132362483021,0.028901835413208687,1,0
-0.0171988416593815,-0.05800275918230424,-0.24826313911067902,0.1111111111111111,0.083631554056889,0.1111111111111111,0.3333333333333333,0.3558284982603188,1.524921973654528,-0.07724645389285523,0.1111111111111111,-0.32667876588021777,-0.03437695592571335,0.05555555555555555,-3.0949063951708156,0.25,0.097594534469716,0.0836315540568891,0.1111111111111111,0,0.1111111111111111,-1.1433092459291831,-0.07506176388070086,0,1
-0.0129172467772821,-0.33046792715064255,-0.9285152107260175,0.0,-0.4668695745617363,0.0,0.0,-0.7601053149177806,-1.05481258161528,1.7866713489668802,0.0,0.16878402903811252,-0.31712738771976656,0.0,-0.5138131291225126,0.0,-0.2844958199592799,-0.4668695745617363,0.0,0,0.0,0.3170934418812415,-1.1562432923224801,1,0
-0.0173918084564822,-2.814764228080276,-4.959556673683751,0.0,-0.4668695745617363,0.0,0.0,-4.321258080645877,-1.06385683154724,-0.16125119006736108,0.0,1.2776769509981851,-2.2159780465851675,0.0,-3.0949063951708156,0.0,-0.2844958199592799,-0.4668695745617363,0.0,0,0.0,1.0629938337787594,-4.755088530712135,1,0
-0.012978282022982,-0.1720109820062911,-1.7147818452945007,0.0,-0.1916190102524236,0.0,0.0,-4.321258080645877,-1.0606201948630989,1.7601007171825391,0.0,0.0,-2.2159780465851675,0.027777777777777776,-3.0949063951708156,0.125,-0.2299105088989508,-0.1916190102524235,0.2222222222222222,0,0.0,0.0869332819236188,-4.755088530712135,0,1
-0.0173918084564822,-2.814764228080276,-4.959556673683751,0.0,-0.1916190102524236,0.0,0.0,-4.321258080645877,-1.06385683154724,-0.16125119006736108,0.0,1.0671506352087115,-2.2159780465851675,0.027777777777777776,-3.0949063951708156,0.125,-0.2572030669556937,-0.1916190102524235,0.2222222222222222,0,0.0,0.9662521913648202,-4.755088530712135,0,1
-0.013513209555337,1.025714672880587,1.6734918974641009,0.0,-0.4668695745617363,0.0,0.0,1.2533299369474062,-0.8549211727823951,1.5272293273728852,0.0,4.181488203266787,0.7423743439349528,0.0,1.1129015253538963,0.0,-0.2844958199592799,-0.4668695745617363,0.0,0,0.0,1.8373853869087895,2.275263052681938,1,0
-0.0140187079239723,-0.5176949796124348,-0.977708021050542,0.0,-0.4668695745617363,0.0,0.0,-0.4294771896176032,-1.0260949807326172,1.307169411719725,0.0,-0.3103448275862069,-2.2159780465851675,0.0,-0.6367449288562597,0.0,-0.2844958199592799,-0.4668695745617363,0.0,0,0.0,-0.9531238224996238,-0.4979384206707371,1,0
-0.0105938476852247,-0.3884842793573488,-0.6125818015076013,0.0,-0.4668695745617363,0.0,0.0,-0.7389400879080306,-1.0546299085926305,2.7981227006441496,0.0,0.2323049001814882,0.11939764785330913,0.0,-0.49847275242343,0.0,-0.2844958199592799,-0.4668695745617363,0.0,0,0.0,0.3871513198050401,-1.1562432923224801,1,0
-0.017232756882937,0.6440248573130932,0.3352272401706071,0.3333333333333333,1.7351349399127654,0.1111111111111111,0.1111111111111111,-4.321258080645877,1.3465329685737204,-0.09201085611071429,0.3333333333333333,-0.04900181488203267,-2.2159780465851675,0.2222222222222222,0.4445229633143182,0.25,0.1857773707858456,1.7351349399127651,0.3333333333333333,0,0.3333333333333333,0.0021753538983214,0.5982679880337806,0,1
-0.0169672778339724,0.6440248573130932,0.24979335418176032,0.1111111111111111,1.18463381129414,0.3333333333333333,0.3333333333333333,0.6220805347583526,-0.1302640072514804,0.023560826703133614,0.1111111111111111,-0.13611615245009073,0.3646410847315479,0.16666666666666666,-3.0949063951708156,0.25,0.132336652495905,1.18463381129414,0.1111111111111111,0,0.3333333333333333,-0.1828566844305228,-0.06021866418161306,0,1
-0.0171527106842591,0.4716957294449974,0.4170663974846906,0.1111111111111111,-0.4668695745617363,0.1111111111111111,0.1111111111111111,0.23227704502268062,0.6286375282960425,-0.05716413686810217,0.1111111111111111,0.0,0.3646410847315479,0.0,0.41389661107793185,0.0,-0.2844958199592799,-0.4668695745617363,0.1111111111111111,0,0.1111111111111111,0.0869332819236188,0.6546164590754115,1,0
-0.0172136052238177,0.46317186353556355,0.1549429516705041,0.1111111111111111,0.6341326826755145,0.1111111111111111,0.1111111111111111,0.2283146734498298,0.8531991271981078,-0.0836735146831041,0.1111111111111111,-0.13611615245009073,0.2099103637100951,0.1111111111111111,0.03976245526432064,0.25,-0.0066075049891565,0.6341326826755145,0.3333333333333333,0,0.3333333333333333,-0.1828566844305228,0.5390376728716304,0,1
-0.0131939233237199,-2.814764228080276,-0.08467242917245217,0.0,-0.4668695745617363,0.0,0.0,-4.321258080645877,-1.0426479438681866,1.666225030541152,0.0,1.1705989110707804,-2.2159780465851675,0.0,0.28803974257836246,0.0,-0.2844958199592799,-0.4668695745617363,0.0,0,0.0,1.0152348983243975,0.7238809297662347,1,0
-0.0172014916102165,0.7337596094023352,0.5816652532436228,0.1111111111111111,-0.4668695745617363,0.1111111111111111,0.1111111111111111,0.5192953922949266,1.504219511995609,-0.07840006386161516,0.1111111111111111,0.05263157894736842,0.2981814659351698,0.0,0.41422509883103326,0.0,-0.2844958199592799,-0.4668695745617363,0.1111111111111111,0,0.1111111111111111,0.1673597344439074,0.6533768379371412,1,0
-0.0170597607948996,-0.08581315579848388,-0.4959386864251129,0.3333333333333333,1.4598843756034523,0.1111111111111111,0.3333333333333333,-0.45536590484554895,0.2968651930353588,-0.01670002049984901,0.3333333333333333,-0.3393829401088929,-0.06755808087248778,0.19444444444444442,-0.24959447327614714,0.25,1.498577642135315,1.4598843756034523,0.2222222222222222,0,0.1111111111111111,-1.3723900433022265,-0.4608380511121482,0,1
-0.0173918084564822,-2.814764228080276,-4.959556673683751,0.0,-0.1916190102524236,0.0,0.0,-4.321258080645877,-1.06385683154724,-0.16125119006736108,0.0,0.6896551724137931,-2.2159780465851675,0.027777777777777776,-3.0949063951708156,0.125,-0.2526542937416511,-0.1916190102524235,0.2222222222222222,0,0.0,0.7564222381735122,-4.755088530712135,0,1
-0.0170991769666121,-0.2930182359400527,-0.6012524710768189,0.1111111111111111,-0.4668695745617363,0.1111111111111111,0.1111111111111111,-0.24661117247792613,-0.2783989947079506,-0.03385916474367428,0.1111111111111111,-0.3103448275862069,-0.1902807091387112,0.0,-0.5257054327314836,0.0,-0.2844958199592799,-0.4668695745617363,0.1111111111111111,0,0.1111111111111111,-0.9531238224996238,-0.16893244176358863,1,0
-0.0171942774932338,0.26663088282169384,0.3114937718723293,0.1111111111111111,0.3588821183662018,0.1111111111111111,0.1111111111111111,0.39173422957051773,1.146171091370536,-0.07525952360818904,0.3333333333333333,-0.13611615245009073,0.2099103637100951,0.08333333333333333,0.20258527999812884,0.25,-0.0760795837316874,0.3588821183662018,0.2222222222222222,0,0.1111111111111111,-0.1828566844305228,-2.683901859159231,0,1
-0.0156262845025435,-2.814764228080276,-0.26438551773911095,0.0,-0.4668695745617363,0.0,0.0,-0.17413086532171282,-1.0270708586156785,0.6073389310764915,0.0,1.2776769509981851,-2.2159780465851675,0.0,-3.0949063951708156,0.0,-0.2844958199592799,-0.4668695745617363,0.0,0,0.0,1.0629938337787594,0.7039951087279734,1,0
-0.0169400124172512,-2.814764228080276,-0.6367178551482016,0.1111111111111111,0.083631554056889,0.3333333333333333,0.1111111111111111,-0.0019843095974738842,1.3421346928985505,0.03543035126781272,0.1111111111111111,-0.35390199637023595,-0.12274782951552894,0.05555555555555555,-0.3635728443336303,0.25,1.24375098211194,0.0836315540568891,0.1111111111111111,0,0.1111111111111111,-2.102083711231995,-0.37838297664572135,0,1
-0.0159206329786488,-2.814764228080276,-1.4305114585347385,0.3333333333333333,3.937139454387268,0.4444444444444444,0.4444444444444444,-4.321258080645877,-1.0425943155397204,0.47919944568260564,0.3333333333333333,-0.17422867513611615,0.0,0.4444444444444444,-3.0949063951708156,0.375,0.9382116543671184,3.937139454387266,0.4444444444444444,1,0.4444444444444444,-0.2847917733012345,-4.755088530712135,0,1
-0.014421889882693,-2.814764228080276,-0.3599316424440409,0.0,-0.4668695745617363,0.0,0.0,-1.4268840335678892,-1.0392990003421532,1.1316511641168618,0.0,0.604355716878403,-2.2159780465851675,0.0,-3.0949063951708156,0.0,-0.2844958199592799,-0.4668695745617363,0.0,0,0.0,0.6999923241170234,0.8218943406641512,1,0
-0.0149101153984798,-2.814764228080276,0.7729840656101136,0.0,-0.4668695745617363,0.0,0.0,0.5076027250779127,-0.9392930689025504,0.9191106842854011,0.0,1.5027223230490019,0.8087334132390483,0.0,0.8886048958781186,0.0,-0.2844958199592799,-0.4668695745617363,0.0,0,0.0,1.155113830650042,0.5390376728716304,1,0
-0.0170174587564977,-0.1559158946214444,-0.10889575458733036,0.1111111111111111,-0.4668695745617363,0.1111111111111111,0.1111111111111111,0.7288112355987177,0.2641866379805339,0.0017154355733604327,0.1111111111111111,-0.3103448275862069,-0.2545039372155247,0.0,-0.3439702563077817,0.0,-0.2844958199592799,-0.4668695745617363,0.1111111111111111,0,0.1111111111111111,-0.9531238224996238,-0.18267144586650955,1,0
-0.0172269589732203,0.2627642859840613,0.13038330356138828,0.3333333333333333,2.8361371971500167,0.3333333333333333,0.3333333333333333,0.315879223095951,0.6235003518724286,-0.08948683703886708,0.3333333333333333,-0.04900181488203267,0.2870397440995608,0.3333333333333333,0.15920869535828097,0.25,0.4209139661584085,2.836137197150016,0.3333333333333333,1,0.3333333333333333,0.0021753538983214,0.4453114508986312,0,1
-0.0173918084564822,-2.814764228080276,-4.959556673683751,0.0,-0.4668695745617363,0.0,0.0,-4.321258080645877,-0.8134541790275993,-0.16125119006736108,0.1111111111111111,-0.35390199637023595,-2.2159780465851675,0.0,-3.0949063951708156,0.0,-0.2844958199592799,-0.4668695745617363,0.1111111111111111,0,0.0,-2.102083711231995,-4.755088530712135,0,1
-0.0172390878851697,0.4474646423331391,-0.16599951635743534,0.3333333333333333,2.8361371971500167,0.3333333333333333,0.3333333333333333,0.45864520240061574,-0.691756466938154,-0.09476694772991069,0.3333333333333333,2.5480943738656987,-2.2159780465851675,0.3333333333333333,-3.0949063951708156,0.25,-0.055236449094993,2.836137197150016,0.3333333333333333,1,0.3333333333333333,1.486110633212629,-4.755088530712135,0,1
-0.017243246116791,0.7301233057285806,0.38998725329867057,0.3333333333333333,2.010385504222078,0.1111111111111111,0.1111111111111111,-3.3031433514393806,0.9667828471913116,-0.09657716148456398,0.3333333333333333,0.2323049001814882,0.3648833252174604,0.25,0.4135678611114689,0.375,0.0976019639631105,2.0103855042220777,0.4444444444444444,0,0.3333333333333333,0.3871513198050401,0.6529630808953615,0,1
-0.0173918084564822,-2.814764228080276,-4.959556673683751,0.0,0.6341326826755145,0.0,0.0,-4.321258080645877,-1.0628068225900904,-0.16125119006736108,0.3333333333333333,3.319419237749546,-2.2159780465851675,0.1111111111111111,-3.0949063951708156,0.25,-0.2165670986119306,0.6341326826755145,0.3333333333333333,1,0.0,1.668921836399024,-4.755088530712135,0,1
-0.0168484040064599,-0.6183712309333453,-0.870194131447729,0.1111111111111111,-0.4668695745617363,0.1111111111111111,0.1111111111111111,-0.27481538699024083,0.3233266176280738,0.07531047829231283,0.1111111111111111,-0.35390199637023595,-0.4868248142128441,0.0,-0.5346500221847261,0.0,-0.2844958199592799,-0.4668695745617363,0.1111111111111111,0,0.1111111111111111,-2.102083711231995,-0.4170856775217376,1,0
-0.0112432347763971,-0.2930182359400527,-1.0251362974131648,0.0,-0.1916190102524236,0.0,0.0,-4.321258080645877,-1.0558439996601905,2.5154233342832373,0.0,-0.09437386569872959,-2.2159780465851675,0.027777777777777776,-0.9107853542097065,0.125,-0.2208130328678629,-0.1916190102524235,0.2222222222222222,0,0.0,-0.0875094222424097,-4.755088530712135,1,0
-0.0173918084564822,-2.814764228080276,-4.959556673683751,0.0,-0.4668695745617363,0.0,0.0,-4.321258080645877,-0.8438628658404296,-0.16125119006736108,0.1111111111111111,-0.3103448275862069,-2.2159780465851675,0.0,-3.0949063951708156,0.0,-0.2844958199592799,-0.4668695745617363,0.1111111111111111,0,0.0,-0.9531238224996238,-4.755088530712135,0,1
-0.0171970402894492,-0.08581315579848388,-0.3473617143522859,0.1111111111111111,0.083631554056889,0.1111111111111111,0.3333333333333333,0.2283146734498298,0.1910042352587652,-0.07646225884901334,0.1111111111111111,-0.26678765880217786,-0.04332596586582715,0.05555555555555555,-3.0949063951708156,0.25,-0.0661561352760001,0.0836315540568891,0.1111111111111111,0,0.1111111111111111,-0.6440902286753902,-0.20736733890590472,1,0
-0.0164405257727726,0.46317186353556355,0.39657424793411206,0.1111111111111111,0.083631554056889,0.1111111111111111,0.3333333333333333,0.5185005985703939,-0.7754836975948951,0.2528731674545344,0.1111111111111111,0.3702359346642468,0.36789510222021155,0.05555555555555555,-3.0949063951708156,0.25,-0.2080762207197047,0.0836315540568891,0.0,0,0.1111111111111111,0.5191192900072952,0.6728198708365175,1,0
-0.0172196094528623,0.5339666389981785,0.5294141462500871,0.1111111111111111,0.083631554056889,0.1111111111111111,0.1111111111111111,0.7430698044836175,1.387971474197936,-0.08628735128297103,0.1111111111111111,0.1088929219600726,0.2970476903638747,0.05555555555555555,0.34608893549608294,0.25,-0.1889714403146885,0.0836315540568891,0.1111111111111111,0,0.3333333333333333,0.2439439807007004,0.6213367963458261,1,0
-0.0172435355775275,0.7420136197116647,1.0527575293691116,0.1111111111111111,-0.4668695745617363,0.1111111111111111,0.1111111111111111,1.1893456170118306,1.4579035483619796,-0.09670317317760695,0.1111111111111111,2.695099818511797,0.45505767003463465,0.0,0.905157561465155,0.0,-0.2844958199592799,-0.4668695745617363,0.1111111111111111,0,0.1111111111111111,1.5239621819167464,1.2267678143048992,1,0
-0.0130634371212283,-2.814764228080276,-0.5207608068698375,0.0,-0.4668695745617363,0.0,0.0,0.5233654342442879,-1.0554895773184194,1.7230299274426588,0.0,1.9963702359346642,-0.5944599119420386,0.0,-0.7016373799451388,0.0,-0.2844958199592799,-0.4668695745617363,0.0,0,0.0,1.3273719327921307,-1.1430780030224017,1,0
-0.0144494575008154,-2.814764228080276,-1.8458224738131266,0.0,-0.4668695745617363,0.0,0.0,-0.536581743503307,-1.0085792648589418,1.1196500814325723,0.0,-0.35390199637023595,-2.2159780465851675,0.0,-3.0949063951708156,0.0,-0.2844958199592799,-0.4668695745617363,0.0,0,0.0,-2.102083711231995,-4.755088530712135,1,0
-0.0106017677895588,-2.814764228080276,-2.127113898308169,0.0,-0.1916190102524236,0.0,0.0,-4.321258080645877,-1.0616630892973289,2.7946748210863315,0.0,-0.26678765880217786,-2.2159780465851675,0.027777777777777776,-3.0949063951708156,0.125,-0.17532597761764,-0.1916190102524235,0.2222222222222222,0,0.0,-0.6440902286753902,-4.755088530712135,0,1
-0.0173918084564822,-2.814764228080276,-4.959556673683751,0.0,-0.1916190102524236,0.0,0.0,-4.321258080645877,-1.06385683154724,-0.16125119006736108,0.0,2.5480943738656987,-2.2159780465851675,0.027777777777777776,-3.0949063951708156,0.125,-0.265390872387256,-0.1916190102524235,0.2222222222222222,0,0.0,1.486110633212629,-4.755088530712135,0,1
-0.0156388885686853,-2.814764228080276,0.31737296921355157,0.0,0.083631554056889,0.1111111111111111,0.3333333333333333,1.2137948600631616,0.3184821661835522,0.6018519702786703,0.0,-0.3484573502722323,-0.0718773981472353,0.05555555555555555,-3.0949063951708156,0.25,0.4796657853361687,0.0836315540568891,0.1111111111111111,0,0.1111111111111111,-1.666848273078999,0.5460820449410452,0,1
-0.0127616922998565,0.15183330084301816,-0.7260189645445342,0.0,-0.4668695745617363,0.0,0.0,-0.11123375885137211,-1.0492767789137782,1.8543892830012842,0.0,0.0,-0.2503248051427485,0.0,-3.0949063951708156,0.0,-0.2844958199592799,-0.4668695745617363,0.0,0,0.0,0.0869332819236188,-4.755088530712135,1,0
-0.0169984503349935,0.0,-0.06833209798972383,0.1111111111111111,0.6341326826755145,0.3333333333333333,0.1111111111111111,-0.0956185887177217,1.1807509846901616,0.009990420998526922,0.1111111111111111,-0.3393829401088929,0.3193766585178601,0.1111111111111111,0.22915634400050866,0.25,0.7344033012376314,0.6341326826755145,0.1111111111111111,0,0.3333333333333333,-1.3723900433022265,-0.030311539256362482,0,1
-0.0165671216303002,-0.5276657972684107,-0.5819814534220303,0.1111111111111111,-0.4668695745617363,0.1111111111111111,0.1111111111111111,-0.24661117247792613,-0.8586710564309502,0.19776186451450056,0.1111111111111111,-0.26678765880217786,-0.3324566083412547,0.0,-0.08274428171137979,0.0,-0.2844958199592799,-0.4668695745617363,0.0,0,0.1111111111111111,-0.6440902286753902,-0.20902154212594073,1,0
-0.0172688896976486,0.42671465178352086,0.36265668339245843,0.3333333333333333,1.18463381129414,0.1111111111111111,0.1111111111111111,0.2283146734498298,0.0214288247286394,-0.10774064803706095,0.3333333333333333,2.4047186932849365,0.23877848013469594,0.16666666666666666,0.4129095728616361,0.25,-0.1669269193601973,1.18463381129414,0.3333333333333333,0,0.1111111111111111,1.4475584443037126,0.5390376728716304,0,1
-0.0165315143467797,0.7387330494606673,0.07657085536096592,0.3333333333333333,0.6341326826755145,0.0,0.0,0.25800941428871543,-0.822384619243436,0.21326287558462478,0.3333333333333333,0.1088929219600726,-0.449910862239872,0.1111111111111111,-3.0949063951708156,0.25,-0.0934470606700971,0.6341326826755145,0.0,0,0.0,0.2439439807007004,-4.755088530712135,1,0
-0.0172780027256697,0.025302220543905157,0.5687660869998623,0.1111111111111111,-0.4668695745617363,0.1111111111111111,0.1111111111111111,0.9290985930650014,1.9423659284042143,-0.11170784615697356,0.1111111111111111,0.44464609800362975,-2.2159780465851675,0.0,0.7609433349651687,0.0,-0.2844958199592799,-0.4668695745617363,0.1111111111111111,0,0.1111111111111111,0.5814972662319737,0.9318855886433182,1,0
-0.0172347387714957,0.17432015512852814,0.007765173273951659,0.1111111111111111,-0.4668695745617363,0.1111111111111111,0.1111111111111111,0.0896092872289737,1.6503018298280137,-0.09287363679628591,0.1111111111111111,-0.26678765880217786,0.12943774051249,0.0,0.0931994550166687,0.0,-0.2844958199592799,-0.4668695745617363,0.1111111111111111,0,0.1111111111111111,-0.6440902286753902,0.10832488669182568,1,0
-0.0141749524553887,-2.814764228080276,-2.127113898308169,0.3333333333333333,0.3588821183662018,0.1111111111111111,0.1111111111111111,-4.321258080645877,-1.062313322300245,1.2391510746920416,0.0,0.44464609800362975,-2.2159780465851675,0.08333333333333333,-3.0949063951708156,0.25,-0.1753249379098068,0.3588821183662018,0.2222222222222222,0,0.0,0.5814972662319737,-0.8910544777168578,0,1
-0.0171642128554276,-0.1559158946214444,-0.5364653680679958,0.3333333333333333,1.7351349399127654,0.1111111111111111,0.3333333333333333,0.025725746709283345,1.7306583679020051,-0.06217140686978583,0.3333333333333333,-0.3484573502722323,-0.12274782951552894,0.2222222222222222,-0.24959447327614714,0.25,2.7721506012225148,1.7351349399127651,0.3333333333333333,0,0.1111111111111111,-1.666848273078999,-4.755088530712135,0,1
-0.0171985448442017,0.34928867229997485,0.4041022306303567,0.1111111111111111,-0.4668695745617363,0.1111111111111111,0.1111111111111111,0.39173422957051773,1.808657106029511,-0.07711724057094853,0.1111111111111111,-0.17422867513611615,0.4993512560081446,0.0,0.2778786638816283,0.0,-0.2844958199592799,-0.4668695745617363,0.1111111111111111,0,0.1111111111111111,-0.2847917733012345,0.3684961728641642,1,0
-0.0173918084564822,-2.814764228080276,-4.959556673683751,0.0,-0.1916190102524236,0.0,0.0,-4.321258080645877,-1.06385683154724,-0.16125119006736108,0.0,-0.3103448275862069,-2.2159780465851675,0.027777777777777776,-3.0949063951708156,0.125,-0.1316589140222559,-0.1916190102524235,0.2222222222222222,0,0.0,-0.9531238224996238,-4.755088530712135,0,1
-0.0172779818054251,0.5197498846648118,0.36201649644578787,0.3333333333333333,0.9093832469848272,0.1111111111111111,0.1111111111111111,-4.321258080645877,1.2191983399076396,-0.11169873889261164,0.3333333333333333,0.3702359346642468,0.19964227594649564,0.1388888888888889,0.49478975793101126,0.25,-0.093446821860342,0.9093832469848272,0.2222222222222222,0,0.1111111111111111,0.5191192900072952,0.6409482271454882,0,1
-0.0173918084564822,-2.814764228080276,-4.959556673683751,0.0,-0.1916190102524236,0.0,0.0,-4.321258080645877,-1.06385683154724,-0.16125119006736108,0.0,0.0,-2.2159780465851675,0.027777777777777776,-3.0949063951708156,0.125,-0.2299105088989508,-0.1916190102524235,0.2222222222222222,0,0.0,0.0869332819236188,-4.755088530712135,0,1
-0.0171690815234843,0.4310889733684373,0.495136045636267,0.4444444444444444,4.762891147315205,0.5555555555555556,0.4444444444444444,0.5622230348819413,1.3315152765564338,-0.06429089676013358,0.4444444444444444,-0.09437386569872959,0.3765219353213134,0.5277777777777778,0.45215477354777384,0.5,0.9254771347776436,4.762891147315205,0.3333333333333333,1,0.5555555555555556,-0.0875094222424097,0.5868648706936029,0,1
-0.0161269924640478,-2.814764228080276,-0.22080036236649553,0.0,-0.4668695745617363,0.0,0.0,-0.5439042758879694,-0.981390932137591,0.389364435781885,0.0,0.3702359346642468,-2.2159780465851675,0.0,0.059263908368331716,0.0,-0.2844958199592799,-0.4668695745617363,0.0,0,0.0,0.5191192900072952,0.7582920702296374,1,0
-0.0170928821255604,0.6440248573130932,0.7671007317444213,0.5555555555555556,6.139143968861769,0.6666666666666666,0.5555555555555556,0.7855237563847912,1.122050500396045,-0.031118815265152762,0.4444444444444444,0.05263157894736842,0.3646410847315479,0.6666666666666666,0.6064456887920016,0.625,0.9382157300315282,6.139143968861768,0.4444444444444444,1,0.6666666666666666,0.1673597344439074,0.8311295705151313,0,1
-0.0169243947833327,-0.1559158946214444,-0.31727518303655,0.1111111111111111,0.083631554056889,0.1111111111111111,0.3333333333333333,-0.0019843095974738842,0.2150930394694613,0.0422292163404849,0.1111111111111111,-0.3393829401088929,-0.3324566083412547,0.05555555555555555,-0.21037919042405448,0.25,0.2249537406391757,0.0836315540568891,0.1111111111111111,0,0.1111111111111111,-1.3723900433022265,-0.29790452698888625,1,0
-0.0171993426532096,-0.1559158946214444,-0.7829498479885264,0.1111111111111111,0.3588821183662018,0.1111111111111111,0.1111111111111111,-0.1749002908277946,-0.1656331874579778,-0.07746455283523496,0.3333333333333333,-0.3103448275862069,-0.29283164501746506,0.08333333333333333,-0.45969946828486846,0.25,0.1740148978517919,0.3588821183662018,0.2222222222222222,0,0.1111111111111111,-0.9531238224996238,-4.755088530712135,0,1
-0.0172152706308916,0.5926419006143737,0.8098763246837464,0.1111111111111111,-0.4668695745617363,0.1111111111111111,0.1111111111111111,0.852442618374056,0.6323276109008374,-0.08439852066322653,0.1111111111111111,1.867513611615245,0.4993512560081446,0.0,0.6409874232737146,0.0,-0.2844958199592799,-0.4668695745617363,0.1111111111111111,0,0.1111111111111111,1.285678693674575,0.9794332156518208,1,0
-0.0173431042505927,-2.814764228080276,-1.6882064814575903,0.1111111111111111,-0.4668695745617363,0.0,0.0,-4.321258080645877,-0.2075152001732952,-0.14004866181997486,0.1111111111111111,-0.3103448275862069,-2.2159780465851675,0.0,-3.0949063951708156,0.0,-0.2844958199592799,-0.4668695745617363,0.1111111111111111,0,0.0,-0.9531238224996238,-0.4608380511121482,1,0
-0.0173918084564822,-2.814764228080276,-4.959556673683751,0.0,-0.1916190102524236,0.0,0.0,-4.321258080645877,-1.06385683154724,-0.16125119006736108,0.0,-0.17422867513611615,-2.2159780465851675,0.027777777777777776,-3.0949063951708156,0.125,-0.20807660281388,-0.1916190102524235,0.2222222222222222,0,0.0,-0.2847917733012345,-4.755088530712135,0,1
-0.017198645669807,-2.814764228080276,-0.02943446827297241,0.1111111111111111,1.18463381129414,0.3333333333333333,0.3333333333333333,0.5185005985703939,1.0182273128313533,-0.07716113324317882,0.1111111111111111,-0.26678765880217786,-2.2159780465851675,0.16666666666666666,0.01455265904530554,0.25,0.3705232340905594,1.18463381129414,0.1111111111111111,0,0.3333333333333333,-0.6440902286753902,-0.030311539256362482,0,1
-0.012978282022982,-2.814764228080276,-2.127113898308169,0.0,-0.1916190102524236,0.0,0.0,-0.7888541247084815,-1.0626755747517085,1.7601007171825391,0.0,0.3702359346642468,-2.2159780465851675,0.027777777777777776,-3.0949063951708156,0.125,-0.2462860203394923,-0.1916190102524235,0.2222222222222222,0,0.0,0.5191192900072952,-4.755088530712135,0,1
-0.0172932689961612,-0.05208639309488647,-0.40190320615609665,0.1111111111111111,0.3588821183662018,0.1111111111111111,0.1111111111111111,0.03776760505314585,0.9286367498243742,-0.11835375127782193,0.3333333333333333,-0.2395644283121597,-0.06379739206628518,0.08333333333333333,-0.14163693776056305,0.25,0.0020755279147641,0.3588821183662018,0.2222222222222222,0,0.1111111111111111,-0.5135592262370264,-2.1798548085481437,0,1
-0.0170861701532813,-2.814764228080276,-0.3683171745716995,0.1111111111111111,0.6341326826755145,0.3333333333333333,0.3333333333333333,0.3796775674617173,1.644454126135596,-0.028196874967685918,0.1111111111111111,-0.3484573502722323,-0.17193477461733425,0.1111111111111111,-0.36793676859324553,0.25,1.2438273906316173,0.6341326826755145,0.1111111111111111,0,0.1111111111111111,-1.666848273078999,-0.16006653681831468,0,1
-0.0155072897760043,-2.814764228080276,-1.297735493964941,0.0,-0.4668695745617363,0.0,0.0,-0.10473191595219686,-0.9616118443274484,0.6591412139524668,0.0,-0.3484573502722323,-2.2159780465851675,0.0,-3.0949063951708156,0.0,-0.2844958199592799,-0.4668695745617363,0.0,0,0.0,-1.666848273078999,-1.5273205522852566,1,0
-0.0147158470037417,0.11485909186000423,0.45500500941357097,0.1111111111111111,-0.4668695745617363,0.1111111111111111,0.1111111111111111,0.23095932220389545,-0.9515193102921892,1.003682048334629,0.0,0.3702359346642468,0.091620848168342,0.0,-0.23863303721575815,0.0,-0.2844958199592799,-0.4668695745617363,0.0,0,0.1111111111111111,0.5191192900072952,1.0130234843803445,1,0
-0.0172054643183223,-0.026533733323285395,-0.260231761406415,0.1111111111111111,-0.4668695745617363,0.1111111111111111,0.1111111111111111,-0.06182077906576844,1.0409411053002364,-0.08012951318313243,0.1111111111111111,-0.3103448275862069,-0.04332596586582715,0.0,0.07490051004577172,0.0,-0.2844958199592799,-0.4668695745617363,0.1111111111111111,0,0.1111111111111111,-0.9531238224996238,-0.1673814328663112,1,0
-0.0173918084564822,-2.814764228080276,-4.959556673683751,0.0,-0.1916190102524236,0.0,0.0,-4.321258080645877,-1.06385683154724,-0.16125119006736108,0.0,1.0671506352087115,-2.2159780465851675,0.027777777777777776,-3.0949063951708156,0.125,-0.2572030669556937,-0.1916190102524235,0.2222222222222222,0,0.0,0.9662521913648202,-4.755088530712135,0,1
-0.017149788325067,0.253588223769946,-0.39869158412906225,0.1111111111111111,0.083631554056889,0.1111111111111111,0.1111111111111111,-0.2209920784516632,0.2406847053038654,-0.05589193866290956,0.1111111111111111,-0.3103448275862069,-0.09389805230647255,0.05555555555555555,-0.33628164162154617,0.25,0.0211779919147679,0.0836315540568891,0.1111111111111111,0,0.3333333333333333,-0.9531238224996238,-0.25187562132077446,1,0
-0.017226131572672,0.291460648829883,-0.26050331279475003,0.4444444444444444,3.111387761459329,0.3333333333333333,0.3333333333333333,-4.321258080645877,1.3024957866934106,-0.08912664261259076,0.4444444444444444,-0.3103448275862069,0.03789846496024198,0.3611111111111111,-3.0949063951708156,0.375,1.7023839572220312,3.1113877614593286,0.2222222222222222,1,0.3333333333333333,-0.9531238224996238,0.10832488669182568,0,1
-0.0173918084564822,-2.814764228080276,-4.959556673683751,0.0,-0.1916190102524236,0.0,0.0,-4.321258080645877,-1.06385683154724,-0.16125119006736108,0.0,0.2323049001814882,-2.2159780465851675,0.027777777777777776,-3.0949063951708156,0.125,-0.2420405106345698,-0.1916190102524235,0.2222222222222222,0,0.0,0.3871513198050401,-4.755088530712135,0,1
-0.0172326040477801,0.08929772543261129,-0.019254262171498854,0.3333333333333333,1.18463381129414,0.1111111111111111,0.1111111111111111,-4.321258080645877,-0.6360517500412548,-0.09194432198551651,0.3333333333333333,2.8457350272232307,0.11953372792369228,0.16666666666666666,0.035666533899452305,0.25,-0.1753246779797541,1.18463381129414,0.3333333333333333,0,0.1111111111111111,1.561142456786503,0.6116812003471327,0,1
-0.0167473594810397,-2.814764228080276,-1.9027267350586954,0.0,0.6341326826755145,0.0,0.0,-0.5979877937552974,-1.0461089503064331,0.11929845356753112,0.3333333333333333,-0.04900181488203267,-2.2159780465851675,0.1111111111111111,-3.0949063951708156,0.25,-0.0493592245867171,0.6341326826755145,0.3333333333333333,0,0.0,0.0021753538983214,-3.1147389213552574,0,1
-0.0172066028408239,-0.1559158946214444,-0.46780398599086737,0.1111111111111111,-0.4668695745617363,0.1111111111111111,0.1111111111111111,-0.1653565554017613,0.2109406296277274,-0.08062514913612458,0.1111111111111111,-0.29038112522686027,-0.1683952218431186,0.0,-0.26638952211318284,0.0,-0.2844958199592799,-0.4668695745617363,0.1111111111111111,0,0.1111111111111111,-0.7891132362483021,-0.23179518213092765,1,0
-0.0173918084564822,-2.814764228080276,-4.959556673683751,0.0,-0.1916190102524236,0.0,0.0,-4.321258080645877,-1.06385683154724,-0.16125119006736108,0.0,0.8711433756805808,-2.2159780465851675,0.027777777777777776,-3.0949063951708156,0.125,-0.2551036324917042,-0.1916190102524235,0.2222222222222222,0,0.0,0.8643003776574393,-4.755088530712135,0,1
-0.0170190391522831,-0.1559158946214444,-0.5470119890825117,0.3333333333333333,0.9093832469848272,0.1111111111111111,0.1111111111111111,-4.321258080645877,-0.2247205992103138,0.0010274377778985064,0.3333333333333333,-0.32667876588021777,-0.12274782951552894,0.1388888888888889,-0.45969946828486846,0.25,0.6707300661132101,0.9093832469848272,0.2222222222222222,0,0.1111111111111111,-1.1433092459291831,0.10832488669182568,0,1
-0.0129958298800472,-0.17281359342255856,0.6069518814296962,0.0,-0.4668695745617363,0.0,0.0,0.5566195483292428,-0.9674637055682328,1.7524615630620497,0.0,0.2323049001814882,-0.36097126721046646,0.0,1.1224075267388636,0.0,-0.2844958199592799,-0.4668695745617363,0.0,0,0.0,0.3871513198050401,-0.09163785269565443,1,0
-0.0172207266503104,0.4782630749718738,0.5489631133143487,0.3333333333333333,2.8361371971500167,0.3333333333333333,0.3333333333333333,0.5407822475981413,1.6503360090494026,-0.08677370374509771,0.3333333333333333,0.05263157894736842,0.3765219353213134,0.3333333333333333,0.43690246585554143,0.25,0.3268599550361241,2.836137197150016,0.3333333333333333,1,0.3333333333333333,0.1673597344439074,0.7481420290032386,0,1
-0.0171998060886378,-2.814764228080276,-0.403005636905098,0.3333333333333333,2.010385504222078,0.3333333333333333,0.3333333333333333,-4.321258080645877,1.6582802019702103,-0.07766630138193326,0.3333333333333333,-0.3393829401088929,-0.11380085250486831,0.25,0.27235514103904807,0.25,2.0080272027337704,2.0103855042220777,0.2222222222222222,0,0.1111111111111111,-1.3723900433022265,-0.11504323383524302,0,1
-0.0170246178373731,0.4760367746951223,0.3199230665621754,0.0,0.9093832469848272,0.0,0.0,0.9264446433953939,-0.0445040194907903,-0.0014011456687321128,0.3333333333333333,-0.04900181488203267,0.14055523149531027,0.1388888888888889,0.12521327592506942,0.375,0.0094249242564235,0.9093832469848272,0.4444444444444444,0,0.1111111111111111,0.0021753538983214,-4.755088530712135,0,1
-0.0172329877247865,-0.1559158946214444,-0.33932195181355496,0.1111111111111111,-0.4668695745617363,0.1111111111111111,0.1111111111111111,-0.06182077906576844,1.1178822938219224,-0.09211134909162479,0.1111111111111111,-0.3103448275862069,-0.12274782951552894,0.0,-0.1024130294498333,0.0,-0.2844958199592799,-0.4668695745617363,0.1111111111111111,0,0.1111111111111111,-0.9531238224996238,-0.006542865604837434,1,0
-0.0173918084564822,-2.814764228080276,-4.959556673683751,0.3333333333333333,4.762891147315205,0.5555555555555556,0.5555555555555556,-4.321258080645877,-1.041177041268187,-0.16125119006736108,0.3333333333333333,-0.3103448275862069,-2.2159780465851675,0.5277777777777778,-3.0949063951708156,0.5,2.619405392844175,4.762891147315205,0.4444444444444444,1,0.5555555555555556,-0.9531238224996238,-4.755088530712135,0,1
-0.0137138697618987,-0.5176949796124348,-1.2635298068836731,0.0,-0.4668695745617363,0.0,0.0,-0.9297151947219351,-1.0528003232233298,1.439875399307556,0.0,-0.17422867513611615,-0.40756547145368716,0.0,-0.6367449288562597,0.0,-0.2844958199592799,-0.4668695745617363,0.0,0,0.0,-0.2847917733012345,-4.755088530712135,1,0
-0.0122426942840653,-0.385680244842748,-1.332420751726184,0.0,0.3588821183662018,0.0,0.0,-1.3078107217242778,-1.0591318122401066,2.080326035057523,0.0,0.05263157894736842,-2.2159780465851675,0.08333333333333333,-0.9107853542097065,0.25,-0.1316568762104289,0.3588821183662018,0.2222222222222222,0,0.3333333333333333,0.1673597344439074,-0.7779363167327971,0,1
-0.0172282850795511,-2.814764228080276,-1.6762562674916692,0.3333333333333333,0.9093832469848272,0.1111111111111111,0.1111111111111111,-4.321258080645877,0.2355439518957167,-0.0900641343466163,0.3333333333333333,-0.35390199637023595,-2.2159780465851675,0.1388888888888889,-3.0949063951708156,0.25,3.5361211852187697,0.9093832469848272,0.2222222222222222,1,0.1111111111111111,-2.102083711231995,-0.4491506574271087,0,1
-0.0146783070195895,-0.5176949796124348,-1.1078252054687991,0.3333333333333333,0.6341326826755145,0.0,0.3333333333333333,-4.321258080645877,-1.0255846854513384,1.0200244269825776,0.0,-0.3103448275862069,-2.2159780465851675,0.1111111111111111,-3.0949063951708156,0.25,0.3268518037888158,0.6341326826755145,0.0,0,0.0,-0.9531238224996238,-0.615098193054528,0,1
-0.0168003378450941,0.0,0.3044674823153794,0.1111111111111111,-0.4668695745617363,0.1111111111111111,0.1111111111111111,-0.5835814281768262,1.612732230453921,0.0962352449626866,0.1111111111111111,-0.3393829401088929,0.638738763932554,0.0,-0.08274428171137979,0.0,-0.2844958199592799,-0.4668695745617363,0.1111111111111111,0,0.1111111111111111,-1.3723900433022265,0.35192450368474876,1,0
-0.0172093337331801,-2.814764228080276,0.3588573976453971,0.3333333333333333,2.560886632840704,0.3333333333333333,0.3333333333333333,-4.321258080645877,1.770384577215976,-0.08181399558717982,0.3333333333333333,-0.17422867513611615,-2.2159780465851675,0.3055555555555555,0.6064456887920016,0.25,0.5561155686401189,2.5608866328407034,0.2222222222222222,1,0.3333333333333333,-0.2847917733012345,0.8464757763416157,0,1
-0.0168663413587542,0.26663088282169384,0.11972157352663715,0.0,-0.1916190102524236,0.1111111111111111,0.0,-0.9153654258323525,-0.4486135590542983,0.0675017642037507,0.0,-0.13611615245009073,0.08711210020847432,0.027777777777777776,0.6142389415046529,0.125,-0.215023741216749,-0.1916190102524235,0.2222222222222222,0,0.1111111111111111,-0.1828566844305228,-0.8910544777168578,1,0
-0.0167539792185385,0.0,-0.3241396620502317,0.1111111111111111,0.083631554056889,0.1111111111111111,0.1111111111111111,-0.16233610629939307,-0.5075215760020797,0.11641666607617314,0.1111111111111111,-0.3103448275862069,0.08711210020847432,0.05555555555555555,-0.24959447327614714,0.25,0.0211779919147679,0.0836315540568891,0.3333333333333333,0,0.1111111111111111,-0.9531238224996238,-0.20902154212594073,0,1
-0.0170775821680664,0.0,-0.4306715932514936,0.3333333333333333,1.7351349399127654,0.3333333333333333,0.3333333333333333,-0.24661117247792613,1.32522202994774,-0.02445824509411632,0.1111111111111111,-0.3484573502722323,-0.06755808087248778,0.2222222222222222,-3.0949063951708156,0.25,2.7721506012225148,1.7351349399127651,0.1111111111111111,1,0.3333333333333333,-1.666848273078999,0.26171047190889735,0,1
-0.0172336210531606,-0.1559158946214444,-0.3699269772027388,0.1111111111111111,0.083631554056889,0.1111111111111111,0.3333333333333333,0.5070233218978856,-0.2608042776357092,-0.09238705757505777,0.1111111111111111,-0.04900181488203267,-2.2159780465851675,0.05555555555555555,-3.0949063951708156,0.25,-0.1669275222729985,0.0836315540568891,0.1111111111111111,0,0.1111111111111111,0.0021753538983214,-0.024437452579766532,1,0
-0.0173918084564822,-2.814764228080276,-4.959556673683751,0.0,-0.1916190102524236,0.0,0.0,-4.321258080645877,-1.06385683154724,-0.16125119006736108,0.0,-0.3484573502722323,-2.2159780465851675,0.027777777777777776,-3.0949063951708156,0.125,0.0975849826884444,-0.1916190102524235,0.2222222222222222,0,0.0,-1.666848273078999,-4.755088530712135,0,1
-0.0173023229853944,-0.6183712309333453,-0.2522724985151447,0.0,0.6341326826755145,0.3333333333333333,0.0,-4.321258080645877,0.0456646013052724,-0.12229524788909218,0.0,0.3702359346642468,-0.12274782951552894,0.1111111111111111,0.6177172025492438,0.25,-0.1316566214801296,0.6341326826755145,0.0,1,0.3333333333333333,0.5191192900072952,-4.755088530712135,1,0
-0.0167517486644504,0.11065092629307056,0.11894068901416427,0.1111111111111111,0.3588821183662018,0.1111111111111111,0.1111111111111111,0.003385634541046894,1.7106487782127346,0.1173876989715025,0.3333333333333333,-0.3484573502722323,-0.12214307428158341,0.08333333333333333,0.7489925797527941,0.25,0.861746587983893,0.3588821183662018,0.2222222222222222,0,0.1111111111111111,-1.666848273078999,-4.072227943210566,0,1
-0.0172343942464692,0.11599883218347262,-0.10313791956346717,0.3333333333333333,0.9093832469848272,0.1111111111111111,0.1111111111111111,-4.321258080645877,0.9279457197816876,-0.09272365382311215,0.3333333333333333,-0.2395644283121597,0.11597562964203406,0.1388888888888889,0.07490051004577172,0.25,0.1931230931641269,0.9093832469848272,0.2222222222222222,0,0.1111111111111111,-0.5135592262370264,0.13269360901044008,0,1
-0.0173918084564822,-2.814764228080276,-4.959556673683751,0.4444444444444444,3.937139454387268,0.3333333333333333,0.3333333333333333,-4.321258080645877,1.7313907141598168,-0.16125119006736108,0.5555555555555556,-0.3484573502722323,-2.2159780465851675,0.4444444444444444,-3.0949063951708156,0.625,5.828797022404309,3.937139454387266,0.6666666666666666,1,0.0,-1.666848273078999,-4.755088530712135,0,1
-0.0164307792150567,0.9966323483942706,0.7672501755495584,0.3333333333333333,0.083631554056889,0.1111111111111111,0.1111111111111111,-4.321258080645877,-0.8266180764777686,0.25711616169932994,0.0,3.0,0.3646410847315479,0.05555555555555555,0.035666533899452305,0.25,-0.248951725253653,0.0836315540568891,0.0,0,0.1111111111111111,1.5976789290256574,0.5404033443335706,1,0
-0.0193207972823127,-2.814764228080276,-1.8706773164883446,0.0,-0.1916190102524236,0.0,0.0,-4.321258080645877,-1.0692622536346006,-1.0010028977814784,0.0,0.05263157894736842,-0.2098095209276171,0.027777777777777776,-3.0949063951708156,0.125,-0.2335495053763295,-0.1916190102524235,0.2222222222222222,0,0.0,0.1673597344439074,-4.755088530712135,0,1
-0.0140401032780731,-1.5463547044473689,0.7501238355590298,0.0,-0.4668695745617363,0.1111111111111111,0.0,0.9376936451319725,-1.006904963060885,1.2978553167375733,0.0,4.181488203266787,0.12719096964205046,0.0,1.1511186084197558,0.0,-0.2844958199592799,-0.4668695745617363,0.0,0,0.1111111111111111,1.8373853869087895,0.21368762781468903,1,0
-0.0144503959592638,0.015330772749966913,0.7382656713194354,0.3333333333333333,0.083631554056889,0.0,0.0,-4.321258080645877,-0.9121856729019324,1.1192415398826718,0.0,0.44464609800362975,0.5057689021646381,0.05555555555555555,0.6828523170610853,0.25,-0.2117152319262978,0.0836315540568891,0.0,0,0.0,0.5814972662319737,1.5081100795296647,1,0
-0.009695641517135,-2.814764228080276,0.10976597434118013,0.3333333333333333,0.3588821183662018,0.0,0.0,-4.321258080645877,-1.0069915558977858,3.189141120985669,0.0,-0.2395644283121597,0.49362704179532335,0.08333333333333333,0.4143892445082231,0.25,0.0020755279147641,0.3588821183662018,0.2222222222222222,1,0.0,-0.5135592262370264,0.418285773844652,1,0
-0.017132535407953,0.19648970813407893,0.2883123766507724,0.1111111111111111,-0.4668695745617363,0.1111111111111111,0.1111111111111111,0.582884123880845,0.1268669339276071,-0.04838118151619721,0.1111111111111111,0.05263157894736842,0.16656887701059775,0.0,0.12752514285418468,0.0,-0.2844958199592799,-0.4668695745617363,0.1111111111111111,0,0.1111111111111111,0.1673597344439074,0.33593367914448685,1,0
-0.0172181199091397,-0.1011765933443258,-0.23926737271219056,0.1111111111111111,0.083631554056889,0.1111111111111111,0.3333333333333333,0.45864520240061574,1.2697045899149464,-0.08563890435158181,0.1111111111111111,-0.3103448275862069,-0.10368605577662945,0.05555555555555555,-3.0949063951708156,0.25,0.0211779919147679,0.0836315540568891,0.1111111111111111,0,0.1111111111111111,-0.9531238224996238,-0.030311539256362482,1,0
-0.0134895589227555,-2.814764228080276,0.4874143065851089,0.0,0.3588821183662018,0.1111111111111111,0.0,0.39173422957051773,-0.2534330130225308,1.5375252185843435,0.3333333333333333,-0.3484573502722323,0.740522731323429,0.08333333333333333,0.6567740600088703,0.25,0.861746587983893,0.3588821183662018,0.2222222222222222,0,0.1111111111111111,-1.666848273078999,-4.755088530712135,0,1
-0.0120862311146865,0.7847778161483829,1.454913461610414,0.0,-0.4668695745617363,0.1111111111111111,0.0,1.9786264801705793,-0.8943683121639935,2.1484395523163204,0.0,1.5027223230490019,1.0768150052924925,0.0,-0.2993901452724999,0.0,-0.2844958199592799,-0.4668695745617363,0.0,0,0.0,1.155113830650042,0.31114858431436443,1,0
-0.0169417182003955,-0.060695089098867595,-0.23305789420596384,0.1111111111111111,0.083631554056889,0.1111111111111111,0.1111111111111111,-0.0011330425477450003,-0.1545389900464748,0.03468776826824043,0.1111111111111111,-0.3103448275862069,0.13048930693593883,0.05555555555555555,-0.1745754674831542,0.25,0.0211779919147679,0.0836315540568891,0.3333333333333333,0,0.1111111111111111,-0.9531238224996238,-0.20530575660781333,0,1
-0.0170697393694275,-0.6407449990499007,-0.4989892052090302,0.3333333333333333,0.9093832469848272,0.1111111111111111,0.1111111111111111,-4.321258080645877,1.0303936009960315,-0.02104401922505499,0.3333333333333333,-0.3484573502722323,-0.16874732214028726,0.1388888888888889,0.035666533899452305,0.25,1.6259081932793418,0.9093832469848272,0.2222222222222222,0,0.1111111111111111,-1.666848273078999,-0.2851370219426974,0,1
-0.0158120986736875,-0.1559158946214444,0.6774802478269505,0.1111111111111111,-0.4668695745617363,0.1111111111111111,0.1111111111111111,-0.25497074434320804,1.6320987360441093,0.5264479661075919,0.0,-0.3484573502722323,-0.20580176048592203,0.0,-0.4217570876087947,0.0,-0.2844958199592799,-0.4668695745617363,0.0,0,0.1111111111111111,-1.666848273078999,1.7684860830133933,1,0
-0.0169430879259193,0.11694604416695441,-0.36080498180731313,0.1111111111111111,0.3588821183662018,0.1111111111111111,0.1111111111111111,-0.0019843095974738842,0.8027047870347679,0.03409148210408893,0.3333333333333333,-0.3484573502722323,-2.2159780465851675,0.08333333333333333,0.32103038572429976,0.25,0.861746587983893,0.3588821183662018,0.2222222222222222,0,0.1111111111111111,-1.666848273078999,-4.755088530712135,0,1
-0.0150145578521955,-2.814764228080276,0.0647087682342883,0.0,-0.4668695745617363,0.1111111111111111,0.1111111111111111,-0.45536590484554895,-0.3776720120495369,0.8736434800739559,0.0,-0.3484573502722323,-2.2159780465851675,0.0,-3.0949063951708156,0.0,-0.2844958199592799,-0.4668695745617363,0.0,0,0.0,-1.666848273078999,1.2111586346492,1,0
-0.0166409638290165,-0.1559158946214444,-0.42186923706138607,0.1111111111111111,-0.4668695745617363,0.1111111111111111,0.1111111111111111,-0.24661117247792613,-0.7259425798854049,0.16561594866310422,0.1111111111111111,-0.29038112522686027,-0.1902807091387112,0.0,-0.1745754674831542,0.0,-0.2844958199592799,-0.4668695745617363,0.1111111111111111,0,0.1111111111111111,-0.7891132362483021,-0.20902154212594073,1,0
-0.0152183063851723,0.07795042157654133,0.4714115706723763,0.0,-0.4668695745617363,0.0,0.0,-0.025168377943328848,-1.0070939647151722,0.7849451028618426,0.0,4.181488203266787,0.12376666930187913,0.0,1.0180225094695716,0.0,-0.2844958199592799,-0.4668695745617363,0.1111111111111111,0,0.0,1.8373853869087895,-0.08481862364957547,1,0
-0.0169407524826131,-0.1559158946214444,-0.12280967937013217,0.3333333333333333,0.083631554056889,0.1111111111111111,0.1111111111111111,-4.321258080645877,1.6321459841897756,0.035108176694721056,0.1111111111111111,-0.3484573502722323,-2.2159780465851675,0.05555555555555555,-0.24959447327614714,0.25,0.4796657853361687,0.0836315540568891,0.1111111111111111,0,0.1111111111111111,-1.666848273078999,0.49567443245421383,0,1
-0.0161744582700185,-0.4222907216928031,0.024366866254355104,0.1111111111111111,-0.1916190102524236,0.1111111111111111,0.1111111111111111,-0.3152328836986633,1.4518866479557433,0.3687010233825203,0.0,-0.35390199637023595,-0.40989910767547505,0.027777777777777776,-0.19208837376689034,0.125,0.4796275810763299,-0.1916190102524235,0.2222222222222222,0,0.1111111111111111,-2.102083711231995,1.0376336284219951,0,1
-0.0130375493145247,0.5276405154456338,0.20912690352887656,0.0,-0.4668695745617363,0.0,0.0,0.2250866777877584,-1.0290613362710028,1.7342997334660113,0.0,0.9673321234119783,-2.2159780465851675,0.0,0.3383651534174818,0.0,-0.2844958199592799,-0.4668695745617363,0.0,0,0.0,0.9159689132265976,0.30047687649153026,1,0
-0.0172192080727326,0.377313852074737,0.17176210656386076,0.3333333333333333,2.8361371971500167,0.3333333333333333,0.3333333333333333,0.2283146734498298,1.4198385286749802,-0.08611261743024431,0.3333333333333333,-0.20871143375680581,0.21984184190907038,0.3333333333333333,0.055750547262627216,0.25,0.7344259431887474,2.836137197150016,0.3333333333333333,0,0.3333333333333333,-0.3945035917891138,0.2808312196366998,0,1
-0.0145146702405811,0.11084320810302224,-0.504636533521087,0.0,0.083631554056889,0.0,0.0,-0.6949784387660554,-1.0251274878415788,1.0912608503236882,0.3333333333333333,-0.09437386569872959,-0.6032003912751697,0.05555555555555555,0.2795896821242295,0.25,-0.1571302457764458,0.0836315540568891,0.0,0,0.0,-0.0875094222424097,-4.755088530712135,1,0
-0.0166084194829785,-0.1559158946214444,-0.28825866216306417,0.1111111111111111,-0.4668695745617363,0.1111111111111111,0.1111111111111111,-0.1653565554017613,-0.8795630944358132,0.1797835632163209,0.1111111111111111,-0.04900181488203267,0.08711210020847432,0.0,-0.24959447327614714,0.0,-0.2844958199592799,-0.4668695745617363,0.1111111111111111,0,0.1111111111111111,0.0021753538983214,-0.20902154212594073,1,0
-0.0167908856896094,0.46317186353556355,0.9265941004059715,0.1111111111111111,-0.4668695745617363,0.1111111111111111,0.1111111111111111,1.3061364582863635,1.029924544759446,0.10035007632071508,0.1111111111111111,-0.17422867513611615,0.574622098378171,0.0,0.42508071567017824,0.0,-0.2844958199592799,-0.4668695745617363,0.1111111111111111,0,0.1111111111111111,-0.2847917733012345,0.9811443426597015,1,0
-0.0172223925481991,-0.0919502465339359,-0.1689344027631002,0.1111111111111111,-0.4668695745617363,0.1111111111111111,0.1111111111111111,0.010374906540631045,0.8440779280691888,-0.08749892339292983,0.1111111111111111,-0.26678765880217786,-0.04402542505669695,0.0,-0.013923371668129658,0.0,-0.2844958199592799,-0.4668695745617363,0.1111111111111111,0,0.1111111111111111,-0.6440902286753902,0.28831780810434016,1,0
-0.0172829129912043,-0.4644640443070904,-1.0871799369247936,0.1111111111111111,0.3588821183662018,0.1111111111111111,0.1111111111111111,-0.3117935783036361,-0.0787695906892066,-0.11384544478521522,0.3333333333333333,-0.3103448275862069,-2.2159780465851675,0.08333333333333333,-0.6639570373526129,0.25,0.1740148978517919,0.3588821183662018,0.2222222222222222,0,0.1111111111111111,-0.9531238224996238,-4.755088530712135,0,1
-0.0168214960893998,-2.814764228080276,-1.369869275948878,0.3333333333333333,0.9093832469848272,0.1111111111111111,0.1111111111111111,-4.321258080645877,-0.7622010455468898,0.08702437160249052,0.4444444444444444,-0.3484573502722323,-2.2159780465851675,0.1388888888888889,-3.0949063951708156,0.375,1.6259081932793418,0.9093832469848272,0.0,1,0.0,-1.666848273078999,-4.755088530712135,0,1
-0.011618073518837,-2.814764228080276,-0.12040592068190784,0.0,-0.4668695745617363,0.0,0.0,-1.0471415019398103,-0.9933838733062292,2.3522438125222673,0.0,-0.29038112522686027,-0.12274782951552894,0.0,-3.0949063951708156,0.0,-0.2844958199592799,-0.4668695745617363,0.0,0,0.0,-0.7891132362483021,-1.0451399045431047,1,0
-0.0171200725038362,-0.3522519488626691,-0.5364653680679958,0.3333333333333333,2.560886632840704,0.3333333333333333,0.3333333333333333,-0.12870809558806698,1.276721808422271,-0.04295567314878966,0.4444444444444444,-0.3484573502722323,0.10188744463673431,0.3055555555555555,-0.9107853542097065,0.375,3.918393009165688,2.5608866328407034,0.3333333333333333,1,0.1111111111111111,-1.666848273078999,-0.5262576272158825,0,1
-0.014177131351126,-2.814764228080276,-0.5179095125997817,0.0,-0.4668695745617363,0.0,0.0,-0.15151963342806155,-1.0557089702309197,1.2382025303605413,0.0,4.181488203266787,-2.2159780465851675,0.0,-0.6662137087447401,0.0,-0.2844958199592799,-0.4668695745617363,0.0,0,0.0,1.8373853869087895,0.33403523773428023,1,0
-0.0170122946406666,-0.1559158946214444,-0.7353761717513507,0.3333333333333333,1.4598843756034523,0.1111111111111111,0.3333333333333333,-0.12870809558806698,0.1631066391630883,0.003963543509434812,0.3333333333333333,-0.3484573502722323,-2.2159780465851675,0.19444444444444442,-0.24959447327614714,0.25,2.3900697985747907,1.4598843756034523,0.2222222222222222,0,0.1111111111111111,-1.666848273078999,-4.755088530712135,0,1
-0.0170374657370942,0.19200113563549426,-0.026085724585617774,0.4444444444444444,2.010385504222078,0.3333333333333333,0.3333333333333333,-4.321258080645877,1.5983685547890327,-0.006994255170900094,0.1111111111111111,-0.3393829401088929,0.3522752684368138,0.25,-3.0949063951708156,0.375,2.0080272027337704,2.0103855042220777,0.1111111111111111,1,0.3333333333333333,-1.3723900433022265,0.5390376728716304,0,1
-0.0173918084564822,-2.814764228080276,-4.959556673683751,0.0,-0.1916190102524236,0.0,0.0,-4.321258080645877,-1.06385683154724,-0.16125119006736108,0.0,0.0,-2.2159780465851675,0.027777777777777776,-3.0949063951708156,0.125,-0.2299105088989508,-0.1916190102524235,0.2222222222222222,0,0.0,0.0869332819236188,-4.755088530712135,0,1
-0.0113456360658742,-0.9596690601516769,-1.68126071116203,0.0,-0.4668695745617363,0.0,0.0,-1.5822745590578018,-1.0603697789220068,2.4708447153928685,0.0,-0.17422867513611615,-0.40295143906165404,0.0,-1.1097144114332587,0.0,-0.2844958199592799,-0.4668695745617363,0.0,0,0.0,-0.2847917733012345,-1.75896302241061,1,0
-0.0173918084564822,-2.814764228080276,-4.959556673683751,0.0,-0.4668695745617363,0.0,0.0,-4.321258080645877,-1.06385683154724,-0.16125119006736108,0.0,1.2776769509981851,-2.2159780465851675,0.0,-3.0949063951708156,0.0,-0.2844958199592799,-0.4668695745617363,0.0,0,0.0,1.0629938337787594,-4.755088530712135,1,0
-0.0173918084564822,-2.814764228080276,-4.959556673683751,0.0,-0.1916190102524236,0.0,0.0,-4.321258080645877,-1.06385683154724,-0.16125119006736108,0.0,0.3702359346642468,-2.2159780465851675,0.027777777777777776,-3.0949063951708156,0.125,-0.2462860203394923,-0.1916190102524235,0.2222222222222222,0,0.0,0.5191192900072952,-4.755088530712135,0,1
-0.0172012665179938,-2.814764228080276,-1.337533211259723,0.0,1.18463381129414,0.1111111111111111,0.3333333333333333,-0.08238046756576548,-0.4305478818095073,-0.07830207388060065,0.3333333333333333,-0.3393829401088929,-2.2159780465851675,0.16666666666666666,-3.0949063951708156,0.25,1.243852861836087,1.18463381129414,0.3333333333333333,1,0.1111111111111111,-1.3723900433022265,-4.755088530712135,0,1
-0.012978282022982,-0.3092780598764393,-0.8015272235917849,0.0,-0.4668695745617363,0.0,0.0,-0.6219948585116649,-1.0532885266211354,1.7601007171825391,0.0,0.2323049001814882,-0.24348518577133788,0.0,-0.4137118438220493,0.0,-0.2844958199592799,-0.4668695745617363,0.0,0,0.0,0.3871513198050401,-0.7085300850695833,1,0
-0.017283944749169,-0.5748934707202373,-0.7635528237764659,0.1111111111111111,0.3588821183662018,0.1111111111111111,0.1111111111111111,0.045917104046502344,0.5883753401943581,-0.11429460265549082,0.3333333333333333,-0.3103448275862069,-0.12274782951552894,0.08333333333333333,-0.700406163785652,0.25,0.1740148978517919,0.3588821183662018,0.2222222222222222,0,0.1111111111111111,-0.9531238224996238,-2.2872881095756004,0,1
-0.0144494575008154,-0.2514283299744994,-1.4055595019791591,0.3333333333333333,0.6341326826755145,0.0,0.3333333333333333,-4.321258080645877,-1.0528003232233298,1.1196500814325723,0.0,-0.17422867513611615,-2.2159780465851675,0.1111111111111111,-3.0949063951708156,0.25,0.0211810486223196,0.6341326826755145,0.0,0,0.0,-0.2847917733012345,-0.615098193054528,1,0
-0.0171792796707569,0.07012408686463154,-0.49564424668617163,0.1111111111111111,0.9093832469848272,0.1111111111111111,0.1111111111111111,-0.09327954128309454,-0.1522995519119198,-0.06873048265769255,0.3333333333333333,-0.26678765880217786,-0.1546365686886988,0.1388888888888889,-0.24959447327614714,0.25,0.2613533917489195,0.9093832469848272,0.2222222222222222,0,0.3333333333333333,-0.6440902286753902,-0.4016528890568359,0,1
-0.0171561535461612,0.0,-0.05352788235284979,0.1111111111111111,1.18463381129414,0.3333333333333333,0.3333333333333333,0.39173422957051773,0.2143812105271119,-0.058662926867805235,0.1111111111111111,-0.20871143375680581,0.08711210020847432,0.16666666666666666,-0.08274428171137979,0.25,0.2249650616147337,1.18463381129414,0.1111111111111111,0,0.3333333333333333,-0.3945035917891138,-0.030311539256362482,0,1
-0.0142808542259724,-2.814764228080276,-1.0376221711649958,0.0,0.083631554056889,0.1111111111111111,0.3333333333333333,-0.5279174742454806,-1.0505457834948388,1.1930485822842418,0.0,0.0,-2.2159780465851675,0.05555555555555555,-0.5446345475220883,0.25,-0.1753251978386217,0.0836315540568891,0.0,0,0.1111111111111111,0.0869332819236188,-0.8910544777168578,1,0
-0.0158262188850126,0.46317186353556355,0.3568975950322443,0.1111111111111111,0.6341326826755145,0.1111111111111111,0.1111111111111111,-0.39556095327027846,0.5827174208169544,0.5203009778955441,0.3333333333333333,-0.3484573502722323,0.6615649463595911,0.1111111111111111,-3.0949063951708156,0.25,1.2438273906316173,0.6341326826755145,0.0,0,0.3333333333333333,-1.666848273078999,-4.755088530712135,0,1
-0.0170485743466855,0.11065092629307056,-0.3357215373351807,0.1111111111111111,0.083631554056889,0.1111111111111111,0.1111111111111111,-0.1653565554017613,1.474171809157718,-0.011830194990635791,0.1111111111111111,-0.3484573502722323,-0.12274782951552894,0.05555555555555555,0.0931994550166687,0.25,0.4796657853361687,0.0836315540568891,0.1111111111111111,0,0.3333333333333333,-1.666848273078999,-0.18665330761389884,0,1
-0.0173918084564822,-2.814764228080276,-4.959556673683751,0.0,-0.4668695745617363,0.0,0.0,-4.321258080645877,-1.06385683154724,-0.16125119006736108,0.0,0.3702359346642468,-2.2159780465851675,0.0,-3.0949063951708156,0.0,-0.2844958199592799,-0.4668695745617363,0.0,0,0.0,0.5191192900072952,-4.755088530712135,1,0
-0.017247585261627,0.68504896663436,0.7950152501338468,0.1111111111111111,0.3588821183662018,0.1111111111111111,0.1111111111111111,0.9664563732231808,1.565643454011176,-0.09846613265806452,0.3333333333333333,0.9673321234119783,0.5493615834444424,0.08333333333333333,0.7375841121206574,0.25,-0.1995850440685558,0.3588821183662018,0.2222222222222222,0,0.1111111111111111,0.9159689132265976,-4.755088530712135,0,1
-0.0148880447159285,0.4405083211704961,0.05802215438204604,0.0,0.3588821183662018,0.0,0.0,0.2300162171750794,-1.020873187632389,0.9287187717531274,0.3333333333333333,1.2776769509981851,-1.7283468918521783,0.08333333333333333,0.441844932056961,0.25,-0.2080760933541306,0.3588821183662018,0.2222222222222222,0,0.0,1.0629938337787594,-2.641018201982852,0,1
-0.017117013979694,-2.814764228080276,-0.7745429090747847,0.3333333333333333,3.386638325768641,0.5555555555555556,0.3333333333333333,0.12475366753727371,-0.7451222665874084,-0.041624197902729095,0.3333333333333333,-0.17422867513611615,-2.2159780465851675,0.38888888888888884,-0.031229186384769358,0.5,0.7853732200763186,3.386638325768641,0.2222222222222222,1,0.4444444444444444,-0.2847917733012345,-4.755088530712135,0,1
-0.0149887521947397,0.2069635513189947,-0.16197139359121995,0.3333333333333333,0.9093832469848272,0.0,0.0,-3.3031433514393806,-1.0321266461268237,0.8848775238522337,0.3333333333333333,1.2776769509981851,0.09811462813673437,0.1388888888888889,-0.07540191460159541,0.25,-0.1571296089506977,0.9093832469848272,0.2222222222222222,0,0.0,1.0629938337787594,-0.0605446891002135,0,1
-0.0170840762881657,0.377313852074737,-0.14361535391398814,0.1111111111111111,-0.4668695745617363,0.1111111111111111,0.1111111111111111,-0.25143592330503584,-0.8513508868131431,-0.027285347237209923,0.1111111111111111,1.9963702359346642,-0.12274782951552894,0.0,-0.24959447327614714,0.0,-0.2844958199592799,-0.4668695745617363,0.1111111111111111,0,0.1111111111111111,1.3273719327921307,-0.030311539256362482,1,0
-0.0169607713359874,0.8340094491155584,0.44044341076658505,0.1111111111111111,-0.4668695745617363,0.1111111111111111,0.1111111111111111,0.14855813075358382,1.6628587544023234,0.02639331734330139,0.1111111111111111,-0.3103448275862069,-2.2159780465851675,0.0,0.24331992828126106,0.0,-0.2844958199592799,-0.4668695745617363,0.1111111111111111,0,0.1111111111111111,-0.9531238224996238,0.7026592268961535,1,0
-0.0131958095809858,-0.7338031703341542,-0.5216457529868056,0.0,-0.1916190102524236,0.0,0.0,-4.321258080645877,-0.9087175452551028,1.6654038812742387,0.0,-0.3484573502722323,0.08711210020847432,0.027777777777777776,-3.0949063951708156,0.125,0.0975849826884444,-0.1916190102524235,0.2222222222222222,0,0.0,-1.666848273078999,-4.755088530712135,0,1
-0.017144071662635,0.6451295815407483,0.30300794221642086,0.1111111111111111,1.18463381129414,0.3333333333333333,0.3333333333333333,0.6220805347583526,0.2113282290490522,-0.053403289182176725,0.1111111111111111,0.05263157894736842,0.40433288504809234,0.16666666666666666,-3.0949063951708156,0.25,0.0211820675384221,1.18463381129414,0.1111111111111111,0,0.3333333333333333,0.1673597344439074,0.22160843477979358,0,1
-0.0171885528860085,-0.11927053118868146,-0.4009718641188361,0.1111111111111111,0.3588821183662018,0.1111111111111111,0.1111111111111111,-0.000283048897219512,1.5157774197159266,-0.07276741550001273,0.3333333333333333,-0.3393829401088929,-0.04332596586582715,0.08333333333333333,0.035666533899452305,0.25,0.4796785209384036,0.3588821183662018,0.2222222222222222,0,0.1111111111111111,-1.3723900433022265,-4.755088530712135,0,1
-0.0136986581986124,-2.814764228080276,-0.7260189645445342,0.0,0.083631554056889,0.1111111111111111,0.0,-0.5222138313809659,-1.0455777655604743,1.4464974885989146,0.0,0.0,-0.23068432219458748,0.05555555555555555,-0.061358997757730564,0.25,-0.1753251978386217,0.0836315540568891,0.3333333333333333,0,0.1111111111111111,0.0869332819236188,-0.637791537258746,0,1
-0.0172662916764538,-1.772565598353091,0.5157255112330625,0.1111111111111111,1.18463381129414,0.3333333333333333,0.1111111111111111,0.6918513091836741,1.5700457832620565,-0.10660964473326011,0.3333333333333333,0.3702359346642468,0.3705803393382092,0.16666666666666666,0.8306129270188195,0.25,-0.0552370222405545,1.18463381129414,0.3333333333333333,0,0.1111111111111111,0.5191192900072952,-4.755088530712135,0,1
-0.0076388669859484,-2.814764228080276,0.16614676622282876,0.0,-0.1916190102524236,0.1111111111111111,0.0,-4.321258080645877,-1.0311794399842793,4.08452211118049,0.0,-0.09437386569872959,-2.2159780465851675,0.027777777777777776,0.6999790844510612,0.125,-0.2208130328678629,-0.1916190102524235,0.2222222222222222,0,0.0,-0.0875094222424097,-4.755088530712135,1,0
-0.0172523002279422,0.0002563117208377432,-0.033181289221855335,0.1111111111111111,-0.4668695745617363,0.1111111111111111,0.1111111111111111,0.1524664272809695,1.1652451198824454,-0.10051871117072671,0.1111111111111111,-0.20871143375680581,-0.022406823725610734,0.0,0.12933254910025288,0.0,-0.2844958199592799,-0.4668695745617363,0.1111111111111111,0,0.1111111111111111,-0.3945035917891138,0.40037018956560505,1,0
-0.0172107952734749,0.4335901869034877,0.15837059656804767,0.1111111111111111,0.083631554056889,0.1111111111111111,0.1111111111111111,0.4010310564055918,1.5451359539753573,-0.08245025171371818,0.1111111111111111,-0.2395644283121597,0.15469035568283057,0.05555555555555555,0.2623883834967544,0.25,-0.0934482547099171,0.0836315540568891,0.1111111111111111,0,0.3333333333333333,-0.5135592262370264,0.30881287860016676,1,0
-0.013492710808361,-0.5984391632696228,-1.1614473547221873,0.0,-0.4668695745617363,0.0,0.0,-1.0489311747560286,-1.0026468588377946,1.5361531000503625,0.0,-0.3484573502722323,-0.47113290512673806,0.0,-0.7231516582256567,0.0,-0.2844958199592799,-0.4668695745617363,0.0,0,0.0,-1.666848273078999,-0.6743398072685514,1,0
-0.0171206766581306,-0.1559158946214444,-0.5337515365213942,0.0,-0.4668695745617363,0.1111111111111111,0.1111111111111111,-0.42110326007363774,-0.1215115454526043,-0.04321868120441609,0.1111111111111111,-0.3103448275862069,-0.12274782951552894,0.0,-1.8410457118439,0.0,-0.2844958199592799,-0.4668695745617363,0.1111111111111111,0,0.1111111111111111,-0.9531238224996238,0.014618888643524093,1,0
-0.0167413104249839,0.0,-0.25374892607461336,0.1111111111111111,-0.4668695745617363,0.1111111111111111,0.1111111111111111,-0.1653565554017613,-0.0486977540735316,0.12193180482642763,0.1111111111111111,-0.3393829401088929,0.0,0.0,0.035666533899452305,0.0,-0.2844958199592799,-0.4668695745617363,0.1111111111111111,0,0.1111111111111111,-1.3723900433022265,-0.20902154212594073,1,0
-0.0172633873920135,0.2817201216897579,0.12872422689272303,0.3333333333333333,0.9093832469848272,0.1111111111111111,0.1111111111111111,-4.321258080645877,1.4893140480146894,-0.10534531505661555,0.3333333333333333,-0.13611615245009073,0.2099103637100951,0.1388888888888889,0.322263752751265,0.25,0.0628645737533742,0.9093832469848272,0.2222222222222222,0,0.1111111111111111,-0.1828566844305228,0.4543499688645992,0,1
-0.0157414565358104,0.46317186353556355,0.5603327042819727,0.1111111111111111,0.3588821183662018,0.1111111111111111,0.1111111111111111,0.9664563732231808,-0.904735209886166,0.5572007911755905,0.3333333333333333,0.9673321234119783,0.2099103637100951,0.08333333333333333,0.6983351684928056,0.25,-0.1995850440685558,0.3588821183662018,0.2222222222222222,0,0.1111111111111111,0.9159689132265976,-4.755088530712135,1,0
-0.0173918084564822,-2.814764228080276,-4.959556673683751,0.0,-0.4668695745617363,0.0,0.0,-4.321258080645877,-0.5913576570607089,-0.16125119006736108,0.1111111111111111,-0.2395644283121597,-2.2159780465851675,0.0,-3.0949063951708156,0.0,-0.2844958199592799,-0.4668695745617363,0.1111111111111111,0,0.0,-0.5135592262370264,-4.755088530712135,0,1
-0.0169904863550133,0.11065092629307056,-0.4046203125384395,0.3333333333333333,1.7351349399127654,0.3333333333333333,0.3333333333333333,-0.0019843095974738842,0.2351895856848088,0.01345740105513074,0.1111111111111111,-0.3393829401088929,-0.12274782951552894,0.2222222222222222,-3.0949063951708156,0.25,1.7533024224345426,1.7351349399127651,0.1111111111111111,1,0.3333333333333333,-1.3723900433022265,0.10832488669182568,0,1
-0.0172173903017695,-2.065876748043075,-0.028631056235581716,0.3333333333333333,2.2856360685313915,0.3333333333333333,0.3333333333333333,0.5185005985703939,1.6296764895879434,-0.08532128248312529,0.3333333333333333,-0.29038112522686027,0.2099103637100951,0.2777777777777778,0.12933254910025288,0.25,0.9891493082481057,2.2856360685313906,0.3333333333333333,0,0.1111111111111111,-0.7891132362483021,-4.755088530712135,0,1
-0.012978282022982,-2.814764228080276,-1.3478825626848046,0.0,-0.1916190102524236,0.0,0.0,-0.09161466857309894,-1.0477163807986474,1.7601007171825391,0.0,-0.3103448275862069,-2.2159780465851675,0.027777777777777776,-3.0949063951708156,0.125,-0.1316589140222559,-0.1916190102524235,0.2222222222222222,0,0.0,-0.9531238224996238,-4.755088530712135,0,1
-0.0171687517535747,-2.814764228080276,-0.4766005802195068,0.1111111111111111,1.18463381129414,0.3333333333333333,0.1111111111111111,-0.2045326901872562,-0.0198742553922768,-0.0641473371702176,0.1111111111111111,-0.29038112522686027,-2.2159780465851675,0.16666666666666666,-0.007702430750156923,0.25,0.4796912569651514,1.18463381129414,0.3333333333333333,0,0.3333333333333333,-0.7891132362483021,-0.13127304604343448,0,1
-0.0169962297295029,0.4888456218900366,-0.30529137437660797,0.1111111111111111,-0.4668695745617363,0.1111111111111111,0.1111111111111111,-0.29205669657563127,-0.2939226347404907,0.010957122945126083,0.1111111111111111,-0.29038112522686027,-0.47113290512673806,0.0,-0.6823664260266384,0.0,-0.2844958199592799,-0.4668695745617363,0.1111111111111111,0,0.1111111111111111,-0.7891132362483021,-0.18745275015891033,1,0
-0.0171549877771247,-0.1559158946214444,-0.42186923706138607,0.3333333333333333,2.560886632840704,0.3333333333333333,0.3333333333333333,-0.1653565554017613,-0.145542825782194,-0.0581554296101348,0.3333333333333333,-0.26678765880217786,0.10188744463673431,0.3055555555555555,-0.24959447327614714,0.25,0.916372445798759,2.5608866328407034,0.2222222222222222,0,0.3333333333333333,-0.6440902286753902,-0.13127304604343448,0,1
-0.0173918084564822,-2.814764228080276,-4.959556673683751,0.0,-0.4668695745617363,0.0,0.0,-4.321258080645877,-1.06385683154724,-0.16125119006736108,0.0,0.3702359346642468,-2.2159780465851675,0.0,-3.0949063951708156,0.0,-0.2844958199592799,-0.4668695745617363,0.0,0,0.0,0.5191192900072952,-4.755088530712135,1,0
-0.0171673091285092,0.11065092629307056,0.05876400123600823,0.1111111111111111,-0.4668695745617363,0.1111111111111111,0.1111111111111111,0.5516037639487911,1.815729990795755,-0.06351931545952831,0.1111111111111111,-0.3103448275862069,0.08711210020847432,0.0,0.035666533899452305,0.0,-0.2844958199592799,-0.4668695745617363,0.1111111111111111,0,0.1111111111111111,-0.9531238224996238,0.028901835413208687,1,0
-0.0173918084564822,-2.814764228080276,-4.959556673683751,0.0,-0.1916190102524236,0.0,0.0,-4.321258080645877,-1.0648774221097972,-0.16125119006736108,0.0,-0.3103448275862069,-2.2159780465851675,0.027777777777777776,-3.0949063951708156,0.125,-0.1316589140222559,-0.1916190102524235,0.2222222222222222,0,0.0,-0.9531238224996238,-4.755088530712135,0,1
-0.0173918084564822,-2.814764228080276,-4.959556673683751,0.0,-0.4668695745617363,0.0,0.0,-4.321258080645877,-1.06385683154724,-0.16125119006736108,0.0,0.05263157894736842,-2.2159780465851675,0.0,-3.0949063951708156,0.0,-0.2844958199592799,-0.4668695745617363,0.0,0,0.0,0.1673597344439074,-4.755088530712135,1,0
-0.0171905453190666,0.11065092629307056,-0.1959735251846074,0.3333333333333333,1.4598843756034523,0.1111111111111111,0.3333333333333333,0.5185005985703939,1.630098975199144,-0.07363478654991658,0.3333333333333333,-0.32667876588021777,0.08711210020847432,0.19444444444444442,-3.0949063951708156,0.25,1.052820420542206,1.4598843756034523,0.2222222222222222,0,0.1111111111111111,-1.1433092459291831,-4.755088530712135,0,1
-0.0155358861708136,-0.1559158946214444,0.15550960479028766,0.3333333333333333,0.9093832469848272,0.1111111111111111,0.1111111111111111,-2.3519553752440356,-0.9512673713918632,0.6466922712452499,0.3333333333333333,0.2323049001814882,0.3646410847315479,0.1388888888888889,0.4129095728616361,0.25,-0.0722192733357296,0.9093832469848272,0.2222222222222222,0,0.1111111111111111,0.3871513198050401,-0.028760336821462947,0,1
-0.0170869097412253,-2.814764228080276,-0.1738955765787153,0.3333333333333333,1.7351349399127654,0.3333333333333333,0.3333333333333333,-4.321258080645877,0.4088364503978078,-0.028518841705222463,0.1111111111111111,-0.3103448275862069,-2.2159780465851675,0.2222222222222222,0.32988972360500024,0.25,0.9381994275369115,1.7351349399127651,0.1111111111111111,0,0.3333333333333333,-0.9531238224996238,0.5240685364549036,0,1
-0.0172352737097671,0.5926419006143737,0.8345047258115749,0.1111111111111111,-0.4668695745617363,0.1111111111111111,0.1111111111111111,0.9664563732231808,0.9242917161419548,-0.09310651286116059,0.1111111111111111,1.867513611615245,0.466568897013319,0.0,0.6182177391915771,0.0,-0.2844958199592799,-0.4668695745617363,0.1111111111111111,0,0.1111111111111111,1.285678693674575,1.132875080936701,1,0
-0.0172015517374103,0.42561325830753455,0.5142333882079156,0.1111111111111111,-0.4668695745617363,0.1111111111111111,0.1111111111111111,0.882922131397954,1.8254522216370488,-0.07842623918880201,0.1111111111111111,-0.09437386569872959,0.3351391277761617,0.0,0.3461857824097846,0.0,-0.2844958199592799,-0.4668695745617363,0.1111111111111111,0,0.1111111111111111,-0.0875094222424097,0.47480453218939983,1,0
-0.012978282022982,-0.2534044679986411,-0.6029913473367149,0.0,-0.4668695745617363,0.0,0.0,-0.5394994425939427,-1.0422162791879157,1.7601007171825391,0.0,-0.09437386569872959,-0.1994976106309844,0.0,-0.3539198673153765,0.0,-0.2844958199592799,-0.4668695745617363,0.0,0,0.0,-0.0875094222424097,-0.1627514934471254,1,0
-0.0153518347056428,0.5876067435855802,0.30768351548751677,0.0,-0.4668695745617363,0.0,0.0,0.4123737147400368,-1.0118572379623274,0.7268158728518928,0.0,3.319419237749546,0.007771756975204034,0.0,0.09534167830506711,0.0,-0.2844958199592799,-0.4668695745617363,0.0,0,0.0,1.668921836399024,0.3673504278520734,1,0
-0.0170798333373762,0.11065092629307056,-0.005487791727309074,0.1111111111111111,-0.4668695745617363,0.1111111111111111,0.1111111111111111,-0.0019843095974738842,0.2745621900638363,-0.025438252467368173,0.1111111111111111,-0.26678765880217786,0.08711210020847432,0.0,0.035666533899452305,0.0,-0.2844958199592799,-0.4668695745617363,0.1111111111111111,0,0.1111111111111111,-0.6440902286753902,0.40285087729063135,1,0
-0.0156480160713697,-0.3081343679957707,0.43575835239504973,0.3333333333333333,0.083631554056889,0.1111111111111111,0.1111111111111111,-4.321258080645877,-0.5062943788284974,0.5978784708660688,0.1111111111111111,-0.29038112522686027,0.6180154691107899,0.05555555555555555,-0.08743532437330856,0.25,-0.0297667943178028,0.0836315540568891,0.1111111111111111,0,0.1111111111111111,-0.7891132362483021,0.44212392343578594,1,0
-0.0132967839305542,-2.814764228080276,-0.6697424433025662,0.3333333333333333,2.010385504222078,0.3333333333333333,0.3333333333333333,-4.321258080645877,-0.9378224029849508,1.6214464558346082,0.0,-0.3484573502722323,-2.2159780465851675,0.25,-0.744481550960766,0.25,3.154231403870239,2.0103855042220777,0.2222222222222222,1,0.3333333333333333,-1.666848273078999,0.34346998687038716,0,1
-0.0165134591043293,-0.5420737057329836,-0.5460556292496022,0.1111111111111111,0.083631554056889,0.1111111111111111,0.1111111111111111,-0.3513467498765095,-0.7785261700115256,0.22112291110057455,0.1111111111111111,-0.3103448275862069,-2.2159780465851675,0.05555555555555555,-0.9585256509857062,0.25,0.0211779919147679,0.0836315540568891,0.3333333333333333,0,0.1111111111111111,-0.9531238224996238,-0.33329177989662034,0,1
-0.0168623990705171,-0.10217837794802095,-0.8614352331265656,0.3333333333333333,1.18463381129414,0.0,0.3333333333333333,-1.3106447458006818,-0.5826421974847525,0.06921797076496468,0.1111111111111111,-0.3393829401088929,-2.2159780465851675,0.16666666666666666,-3.0949063951708156,0.25,1.243852861836087,1.18463381129414,0.1111111111111111,0,0.3333333333333333,-1.3723900433022265,0.06082638735881015,0,1
-0.0170610180163921,0.11065092629307056,-0.09895880003510457,0.1111111111111111,-0.4668695745617363,0.1111111111111111,0.1111111111111111,0.2283146734498298,0.8442599835371178,-0.017247329992365272,0.1111111111111111,-0.32667876588021777,-2.2159780465851675,0.0,0.035666533899452305,0.0,-0.2844958199592799,-0.4668695745617363,0.1111111111111111,0,0.1111111111111111,-1.1433092459291831,0.24338431203711525,1,0
-0.0172414962528561,0.14327097278146442,0.006916951134175179,0.1111111111111111,-0.4668695745617363,0.1111111111111111,0.1111111111111111,0.16233385148686327,2.901496600667548,-0.0958153886801273,0.1111111111111111,-0.3103448275862069,0.09532755297151585,0.0,0.11003312390067259,0.0,-0.2844958199592799,-0.4668695745617363,0.1111111111111111,0,0.1111111111111111,-0.9531238224996238,0.18886446224351286,1,0
-0.0167940946289589,0.8593735168527648,2.115116558574089,0.1111111111111111,0.083631554056889,0.1111111111111111,0.1111111111111111,1.382153783229015,1.397096356040364,0.09895312043242946,0.1111111111111111,5.1343012704174225,1.4109505019511823,0.05555555555555555,1.8593296646951312,0.25,-0.2567067863620423,0.0836315540568891,0.3333333333333333,1,0.1111111111111111,1.9939076019519075,1.4337193350375939,1,0
-0.0135698978195778,-2.814764228080276,-1.2145207876493038,0.0,-0.4668695745617363,0.1111111111111111,0.0,-1.031283152231442,-1.0566747992079035,1.5025510782995346,0.0,0.1088929219600726,-0.4617227614448983,0.0,-0.4255239568440657,0.0,-0.2844958199592799,-0.4668695745617363,0.0,0,0.0,0.2439439807007004,-1.1562432923224801,1,0
-0.0172070512524317,0.05928857286933166,0.13310222703267335,0.1111111111111111,-0.4668695745617363,0.1111111111111111,0.1111111111111111,0.24234090765230668,1.3930798133859104,-0.08082035732414684,0.1111111111111111,-0.2395644283121597,0.2099103637100951,0.0,0.4129095728616361,0.0,-0.2844958199592799,-0.4668695745617363,0.1111111111111111,0,0.1111111111111111,-0.5135592262370264,0.1740619304304261,1,0
-0.016124711109046,-0.14830235186941587,-0.3157926177103498,0.1111111111111111,-0.4668695745617363,0.1111111111111111,0.1111111111111111,-0.0019843095974738842,-0.9625220907324992,0.39035758397074516,0.1111111111111111,0.0,0.15469035568283057,0.0,-0.24959447327614714,0.0,-0.2844958199592799,-0.4668695745617363,0.0,0,0.1111111111111111,0.0869332819236188,-0.030311539256362482,1,0
-0.0169439538886326,-0.35097336949856983,-0.6199299451054369,0.1111111111111111,0.083631554056889,0.1111111111111111,0.1111111111111111,-0.24661117247792613,1.4280275272911362,0.03371450031053673,0.1111111111111111,-0.35390199637023595,-0.3324566083412547,0.05555555555555555,-0.14163693776056305,0.25,1.24375098211194,0.0836315540568891,0.3333333333333333,0,0.1111111111111111,-2.102083711231995,-0.29790452698888625,0,1
-0.0172738017003518,-2.814764228080276,-0.36343218803458616,0.1111111111111111,0.083631554056889,0.1111111111111111,0.1111111111111111,0.12475366753727371,0.0236415929163124,-0.10987900291140053,0.1111111111111111,-0.04900181488203267,-2.2159780465851675,0.05555555555555555,-0.24959447327614714,0.25,-0.1669275222729985,0.0836315540568891,0.3333333333333333,0,0.0,0.0021753538983214,0.4735629163204164,0,1
-0.014089388299347,0.5045042141235686,-0.04122304484784451,0.0,0.083631554056889,0.0,0.1111111111111111,0.15505710342254694,-1.0289861018843525,1.2763999406227318,0.0,0.6896551724137931,0.18134588473996047,0.05555555555555555,-2.6424522638060326,0.25,-0.2208127675240223,0.0836315540568891,0.0,0,0.3333333333333333,0.7564222381735122,0.058945700619735676,1,0
-0.0170911292659593,0.11065092629307056,-0.15571706884506487,0.1111111111111111,0.3588821183662018,0.1111111111111111,0.1111111111111111,0.01947104132681927,0.472642260382876,-0.0303557383495417,0.3333333333333333,-0.3103448275862069,-2.2159780465851675,0.08333333333333333,0.035666533899452305,0.25,0.1740148978517919,0.3588821183662018,0.2222222222222222,0,0.1111111111111111,-0.9531238224996238,-4.755088530712135,0,1
-0.0172028371345565,0.4226322051791571,0.4813007853918058,0.1111111111111111,-0.4668695745617363,0.1111111111111111,0.1111111111111111,0.5929396092498583,1.4863679542336736,-0.07898581446167703,0.1111111111111111,-0.04900181488203267,0.2815107170979246,0.0,0.466284007671716,0.0,-0.2844958199592799,-0.4668695745617363,0.1111111111111111,0,0.1111111111111111,0.0021753538983214,0.5982679880337806,1,0
-0.0172399947686271,0.8000528953016742,0.6601753578176368,0.1111111111111111,0.083631554056889,0.1111111111111111,0.1111111111111111,0.7925816119909868,1.6665662760249398,-0.0951617436571224,0.1111111111111111,0.3702359346642468,0.4225853790644789,0.05555555555555555,0.5272298787623363,0.25,-0.2080762207197047,0.0836315540568891,0.1111111111111111,0,0.3333333333333333,0.5191192900072952,0.7481420290032386,1,0
-0.0168218885407652,0.07437429057655615,0.04325460636915132,0.1111111111111111,0.6341326826755145,0.1111111111111111,0.1111111111111111,0.9123043261078035,0.0432287811868638,0.08685352473188848,0.1111111111111111,-0.3103448275862069,-0.23241813105536835,0.1111111111111111,-0.24959447327614714,0.25,0.3268518037888158,0.6341326826755145,0.3333333333333333,0,0.3333333333333333,-0.9531238224996238,-0.16429097780826082,0,1
-0.0135101991075654,-2.814764228080276,-0.10207732673299867,0.0,-0.4668695745617363,0.0,0.0,-0.7155364667222617,-1.0453630355270331,1.5285398734078415,0.0,1.867513611615245,-0.23068432219458748,0.0,0.5838037783417782,0.0,-0.2844958199592799,-0.4668695745617363,0.0,0,0.0,1.285678693674575,-0.13677854256052477,1,0
-0.012978282022982,-0.9414836912756308,-1.1942810501571728,0.0,-0.1916190102524236,0.0,0.0,-0.4726539510272512,-1.0589653022426233,1.7601007171825391,0.0,0.44464609800362975,-2.2159780465851675,0.027777777777777776,-1.0340736495282474,0.125,-0.2481055259427889,-0.1916190102524235,0.2222222222222222,0,0.0,0.5814972662319737,-0.654523812575515,1,0
-0.010766401871891,-2.814764228080276,-0.23972731018283533,0.0,-0.4668695745617363,0.0,0.0,0.44613669558068747,-1.040344432664017,2.7230042391031106,0.0,-0.04900181488203267,0.31182663908465363,0.0,-3.0949063951708156,0.0,-0.2844958199592799,-0.4668695745617363,0.0,0,0.0,0.0021753538983214,-4.755088530712135,1,0
-0.0172138725448677,0.34565061112004275,0.5860460510742206,0.1111111111111111,0.083631554056889,0.1111111111111111,0.1111111111111111,0.6313781298970101,1.1195726810166178,-0.08378988824897099,0.1111111111111111,0.29945553539019965,-0.051588557767188604,0.05555555555555555,0.39549989750504244,0.25,-0.2040541577179534,0.0836315540568891,0.3333333333333333,0,0.1111111111111111,0.4544096728511559,0.774647446935304,0,1
-0.0168843940798027,1.3767312106147718,0.9408917490113918,0.1111111111111111,0.9093832469848272,0.1111111111111111,0.1111111111111111,0.2283146734498298,1.2413928859863914,0.05964282633620611,0.3333333333333333,-0.13611615245009073,0.2099103637100951,0.1388888888888889,0.035666533899452305,0.25,0.0628645737533742,0.9093832469848272,0.2222222222222222,0,0.3333333333333333,-0.1828566844305228,-4.755088530712135,0,1
-0.017225725673775,-0.07413573245930506,-0.30696877684600476,0.1111111111111111,-0.4668695745617363,0.1111111111111111,0.1111111111111111,-0.03894046931156866,1.1309704227954591,-0.08894994159318301,0.1111111111111111,-0.3103448275862069,-0.04332596586582715,0.0,-0.22991229466185553,0.0,-0.2844958199592799,-0.4668695745617363,0.1111111111111111,0,0.1111111111111111,-0.9531238224996238,0.023227980469194134,1,0
-0.0171100763495638,1.1641948210864363,0.948883885455647,0.1111111111111111,-0.4668695745617363,0.1111111111111111,0.1111111111111111,0.7858787389973348,0.8630600781130382,-0.03860402138782561,0.1111111111111111,0.6896551724137931,0.3735951131834251,0.0,0.4883264316930056,0.0,-0.2844958199592799,-0.4668695745617363,0.1111111111111111,0,0.1111111111111111,0.7564222381735122,0.7830973662633681,1,0
-0.0101186164335137,-2.814764228080276,-0.9665353363370768,0.0,-0.1916190102524236,0.0,0.0,-4.321258080645877,-1.061876514654056,3.0050063537993887,0.0,3.319419237749546,-0.06655065759482424,0.027777777777777776,-0.4274203907335681,0.125,-0.2675136396224425,-0.1916190102524235,0.2222222222222222,0,0.0,1.668921836399024,-0.5727984405646422,1,0
-0.0172370325221793,0.7665693051245074,0.9457586018513863,0.1111111111111111,-0.4668695745617363,0.1111111111111111,0.1111111111111111,0.946053551100687,1.0840621608967802,-0.09387218122941374,0.1111111111111111,2.4047186932849365,0.466568897013319,0.0,0.7000200983930972,0.0,-0.2844958199592799,-0.4668695745617363,0.1111111111111111,0,0.1111111111111111,1.4475584443037126,1.1332096547808692,1,0
-0.0168745964215568,0.11065092629307056,-0.18381460371000366,0.1111111111111111,0.083631554056889,0.1111111111111111,0.1111111111111111,-0.1653565554017613,0.360745750597624,0.06390806630720836,0.1111111111111111,-0.3393829401088929,0.26513373594517553,0.05555555555555555,0.035666533899452305,0.25,0.2249537406391757,0.0836315540568891,0.1111111111111111,0,0.3333333333333333,-1.3723900433022265,-0.20902154212594073,1,0
-0.0172337800799169,0.848218412762769,1.2118003410762186,0.1111111111111111,0.083631554056889,0.1111111111111111,0.1111111111111111,1.2769920444794238,1.58385092011007,-0.0924562871052407,0.1111111111111111,3.6533575317604354,0.6655406151086372,0.05555555555555555,0.836896632774644,0.25,-0.2519767481540832,0.0836315540568891,0.3333333333333333,1,0.1111111111111111,1.7378785539272517,1.4189904298415112,1,0
-0.0172296507006081,0.5414483474518867,0.6565507817858315,0.1111111111111111,0.3588821183662018,0.1111111111111111,0.1111111111111111,0.8688688417452327,1.146389064130244,-0.09065863370263533,0.3333333333333333,0.604355716878403,0.4176415027026132,0.08333333333333333,0.49586840709530183,0.25,-0.1848180168137657,0.3588821183662018,0.2222222222222222,0,0.1111111111111111,0.6999923241170234,0.6826633274259496,1,0
-0.0170953675186716,-2.814764228080276,-0.3027472282991717,0.1111111111111111,-0.4668695745617363,0.1111111111111111,0.1111111111111111,0.29941267964829293,0.99915758511104,-0.03220078789323355,0.1111111111111111,-0.3393829401088929,-0.1979418574226573,0.0,0.13211030431468745,0.0,-0.2844958199592799,-0.4668695745617363,0.1111111111111111,0,0.1111111111111111,-1.3723900433022265,-0.13127304604343448,1,0
-0.0172101595596358,0.11065092629307056,0.12148467329315596,0.3333333333333333,1.18463381129414,0.1111111111111111,0.1111111111111111,-4.321258080645877,1.3900617249088776,-0.08217350475962402,0.3333333333333333,-0.2395644283121597,-2.2159780465851675,0.16666666666666666,0.24182549120650132,0.25,0.2886468757888082,1.18463381129414,0.3333333333333333,0,0.1111111111111111,-0.5135592262370264,0.8311295705151313,0,1
-0.0171761159016046,-2.814764228080276,-0.3247400746497875,0.1111111111111111,0.6341326826755145,0.3333333333333333,0.1111111111111111,-0.1653565554017613,1.6754473143328512,-0.06735319082845678,0.1111111111111111,-0.3393829401088929,-2.2159780465851675,0.1111111111111111,0.035666533899452305,0.25,0.7344033012376314,0.6341326826755145,0.1111111111111111,0,0.3333333333333333,-1.3723900433022265,-0.030311539256362482,0,1
-0.0137179930115563,-2.814764228080276,-1.4369047937588608,0.0,0.9093832469848272,0.3333333333333333,0.3333333333333333,-0.17106353992773332,-1.0573726578561486,1.438080414341889,0.0,-0.04900181488203267,-2.2159780465851675,0.1388888888888889,-3.0949063951708156,0.25,0.0094249242564235,0.9093832469848272,0.2222222222222222,1,0.0,0.0021753538983214,-4.755088530712135,0,1
-0.0171430395389593,0.32593776497342714,-0.02472296228245234,0.1111111111111111,1.18463381129414,0.3333333333333333,0.3333333333333333,0.6220805347583526,1.216255884157313,-0.05295397210596029,0.1111111111111111,-0.3103448275862069,-0.09389805230647255,0.16666666666666666,-3.0949063951708156,0.25,0.6325256156628638,1.18463381129414,0.1111111111111111,0,0.3333333333333333,-0.9531238224996238,0.22160843477979358,0,1
-0.0172647357462833,-0.11927053118868146,-0.6893717957521546,0.3333333333333333,3.386638325768641,0.3333333333333333,0.3333333333333333,-0.29205669657563127,1.5618451294964062,-0.10593229761737447,0.4444444444444444,-0.3393829401088929,-0.12274782951552894,0.38888888888888884,-0.08274428171137979,0.375,3.28165110422991,3.386638325768641,0.4444444444444444,1,0.3333333333333333,-1.3723900433022265,-4.755088530712135,0,1
-0.0168324345800075,1.133092355903739,0.6023434259546245,0.1111111111111111,-0.4668695745617363,0.0,0.1111111111111111,0.12634182770308133,1.1923645757383738,0.08226249012104118,0.1111111111111111,-0.29038112522686027,-0.12305066039692682,0.0,-0.24959447327614714,0.0,-0.2844958199592799,-0.4668695745617363,0.1111111111111111,0,0.1111111111111111,-0.7891132362483021,0.05651928312176157,1,0
-0.0172233601632478,0.3051604187383735,0.3124358727414211,0.1111111111111111,0.083631554056889,0.1111111111111111,0.1111111111111111,0.5287472012254044,0.1774353254070081,-0.08792015776125903,0.1111111111111111,0.604355716878403,0.15469035568283057,0.05555555555555555,0.24269790505681338,0.25,-0.2180439511956038,0.0836315540568891,0.3333333333333333,0,0.1111111111111111,0.6999923241170234,0.7050427197050999,1,0
-0.017118538397763,-2.814764228080276,-0.4611689261349421,0.1111111111111111,1.4598843756034523,0.3333333333333333,0.4444444444444444,0.24931753315512672,1.5550842586096094,-0.04228782677377814,0.1111111111111111,-0.3484573502722323,-0.2471137593399701,0.19444444444444442,-3.0949063951708156,0.375,2.3900697985747907,1.4598843756034523,0.1111111111111111,1,0.3333333333333333,-1.666848273078999,-0.3036642577140323,0,1
-0.016736257704198,1.5843454270279707,1.347918799626016,0.1111111111111111,-0.4668695745617363,0.0,0.1111111111111111,0.7096586071884762,0.8900533026161657,0.12413141886863888,0.1111111111111111,0.29945553539019965,0.31895428539423176,0.0,0.21608506281759368,0.0,-0.2844958199592799,-0.4668695745617363,0.1111111111111111,0,0.1111111111111111,0.4544096728511559,0.7481420290032386,1,0
-0.0171985182418398,0.20016520317409875,-0.4251119867597289,0.3333333333333333,2.560886632840704,0.3333333333333333,0.3333333333333333,0.33188198868319113,1.5480799403175558,-0.07710565969576415,0.3333333333333333,-0.3393829401088929,-0.08335141980723527,0.3055555555555555,-3.0949063951708156,0.25,2.5174767633322266,2.5608866328407034,0.2222222222222222,1,0.3333333333333333,-1.3723900433022265,-4.755088530712135,0,1
-0.0171809320233224,0.26663088282169384,-0.07708659642539761,0.1111111111111111,-0.4668695745617363,0.1111111111111111,0.1111111111111111,0.003385634541046894,1.4141465042546626,-0.06944980558482135,0.1111111111111111,-0.3103448275862069,0.0,0.0,0.040983330166150404,0.0,-0.2844958199592799,-0.4668695745617363,0.1111111111111111,0,0.1111111111111111,-0.9531238224996238,-0.03530156299097382,1,0
-0.0173155606775882,-2.814764228080276,-1.6882064814575903,0.1111111111111111,-0.4668695745617363,0.0,0.0,-4.321258080645877,-0.5168580896669563,-0.12805804675919477,0.1111111111111111,-0.3103448275862069,-2.2159780465851675,0.0,-3.0949063951708156,0.0,-0.2844958199592799,-0.4668695745617363,0.1111111111111111,0,0.0,-0.9531238224996238,-0.4608380511121482,1,0
