total_delinquency,PAY_2,payment_ratio,PAY_3,PAY_5,LIMIT_BAL,PAY_AMT1,unemp_x_delinquency,PAY_AMT2,max_delinquency,rate_x_delinquency,PAY_6,PAY_AMT4,cpi_risk_norm,avg_payment,PAY_4,PAY_1,BILL_AMT_PC2,gdp_x_payment_ratio,LIMIT_BAL_sq,true,pred
0.1388888888888889,0.3333333333333333,1.2034473608764935,0.3333333333333333,0.0,-0.0875094222424097,-1.2077400179375917,0.9093832469848272,-4.321258080645877,0.25,0.9093832469848272,0.0,-0.6183712309333453,0.0339181154978052,-1.2800685055930083,0.0,0.2222222222222222,9.681850567465698,-0.0142569672513792,-0.09437386569872959,1,0
0.05555555555555555,0.1111111111111111,-0.10658527006001806,0.1111111111111111,0.1111111111111111,0.3871513198050401,0.418285773844652,0.083631554056889,0.3165280620467471,0.25,0.0836315540568891,0.1111111111111111,-2.814764228080276,-0.1995852013098598,-0.1825512428713263,0.1111111111111111,0.3333333333333333,-3.5734180859824605,-0.0172662356855319,0.2323049001814882,0,1
0.0,0.1111111111111111,-0.05555377724420414,0.1111111111111111,0.1111111111111111,0.0869332819236188,0.9698125877403967,-0.4668695745617363,0.7855237563847912,0.0,-0.4668695745617363,0.1111111111111111,0.377313852074737,-0.2844958199592799,0.6232416701602216,0.1111111111111111,0.1111111111111111,2.8107101276628397,-0.0171490115364139,0.0,1,0
0.0,0.0,0.8285076120127138,0.0,0.0,0.5191192900072952,-4.755088530712135,-0.4668695745617363,-0.5772939986110899,0.0,-0.4668695745617363,0.0,-0.4261508547027436,-0.2844958199592799,-0.7740875159319682,0.1111111111111111,0.0,8.557116593022174,-0.0151182391955432,0.3702359346642468,1,0
0.0,0.1111111111111111,-0.09496287929088351,0.1111111111111111,0.1111111111111111,0.1673597344439074,0.7153292594524013,-0.4668695745617363,0.40576161802781613,0.0,-0.4668695745617363,0.1111111111111111,0.2225182096590812,-0.2844958199592799,0.2651529221367708,0.1111111111111111,0.1111111111111111,-0.25320824975452794,-0.0172395379584333,0.05263157894736842,1,0
0.3055555555555555,0.3333333333333333,0.08486944273202525,0.3333333333333333,0.3333333333333333,-1.666848273078999,-4.755088530712135,2.560886632840704,0.2283146734498298,0.25,2.5608866328407034,0.3333333333333333,0.46317186353556355,3.918393009165688,-0.1601698952376606,0.3333333333333333,0.2222222222222222,8.099577259054792,-0.0168264461641342,-0.3484573502722323,1,0
0.1388888888888889,0.3333333333333333,0.30649149290144906,0.1111111111111111,0.3333333333333333,-1.666848273078999,-4.755088530712135,0.9093832469848272,0.5185005985703939,0.25,0.9093832469848272,0.1111111111111111,-2.814764228080276,1.6259081932793418,0.01952349800652948,0.1111111111111111,0.2222222222222222,8.943131805888848,-0.0163173594252717,-0.3484573502722323,1,0
0.0,0.1111111111111111,-0.09059785923166909,0.1111111111111111,0.1111111111111111,0.1673597344439074,0.2696212495623417,-0.4668695745617363,0.29235185883120085,0.0,-0.4668695745617363,0.1111111111111111,0.31962039750174853,-0.2844958199592799,0.24102909985786913,0.1111111111111111,0.1111111111111111,4.216197480476224,-0.0172295110959198,0.05263157894736842,1,0
0.0,0.0,1.395238633419841,0.0,0.1111111111111111,1.0629938337787594,-0.030311539256362482,-0.4668695745617363,-0.17106353992773332,0.0,-0.4668695745617363,0.0,-2.814764228080276,-0.2844958199592799,-0.7340920878380449,0.1111111111111111,0.0,9.705216326681827,-0.0138164046205094,1.2776769509981851,1,0
0.0,0.1111111111111111,-0.08289962080431196,0.1111111111111111,0.1111111111111111,-0.9531238224996238,0.13341011225181146,-0.4668695745617363,-0.12130331587691619,0.0,-0.4668695745617363,0.1111111111111111,-0.1559158946214444,-0.2844958199592799,-0.3301693396470114,0.1111111111111111,0.1111111111111111,2.4978596428029216,-0.0172118275166326,-0.3103448275862069,1,0
0.0,0.0,1.1600995952694124,0.0,0.0,-0.2847917733012345,0.7177579864408934,-0.4668695745617363,-4.321258080645877,0.0,-0.4668695745617363,0.0,-2.814764228080276,-0.2844958199592799,-0.05667850433970106,0.0,0.0,7.644062637493493,-0.014356541154847,-0.17422867513611615,1,0
0.0,0.0,1.899640920868354,0.0,0.0,1.486110633212629,-0.13420324118399174,-0.4668695745617363,-4.321258080645877,0.0,-0.4668695745617363,0.0,-1.8584428480870403,-0.2844958199592799,1.702319774475024,0.0,0.0,9.337518120680722,-0.0126577450223526,2.5480943738656987,1,0
0.027777777777777776,0.0,2.546283573851776,0.0,0.0,0.5191192900072952,-4.755088530712135,-0.1916190102524236,1.6251313776386225,0.125,-0.1916190102524235,0.0,-2.814764228080276,-0.2462860203394923,0.8967794524759559,0.0,0.2222222222222222,9.426440162016137,-0.0111723458972876,0.3702359346642468,1,0
0.1388888888888889,0.3333333333333333,-0.09176125895312999,0.1111111111111111,0.1111111111111111,-0.9531238224996238,-0.29790452698888625,0.9093832469848272,-0.2045326901872562,0.25,0.9093832469848272,0.3333333333333333,0.04813912467843712,0.4796887097258397,-0.5240350920582416,0.1111111111111111,0.2222222222222222,3.5759569380056777,-0.0172321835347396,-0.3103448275862069,1,0
0.0,0.1111111111111111,-0.04945855659771485,0.1111111111111111,0.1111111111111111,-0.9531238224996238,0.050275059679505366,-0.4668695745617363,0.07491943898225609,0.0,-0.4668695745617363,0.1111111111111111,-0.1559158946214444,-0.2844958199592799,-0.21674623252807326,0.1111111111111111,0.1111111111111111,1.4628237973430802,-0.0171350102400664,-0.3103448275862069,1,0
0.0,0.1111111111111111,1.129771911515799,0.1111111111111111,0.1111111111111111,-0.3945035917891138,0.47521785360088037,-0.4668695745617363,0.12475366753727371,0.0,-0.4668695745617363,0.1111111111111111,0.13847026145079377,-0.2844958199592799,0.5653464562544375,0.1111111111111111,0.0,7.048510826927935,-0.014426206703052,-0.20871143375680581,1,0
0.0,0.1111111111111111,-0.08797381841280602,0.1111111111111111,0.1111111111111111,-0.5135592262370264,-0.13127304604343448,-0.4668695745617363,-0.08763876442566432,0.0,-0.4668695745617363,0.0,-2.814764228080276,-0.2844958199592799,-0.7416913489668269,0.1111111111111111,0.1111111111111111,2.625188702535482,-0.0172234834268224,-0.2395644283121597,1,0
0.027777777777777776,0.0,2.8987221422939795,0.0,0.0,1.8373853869087895,-0.7378859766215805,-0.1916190102524236,1.0189403510475612,0.125,-0.1916190102524235,0.0,1.3859367725950993,-0.269211854259697,1.4066385855629433,0.0,0.2222222222222222,10.12529270645483,-0.0103627612854655,4.181488203266787,1,0
0.8888888888888888,0.3333333333333333,-0.16125119006736108,0.8888888888888888,0.8888888888888888,-0.1828566844305228,-4.755088530712135,8.341148483336271,-4.321258080645877,0.875,8.34114848333627,0.8888888888888888,-2.814764228080276,1.9386106998017067,-4.959556673683751,0.8888888888888888,0.3333333333333333,9.879825120092024,-0.0173918084564822,-0.13611615245009073,0,1
0.0,0.0,-0.16125119006736108,0.0,0.0,0.1673597344439074,-4.755088530712135,-0.4668695745617363,-4.321258080645877,0.0,-0.4668695745617363,0.0,-2.814764228080276,-0.2844958199592799,-4.959556673683751,0.0,0.0,9.931829541894084,-0.0173918084564822,0.05263157894736842,1,0
0.05555555555555555,0.0,1.5494405464644398,0.3333333333333333,0.1111111111111111,0.5191192900072952,0.04286393398568506,0.083631554056889,-4.321258080645877,0.25,0.0836315540568891,0.0,-2.814764228080276,-0.2080762207197047,-0.7785033105672183,0.1111111111111111,0.0,9.642895138719915,-0.0134621882915014,0.3702359346642468,1,0
0.0,0.1111111111111111,0.025570369377182524,0.1111111111111111,0.1111111111111111,-1.3723900433022265,0.4723188152851324,-0.4668695745617363,-0.2657090919451877,0.0,-0.4668695745617363,0.1111111111111111,-0.3619791398249584,-0.2844958199592799,-0.3152005538387588,0.1111111111111111,0.1111111111111111,7.956111345384465,-0.0169626617250349,-0.3393829401088929,1,0
0.0,0.0,0.7774005331797246,0.0,0.0,0.5191192900072952,-0.6071901157331824,-0.4668695745617363,-0.27803738391473914,0.0,-0.4668695745617363,0.0,-0.5176949796124348,-0.2844958199592799,-0.8763976240772376,0.0,0.0,8.623677868637031,-0.0152356369728672,0.3702359346642468,1,0
0.3055555555555555,0.3333333333333333,-0.0033093539222199303,0.3333333333333333,0.3333333333333333,-0.2847917733012345,-4.755088530712135,2.560886632840704,0.5185005985703939,0.25,2.5608866328407034,0.3333333333333333,0.46317186353556355,0.5561155686401189,0.037829744721729376,0.3333333333333333,0.2222222222222222,6.612481242628065,-0.017029001171595,-0.17422867513611615,1,0
0.0,0.0,-0.16125119006736108,0.0,0.0,0.1673597344439074,-4.755088530712135,-0.4668695745617363,-4.321258080645877,0.0,-0.4668695745617363,0.0,-2.814764228080276,-0.2844958199592799,-4.959556673683751,0.0,0.0,9.931829541894084,-0.0173918084564822,0.05263157894736842,1,0
0.0,0.0,1.4043323753755432,0.0,0.0,1.486110633212629,-4.755088530712135,-0.4668695745617363,-4.321258080645877,0.0,-0.4668695745617363,0.0,-2.814764228080276,-0.2844958199592799,-0.5287714812258132,0.0,0.0,8.546854743810789,-0.0137955154380804,2.5480943738656987,1,0
0.1111111111111111,0.3333333333333333,-0.09712739515371688,0.1111111111111111,0.1111111111111111,-0.5135592262370264,-4.755088530712135,0.6341326826755145,0.034048522542284965,0.25,0.6341326826755145,0.1111111111111111,0.11065092629307056,0.0975993105394455,-0.15261272446082014,0.1111111111111111,0.3333333333333333,2.2641073796183715,-0.0172445100553929,-0.2395644283121597,0,1
0.0,0.0,-0.11398080903971017,0.0,0.0,-0.9531238224996238,-0.4608380511121482,-0.4668695745617363,-4.321258080645877,0.0,-0.4668695745617363,0.0,-2.814764228080276,-0.2844958199592799,-1.6882064814575903,0.0,0.0,3.171437748202222,-0.017283223935656,-0.3103448275862069,1,0
0.0,0.0,0.9452565762525614,0.0,0.1111111111111111,0.8643003776574393,0.02436690244256856,-0.4668695745617363,1.1606494565935317,0.0,-0.4668695745617363,0.1111111111111111,0.26663088282169384,-0.2844958199592799,0.4541406133496498,0.1111111111111111,0.0,8.337737590220174,-0.014850055820175,0.8711433756805808,1,0
0.16666666666666666,0.1111111111111111,-0.05308442924314602,0.1111111111111111,0.3333333333333333,-0.5135592262370264,0.3173937429971883,1.18463381129414,0.4367680641277337,0.25,1.18463381129414,0.3333333333333333,0.32593776497342714,0.2886468757888082,0.3225720417761113,0.3333333333333333,0.0,4.950081214176734,-0.0171433392113,-0.2395644283121597,1,0
0.05555555555555555,0.1111111111111111,-0.023670646160610088,0.1111111111111111,0.1111111111111111,-1.666848273078999,-0.337351004074052,0.083631554056889,-0.15299937553885104,0.25,0.0836315540568891,0.3333333333333333,0.14327097278146442,0.4796657853361687,-0.5297022885643404,0.1111111111111111,0.1111111111111111,7.731461222625025,-0.0170757729790787,-0.3484573502722323,1,0
0.0,0.1111111111111111,0.2422908879259925,0.1111111111111111,0.0,-1.3723900433022265,-0.20902154212594073,-0.4668695745617363,-0.17451544784022996,0.0,-0.4668695745617363,0.1111111111111111,1.1652888225029694,-0.2844958199592799,0.6138287195795089,0.1111111111111111,0.1111111111111111,5.556990287343818,-0.0164648342663129,-0.3393829401088929,1,0
0.0,0.0,1.4990679303060017,0.0,0.0,-1.666848273078999,-1.005124285491743,-0.4668695745617363,-0.8931339096976113,0.0,-0.4668695745617363,0.0,-0.4929187206278991,-0.2844958199592799,-1.0691049351310837,0.0,0.0,9.797976788058671,-0.0135778989388331,-0.3484573502722323,1,0
0.0,0.1111111111111111,-0.09818923852002467,0.1111111111111111,0.1111111111111111,-0.9531238224996238,-0.09473108464626209,-0.4668695745617363,-0.005402188470527549,0.0,-0.4668695745617363,0.1111111111111111,-0.1404669937593093,-0.2844958199592799,-0.32624358018341704,0.1111111111111111,0.1111111111111111,3.587606888261344,-0.0172469492096924,-0.3103448275862069,1,0
0.0,0.0,0.691864252181012,0.0,0.0,0.3170934418812415,0.19408225987763025,-0.4668695745617363,-0.9297151947219351,0.0,-0.4668695745617363,0.0,0.732265433194735,-0.2844958199592799,0.1617047603534066,0.0,0.1111111111111111,11.373383340833573,-0.0154321218727893,0.16878402903811252,1,0
0.3333333333333333,0.3333333333333333,-0.08860647162909363,0.3333333333333333,0.3333333333333333,-0.2847917733012345,-0.030311539256362482,2.8361371971500167,-0.29205669657563127,0.25,2.836137197150016,0.3333333333333333,-2.814764228080276,0.6325347857855188,-0.4306715932514936,0.3333333333333333,0.3333333333333333,5.937224975490025,-0.0172249366908927,-0.17422867513611615,0,1
0.0,0.1111111111111111,0.37503619982583,0.1111111111111111,0.1111111111111111,-0.5135592262370264,2.114011157279568,-0.4668695745617363,0.2302049634480048,0.0,-0.4668695745617363,0.1111111111111111,0.11314312750537367,-0.2844958199592799,1.075131019037924,0.1111111111111111,0.1111111111111111,6.530267444395134,-0.016159905772588,-0.2395644283121597,1,0
0.0,0.1111111111111111,0.11765814640264141,0.1111111111111111,0.0,-0.9531238224996238,0.9698125877403967,-0.4668695745617363,-0.3040096120661585,0.0,-0.4668695745617363,0.0,-2.814764228080276,-0.2844958199592799,-0.04499141665336347,0.0,0.1111111111111111,3.0785428628074034,-0.0167511274212093,-0.3103448275862069,1,0
0.0,0.0,2.1962337774526755,0.0,0.0,1.1095988810204689,0.43157623042805493,-0.4668695745617363,-0.04381009225418542,0.0,-0.4668695745617363,0.0,0.20229314243611982,-0.2844958199592799,0.26228415157412566,0.0,0.0,9.04493277365022,-0.0119764432745662,1.3883847549909256,1,0
0.0,0.1111111111111111,0.3430056884942437,0.1111111111111111,0.1111111111111111,-0.2847917733012345,0.10832488669182568,-0.4668695745617363,-0.0019843095974738842,0.0,-0.4668695745617363,0.1111111111111111,0.11065092629307056,-0.2844958199592799,0.843826335561442,0.1111111111111111,0.1111111111111111,6.0375230117159635,-0.0162334828762445,-0.17422867513611615,1,0
0.1111111111111111,0.1111111111111111,-0.03660139720049328,0.1111111111111111,0.1111111111111111,0.3871513198050401,-0.20902154212594073,0.6341326826755145,0.315879223095951,0.25,0.6341326826755145,0.1111111111111111,-2.814764228080276,-0.1146745826604397,-0.6633311381538811,0.3333333333333333,0.3333333333333333,7.912262408634595,-0.0171054761330424,0.2323049001814882,0,1
0.16666666666666666,0.0,1.8656695032951711,0.4444444444444444,0.0,1.0629938337787594,-0.18465918818434535,1.18463381129414,-4.321258080645877,0.375,1.18463381129414,0.0,-0.5176949796124348,-0.1316563667489812,-1.0150990737269283,0.3333333333333333,0.2222222222222222,9.905914105090215,-0.0127357805705919,1.2776769509981851,1,0
0.0,0.1111111111111111,-0.0889423339332478,0.1111111111111111,0.1111111111111111,-0.2847917733012345,0.4306891230085945,-0.4668695745617363,0.3773517697938406,0.0,-0.4668695745617363,0.1111111111111111,0.11065092629307056,-0.2844958199592799,0.15260017882865953,0.1111111111111111,0.1111111111111111,2.0396620979596816,-0.017225708198263,-0.17422867513611615,1,0
0.0,0.1111111111111111,0.8656342026179568,0.1111111111111111,0.0,1.3273719327921307,-0.39715284049189586,-0.4668695745617363,-0.38209803763669675,0.0,-0.4668695745617363,0.0,0.1452097780638525,-0.2844958199592799,-0.10191838960246757,0.0,0.1111111111111111,8.083155509611409,-0.0150329559174494,1.9963702359346642,1,0
0.05555555555555555,0.1111111111111111,-0.009327113800273564,0.1111111111111111,0.1111111111111111,-1.3723900433022265,-0.20902154212594073,0.083631554056889,-0.1653565554017613,0.25,0.0836315540568891,0.3333333333333333,0.11065092629307056,0.2249537406391757,-0.3555039723323022,0.1111111111111111,0.1111111111111111,7.520954278618813,-0.0170428245332561,-0.3393829401088929,1,0
0.0,0.1111111111111111,-0.09790175275101011,0.1111111111111111,0.1111111111111111,1.0152348983243975,1.0118628706679804,-0.4668695745617363,0.967179037663962,0.0,-0.4668695745617363,0.1111111111111111,0.07437429057655615,-0.2844958199592799,0.5477000120583102,0.1111111111111111,0.1111111111111111,-5.201433880659017,-0.0172462888277832,1.1705989110707804,1,0
0.16666666666666666,0.3333333333333333,0.002823181295325318,0.3333333333333333,0.1111111111111111,-2.102083711231995,0.22160843477979358,1.18463381129414,-4.321258080645877,0.25,1.18463381129414,0.1111111111111111,-2.814764228080276,4.300244586254379,-0.8056590892710066,0.1111111111111111,0.3333333333333333,8.032658116305347,-0.0170149141601606,-0.35390199637023595,0,1
0.027777777777777776,0.0,4.80350808470248,0.0,0.0,0.9662521913648202,0.5479226340652946,-0.1916190102524236,0.5070233218978856,0.125,-0.1916190102524235,0.0,0.40710342996011545,-0.2572030669556937,1.0524881595541893,0.1111111111111111,0.2222222222222222,10.064561861921803,-0.0059872884346786,1.0671506352087115,1,0
0.027777777777777776,0.0,0.4796557092248806,0.1111111111111111,0.0,-0.7891132362483021,1.1638796768439559,-0.1916190102524236,0.2283146734498298,0.125,-0.1916190102524235,0.1111111111111111,1.0963391462974434,-0.1571313071385413,0.7950146571058243,0.1111111111111111,0.2222222222222222,9.11990691200556,-0.0159195848982857,-0.29038112522686027,1,0
0.3055555555555555,0.3333333333333333,-0.01975447129257424,0.3333333333333333,0.3333333333333333,-1.3723900433022265,-0.20902154212594073,2.560886632840704,-4.321258080645877,0.25,2.5608866328407034,0.3333333333333333,-2.814764228080276,2.5174767633322266,-0.7684975363898211,0.3333333333333333,0.2222222222222222,8.160764572907661,-0.0170667771562765,-0.3393829401088929,1,0
0.05555555555555555,0.1111111111111111,0.15957173914635375,0.1111111111111111,0.3333333333333333,-0.9531238224996238,-0.030311539256362482,0.083631554056889,-0.1653565554017613,0.25,0.0836315540568891,0.1111111111111111,-2.814764228080276,0.0211779919147679,-0.3247400746497875,0.1111111111111111,0.1111111111111111,8.95921416552698,-0.0166548479479908,-0.3103448275862069,1,0
0.05555555555555555,0.1111111111111111,0.05785390506600158,0.1111111111111111,0.3333333333333333,-2.102083711231995,-0.29790452698888625,0.083631554056889,-0.29205669657563127,0.25,0.0836315540568891,0.1111111111111111,-2.814764228080276,1.24375098211194,-0.6147064383593752,0.1111111111111111,0.1111111111111111,8.06000237732919,-0.0168885034005803,-0.35390199637023595,1,0
0.0,0.0,1.1388712889880936,0.0,0.1111111111111111,-0.9531238224996238,-0.5720553842979529,-0.4668695745617363,-0.12305762616024334,0.0,-0.4668695745617363,0.0,-2.814764228080276,-0.2844958199592799,-0.9126736172038274,0.1111111111111111,0.0,9.588568438089371,-0.0144053045753102,-0.3103448275862069,1,0
0.0,0.1111111111111111,-0.09088961453166965,0.1111111111111111,0.1111111111111111,0.1673597344439074,0.5933902626275104,-0.4668695745617363,0.5890391089691536,0.0,-0.4668695745617363,0.1111111111111111,0.4474646423331391,-0.2844958199592799,0.48894933906119814,0.1111111111111111,0.1111111111111111,2.693962159486539,-0.0172301812853441,0.05263157894736842,1,0
0.1388888888888889,0.1111111111111111,0.03067206586662082,0.4444444444444444,0.1111111111111111,-0.6440902286753902,0.9379336656972435,0.9093832469848272,-4.321258080645877,0.375,0.9093832469848272,0.1111111111111111,0.017541866167820518,0.2613533917489195,0.4421180379288881,0.3333333333333333,0.1111111111111111,0.7304541338897834,-0.0169509426473236,-0.26678765880217786,1,0
0.0,0.1111111111111111,-0.018318619404810964,0.1111111111111111,0.1111111111111111,1.561142456786503,1.0831271999142824,-0.4668695745617363,1.699982794383183,0.0,-0.4668695745617363,0.1111111111111111,0.7665693051245074,-0.2844958199592799,1.3814925103729825,0.1111111111111111,0.1111111111111111,3.8251001898429537,-0.01706347886915,2.8457350272232307,1,0
0.2222222222222222,0.3333333333333333,-0.08600398366677411,0.1111111111111111,0.3333333333333333,-1.666848273078999,-4.755088530712135,1.7351349399127654,-0.24661117247792613,0.25,1.7351349399127651,0.3333333333333333,-2.814764228080276,2.7721506012225148,-0.7448725090018657,0.1111111111111111,0.3333333333333333,6.893916985770983,-0.0172189585307383,-0.3484573502722323,0,1
0.3333333333333333,0.3333333333333333,-0.08371001667744014,0.3333333333333333,0.3333333333333333,-1.3723900433022265,-0.4608380511121482,2.8361371971500167,0.05240519291336771,0.25,2.836137197150016,0.3333333333333333,0.19648970813407893,2.7722015436314544,-0.4758391031030867,0.3333333333333333,0.3333333333333333,6.315500644408786,-0.0172136890723393,-0.3393829401088929,0,1
0.2777777777777778,0.3333333333333333,-0.05810402305860275,0.3333333333333333,0.3333333333333333,-0.5135592262370264,0.48722126621412404,2.2856360685313915,0.18912502360221406,0.25,2.2856360685313906,0.1111111111111111,-2.814764228080276,0.6707420062875338,0.1819983274819128,0.3333333333333333,0.3333333333333333,4.885061551074379,-0.0171548696914303,-0.2395644283121597,0,1
0.05555555555555555,0.3333333333333333,0.19627196731736687,0.1111111111111111,0.1111111111111111,1.3273719327921307,-4.755088530712135,0.083631554056889,-1.4007986183065364,0.25,0.0836315540568891,0.0,-2.814764228080276,-0.2420403927034826,-2.0458489315392145,0.1111111111111111,0.0,9.897278741227115,-0.0165705440645965,1.9963702359346642,1,0
0.05555555555555555,0.0,0.5592557751513515,0.3333333333333333,0.1111111111111111,-1.666848273078999,-0.3633400109731043,0.083631554056889,-4.321258080645877,0.25,0.0836315540568891,0.0,-2.814764228080276,0.4796657853361687,-1.5884836615060132,0.1111111111111111,0.0,9.69384716454173,-0.0157367360439196,-0.3484573502722323,1,0
0.0,0.1111111111111111,-0.08438435715403066,0.1111111111111111,0.1111111111111111,-0.3945035917891138,0.4306891230085945,-0.4668695745617363,0.2283146734498298,0.0,-0.4668695745617363,0.1111111111111111,0.26663088282169384,-0.2844958199592799,0.1819983274819128,0.1111111111111111,0.1111111111111111,2.8556664256277373,-0.017215238095976,-0.20871143375680581,1,0
0.0,0.1111111111111111,-0.08341301097701252,0.1111111111111111,0.1111111111111111,0.6417328970763176,0.6523419284522012,-0.4668695745617363,0.5185005985703939,0.0,-0.4668695745617363,0.1111111111111111,0.46317186353556355,-0.2844958199592799,0.6347115928935126,0.1111111111111111,0.1111111111111111,2.269347671889569,-0.0172130068222503,0.5226860254083484,1,0
0.05555555555555555,0.1111111111111111,-0.09032958527769788,0.1111111111111111,0.3333333333333333,-0.6440902286753902,0.08062737668265434,0.083631554056889,0.12882857412027715,0.25,0.0836315540568891,0.1111111111111111,-2.814764228080276,-0.0661561352760001,0.021709742544666878,0.1111111111111111,0.1111111111111111,4.518806652636342,-0.0172288948453606,-0.26678765880217786,1,0
0.0,0.0,1.316653916400342,0.0,0.0,1.3273719327921307,0.1434536682556073,-0.4668695745617363,0.8206357641906301,0.0,-0.4668695745617363,0.0,0.46317186353556355,-0.2844958199592799,0.4920798286247737,0.0,0.0,10.504697985591092,-0.0139969211227316,1.9963702359346642,1,0
0.0,0.1111111111111111,-0.07940285487871686,0.1111111111111111,0.1111111111111111,-0.9531238224996238,-0.07272942908755821,-0.4668695745617363,0.07739427150690893,0.0,-0.4668695745617363,0.1111111111111111,-0.3522519488626691,-0.2844958199592799,-0.43005146393026217,0.1111111111111111,0.1111111111111111,5.16271919299343,-0.0172037951157037,-0.3103448275862069,1,0
0.0,0.1111111111111111,-0.08592237496018786,0.1111111111111111,0.1111111111111111,-0.9531238224996238,-0.09576559222442006,-0.4668695745617363,-0.12870809558806698,0.0,-0.4668695745617363,0.1111111111111111,-0.4222907216928031,-0.2844958199592799,-0.6333004405434185,0.1111111111111111,0.1111111111111111,3.203199582089096,-0.017218771067847,-0.3103448275862069,1,0
0.0,0.0,1.887024645868832,0.0,0.0,0.9662521913648202,0.33438084046381855,-0.4668695745617363,0.5901419636856501,0.0,-0.4668695745617363,0.0,0.36609003545003416,-0.2844958199592799,0.38020175655219085,0.0,0.0,9.339567949468695,-0.0126867257952098,1.0671506352087115,1,0
0.027777777777777776,0.0,59.88099591149202,0.0,0.0,0.3871513198050401,-4.755088530712135,-0.1916190102524236,-0.39556095327027846,0.125,-0.1916190102524235,0.0,0.11065092629307056,-0.2420405106345698,-0.5470119890825117,0.0,0.2222222222222222,10.153785421951806,0.120530892590399,0.2323049001814882,1,0
0.0,0.1111111111111111,-0.05226376116262375,0.1111111111111111,0.1111111111111111,0.5191192900072952,1.5393357743649156,-0.4668695745617363,0.5930392708566061,0.0,-0.4668695745617363,0.1111111111111111,0.5339026090446802,-0.2844958199592799,0.858760281358899,0.1111111111111111,0.1111111111111111,2.929346153097814,-0.0171414540593646,0.3702359346642468,1,0
0.05555555555555555,0.1111111111111111,-0.0298772779855543,0.1111111111111111,0.1111111111111111,-1.666848273078999,-0.17871493032359645,0.083631554056889,-0.2045326901872562,0.25,0.0836315540568891,0.1111111111111111,-0.3256572140778396,0.4796657853361687,-0.38122862158060616,0.1111111111111111,0.3333333333333333,6.643564258480832,-0.0170900301974045,-0.3484573502722323,0,1
0.0,0.1111111111111111,0.07455856526314508,0.1111111111111111,0.1111111111111111,-1.3723900433022265,1.0616281398344471,-0.4668695745617363,-0.1653565554017613,0.0,-0.4668695745617363,0.0,-2.814764228080276,-0.2844958199592799,-0.0038955611259121783,0.1111111111111111,0.1111111111111111,3.276155154955378,-0.0168501312215617,-0.3393829401088929,1,0
0.027777777777777776,0.0,-0.16125119006736108,0.0,0.0,1.3273719327921307,-4.755088530712135,-0.1916190102524236,-4.321258080645877,0.125,-0.1916190102524235,0.0,-2.814764228080276,-0.2632681063313813,-4.959556673683751,0.0,0.2222222222222222,9.931829541894084,-0.0173918084564822,1.9963702359346642,1,0
0.19444444444444442,0.3333333333333333,0.37322217091754284,0.3333333333333333,0.0,-1.3723900433022265,-4.755088530712135,1.4598843756034523,0.2635530743520107,0.25,1.4598843756034523,0.0,0.19648970813407893,1.498577642135315,-0.2902474635877581,0.3333333333333333,0.2222222222222222,7.162300296264874,-0.0161640727679768,-0.3393829401088929,1,0
0.0,0.0,0.6727221273583776,0.0,0.1111111111111111,0.5814972662319737,0.6559565979824546,-0.4668695745617363,0.3996321865473891,0.0,-0.4668695745617363,0.1111111111111111,-0.021078616693130884,-0.2844958199592799,1.1338741640157515,0.0,0.0,14.573873076451223,-0.0154760931378029,0.44464609800362975,1,0
0.1111111111111111,0.3333333333333333,-0.10232692566101151,0.1111111111111111,0.1111111111111111,-0.2847917733012345,-4.755088530712135,0.6341326826755145,0.41045312162911873,0.25,0.6341326826755145,0.1111111111111111,0.33795014905989007,0.0211810486223196,0.16812816845838777,0.1111111111111111,0.3333333333333333,3.5656812276747702,-0.0172564538670649,-0.17422867513611615,0,1
0.027777777777777776,0.0,3.5398365052928087,0.0,0.0,0.7564222381735122,-1.3941717353451974,-0.1916190102524236,-0.031115273139600514,0.125,-0.1916190102524235,0.0,-2.814764228080276,-0.2526542937416511,0.018690758944721844,0.0,0.2222222222222222,9.94833245835442,-0.0088900611635799,0.6896551724137931,1,0
0.0,0.0,1.6541392542262718,0.0,0.0,0.6999923241170234,0.07251930409104665,-0.4668695745617363,-4.321258080645877,0.0,-0.4668695745617363,0.1111111111111111,0.3900850926943099,-0.2844958199592799,-0.3034004699836733,0.0,0.0,9.487531691161506,-0.0132216854910948,0.604355716878403,1,0
0.0,0.1111111111111111,-0.07777978314767409,0.1111111111111111,0.1111111111111111,1.1095988810204689,1.1370681095927582,-0.4668695745617363,0.9027936556230138,0.0,-0.4668695745617363,0.1111111111111111,0.718171388998445,-0.2844958199592799,1.0511047645636822,0.1111111111111111,0.1111111111111111,1.2638535459955198,-0.0172000667669503,1.3883847549909256,1,0
0.1111111111111111,0.3333333333333333,-0.10339669342644119,0.1111111111111111,0.1111111111111111,-0.0875094222424097,-4.755088530712135,0.6341326826755145,0.5185005985703939,0.25,0.6341326826755145,0.1111111111111111,0.37091243576710897,-0.0297646715936118,0.15046290235878346,0.1111111111111111,0.3333333333333333,2.279750845257957,-0.0172589112244561,-0.09437386569872959,0,1
0.0,0.1111111111111111,0.7316985691558758,0.1111111111111111,0.0,-0.9531238224996238,0.4735629163204164,-0.4668695745617363,-4.321258080645877,0.0,-0.4668695745617363,0.0,-2.814764228080276,-0.2844958199592799,-0.35534640754656655,0.0,0.1111111111111111,7.387143780816215,-0.015340618692,-0.3103448275862069,1,0
0.0,0.0,1.525700254327147,0.1111111111111111,0.1111111111111111,0.5191192900072952,-0.22600553984294683,-0.4668695745617363,0.521786102456892,0.0,-0.4668695745617363,0.0,-1.038625707191667,-0.2844958199592799,-0.03984968718269513,0.0,0.0,10.404246187228592,-0.0135167219802503,0.3702359346642468,1,0
0.3611111111111111,0.3333333333333333,8.946314469323942,0.3333333333333333,0.4444444444444444,-1.3723900433022265,-4.755088530712135,3.111387761459329,-4.321258080645877,0.375,3.1113877614593286,0.3333333333333333,-2.814764228080276,3.026926323930682,0.10726552827871869,0.3333333333333333,0.3333333333333333,9.896568663350306,0.0035291283229216,-0.3393829401088929,0,1
0.0,0.0,1.596975383157192,0.0,0.0,-0.2847917733012345,-0.4352906266973334,-0.4668695745617363,-0.3722061324200458,0.0,-0.4668695745617363,0.0,0.03665700708458281,-0.2844958199592799,-0.5489290156014862,0.0,0.0,9.580906375087313,-0.0133529962910855,-0.17422867513611615,1,0
0.19444444444444442,0.3333333333333333,0.0538604140219511,0.3333333333333333,0.1111111111111111,-1.666848273078999,-4.755088530712135,1.4598843756034523,0.2283146734498298,0.25,1.4598843756034523,0.1111111111111111,-0.1559158946214444,2.3900697985747907,-0.4578308234714133,0.3333333333333333,0.2222222222222222,8.202744579003847,-0.0168976768259264,-0.3484573502722323,1,0
0.3055555555555555,0.3333333333333333,-0.07835345713871429,0.3333333333333333,0.3333333333333333,-0.5135592262370264,-0.07807339746433212,2.560886632840704,-4.321258080645877,0.25,2.5608866328407034,0.3333333333333333,0.012610959065212817,0.7662657889122152,-0.3237646905982929,0.3333333333333333,0.2222222222222222,6.051753190498187,-0.017201384550181,-0.2395644283121597,1,0
0.0,0.1111111111111111,-0.0714965505085998,0.1111111111111111,0.1111111111111111,-0.7891132362483021,-0.03970093975074638,-0.4668695745617363,-0.0019843095974738842,0.0,-0.4668695745617363,0.1111111111111111,-0.23739697199571716,-0.2844958199592799,-0.36239593755770255,0.1111111111111111,0.1111111111111111,3.26047820245865,-0.0171856335893341,-0.29038112522686027,1,0
0.0,0.0,1.3196657320536023,0.0,0.0,-0.9531238224996238,0.10107548688130996,-0.4668695745617363,0.6234990775174356,0.0,-0.4668695745617363,0.0,0.2737462106005432,-0.2844958199592799,0.11800284729071807,0.1111111111111111,0.0,9.209778528875747,-0.0139900026982888,-0.3103448275862069,1,0
0.1111111111111111,0.3333333333333333,-0.16125119006736108,0.0,0.0,1.3273719327921307,-4.755088530712135,0.6341326826755145,-4.321258080645877,0.25,0.6341326826755145,0.0,-2.814764228080276,-0.1995849654476854,-4.959556673683751,0.0,0.3333333333333333,9.103487408024753,-0.0173918084564822,1.9963702359346642,0,1
0.3055555555555555,0.3333333333333333,0.04044593860972789,0.3333333333333333,0.3333333333333333,-0.9531238224996238,-4.755088530712135,2.560886632840704,0.2283146734498298,0.25,2.5608866328407034,0.3333333333333333,0.07012408686463154,1.3967101453479835,-0.47185617528216883,0.3333333333333333,0.2222222222222222,8.204692112159162,-0.0169284911403682,-0.3103448275862069,1,0
0.027777777777777776,0.0,-0.16125119006736108,0.0,0.0,0.3871513198050401,-4.755088530712135,-0.1916190102524236,-4.321258080645877,0.125,-0.1916190102524235,0.0,-2.814764228080276,-0.2420405106345698,-4.959556673683751,0.0,0.2222222222222222,9.931829541894084,-0.0173918084564822,0.2323049001814882,1,0
0.05555555555555555,0.1111111111111111,-0.01717990147198189,0.1111111111111111,0.1111111111111111,-0.1828566844305228,0.22160843477979358,0.083631554056889,-0.06182077906576844,0.25,0.0836315540568891,0.1111111111111111,-0.3522519488626691,-0.1455516624742182,-0.03418098874922248,0.1111111111111111,0.3333333333333333,3.431684479848489,-0.0170608631267251,-0.13611615245009073,0,1
0.3611111111111111,0.4444444444444444,-0.03227890376699925,0.3333333333333333,0.4444444444444444,-1.3723900433022265,-4.755088530712135,3.111387761459329,-4.321258080645877,0.375,3.1113877614593286,0.3333333333333333,-2.814764228080276,3.026926323930682,-0.1531864658358574,0.3333333333333333,0.2222222222222222,6.4783858118273,-0.0170955469581967,-0.3393829401088929,1,0
0.3333333333333333,0.3333333333333333,-0.09940983564407542,0.3333333333333333,0.3333333333333333,0.0869332819236188,0.8620438183856182,2.8361371971500167,0.315879223095951,0.25,2.836137197150016,0.3333333333333333,0.33677633076997154,0.3705279127646692,0.29976821939717174,0.3333333333333333,0.3333333333333333,2.2586842992036376,-0.0172497530363373,0.0,0,1
0.41666666666666663,0.3333333333333333,-0.04519949235958752,0.3333333333333333,0.5555555555555556,-1.3723900433022265,0.22160843477979358,3.6618888900779543,-0.0019843095974738842,0.5,3.661888890077954,0.4444444444444444,-2.814764228080276,3.536375884529138,-0.25374892607461336,0.3333333333333333,0.3333333333333333,6.752323458936036,-0.0171252267680611,-0.3393829401088929,0,1
0.0,0.0,1.099708879271159,0.0,0.0,0.1673597344439074,1.0258196277808647,-0.4668695745617363,0.9276072719140043,0.0,-0.4668695745617363,0.0,0.27525395801232905,-0.2844958199592799,0.5912207042560005,0.0,0.0,5.308442570453124,-0.0144952643217955,0.05263157894736842,1,0
0.08333333333333333,0.3333333333333333,-0.08094781619148322,0.1111111111111111,0.1111111111111111,-0.0875094222424097,-4.755088530712135,0.3588821183662018,0.6314712731886574,0.25,0.3588821183662018,0.1111111111111111,0.4226322051791571,-0.0934474586850288,0.48040742487245125,0.1111111111111111,0.2222222222222222,3.306831392278436,-0.0172073440374639,-0.09437386569872959,1,0
0.0,0.0,1.2948823694720923,0.0,0.0,1.8373853869087895,-0.6639222478887006,-0.4668695745617363,1.0866504610419845,0.0,-0.4668695745617363,0.0,0.5377256739396032,-0.2844958199592799,0.4318300247256493,0.0,0.0,8.673366078522228,-0.0140469324181656,4.181488203266787,1,0
0.027777777777777776,0.0,-0.16125119006736108,0.0,0.0,0.6999923241170234,-4.755088530712135,-0.1916190102524236,-4.321258080645877,0.125,-0.1916190102524235,0.0,-2.814764228080276,-0.2512698855774418,-4.959556673683751,0.0,0.2222222222222222,9.931829541894084,-0.0173918084564822,0.604355716878403,1,0
0.05555555555555555,0.3333333333333333,0.4450416151285274,0.0,0.1111111111111111,-1.3723900433022265,-4.755088530712135,0.083631554056889,-0.20250838933087204,0.25,0.0836315540568891,0.1111111111111111,-2.814764228080276,0.2249537406391757,-0.5668848721781554,0.1111111111111111,0.0,8.444785312437265,-0.015999096735076,-0.3393829401088929,1,0
0.3333333333333333,0.3333333333333333,-0.08198551105342147,0.3333333333333333,0.3333333333333333,-0.3945035917891138,0.7910197673160982,2.8361371971500167,0.7335001961861966,0.375,2.836137197150016,0.3333333333333333,0.303299540965325,0.7344259431887474,0.2647055252503269,0.4444444444444444,0.2222222222222222,4.357173061617274,-0.0172097277203727,-0.20871143375680581,1,0
0.16666666666666666,0.1111111111111111,0.03887419183120884,0.1111111111111111,0.3333333333333333,1.0152348983243975,-0.3476165799874087,1.18463381129414,-0.1653565554017613,0.25,1.18463381129414,0.3333333333333333,-0.19642138719233884,-0.1263860589496875,-0.614233685668848,0.3333333333333333,0.1111111111111111,8.614450209426803,-0.016932101590868,1.1705989110707804,1,0
0.0,0.0,1.6337690527607611,0.0,0.0,-2.102083711231995,-0.7758713098730988,-0.4668695745617363,-0.9429473213573684,0.0,-0.4668695745617363,0.0,-0.08485302548441206,-0.2844958199592799,-0.6417551502959068,0.0,0.0,9.776246423927594,-0.013268477763913,-0.35390199637023595,1,0
0.0,0.0,1.1026092101470752,0.0,0.0,0.0869332819236188,-0.22496001779584252,-0.4668695745617363,0.4362430276852787,0.0,-0.4668695745617363,0.1111111111111111,1.3404283870967435,-0.2844958199592799,0.989235754447495,0.0,0.0,10.131778692345337,-0.0144886019883945,0.0,1,0
0.0,0.1111111111111111,-0.09139995721723744,0.1111111111111111,0.1111111111111111,0.3170934418812415,0.7020858260316316,-0.4668695745617363,0.852442618374056,0.0,-0.4668695745617363,0.1111111111111111,0.32593776497342714,-0.2844958199592799,0.6313594156935568,0.1111111111111111,0.1111111111111111,2.297219480959407,-0.0172313535905967,0.16878402903811252,1,0
0.25,0.3333333333333333,-0.050938481629419975,0.3333333333333333,0.1111111111111111,-1.666848273078999,-4.755088530712135,2.010385504222078,0.24694041997229824,0.375,2.0103855042220777,0.1111111111111111,-0.5079759773920336,3.154231403870239,-0.5627297168758371,0.3333333333333333,0.4444444444444444,7.107585497380738,-0.0171384097673588,-0.3484573502722323,0,1
0.0,0.1111111111111111,0.27749117951296615,0.1111111111111111,0.1111111111111111,-0.0875094222424097,1.7484436779525068,-0.4668695745617363,0.5185005985703939,0.0,-0.4668695745617363,0.1111111111111111,0.46317186353556355,-0.2844958199592799,0.9439893795130221,0.1111111111111111,0.0,9.579055709618835,-0.0163839758786329,-0.09437386569872959,1,0
0.0,0.0,5.805254361850643,0.0,0.0,0.0021753538983214,0.22160843477979358,-0.4668695745617363,-0.738240900032387,0.0,-0.4668695745617363,0.0,-0.19770494158262408,-0.2844958199592799,-0.4091740841926531,0.0,0.0,8.964745556671822,-0.0036861828135943,-0.04900181488203267,1,0
0.08333333333333333,0.3333333333333333,-0.0898849146528574,0.1111111111111111,0.1111111111111111,-0.5135592262370264,-4.755088530712135,0.3588821183662018,0.2283146734498298,0.25,0.3588821183662018,0.1111111111111111,0.26944189955595743,0.0020755279147641,0.13865099913406836,0.1111111111111111,0.2222222222222222,4.226208913933562,-0.0172278733950216,-0.2395644283121597,1,0
0.027777777777777776,0.0,0.3733984678573171,0.1111111111111111,0.1111111111111111,0.9662521913648202,1.8096340585041915,-0.1916190102524236,-0.0019843095974738842,0.125,-0.1916190102524235,0.1111111111111111,-0.1871372256015383,-0.2572030669556937,0.7895815684590347,0.1111111111111111,0.2222222222222222,11.082912026399757,-0.0161636677972888,1.0671506352087115,1,0
0.0,0.1111111111111111,0.847680081855891,0.1111111111111111,0.1111111111111111,0.8643003776574393,1.3693919184543044,-0.4668695745617363,1.2770518508840074,0.0,-0.4668695745617363,0.1111111111111111,0.9966708297496274,-0.2844958199592799,1.737408295546264,0.1111111111111111,0.1111111111111111,1.4009324874018998,-0.0150741982251571,0.8711433756805808,1,0
0.3611111111111111,0.3333333333333333,-0.003331323574413889,0.3333333333333333,0.4444444444444444,-2.102083711231995,-0.4608380511121482,3.111387761459329,0.1929664160437677,0.5,3.1113877614593286,0.3333333333333333,-2.814764228080276,9.649108393503647,-0.7947518743019781,0.5555555555555556,0.0,8.515720752044544,-0.0170290516379569,-0.35390199637023595,1,0
0.0,0.1111111111111111,-0.08663866442326226,0.1111111111111111,0.1111111111111111,0.7564222381735122,0.9769805480003702,-0.4668695745617363,0.8618338741669651,0.0,-0.4668695745617363,0.1111111111111111,0.6440248573130932,-0.2844958199592799,0.8192236191962613,0.1111111111111111,0.1111111111111111,1.9287721085169267,-0.0172204164522596,0.6896551724137931,1,0
0.0,0.1111111111111111,0.12904540541275564,0.1111111111111111,0.1111111111111111,0.6417328970763176,0.9698125877403967,-0.4668695745617363,0.7868006572579114,0.0,-0.4668695745617363,0.1111111111111111,0.5337104552412648,-0.2844958199592799,1.6555376951509382,0.1111111111111111,0.1111111111111111,1.5720964113626852,-0.0167249698139243,0.5226860254083484,1,0
0.05555555555555555,0.0,1.606515944563878,0.0,0.0,-0.6440902286753902,0.0023622507979158495,0.083631554056889,0.06566767727016108,0.25,0.0836315540568891,0.0,0.6539956749690691,-0.0661561352760001,0.488339973259631,0.0,0.3333333333333333,9.822076444676782,-0.0133310807222613,-0.26678765880217786,0,1
0.0,0.1111111111111111,0.18763147209239375,0.1111111111111111,0.1111111111111111,-0.6440902286753902,0.10832488669182568,-0.4668695745617363,-0.0019843095974738842,0.0,-0.4668695745617363,0.1111111111111111,-0.1559158946214444,-0.2844958199592799,-0.25374892607461336,0.1111111111111111,0.1111111111111111,9.277811858279353,-0.016590392096563,-0.26678765880217786,1,0
0.16666666666666666,0.1111111111111111,-0.032134565641559004,0.1111111111111111,0.3333333333333333,-0.6440902286753902,-0.3222636979901726,1.18463381129414,-0.0019843095974738842,0.25,1.18463381129414,0.3333333333333333,0.0,0.3705232340905594,-0.620168395306355,0.3333333333333333,0.1111111111111111,7.770710282545444,-0.0170952153999175,-0.26678765880217786,1,0
0.0,0.1111111111111111,-0.07418787974525036,0.1111111111111111,0.1111111111111111,-0.9531238224996238,-0.03844079437627114,-0.4668695745617363,0.4466526735043765,0.0,-0.4668695745617363,0.1111111111111111,-0.1288259691132873,-0.2844958199592799,-0.18339320570327586,0.1111111111111111,0.1111111111111111,3.681088667379305,-0.0171918158262697,-0.3103448275862069,1,0
0.1388888888888889,0.3333333333333333,-0.06425663304855804,0.3333333333333333,0.1111111111111111,-0.3945035917891138,-0.08244945908703179,0.9093832469848272,-4.321258080645877,0.25,0.9093832469848272,0.1111111111111111,-0.03570723889348618,0.1400549146857315,-0.21979699612293202,0.1111111111111111,0.2222222222222222,5.793059409120218,-0.0171690028165092,-0.20871143375680581,1,0
0.0,0.0,1.2897421891989993,0.0,0.0,0.0869332819236188,1.5429795914833977,-0.4668695745617363,1.0240730897493515,0.0,-0.4668695745617363,0.0,0.2755046759590546,-0.2844958199592799,0.7685800427674314,0.0,0.0,5.129535399190314,-0.0140587398967553,0.0,1,0
0.05555555555555555,0.0,1.5010420330589571,0.0,0.0,0.3170934418812415,-1.0947593100847266,0.083631554056889,-0.9750760228157298,0.25,0.0836315540568891,0.0,-0.5484175642307054,-0.1945904884170285,-1.1556297191962566,0.0,0.3333333333333333,9.815850988772228,-0.0135733642387348,0.16878402903811252,0,1
0.027777777777777776,0.0,-0.16125119006736108,0.0,0.0,1.3273719327921307,-4.755088530712135,-0.1916190102524236,-4.321258080645877,0.125,-0.1916190102524235,0.0,-2.814764228080276,-0.2632681063313813,-4.959556673683751,0.0,0.2222222222222222,10.039338317538045,-0.0173918084564822,1.9963702359346642,1,0
0.3055555555555555,0.3333333333333333,-0.04717321797800292,0.3333333333333333,0.3333333333333333,-0.9531238224996238,-4.755088530712135,2.560886632840704,0.05214708677701143,0.25,2.5608866328407034,0.3333333333333333,-0.11927053118868146,1.3967101453479835,-0.7305386745565072,0.3333333333333333,0.2222222222222222,7.65503400658084,-0.0171297606018457,-0.3103448275862069,1,0
0.05555555555555555,0.0,0.5415159099264506,0.3333333333333333,0.1111111111111111,0.9159689132265976,0.036759213999366186,0.083631554056889,-4.321258080645877,0.25,0.0836315540568891,0.1111111111111111,0.11065092629307056,-0.2278886360321305,0.909864557404779,0.0,0.0,11.716454049410244,-0.0157774861864632,0.9673321234119783,1,0
0.027777777777777776,0.0,-0.16125119006736108,0.0,0.0,1.3273719327921307,-4.755088530712135,-0.1916190102524236,-4.321258080645877,0.125,-0.1916190102524235,0.0,-2.814764228080276,-0.2632681063313813,-4.959556673683751,0.0,0.2222222222222222,9.931263845320457,-0.0173918084564822,1.9963702359346642,1,0
0.0,0.1111111111111111,-0.014486285797989279,0.1111111111111111,0.1111111111111111,-0.9531238224996238,-0.20902154212594073,-0.4668695745617363,-0.0019843095974738842,0.0,-0.4668695745617363,0.1111111111111111,-0.08581315579848388,-0.2844958199592799,-0.3555039723323022,0.1111111111111111,0.0,7.259462020917849,-0.0170546756376275,-0.3103448275862069,1,0
0.05555555555555555,0.0,1.2165015583136365,0.0,0.0,-0.0875094222424097,-1.1449417720142185,0.083631554056889,-0.7473118142863711,0.25,0.0836315540568891,0.3333333333333333,-1.038625707191667,-0.1571302457764458,-0.44058640853601866,0.0,0.0,10.131608137957343,-0.0142269805294052,-0.09437386569872959,1,0
0.0,0.1111111111111111,0.5773056323548991,0.1111111111111111,0.0,1.0629938337787594,1.652631740238081,-0.4668695745617363,0.5185005985703939,0.0,-0.4668695745617363,0.1111111111111111,0.7408185420790809,-0.2844958199592799,0.9265835154847211,0.0,0.1111111111111111,2.169065247220097,-0.0156952738205819,1.2776769509981851,1,0
0.0,0.1111111111111111,-0.10383351396874543,0.1111111111111111,0.1111111111111111,1.0152348983243975,0.7020858260316316,-0.4668695745617363,0.5516037639487911,0.0,-0.4668695745617363,0.1111111111111111,0.46317186353556355,-0.2844958199592799,0.40776166337358355,0.1111111111111111,0.1111111111111111,-1.334087417726285,-0.0172599146424155,1.1705989110707804,1,0
0.0,0.1111111111111111,-0.08958220263786972,0.1111111111111111,0.1111111111111111,0.6417328970763176,0.911198376159075,-0.4668695745617363,0.852442618374056,0.0,-0.4668695745617363,0.1111111111111111,0.4474646423331391,-0.2844958199592799,0.6904951103709773,0.1111111111111111,0.1111111111111111,0.45626183639219836,-0.0172271780369902,0.5226860254083484,1,0
0.08333333333333333,0.3333333333333333,-0.062147620656781,0.1111111111111111,0.1111111111111111,2.082866912739321,-4.755088530712135,0.3588821183662018,1.670852585559792,0.25,0.3588821183662018,0.1111111111111111,0.9313867255077845,-0.2449683115562402,1.4669715569286388,0.1111111111111111,0.2222222222222222,3.0698223792579165,-0.0171641582162543,5.749546279491833,1,0
0.1111111111111111,0.3333333333333333,3.9487199835486,0.0,0.0,-0.5135592262370264,-4.755088530712135,0.6341326826755145,0.580036403908682,0.25,0.6341326826755145,0.0,0.11065092629307056,0.0975993105394455,-0.040356569028836255,0.0,0.3333333333333333,10.146420919866802,-0.0079508172735387,-0.2395644283121597,0,1
0.2777777777777778,0.0,0.3706222766222798,0.3333333333333333,0.3333333333333333,-1.3723900433022265,1.7118714709772058,2.2856360685313915,1.590676125821183,0.25,2.2856360685313906,0.3333333333333333,-0.04770805196267181,2.2627519830329987,1.0759441816613937,0.3333333333333333,0.3333333333333333,3.1144195378400426,-0.0161700449702335,-0.3393829401088929,0,1
0.2222222222222222,0.3333333333333333,-0.012679734087171185,0.3333333333333333,0.1111111111111111,-1.666848273078999,-0.20902154212594073,1.7351349399127654,-0.5979877937552974,0.25,1.7351349399127651,0.1111111111111111,-0.1559158946214444,2.7721506012225148,-0.7165194801111259,0.3333333333333333,0.3333333333333333,7.941296083560032,-0.017050525818066,-0.3484573502722323,0,1
0.0,0.1111111111111111,-0.10370722617998247,0.0,0.0,1.486110633212629,0.40037018956560505,-0.4668695745617363,-0.0019843095974738842,0.0,-0.4668695745617363,0.0,-0.8838538746613914,-0.2844958199592799,-0.15825773846899865,0.0,0.1111111111111111,-4.391899592261764,-0.0172596245474611,2.5480943738656987,1,0
0.027777777777777776,0.0,449.43509510640934,0.0,0.0,0.2439439807007004,-4.755088530712135,-0.1916190102524236,-4.321258080645877,0.125,-0.1916190102524235,0.0,-2.814764228080276,-0.2367336301369842,-1.472580248830741,0.0,0.2222222222222222,9.931829541894084,1.015373376982565,0.1088929219600726,1,0
0.0,0.1111111111111111,-0.08484085421506464,0.1111111111111111,0.1111111111111111,-1.1433092459291831,-0.030311539256362482,-0.4668695745617363,-0.0019843095974738842,0.0,-0.4668695745617363,0.1111111111111111,0.0,-0.2844958199592799,-0.489006430224218,0.1111111111111111,0.1111111111111111,4.234281640194523,-0.0172162867127536,-0.32667876588021777,1,0
0.05555555555555555,0.1111111111111111,-0.09818641722117566,0.1111111111111111,0.1111111111111111,-0.9531238224996238,-0.049875145314629804,0.083631554056889,-0.09327954128309454,0.25,0.0836315540568891,0.1111111111111111,-0.3041580016367179,0.0211779919147679,-0.4451939865699803,0.1111111111111111,0.3333333333333333,2.870649062192582,-0.017246942728903,-0.3103448275862069,0,1
0.0,0.0,0.06590238468447221,0.0,0.0,-0.7891132362483021,-0.33888007370879697,-0.4668695745617363,-4.321258080645877,0.0,-0.4668695745617363,0.0,-2.814764228080276,-0.2844958199592799,-1.3576451926500563,0.0,0.0,6.960387684057015,-0.0168700152842641,-0.29038112522686027,1,0
0.1111111111111111,0.3333333333333333,0.15057607234888729,0.1111111111111111,0.1111111111111111,0.0021753538983214,-4.755088530712135,0.6341326826755145,0.28245467238384553,0.25,0.6341326826755145,0.0,0.2370533045714102,-0.0493592245867171,1.47443107168373,0.1111111111111111,0.3333333333333333,2.040991362273604,-0.0166755118425371,-0.04900181488203267,0,1
0.0,0.1111111111111111,0.018321232247218655,0.1111111111111111,0.1111111111111111,-0.9531238224996238,-0.00624396370291907,-0.4668695745617363,-0.0017004121899102417,0.0,-0.4668695745617363,0.1111111111111111,0.41599145628581563,-0.2844958199592799,0.037957418656335694,0.1111111111111111,0.1111111111111111,2.473951876861396,-0.0169793136763107,-0.3103448275862069,1,0
0.16666666666666666,0.3333333333333333,-0.06729707199552187,0.3333333333333333,0.1111111111111111,0.5191192900072952,-4.755088530712135,1.18463381129414,0.6220805347583526,0.25,1.18463381129414,0.1111111111111111,0.46317186353556355,-0.0552370222405545,0.09034534105029533,0.3333333333333333,0.0,5.2519277586830935,-0.0171759869913557,0.3702359346642468,1,0
0.0,0.1111111111111111,-0.10514397546138392,0.1111111111111111,0.1111111111111111,0.8643003776574393,0.9698125877403967,-0.4668695745617363,0.9123043261078035,0.0,-0.4668695745617363,0.1111111111111111,0.46317186353556355,-0.2844958199592799,0.6347115928935126,0.1111111111111111,0.1111111111111111,0.45507851490350293,-0.0172629248959855,0.8711433756805808,1,0
0.3055555555555555,0.3333333333333333,-0.09745908812658194,0.3333333333333333,0.3333333333333333,1.8373853869087895,0.2993812830943706,2.560886632840704,0.2283146734498298,0.25,2.5608866328407034,0.3333333333333333,0.279245976012492,-0.1163721972638683,0.0632788824577306,0.3333333333333333,0.2222222222222222,4.444197378665778,-0.0172452719854163,4.181488203266787,1,0
0.0,0.0,-0.16125119006736108,0.0,0.0,1.199597083727945,-4.755088530712135,-0.4668695745617363,-4.321258080645877,0.0,-0.4668695745617363,0.0,-2.814764228080276,-0.2844958199592799,-4.959556673683751,0.0,0.0,9.931829541894084,-0.0173918084564822,1.6206896551724137,1,0
0.0,0.1111111111111111,-0.09584048012918965,0.1111111111111111,0.1111111111111111,0.6999923241170234,0.41298033320606486,-0.4668695745617363,-0.004831112392891955,0.0,-0.4668695745617363,0.1111111111111111,0.12462648082468913,-0.2844958199592799,0.009903045916898758,0.1111111111111111,0.1111111111111111,2.0043241924441566,-0.0172415538902797,0.604355716878403,1,0
0.05555555555555555,0.1111111111111111,-0.0806749248505132,0.3333333333333333,0.1111111111111111,-0.9531238224996238,0.4202448891554315,0.083631554056889,-4.321258080645877,0.25,0.0836315540568891,0.1111111111111111,-0.08581315579848388,0.0211779919147679,-0.32249143183036066,0.1111111111111111,0.1111111111111111,3.5338761682338786,-0.0172067171803316,-0.3103448275862069,1,0
0.0,0.1111111111111111,-0.14484999377147945,0.1111111111111111,0.0,0.2439439807007004,-0.4485415770324018,-0.4668695745617363,-4.321258080645877,0.0,-0.4668695745617363,0.0,-2.814764228080276,-0.2844958199592799,-1.6756334601719693,0.0,0.1111111111111111,0.12474359959456764,-0.0173541333626486,0.1088929219600726,1,0
0.05555555555555555,0.1111111111111111,0.2631891202383558,0.0,0.3333333333333333,-0.9531238224996238,-0.43827749689988493,0.083631554056889,-0.44474464888636656,0.25,0.0836315540568891,0.1111111111111111,-2.814764228080276,0.0211779919147679,0.27268164163875847,0.0,0.1111111111111111,9.078204598926053,-0.0164168290568684,-0.3103448275862069,1,0
0.0,0.1111111111111111,-0.08473945167439578,0.1111111111111111,0.1111111111111111,0.7564222381735122,0.8311295705151313,-0.4668695745617363,0.8831614073881915,0.0,-0.4668695745617363,0.1111111111111111,0.5431400074706518,-0.2844958199592799,0.7930091279479979,0.1111111111111111,0.1111111111111111,2.243650899659657,-0.0172160537815597,0.6896551724137931,1,0
0.0,0.0,1.3384477277049731,0.0,0.0,0.1673597344439074,0.6025469047031543,-0.4668695745617363,1.2766031493397365,0.0,-0.4668695745617363,0.0,-0.026808529503909138,-0.2844958199592799,0.3957971063733927,0.0,0.0,7.278420381533888,-0.0139468586839266,0.05263157894736842,1,0
0.0,0.0,1.664815608677827,0.0,0.0,-0.6440902286753902,0.09093551497375191,-0.4668695745617363,-0.2639052153526961,0.0,-0.4668695745617363,0.0,-0.19471661348729616,-0.2844958199592799,-0.272982654702262,0.0,0.0,9.455053122112059,-0.0131971608985891,-0.26678765880217786,1,0
0.0,0.0,0.21615285491594494,0.1111111111111111,0.1111111111111111,0.3871513198050401,2.7491572273767555,-0.4668695745617363,0.7096586071884762,0.0,-0.4668695745617363,0.1111111111111111,0.4862452604117628,-0.2844958199592799,1.69419014720212,0.1111111111111111,0.1111111111111111,2.4819021412178204,-0.0165248757918524,0.2323049001814882,1,0
0.05555555555555555,0.1111111111111111,0.04550280219737466,0.1111111111111111,0.1111111111111111,-1.3723900433022265,-0.21904029216455922,0.083631554056889,0.315879223095951,0.25,0.0836315540568891,0.1111111111111111,-0.1559158946214444,0.2249537406391757,-0.40666575497760804,0.3333333333333333,0.1111111111111111,8.288537108263599,-0.0169168750480582,-0.3393829401088929,1,0
0.1111111111111111,0.1111111111111111,0.28282143775959295,0.1111111111111111,0.3333333333333333,1.5239621819167464,0.3622508726402704,0.6341326826755145,-0.14417817924534526,0.25,0.6341326826755145,0.3333333333333333,-2.814764228080276,-0.2099399224492042,0.7134983682662515,0.1111111111111111,0.1111111111111111,6.447509336818799,-0.0163717317730216,2.695099818511797,1,0
0.05555555555555555,0.0,1.2346429304150763,0.3333333333333333,0.0,-1.3723900433022265,-0.07539567014339729,0.083631554056889,-4.321258080645877,0.25,0.0836315540568891,0.0,-2.814764228080276,0.2249537406391757,-0.9954857969694662,0.0,0.0,9.722261302902407,-0.014185308087721,-0.3393829401088929,1,0
0.05555555555555555,0.1111111111111111,0.13331289964446588,0.1111111111111111,0.1111111111111111,-0.0875094222424097,0.22160843477979358,0.083631554056889,0.2283146734498298,0.25,0.0836315540568891,0.3333333333333333,0.46317186353556355,-0.1571302457764458,0.31074464173996225,0.1111111111111111,0.1111111111111111,6.482390810914385,-0.0167151669774291,-0.09437386569872959,1,0
0.05555555555555555,0.0,0.5256242034634926,0.3333333333333333,0.1111111111111111,-1.666848273078999,-0.11825547092287204,0.083631554056889,-4.321258080645877,0.25,0.0836315540568891,0.1111111111111111,-2.814764228080276,0.4796657853361687,-1.337533211259723,0.1111111111111111,0.0,9.720691674103154,-0.0158139909341271,-0.3484573502722323,1,0
0.027777777777777776,0.0,-0.16125119006736108,0.0,0.0,1.3273719327921307,-4.755088530712135,-0.1916190102524236,-4.321258080645877,0.125,-0.1916190102524235,0.0,-2.814764228080276,-0.2632681063313813,-4.959556673683751,0.0,0.2222222222222222,9.931829541894084,-0.0173918084564822,1.9963702359346642,1,0
0.0,0.1111111111111111,-0.05847949543408578,0.1111111111111111,0.1111111111111111,0.7564222381735122,0.9043309270812694,-0.4668695745617363,0.7488563705520227,0.0,-0.4668695745617363,0.1111111111111111,0.5712808591180746,-0.2844958199592799,0.996107753199676,0.1111111111111111,0.1111111111111111,1.4425334066274644,-0.017155732186868,0.6896551724137931,1,0
0.08333333333333333,0.3333333333333333,0.048491215443963995,0.1111111111111111,0.1111111111111111,-0.6440902286753902,-4.755088530712135,0.3588821183662018,-0.28922502634956915,0.25,0.3588821183662018,0.1111111111111111,-0.803624988331841,0.0430137070656397,-0.7177686817919141,0.1111111111111111,0.2222222222222222,8.907466754133921,-0.0169100103811493,-0.26678765880217786,1,0
0.3333333333333333,0.3333333333333333,-0.06737143310348517,0.3333333333333333,0.3333333333333333,-0.7891132362483021,-0.13127304604343448,2.8361371971500167,-0.5979877937552974,0.25,2.836137197150016,0.3333333333333333,0.11065092629307056,1.243878333889583,-0.5058318342861996,0.3333333333333333,0.3333333333333333,6.758109005358606,-0.0171761578058298,-0.29038112522686027,0,1
0.0,0.1111111111111111,-0.09284182010868748,0.1111111111111111,0.1111111111111111,-0.5135592262370264,0.11940918763349224,-0.4668695745617363,0.05420866055559359,0.0,-0.4668695745617363,0.1111111111111111,0.15286877779400232,-0.2844958199592799,-0.2734675332017925,0.1111111111111111,0.1111111111111111,1.823120003524456,-0.0172346656855653,-0.2395644283121597,1,0
0.0,0.1111111111111111,-0.0884458380699786,0.1111111111111111,0.0,-0.9531238224996238,-0.09576559222442006,-0.4668695745617363,0.025725746709283345,0.0,-0.4668695745617363,0.0,-2.814764228080276,-0.2844958199592799,-0.8218047633896147,0.1111111111111111,0.1111111111111111,2.185800869449359,-0.0172245677004665,-0.3103448275862069,1,0
0.0,0.1111111111111111,0.061850790748469046,0.1111111111111111,0.0,-2.102083711231995,-0.030311539256362482,-0.4668695745617363,-0.37548433756705774,0.0,-0.4668695745617363,0.0,-2.814764228080276,-0.2844958199592799,-0.9814761078251493,0.1111111111111111,0.1111111111111111,6.941992869161123,-0.0168793221774297,-0.35390199637023595,1,0
0.3333333333333333,0.3333333333333333,0.13788079085019342,0.3333333333333333,0.3333333333333333,-0.7891132362483021,0.10832488669182568,2.8361371971500167,-4.321258080645877,0.25,2.836137197150016,0.3333333333333333,-2.814764228080276,1.243878333889583,-0.6025271839036824,0.3333333333333333,0.3333333333333333,9.204966827547484,-0.0167046741007698,-0.29038112522686027,0,1
0.1111111111111111,0.1111111111111111,0.023960016879410396,0.3333333333333333,0.1111111111111111,-1.3723900433022265,0.15614288143932165,0.6341326826755145,-4.321258080645877,0.25,0.6341326826755145,0.3333333333333333,-0.2930182359400527,0.7344033012376314,-0.6402767032104066,0.1111111111111111,0.1111111111111111,8.149617797355418,-0.0169663608565107,-0.3393829401088929,1,0
0.2222222222222222,0.3333333333333333,0.0014297560405207696,0.3333333333333333,0.1111111111111111,-0.9531238224996238,0.3684961728641642,1.7351349399127654,-0.1653565554017613,0.25,1.7351349399127651,0.1111111111111111,-0.33472720262860517,0.9381994275369115,0.12058795309567162,0.3333333333333333,0.3333333333333333,2.927665546234324,-0.0170181149893122,-0.3103448275862069,0,1
0.19444444444444442,0.3333333333333333,-0.06595772593353151,0.1111111111111111,0.3333333333333333,-0.6440902286753902,-4.755088530712135,1.4598843756034523,-0.1115780306882707,0.25,1.4598843756034523,0.3333333333333333,0.07012408686463154,0.4796930764321994,-0.10027835105144256,0.1111111111111111,0.2222222222222222,5.857468901681551,-0.0171729103872074,-0.26678765880217786,1,0
0.027777777777777776,0.0,-0.16125119006736108,0.0,0.0,1.3273719327921307,-4.755088530712135,-0.1916190102524236,-4.321258080645877,0.125,-0.1916190102524235,0.0,-2.814764228080276,-0.2632681063313813,-4.959556673683751,0.0,0.2222222222222222,9.931829541894084,-0.0173918084564822,1.9963702359346642,1,0
0.0,0.0,1.783366330590207,0.0,0.0,1.3273719327921307,-4.755088530712135,-0.4668695745617363,-4.321258080645877,0.0,-0.4668695745617363,0.0,-2.814764228080276,-0.2844958199592799,-1.6863046770080006,0.0,0.0,9.946521098922192,-0.0129248387160173,1.9963702359346642,1,0
0.027777777777777776,0.0,-12.352570398505815,0.0,0.0,-0.7891132362483021,-4.755088530712135,-0.1916190102524236,-0.39556095327027846,0.125,-0.1916190102524235,0.0,-0.4222907216928031,-0.1571313071385413,-1.1052714681371396,0.0,0.2222222222222222,10.00854939296616,-0.0453964178061028,-0.29038112522686027,1,0
0.0,0.0,-0.16125119006736108,0.0,0.0,0.3871513198050401,-4.755088530712135,-0.4668695745617363,-4.321258080645877,0.0,-0.4668695745617363,0.0,-2.814764228080276,-0.2844958199592799,-4.959556673683751,0.0,0.0,9.931829541894084,-0.0173918084564822,0.2323049001814882,1,0
0.05555555555555555,0.1111111111111111,0.11941978043816989,0.3333333333333333,0.1111111111111111,-0.9531238224996238,0.1636909757685133,0.083631554056889,-0.5520695726876534,0.25,0.0836315540568891,0.1111111111111111,0.5536845584332454,0.0211779919147679,0.07334229498468316,0.1111111111111111,0.1111111111111111,5.374668126649842,-0.0167470807817818,-0.3103448275862069,1,0
0.3055555555555555,0.3333333333333333,-0.09828448954137264,0.3333333333333333,0.3333333333333333,0.3871513198050401,0.5390376728716304,2.560886632840704,-4.321258080645877,0.25,2.5608866328407034,0.3333333333333333,-0.2930182359400527,0.1825125826125307,0.4131290277765903,0.3333333333333333,0.2222222222222222,3.5051412149069066,-0.0172471680102666,0.2323049001814882,1,0
0.19444444444444442,0.3333333333333333,-0.07184772512011325,0.1111111111111111,0.1111111111111111,-0.5135592262370264,-4.755088530712135,1.4598843756034523,0.05214708677701143,0.375,1.4598843756034523,0.3333333333333333,0.5067783933873306,0.3841706584134897,-0.12764450841959163,0.1111111111111111,0.4444444444444444,5.493415730067352,-0.0171864402705178,-0.2395644283121597,0,1
0.027777777777777776,0.0,-0.16125119006736108,0.0,0.0,1.3273719327921307,-4.755088530712135,-0.1916190102524236,-4.321258080645877,0.125,-0.1916190102524235,0.0,-2.814764228080276,-0.2632681063313813,-4.959556673683751,0.0,0.2222222222222222,9.931829541894084,-0.0173918084564822,1.9963702359346642,1,0
0.027777777777777776,0.0,-0.16125119006736108,0.0,0.0,-0.9531238224996238,-4.755088530712135,-0.1916190102524236,-4.321258080645877,0.125,-0.1916190102524235,0.0,-2.814764228080276,-0.1316589140222559,-4.959556673683751,0.0,0.2222222222222222,9.931829541894084,-0.0173918084564822,-0.3103448275862069,1,0
0.19444444444444442,0.3333333333333333,-0.10844013671861642,0.3333333333333333,0.1111111111111111,-0.5135592262370264,-4.755088530712135,1.4598843756034523,0.7563815851513073,0.25,1.4598843756034523,0.1111111111111111,0.11065092629307056,0.3841706584134897,-0.024488296866378823,0.3333333333333333,0.2222222222222222,0.31132853983768405,-0.0172704964890825,-0.2395644283121597,1,0
0.2222222222222222,0.1111111111111111,-0.02151011774042563,0.1111111111111111,0.3333333333333333,0.0869332819236188,0.6523419284522012,1.7351349399127654,1.3061364582863635,0.25,1.7351349399127651,0.3333333333333333,0.32593776497342714,0.1521866685233528,0.8377730559662477,0.3333333333333333,0.3333333333333333,4.442529682948309,-0.0170708100416507,0.0,0,1
0.05555555555555555,0.1111111111111111,-0.08431094069807153,0.1111111111111111,0.1111111111111111,-0.7891132362483021,-0.13127304604343448,0.083631554056889,-0.09428081140899382,0.25,0.0836315540568891,0.1111111111111111,0.0,-0.0297667943178028,-0.25374892607461336,0.1111111111111111,0.3333333333333333,5.079073832146112,-0.0172150694514565,-0.29038112522686027,0,1
0.08333333333333333,0.3333333333333333,-0.10897172458428656,0.1111111111111111,0.1111111111111111,-0.3945035917891138,-4.755088530712135,0.3588821183662018,0.2935347721345251,0.25,0.3588821183662018,0.1111111111111111,-0.08581315579848388,-0.029765379172273,-0.24600229124285933,0.1111111111111111,0.2222222222222222,0.9228292535098557,-0.0172717175965163,-0.20871143375680581,1,0
0.19444444444444442,0.3333333333333333,-0.11886828607455713,0.3333333333333333,0.1111111111111111,-0.6440902286753902,-0.04096364509726887,1.4598843756034523,-2.0983658279614184,0.375,1.4598843756034523,0.1111111111111111,-0.1438054901756566,0.4796930764321994,-0.4847478435038802,0.1111111111111111,0.4444444444444444,1.3095319750375096,-0.0172944509310883,-0.26678765880217786,0,1
0.0,0.0,0.381657600943649,0.1111111111111111,0.0,-0.7891132362483021,0.5145748698552813,-0.4668695745617363,-0.3689467316124768,0.0,-0.4668695745617363,0.0,0.24513844082255698,-0.2844958199592799,0.15928622918237192,0.1111111111111111,0.1111111111111111,3.9102457045917034,-0.0161446957901011,-0.29038112522686027,1,0
0.0,0.1111111111111111,-0.1080086206424643,0.1111111111111111,0.1111111111111111,-0.9531238224996238,0.01114158450822036,-0.4668695745617363,-0.2045326901872562,0.0,-0.4668695745617363,0.0,-0.5276657972684107,-0.2844958199592799,-0.6470812009014283,0.1111111111111111,0.1111111111111111,2.378570436462512,-0.0172695052559818,-0.3103448275862069,1,0
0.16666666666666666,0.1111111111111111,0.4077401474233548,0.3333333333333333,0.3333333333333333,-1.666848273078999,0.08296165793127216,1.18463381129414,-4.321258080645877,0.25,1.18463381129414,0.1111111111111111,-2.814764228080276,2.0079889959270663,0.09479887487922092,0.3333333333333333,0.1111111111111111,9.681379093359135,-0.0160847817223519,-0.3484573502722323,1,0
0.0,0.1111111111111111,-0.08360948765277444,0.1111111111111111,0.1111111111111111,-1.666848273078999,-0.20902154212594073,-0.4668695745617363,-0.12870809558806698,0.0,-0.4668695745617363,0.1111111111111111,-0.554867749315951,-0.2844958199592799,-0.7812595841815723,0.1111111111111111,0.1111111111111111,7.101890948436658,-0.017213458147694,-0.3484573502722323,1,0
0.16666666666666666,0.1111111111111111,0.08500411547016182,0.3333333333333333,0.3333333333333333,0.2439439807007004,0.7481420290032386,1.18463381129414,-4.321258080645877,0.25,1.18463381129414,0.1111111111111111,-0.14604735302748967,0.0020773189744942,0.4980621511445907,0.3333333333333333,0.1111111111111111,6.516149085552864,-0.0168261368081608,0.1088929219600726,1,0
0.3611111111111111,0.4444444444444444,-0.09864992255427207,0.3333333333333333,0.3333333333333333,-0.9531238224996238,-4.755088530712135,3.111387761459329,0.1470309482078948,0.375,3.1113877614593286,0.3333333333333333,-2.814764228080276,1.7023839572220312,-0.6988776642864946,0.4444444444444444,0.2222222222222222,6.32915747211292,-0.0172480074443422,-0.3103448275862069,1,0
0.0,0.0,0.9731551802533187,0.1111111111111111,0.1111111111111111,-0.3945035917891138,0.7250798862044303,-0.4668695745617363,-0.3256774960486942,0.0,-0.4668695745617363,0.0,-2.195368772897393,-0.2844958199592799,0.2357434545864635,0.1111111111111111,0.1111111111111111,9.053274815603706,-0.0147859700971222,-0.20871143375680581,1,0
0.0,0.1111111111111111,0.07995296617608777,0.1111111111111111,0.1111111111111111,-1.666848273078999,-0.030311539256362482,-0.4668695745617363,-0.0019843095974738842,0.0,-0.4668695745617363,0.1111111111111111,0.11065092629307056,-0.2844958199592799,-0.1046257145757392,0.1111111111111111,0.0,6.972351195612072,-0.0168377397741999,-0.3484573502722323,1,0
0.25,0.3333333333333333,-0.09303618129396703,0.4444444444444444,0.1111111111111111,0.0869332819236188,1.0882850296358464,2.010385504222078,-4.321258080645877,0.375,2.0103855042220777,0.1111111111111111,0.5333258595717373,0.2067719795836819,0.460957418347771,0.3333333333333333,0.3333333333333333,2.7558125956574466,-0.017235112151528,0.0,0,1
0.1111111111111111,0.3333333333333333,-0.16125119006736108,0.3333333333333333,0.0,-0.9531238224996238,-4.755088530712135,0.6341326826755145,-4.321258080645877,0.25,0.6341326826755145,0.0,-2.814764228080276,0.3268518037888158,-4.959556673683751,0.0,0.0,6.035153096713496,-0.0173918084564822,-0.3103448275862069,1,0
0.0,0.1111111111111111,-0.057299594302764496,0.1111111111111111,0.1111111111111111,-1.3723900433022265,-0.1959095675930338,-0.4668695745617363,0.04408708427011788,0.0,-0.4668695745617363,0.1111111111111111,-0.08581315579848388,-0.2844958199592799,-0.26043541412294385,0.1111111111111111,0.1111111111111111,5.887482470919261,-0.0171530218427544,-0.3393829401088929,1,0
0.1111111111111111,0.0,2.444559161530478,0.3333333333333333,0.0,1.199597083727945,1.2401869500916953,0.6341326826755145,-4.321258080645877,0.25,0.6341326826755145,0.0,-2.281246022631343,-0.1918658202470713,0.0855841230830386,0.3333333333333333,0.0,9.300263947866263,-0.0114060164607165,1.6206896551724137,1,0
0.38888888888888884,0.5555555555555556,-0.09129663191304255,0.4444444444444444,0.3333333333333333,-2.102083711231995,-4.755088530712135,3.386638325768641,-4.321258080645877,0.5,3.386638325768641,0.3333333333333333,-0.1559158946214444,10.41323179453926,-1.332420751726184,0.3333333333333333,0.2222222222222222,7.982057378660882,-0.0172311162426337,-0.35390199637023595,1,0
0.19444444444444442,0.3333333333333333,-0.07264261879433646,0.3333333333333333,0.1111111111111111,-0.9531238224996238,-0.030311539256362482,1.4598843756034523,-4.321258080645877,0.25,1.4598843756034523,0.3333333333333333,0.1807856920685292,0.7853625215998877,-0.37959011669084397,0.1111111111111111,0.2222222222222222,6.197160560212017,-0.0171882662162124,-0.3103448275862069,1,0
0.3333333333333333,0.3333333333333333,-0.05781517531322155,0.3333333333333333,0.3333333333333333,-1.3723900433022265,-0.030311539256362482,2.8361371971500167,-0.39556095327027846,0.25,2.836137197150016,0.3333333333333333,-2.814764228080276,2.7722015436314544,-0.3097498258737439,0.3333333333333333,0.3333333333333333,6.3519302720523605,-0.017154206180933,-0.3393829401088929,0,1
0.1388888888888889,0.3333333333333333,-3.2652122680155036,0.3333333333333333,0.0,-1.666848273078999,-4.755088530712135,0.9093832469848272,-4.321258080645877,0.25,0.9093832469848272,0.0,-2.814764228080276,1.6259081932793418,-0.9890796363846278,0.0,0.2222222222222222,9.233427182421298,-0.0245218996253032,-0.3484573502722323,1,0
0.0,0.1111111111111111,0.1316893908401457,0.1111111111111111,0.0,-0.5135592262370264,0.2936897468610754,-0.4668695745617363,-0.09830362926931464,0.0,-0.4668695745617363,0.1111111111111111,1.3043406391604788,-0.2844958199592799,0.8445849950503468,0.1111111111111111,0.1111111111111111,1.5385728096812366,-0.0167188963301811,-0.2395644283121597,1,0
0.2777777777777778,0.3333333333333333,-0.008386279953791978,0.3333333333333333,0.3333333333333333,-0.2847917733012345,0.2546804272078452,2.2856360685313915,-0.5222138313809659,0.25,2.2856360685313906,0.1111111111111111,-2.814764228080276,0.4796963514947189,-0.33032081334764823,0.3333333333333333,0.3333333333333333,7.116249372105586,-0.0170406633492298,-0.17422867513611615,0,1
0.2222222222222222,0.3333333333333333,-0.04385830553507124,0.3333333333333333,0.1111111111111111,-0.9531238224996238,0.2993812830943706,1.7351349399127654,-4.321258080645877,0.25,1.7351349399127651,0.3333333333333333,-0.15553161896833645,0.9381994275369115,-0.47917728884777355,0.1111111111111111,0.3333333333333333,7.095943105820411,-0.0171221459355077,-0.3103448275862069,0,1
0.3611111111111111,0.3333333333333333,-0.076962632031002,0.3333333333333333,0.3333333333333333,-1.3723900433022265,-0.09576559222442006,3.111387761459329,-0.3414553481670005,0.375,3.1113877614593286,0.3333333333333333,-0.1559158946214444,3.026926323930682,-0.42186923706138607,0.3333333333333333,0.4444444444444444,6.222002185597999,-0.0171981896938123,-0.3393829401088929,0,1
0.05555555555555555,0.1111111111111111,-0.0105465345528485,0.1111111111111111,0.1111111111111111,-1.666848273078999,-0.13127304604343448,0.083631554056889,0.025725746709283345,0.25,0.0836315540568891,0.1111111111111111,-0.45598678449582947,0.4796657853361687,-0.5201487427542454,0.3333333333333333,0.1111111111111111,7.1909114342296325,-0.0170456256576648,-0.3484573502722323,1,0
0.1388888888888889,0.3333333333333333,-0.16125119006736108,0.3333333333333333,0.0,-0.9531238224996238,-4.755088530712135,0.9093832469848272,-4.321258080645877,0.25,0.9093832469848272,0.0,-2.814764228080276,0.4796887097258397,-4.959556673683751,0.0,0.2222222222222222,8.409891919437118,-0.0173918084564822,-0.3103448275862069,1,0
0.0,0.1111111111111111,-0.086147134812102,0.1111111111111111,0.1111111111111111,-0.5135592262370264,0.20054350821613087,-0.4668695745617363,0.3773517697938406,0.0,-0.4668695745617363,0.1111111111111111,0.24008799583748353,-0.2844958199592799,0.172210587697401,0.1111111111111111,0.1111111111111111,4.053083252369256,-0.0172192873624122,-0.2395644283121597,1,0
0.08333333333333333,0.3333333333333333,-0.10013908323088463,0.1111111111111111,0.1111111111111111,0.3871513198050401,0.5390376728716304,0.3588821183662018,0.4194510454590317,0.25,0.3588821183662018,0.1111111111111111,0.46317186353556355,-0.1571298919851497,0.19544066005126237,0.1111111111111111,0.2222222222222222,1.4508930185442814,-0.0172514281867815,0.2323049001814882,1,0
0.1388888888888889,0.3333333333333333,-0.10590877309112927,0.3333333333333333,0.1111111111111111,0.2439439807007004,0.4682930215806021,0.9093832469848272,-4.321258080645877,0.25,0.9093832469848272,0.1111111111111111,0.34092199421050357,-0.0456848708478014,0.22303579000415905,0.1111111111111111,0.2222222222222222,1.0514937288867103,-0.0172646817082292,0.1088929219600726,1,0
0.0,0.1111111111111111,-0.11783560932103417,0.1111111111111111,0.1111111111111111,-0.5135592262370264,0.2808312196366998,-0.4668695745617363,0.40576161802781613,0.0,-0.4668695745617363,0.1111111111111111,-2.814764228080276,-0.2844958199592799,-0.26050331279475003,0.1111111111111111,0.1111111111111111,3.9368697491735616,-0.0172920787752475,-0.2395644283121597,1,0
0.3055555555555555,0.3333333333333333,0.2184850925435351,0.3333333333333333,0.3333333333333333,0.6417328970763176,0.44066962587701963,2.560886632840704,0.27395678416080244,0.25,2.5608866328407034,0.3333333333333333,0.46317186353556355,0.0976023499187137,1.3695375943809422,0.3333333333333333,0.2222222222222222,3.3437612740433442,-0.01651951842219,0.5226860254083484,1,0
0.08333333333333333,0.3333333333333333,1.2337410536433788,0.0,0.0,-0.2847917733012345,-3.264637175270399,0.3588821183662018,-0.6400351244861677,0.25,0.3588821183662018,0.0,-2.814764228080276,-0.0552381685230802,-0.49427198649277637,0.0,0.2222222222222222,8.621695045754908,-0.0141873797836746,-0.17422867513611615,1,0
0.0,0.1111111111111111,0.137681486803969,0.1111111111111111,0.1111111111111111,-1.1433092459291831,-0.030311539256362482,-0.4668695745617363,-0.1653565554017613,0.0,-0.4668695745617363,0.1111111111111111,0.16441350685740708,-0.2844958199592799,-0.14821209482901188,0.1111111111111111,0.1111111111111111,7.702412285525416,-0.01670513192095,-0.32667876588021777,1,0
0.2222222222222222,0.1111111111111111,-0.07652957957086473,0.1111111111111111,0.3333333333333333,1.0629938337787594,-0.05276690469829838,1.7351349399127654,0.39173422957051773,0.25,1.7351349399127651,0.3333333333333333,-2.814764228080276,-0.0807098823455483,-0.18659072896936468,0.3333333333333333,0.3333333333333333,5.7177130242016645,-0.0171971949314928,1.2776769509981851,0,1
0.611111111111111,0.4444444444444444,-0.08798929120250672,0.7777777777777777,0.5555555555555556,-1.666848273078999,0.5390376728716304,5.588642840243144,-4.321258080645877,0.75,5.588642840243143,0.4444444444444444,-2.814764228080276,8.121281838290654,-0.6633311381538811,0.6666666666666666,0.2222222222222222,6.5933702776064695,-0.0172235189692787,-0.3484573502722323,1,0
0.0,0.1111111111111111,-0.0887474881171412,0.1111111111111111,0.1111111111111111,0.0021753538983214,0.48722126621412404,-0.4668695745617363,0.45864520240061574,0.0,-0.4668695745617363,0.1111111111111111,0.12014923748777635,-0.2844958199592799,0.19049991041528788,0.1111111111111111,0.1111111111111111,0.7328724745002854,-0.0172252606190577,-0.04900181488203267,1,0
0.05555555555555555,0.1111111111111111,0.8159716477217482,0.1111111111111111,0.1111111111111111,0.5191192900072952,0.22160843477979358,0.083631554056889,0.396119870694831,0.25,0.0836315540568891,0.1111111111111111,-1.7243963081287366,-0.2080762207197047,-0.01586573818204757,0.3333333333333333,0.1111111111111111,9.366132733643424,-0.0151470354871329,0.3702359346642468,1,0
0.05555555555555555,0.1111111111111111,0.8167779362865935,0.0,0.3333333333333333,-1.666848273078999,-0.4608380511121482,0.083631554056889,-0.2639052153526961,0.25,0.0836315540568891,0.1111111111111111,-2.814764228080276,0.4796657853361687,-0.7253156401085872,0.0,0.0,9.478930296349478,-0.0151451833663004,-0.3484573502722323,1,0
0.08333333333333333,0.3333333333333333,-0.0882669347168277,0.1111111111111111,0.1111111111111111,-1.3723900433022265,-4.755088530712135,0.3588821183662018,-0.077494619325609,0.25,0.3588821183662018,0.1111111111111111,-0.15323398805660346,0.4796785209384036,-0.4978066302270033,0.1111111111111111,0.2222222222222222,5.84011761349216,-0.0172241567426012,-0.3393829401088929,1,0
0.5,0.4444444444444444,-0.08484304625856554,0.3333333333333333,0.5555555555555556,-0.9531238224996238,-4.755088530712135,4.487640583005893,0.39173422957051773,0.625,4.487640583005892,0.4444444444444444,-2.814764228080276,2.466568486907151,-0.6322058578320797,0.6666666666666666,0.2222222222222222,6.615966372969336,-0.0172162917480841,-0.3103448275862069,1,0
0.0,0.0,0.6212784042120388,0.0,0.1111111111111111,0.6999923241170234,-0.8691145590959111,-0.4668695745617363,0.1858699017784274,0.0,-0.4668695745617363,0.1111111111111111,-2.814764228080276,-0.2844958199592799,-0.9217870491987689,0.1111111111111111,0.0,9.85982347726439,-0.015594264218846,0.604355716878403,1,0
0.0,0.1111111111111111,0.17569471778215873,0.1111111111111111,0.1111111111111111,-0.9531238224996238,-0.2912516111019055,-0.4668695745617363,-0.16308971469821085,0.0,-0.4668695745617363,0.1111111111111111,-0.1559158946214444,-0.2844958199592799,0.3593721372410712,0.1111111111111111,0.1111111111111111,4.781439078146194,-0.0166178119463467,-0.3103448275862069,1,0
0.05555555555555555,0.0,1.1101247204357503,0.0,0.1111111111111111,0.3170934418812415,-0.27954568145249953,0.083631554056889,0.6914324218448231,0.25,0.0836315540568891,0.1111111111111111,-1.0502301652814066,-0.1945904884170285,-0.09224508349499574,0.1111111111111111,0.3333333333333333,9.878724705918556,-0.0144713381528654,0.16878402903811252,0,1
0.0,0.0,1.7601007171825391,0.0,0.0,0.9662521913648202,-4.755088530712135,-0.4668695745617363,-4.321258080645877,0.0,-0.4668695745617363,0.0,-0.07538120938649578,-0.2844958199592799,-1.2410723352238373,0.0,0.0,10.062926285026995,-0.012978282022982,1.0671506352087115,1,0
0.027777777777777776,0.0,78.61417700717855,0.0,0.0,0.5191192900072952,-4.755088530712135,-0.1916190102524236,-4.321258080645877,0.125,-0.1916190102524235,0.0,-2.814764228080276,-0.2462860203394923,-2.5723487420416133,0.0,0.2222222222222222,9.931829541894084,0.163562775317026,0.3702359346642468,1,0
0.05555555555555555,0.1111111111111111,-0.08734037480880807,0.1111111111111111,0.1111111111111111,1.0152348983243975,0.7319521441637115,0.083631554056889,0.8199677407779054,0.25,0.0836315540568891,0.3333333333333333,0.8859237313160764,-0.2317925662894157,0.7441377703527651,0.1111111111111111,0.1111111111111111,3.390415364593089,-0.0172220283471569,1.1705989110707804,1,0
0.0,0.1111111111111111,0.13688704717347686,0.1111111111111111,0.1111111111111111,0.0869332819236188,0.5897353223317695,-0.4668695745617363,0.5161095252820157,0.0,-0.4668695745617363,0.0,0.4224611598276248,-0.2844958199592799,1.2969947646170323,0.1111111111111111,0.1111111111111111,1.501301133694226,-0.0167069568236634,0.0,1,0
0.0,0.0,-0.16125119006736108,0.0,0.0,1.3273719327921307,-4.755088530712135,-0.4668695745617363,-4.321258080645877,0.0,-0.4668695745617363,0.0,-2.814764228080276,-0.2844958199592799,-4.959556673683751,0.0,0.0,9.931829541894084,-0.0173918084564822,1.9963702359346642,1,0
0.08333333333333333,0.3333333333333333,-0.09893502455496564,0.1111111111111111,0.1111111111111111,1.668921836399024,-4.755088530712135,0.3588821183662018,1.1059892365779411,0.25,0.3588821183662018,0.1111111111111111,0.8728775348344943,-0.2335492789487679,1.081649032687039,0.1111111111111111,0.2222222222222222,2.3415449735835505,-0.0172486623505109,3.319419237749546,1,0
0.027777777777777776,0.0,2.7682332933497107,0.0,0.0,-0.5135592262370264,-4.755088530712135,-0.1916190102524236,-4.321258080645877,0.125,-0.1916190102524235,0.0,0.16172809144610192,-0.1889720373345985,-1.1628403516882104,0.0,0.2222222222222222,10.142014701610519,-0.010662506471092,-0.2395644283121597,1,0
0.3055555555555555,0.3333333333333333,-0.06490041743407811,0.3333333333333333,0.3333333333333333,-0.7891132362483021,-4.755088530712135,2.560886632840704,0.28245467238384553,0.25,2.5608866328407034,0.3333333333333333,0.1807856920685292,1.1165138210688443,-0.34767296623746236,0.3333333333333333,0.2222222222222222,6.450191400066268,-0.0171704816499245,-0.29038112522686027,1,0
0.1388888888888889,0.3333333333333333,-0.10671317589410854,0.1111111111111111,0.1111111111111111,-0.1828566844305228,-0.342462599436629,0.9093832469848272,0.013699463948920387,0.25,0.9093832469848272,0.3333333333333333,0.16441350685740708,0.0628645737533742,-0.3823780812018777,0.1111111111111111,0.2222222222222222,3.7172340181491506,-0.0172665294972889,-0.13611615245009073,1,0
0.05555555555555555,0.1111111111111111,-0.07547156542468554,0.1111111111111111,0.3333333333333333,1.1095988810204689,1.0290485518892634,0.083631554056889,0.9817443723090936,0.25,0.0836315540568891,0.1111111111111111,-1.179722190135725,-0.2351927652352168,1.037139080612081,0.1111111111111111,0.1111111111111111,3.053419009112004,-0.0171947645732729,1.3883847549909256,1,0
0.0,0.1111111111111111,-0.01832413337774121,0.1111111111111111,0.1111111111111111,-0.9531238224996238,0.22160843477979358,-0.4668695745617363,-0.12870809558806698,0.0,-0.4668695745617363,0.1111111111111111,0.11065092629307056,-0.2844958199592799,-0.024535223052488155,0.1111111111111111,0.1111111111111111,2.80019053513218,-0.0170634915352655,-0.3103448275862069,1,0
0.38888888888888884,0.5555555555555556,-0.10675038392098916,0.4444444444444444,0.4444444444444444,-0.1828566844305228,-4.755088530712135,3.386638325768641,-4.321258080645877,0.5,3.386638325768641,0.3333333333333333,0.0,0.6881132824361518,0.0869649871938937,0.3333333333333333,0.0,3.860565680592987,-0.0172666149676338,-0.13611615245009073,1,0
0.0,0.1111111111111111,-0.07789411461164067,0.1111111111111111,0.1111111111111111,1.7378785539272517,0.7020858260316316,-0.4668695745617363,0.7855237563847912,0.0,-0.4668695745617363,0.1111111111111111,0.5926419006143737,-0.2844958199592799,0.760270646381825,0.1111111111111111,0.1111111111111111,3.283542337878147,-0.0172003293970996,3.6533575317604354,1,0
0.0,0.0,6.447207272246016,0.0,0.0,0.5191192900072952,-0.01953354948544168,-0.4668695745617363,-0.13693036861546792,0.0,-0.4668695745617363,0.0,-0.3092780598764393,-0.2844958199592799,0.5867672648885314,0.0,0.0,9.192037859716313,-0.0022115564692992,0.3702359346642468,1,0
0.0,0.1111111111111111,-0.07300509762062073,0.1111111111111111,0.1111111111111111,-1.3723900433022265,-0.2382721406312553,-0.4668695745617363,-0.1362106463540532,0.0,-0.4668695745617363,0.1111111111111111,-0.2397799643438899,-0.2844958199592799,-0.3822137459749989,0.1111111111111111,0.1111111111111111,5.782173537159351,-0.0171890988642429,-0.3393829401088929,1,0
0.05555555555555555,0.1111111111111111,-0.008332372824715271,0.3333333333333333,0.1111111111111111,-1.666848273078999,-0.09061018672488759,0.083631554056889,-0.39556095327027846,0.25,0.0836315540568891,0.1111111111111111,-0.34338983280150354,0.4796657853361687,-0.3882395465971462,0.1111111111111111,0.1111111111111111,7.4365681987455154,-0.0170405395194731,-0.3484573502722323,1,0
0.3333333333333333,0.3333333333333333,-0.0987168179572728,0.3333333333333333,0.3333333333333333,-0.2847917733012345,0.2808312196366998,2.8361371971500167,0.16846769062672157,0.25,2.836137197150016,0.3333333333333333,0.5268586928616462,0.6325347857855188,0.037829744721729376,0.3333333333333333,0.3333333333333333,4.425303888140007,-0.0172481611093883,-0.17422867513611615,0,1
0.027777777777777776,0.0,1.7601007171825391,0.0,0.0,-0.0875094222424097,-4.755088530712135,-0.1916190102524236,0.09729130570434955,0.125,-0.1916190102524235,0.0,-2.814764228080276,-0.2208130328678629,-1.1360764924756814,0.0,0.2222222222222222,9.879731679034016,-0.012978282022982,-0.09437386569872959,1,0
0.05555555555555555,0.1111111111111111,-0.08414844802752315,0.1111111111111111,0.1111111111111111,-1.3723900433022265,-0.0605446891002135,0.083631554056889,-0.09428081140899382,0.25,0.0836315540568891,0.0,-2.814764228080276,0.2249537406391757,-0.7010395071992188,0.1111111111111111,0.3333333333333333,3.3075134748374273,-0.0172146961904761,-0.3393829401088929,0,1
0.027777777777777776,0.0,-0.16125119006736108,0.0,0.0,0.8111528623165425,-4.755088530712135,-0.1916190102524236,-4.321258080645877,0.125,-0.1916190102524235,0.0,-2.814764228080276,-0.2539279496957324,-4.959556673683751,0.0,0.2222222222222222,9.931829541894084,-0.0173918084564822,0.778584392014519,1,0
0.05555555555555555,0.0,1.6136951333567116,0.3333333333333333,0.0,1.0629938337787594,0.9698125877403967,0.083631554056889,-4.321258080645877,0.25,0.0836315540568891,0.0,0.2356659489427642,-0.233549335555847,1.0542837536827605,0.1111111111111111,0.0,10.64757957412339,-0.0133145894489091,1.2776769509981851,1,0
0.0,0.1111111111111111,-0.09396048851919547,0.1111111111111111,0.1111111111111111,-0.9531238224996238,-0.030311539256362482,-0.4668695745617363,-0.0011330425477450003,0.0,-0.4668695745617363,0.1111111111111111,-0.1559158946214444,-0.2844958199592799,-0.3650297097672657,0.1111111111111111,0.1111111111111111,2.8367654041549293,-0.0172372353723475,-0.3103448275862069,1,0
0.05555555555555555,0.1111111111111111,0.24459259122332985,0.1111111111111111,0.3333333333333333,-0.9531238224996238,-0.020144425694868805,0.083631554056889,-0.031115273139600514,0.25,0.0836315540568891,0.1111111111111111,-2.814764228080276,0.0211779919147679,0.9076440887827077,0.0,0.1111111111111111,5.204900562781408,-0.0164595470368852,-0.3103448275862069,1,0
0.3055555555555555,0.3333333333333333,-0.042716886127256354,0.3333333333333333,0.3333333333333333,-1.3723900433022265,-4.755088530712135,2.560886632840704,0.2269877188698238,0.25,2.5608866328407034,0.3333333333333333,-2.814764228080276,2.5174767633322266,-0.7037521417960826,0.3333333333333333,0.2222222222222222,7.7500751145986655,-0.0171195239875402,-0.3393829401088929,1,0
0.027777777777777776,0.0,1.789327316810506,0.0,0.0,1.3273719327921307,-4.755088530712135,-0.1916190102524236,0.8001761154273884,0.125,-0.1916190102524235,0.0,-2.814764228080276,-0.2632681063313813,-0.3469728626777224,0.0,0.2222222222222222,9.757172406999908,-0.0129111457687994,1.9963702359346642,1,0
0.0,0.1111111111111111,-0.09302609036115946,0.1111111111111111,0.1111111111111111,-0.5135592262370264,0.35091601266892847,-0.4668695745617363,0.31098917011524185,0.0,-0.4668695745617363,0.1111111111111111,-0.4222907216928031,-0.2844958199592799,-0.117034088169356,0.1111111111111111,0.1111111111111111,-0.6311954300546991,-0.0172350889717041,-0.2395644283121597,1,0
0.0,0.0,1.2646669943303992,0.0,0.0,0.6999923241170234,0.33702944907512306,-0.4668695745617363,1.385375418812881,0.0,-0.4668695745617363,0.0,0.5652486638647147,-0.2844958199592799,0.8939268342105402,0.0,0.0,8.47121126066647,-0.0141163399829031,0.604355716878403,1,0
0.3333333333333333,0.3333333333333333,-0.08801136690597909,0.3333333333333333,0.3333333333333333,-1.666848273078999,-0.13127304604343448,2.8361371971500167,-4.321258080645877,0.25,2.836137197150016,0.3333333333333333,-2.814764228080276,4.300473811813412,-0.6270019217386436,0.3333333333333333,0.3333333333333333,5.871857816678684,-0.0172235696792504,-0.3484573502722323,0,1
0.05555555555555555,0.3333333333333333,0.3870507606529212,0.0,0.1111111111111111,0.2439439807007004,-4.755088530712135,0.083631554056889,-0.3414553481670005,0.25,0.0836315540568891,0.0,-2.814764228080276,-0.1889714403146885,-0.41266932004956725,0.0,0.0,6.407793232823746,-0.0161323071939012,0.1088929219600726,1,0
0.0,0.0,-0.16125119006736108,0.0,0.0,0.5191192900072952,-4.755088530712135,-0.4668695745617363,-4.321258080645877,0.0,-0.4668695745617363,0.0,-2.814764228080276,-0.2844958199592799,-4.959556673683751,0.0,0.0,9.931829541894084,-0.0173918084564822,0.3702359346642468,1,0
0.1111111111111111,0.1111111111111111,0.5073734146803576,0.3333333333333333,0.1111111111111111,0.1673597344439074,0.9698125877403967,0.6341326826755145,-2.591297563913506,0.25,0.6341326826755145,0.3333333333333333,0.9927646505524581,-0.0807105616274785,0.9723954514355697,0.1111111111111111,0.1111111111111111,3.897725094487213,-0.0158559147162425,0.05263157894736842,1,0
0.05555555555555555,0.1111111111111111,-0.052350050951421985,0.1111111111111111,0.1111111111111111,1.486110633212629,-0.15968391661967582,0.083631554056889,-0.23451172050781646,0.25,0.0836315540568891,0.1111111111111111,0.26663088282169384,-0.2462859248152321,-0.2780574336696274,0.1111111111111111,0.3333333333333333,6.608284790448537,-0.017141652275143,2.5480943738656987,0,1
0.0,0.1111111111111111,2.021353847805298,0.1111111111111111,0.0,0.0021753538983214,-0.4589780003682638,-0.4668695745617363,-4.321258080645877,0.0,-0.4668695745617363,0.0,-2.814764228080276,-0.2844958199592799,-0.9014617051379227,0.0,0.0,9.745513197881834,-0.0123781589567767,-0.04900181488203267,1,0
0.05555555555555555,0.0,0.9267819629338166,0.0,0.0,1.0152348983243975,-1.148686159802042,0.083631554056889,-0.6382921149923843,0.25,0.0836315540568891,0.0,-0.586486275984681,-0.2317925662894157,-0.3826079063231418,0.1111111111111111,0.3333333333333333,9.96647220072041,-0.014892493748346,1.1705989110707804,0,1
0.05555555555555555,0.1111111111111111,0.19635134470551574,0.1111111111111111,0.1111111111111111,-0.1828566844305228,0.5390376728716304,0.083631554056889,0.7096586071884762,0.25,0.0836315540568891,0.1111111111111111,0.7298924868284511,-0.1455516624742182,0.5046536384820159,0.3333333333333333,0.1111111111111111,5.641392064403103,-0.016570361727254,-0.13611615245009073,1,0
0.0,0.1111111111111111,-0.08115128143493036,0.1111111111111111,0.1111111111111111,-0.5135592262370264,0.3173937429971883,-0.4668695745617363,0.3474463868376146,0.0,-0.4668695745617363,0.1111111111111111,0.26663088282169384,-0.2844958199592799,0.18851958234538035,0.1111111111111111,0.1111111111111111,3.8753214062230774,-0.0172078114163063,-0.2395644283121597,1,0
0.05555555555555555,0.3333333333333333,0.08180784090723005,0.0,0.1111111111111111,-1.1433092459291831,-4.755088530712135,0.083631554056889,-1.031283152231442,0.25,0.0836315540568891,0.1111111111111111,-0.20244827600365914,0.097594534469716,-0.23641215176269104,0.0,0.0,12.299583201576398,-0.0168334789521059,-0.32667876588021777,1,0
0.0,0.0,0.6532066650812628,0.0,0.0,1.199597083727945,-0.0038579089760272783,-0.4668695745617363,0.9153641575014057,0.0,-0.4668695745617363,0.0,1.017254856497652,-0.2844958199592799,0.6602235468087002,0.0,0.0,6.3470105677405,-0.0155209219941394,1.6206896551724137,1,0
0.0,0.1111111111111111,-0.05563836546109809,0.1111111111111111,0.1111111111111111,-0.9531238224996238,-0.07807339746433212,-0.4668695745617363,0.3987912086197025,0.0,-0.4668695745617363,0.1111111111111111,-0.27689079101900727,-0.2844958199592799,-0.15015149268386876,0.1111111111111111,0.1111111111111111,2.6348682606134264,-0.0171492058435212,-0.3103448275862069,1,0
0.0,0.0,-0.16125119006736108,0.0,0.0,1.3273719327921307,-4.755088530712135,-0.4668695745617363,-4.321258080645877,0.0,-0.4668695745617363,0.0,-2.814764228080276,-0.2844958199592799,-4.959556673683751,0.0,0.0,9.931829541894084,-0.0173918084564822,1.9963702359346642,1,0
0.05555555555555555,0.1111111111111111,-0.000641635301752395,0.3333333333333333,0.1111111111111111,-1.666848273078999,0.06855774515449085,0.083631554056889,-4.321258080645877,0.25,0.0836315540568891,0.0,-2.814764228080276,0.4796657853361687,-1.1039984183719456,0.1111111111111111,0.1111111111111111,7.601590628630484,-0.0170228731704703,-0.3484573502722323,1,0
0.0,0.1111111111111111,-0.0928887540872434,0.1111111111111111,0.1111111111111111,0.7564222381735122,0.5761859679933192,-0.4668695745617363,0.5087597620271138,0.0,-0.4668695745617363,0.1111111111111111,0.377313852074737,-0.2844958199592799,0.3969624643990473,0.1111111111111111,0.1111111111111111,1.9832608589820713,-0.0172347734973379,0.6896551724137931,1,0
0.0,0.0,0.3097051856354953,0.0,0.0,1.1095988810204689,-4.755088530712135,-0.4668695745617363,-4.321258080645877,0.0,-0.4668695745617363,0.0,-2.814764228080276,-0.2844958199592799,-1.8681478523673574,0.0,0.0,9.042426122425827,-0.0163099772701457,1.3883847549909256,1,0
0.0,0.1111111111111111,-0.08896695987872655,0.1111111111111111,0.1111111111111111,-0.6440902286753902,0.40037018956560505,-0.4668695745617363,-0.0019843095974738842,0.0,-0.4668695745617363,0.1111111111111111,-0.08581315579848388,-0.2844958199592799,-0.12078773221300126,0.1111111111111111,0.1111111111111111,0.8800316105809436,-0.017225764766381,-0.26678765880217786,1,0
0.08333333333333333,0.0,0.30731047203591294,0.0,0.1111111111111111,1.8047152235915511,-4.755088530712135,0.3588821183662018,0.7491593004002838,0.25,0.3588821183662018,0.1111111111111111,0.4482034778022723,-0.2377081717682121,0.029787229616610168,0.3333333333333333,0.2222222222222222,12.424366089099504,-0.0163154781530046,4.001814882032668,1,0
0.19444444444444442,0.3333333333333333,-0.05139618072704957,0.3333333333333333,0.1111111111111111,-0.9531238224996238,-4.755088530712135,1.4598843756034523,0.39173422957051773,0.25,1.4598843756034523,0.1111111111111111,0.11065092629307056,0.7853625215998877,-0.28825866216306417,0.3333333333333333,0.2222222222222222,6.559875240739888,-0.0171394611453278,-0.3103448275862069,1,0
0.0,0.1111111111111111,-0.10691327039684975,0.1111111111111111,0.1111111111111111,1.6335973378751631,1.187444306924091,-0.4668695745617363,1.132744185520963,0.0,-0.4668695745617363,0.1111111111111111,0.5613330706174532,-0.2844958199592799,0.872547143620114,0.1111111111111111,0.1111111111111111,-1.0547128124089102,-0.0172669891332222,3.1578947368421053,1,0
0.2777777777777778,0.3333333333333333,0.7673887631813441,0.3333333333333333,0.3333333333333333,-0.6440902286753902,-0.01679201186887458,2.2856360685313915,-4.321258080645877,0.25,2.2856360685313906,0.3333333333333333,-2.814764228080276,0.807202603457119,-0.3599316424440409,0.3333333333333333,0.0,9.712590489538991,-0.0152586349522416,-0.26678765880217786,1,0
0.027777777777777776,0.0,3.3423080864641865,0.0,0.1111111111111111,0.0869332819236188,-4.755088530712135,-0.1916190102524236,0.2283146734498298,0.125,-0.1916190102524235,0.1111111111111111,-2.814764228080276,-0.2299105088989508,-0.6633311381538811,0.1111111111111111,0.2222222222222222,9.990749129493086,-0.0093438025602382,0.0,1,0
0.1111111111111111,0.3333333333333333,0.401304266760507,0.1111111111111111,0.1111111111111111,-0.0875094222424097,-4.755088530712135,0.6341326826755145,-0.39556095327027846,0.25,0.6341326826755145,0.3333333333333333,-0.1559158946214444,-0.0297646715936118,-0.6633311381538811,0.1111111111111111,0.0,9.285532888692625,-0.0160995655468669,-0.09437386569872959,1,0
0.0,0.1111111111111111,-0.02913448636748925,0.1111111111111111,0.1111111111111111,-0.9531238224996238,-0.39212892590501836,-0.4668695745617363,-0.3424884769050972,0.0,-0.4668695745617363,0.1111111111111111,-0.7136316348205413,-0.2844958199592799,-0.9696193059009485,0.1111111111111111,0.0,8.108064529284379,-0.0170883239350439,-0.3103448275862069,1,0
0.1111111111111111,0.3333333333333333,-0.10623941219249004,0.1111111111111111,0.1111111111111111,0.6417328970763176,-3.7547158516804484,0.6341326826755145,0.7874380332635175,0.25,0.6341326826755145,0.1111111111111111,0.5471822814028252,-0.1455510309127367,0.546837372218059,0.1111111111111111,0.3333333333333333,1.410813333194759,-0.0172654412174103,0.5226860254083484,0,1
0.0,0.0,0.9610239955163464,0.0,0.1111111111111111,0.0021753538983214,-1.1562432923224801,-0.4668695745617363,0.39991223615848887,0.0,-0.4668695745617363,0.0,0.11065092629307056,-0.2844958199592799,-0.0617321544193306,0.1111111111111111,0.0,10.517305726792792,-0.0148138365719227,-0.04900181488203267,1,0
0.05555555555555555,0.1111111111111111,0.11309528373197511,0.1111111111111111,0.1111111111111111,-0.0875094222424097,-0.030311539256362482,0.083631554056889,-0.14637067321731154,0.25,0.0836315540568891,0.3333333333333333,0.0,-0.1571302457764458,0.016538144606494925,0.1111111111111111,0.1111111111111111,7.195425265999267,-0.0167616087468496,-0.09437386569872959,1,0
0.16666666666666666,0.1111111111111111,-0.06680166421357196,0.3333333333333333,0.3333333333333333,-0.9531238224996238,0.3173937429971883,1.18463381129414,0.12475366753727371,0.25,1.18463381129414,0.1111111111111111,-2.814764228080276,0.6325256156628638,-0.038963048044428274,0.3333333333333333,0.1111111111111111,5.396580116237278,-0.0171748489929845,-0.3103448275862069,1,0
0.0,0.1111111111111111,-0.11375657701858373,0.1111111111111111,0.1111111111111111,-0.9531238224996238,0.10832488669182568,-0.4668695745617363,0.10815537308144271,0.0,-0.4668695745617363,0.0,-2.814764228080276,-0.2844958199592799,-0.5107359959559212,0.1111111111111111,0.1111111111111111,-0.8125124201493392,-0.0172827088535679,-0.3103448275862069,1,0
0.0,0.0,0.723482000425182,0.0,0.0,-0.9531238224996238,-0.6831565010958577,-0.4668695745617363,-4.321258080645877,0.0,-0.4668695745617363,0.0,-2.814764228080276,-0.2844958199592799,-1.915285628443198,0.0,0.0,9.583708168576642,-0.0153594929248507,-0.3103448275862069,1,0
0.0,0.0,0.2973765002623074,0.0,0.0,-0.3945035917891138,-1.4374537049306322,-0.4668695745617363,0.37766014689292304,0.0,-0.4668695745617363,0.0,-2.814764228080276,-0.2844958199592799,-0.7074164837317493,0.0,0.0,9.361823715894536,-0.0163382974225236,-0.20871143375680581,1,0
0.3055555555555555,0.3333333333333333,-0.03315720756800746,0.3333333333333333,0.3333333333333333,-1.3723900433022265,-0.40732415552745305,2.560886632840704,-4.321258080645877,0.25,2.5608866328407034,0.3333333333333333,-2.814764228080276,2.5174767633322266,-1.1823805726817551,0.3333333333333333,0.2222222222222222,8.682268078454657,-0.0170975645048146,-0.3393829401088929,1,0
0.0,0.1111111111111111,-0.07382300366250705,0.1111111111111111,0.1111111111111111,-0.2847917733012345,0.24198280864049138,-0.4668695745617363,0.15570293109133396,0.0,-0.4668695745617363,0.1111111111111111,0.26663088282169384,-0.2844958199592799,0.10789985370104262,0.1111111111111111,0.1111111111111111,3.350618386411318,-0.0171909776715152,-0.17422867513611615,1,0
0.0,0.1111111111111111,-0.07894368821250046,0.1111111111111111,0.1111111111111111,-0.5135592262370264,0.10832488669182568,-0.4668695745617363,0.12475366753727371,0.0,-0.4668695745617363,0.1111111111111111,0.11065092629307056,-0.2844958199592799,-0.05303699857206245,0.1111111111111111,0.1111111111111111,3.2643086572244844,-0.0172027403665914,-0.2395644283121597,1,0
0.1111111111111111,0.3333333333333333,-0.1085133706318372,0.1111111111111111,0.1111111111111111,-0.9531238224996238,-4.755088530712135,0.6341326826755145,0.020017670180345004,0.25,0.6341326826755145,0.1111111111111111,-0.1263257614871225,0.3268518037888158,-0.596064068411672,0.1111111111111111,0.3333333333333333,2.4949888977632093,-0.017270664714284,-0.3103448275862069,0,1
0.3611111111111111,0.3333333333333333,-0.08181600096871412,0.3333333333333333,0.3333333333333333,-0.9531238224996238,-4.755088530712135,3.111387761459329,0.38444466836762314,0.375,3.1113877614593286,0.3333333333333333,-0.08581315579848388,1.7023839572220312,-0.16899323827101756,0.4444444444444444,0.3333333333333333,5.522843760143966,-0.0172093383397305,-0.3103448275862069,0,1
0.0,0.0,-0.16125119006736108,0.0,0.0,1.3273719327921307,-4.755088530712135,-0.4668695745617363,-4.321258080645877,0.0,-0.4668695745617363,0.0,-2.814764228080276,-0.2844958199592799,-4.959556673683751,0.0,0.0,9.931829541894084,-0.0173918084564822,1.9963702359346642,1,0
0.0,0.0,1.4872454287377392,0.0,0.0,0.3871513198050401,1.296382050008513,-0.4668695745617363,0.8656090293280801,0.0,-0.4668695745617363,0.0,-2.814764228080276,-0.2844958199592799,0.5537630163671807,0.0,0.0,6.494264561158375,-0.0136050563392993,0.2323049001814882,1,0
0.5,0.5555555555555556,-0.11069947437544987,0.4444444444444444,0.4444444444444444,-1.3723900433022265,-1.4404492118996832,4.487640583005893,-4.321258080645877,0.5,4.487640583005892,0.3333333333333333,-2.814764228080276,4.300550225426821,-0.701987619342406,0.3333333333333333,0.5555555555555556,5.91116184858967,-0.0172756864006406,-0.3393829401088929,0,1
0.027777777777777776,0.0,-0.1646197358910402,0.0,0.0,1.155113830650042,-1.5069394971050663,-0.1916190102524236,-2.4078910573467853,0.125,-0.1916190102524235,0.0,-0.7587560216311561,-0.2606146504199437,-2.1866005009592104,0.0,0.2222222222222222,-47.29957628405236,-0.0173995463237511,1.5027223230490019,1,0
0.0,0.1111111111111111,-0.057301598380491876,0.1111111111111111,0.1111111111111111,-1.666848273078999,-0.2936194863200716,-0.4668695745617363,-0.25320058512525895,0.0,-0.4668695745617363,0.1111111111111111,0.11065092629307056,-0.2844958199592799,-0.5439354983210588,0.1111111111111111,0.1111111111111111,6.997913488089188,-0.0171530264463099,-0.3484573502722323,1,0
0.1111111111111111,0.3333333333333333,-0.1022538094615732,0.1111111111111111,0.1111111111111111,-0.9531238224996238,-4.755088530712135,0.6341326826755145,0.12566173109356363,0.25,0.6341326826755145,0.1111111111111111,0.0,0.3268518037888158,-0.3957477308958032,0.1111111111111111,0.3333333333333333,3.1324120587463704,-0.017256285912263,-0.3103448275862069,0,1
0.05555555555555555,0.1111111111111111,-0.10008527563812519,0.1111111111111111,0.1111111111111111,-0.7891132362483021,-0.013457582304981227,0.083631554056889,0.1404389873933439,0.25,0.0836315540568891,0.1111111111111111,-0.14830235186941587,-0.0297667943178028,-0.26084291447007796,0.1111111111111111,0.3333333333333333,2.728698450289893,-0.0172513045856691,-0.29038112522686027,0,1
0.0,0.1111111111111111,0.18412109752672723,0.1111111111111111,0.0,-0.2847917733012345,-0.39046327106350276,-0.4668695745617363,-0.39556095327027846,0.0,-0.4668695745617363,0.0,-0.554867749315951,-0.2844958199592799,-0.9172140784284545,0.1111111111111111,0.1111111111111111,7.955515779640073,-0.0165984557578208,-0.17422867513611615,1,0
0.0,0.1111111111111111,-0.09434402050806817,0.1111111111111111,0.1111111111111111,1.3273719327921307,1.1845913681126041,-0.4668695745617363,0.9770996285661654,0.0,-0.4668695745617363,0.1111111111111111,0.606038804805089,-0.2844958199592799,0.8366042323880871,0.1111111111111111,0.1111111111111111,1.0751067263646004,-0.0172381163814769,1.9963702359346642,1,0
0.027777777777777776,0.0,1.793808645379906,0.0,0.1111111111111111,1.0629938337787594,-4.755088530712135,-0.1916190102524236,-4.321258080645877,0.125,-0.1916190102524235,0.0,-0.5176949796124348,-0.2590225777575635,-1.1528779318470697,0.0,0.2222222222222222,10.03796446306426,-0.012900851734675,1.2776769509981851,1,0
0.0,0.1111111111111111,-0.11553432474040823,0.1111111111111111,0.1111111111111111,-0.2847917733012345,0.23836436476203215,-0.4668695745617363,0.0042289005618818135,0.0,-0.4668695745617363,0.1111111111111111,-0.1559158946214444,-0.2844958199592799,-0.37113699749975926,0.1111111111111111,0.1111111111111111,-3.762897176413615,-0.0172867925076516,-0.17422867513611615,1,0
0.0,0.0,1.6612752004220783,0.0,0.0,1.0152348983243975,-0.8319256602535402,-0.4668695745617363,-0.024577097297448065,0.0,-0.4668695745617363,0.0,-0.385680244842748,-0.2844958199592799,-0.2015833953194328,0.0,0.0,8.860464735599724,-0.0132052935500639,1.1705989110707804,1,0
0.0,0.1111111111111111,-0.09321091101986657,0.1111111111111111,0.1111111111111111,-1.3723900433022265,-0.06677187715607047,-0.4668695745617363,-0.12165374490400728,0.0,-0.4668695745617363,0.0,-2.814764228080276,-0.2844958199592799,-0.8897153721137268,0.1111111111111111,0.1111111111111111,3.710185132971895,-0.017235513522178,-0.3393829401088929,1,0
0.1111111111111111,0.1111111111111111,-0.06627481265807922,0.1111111111111111,0.3333333333333333,-0.3945035917891138,-0.20902154212594073,0.6341326826755145,-0.1653565554017613,0.25,0.6341326826755145,0.3333333333333333,0.0,0.0551447677567291,-0.3832826815479295,0.1111111111111111,0.1111111111111111,5.776478355788908,-0.0171736387653016,-0.20871143375680581,1,0
0.0,0.1111111111111111,-0.06553856509192842,0.1111111111111111,0.1111111111111111,-0.1828566844305228,0.032562260220685806,-0.4668695745617363,0.07739427150690893,0.0,-0.4668695745617363,0.1111111111111111,0.1807856920685292,-0.2844958199592799,0.23239403589917698,0.1111111111111111,0.1111111111111111,3.6956059470176155,-0.017171947535245,-0.13611615245009073,1,0
0.0,0.0,1.1954237484983765,0.0,0.0,1.285678693674575,0.18316197735558842,-0.4668695745617363,0.245839927731436,0.0,-0.4668695745617363,0.1111111111111111,-0.5818071662533906,-0.2844958199592799,-0.4059832127211022,0.0,0.0,8.453284700825597,-0.0142753982453004,1.867513611615245,1,0
0.1111111111111111,0.3333333333333333,-0.1104807483623439,0.1111111111111111,0.1111111111111111,0.0021753538983214,-2.063249796006379,0.6341326826755145,0.29420961859082934,0.25,0.6341326826755145,0.1111111111111111,0.3147850855427289,-0.0493592245867171,0.11204361903397868,0.1111111111111111,0.3333333333333333,1.7952227980943416,-0.0172751839663718,-0.04900181488203267,0,1
0.0,0.0,1.3758303357325592,0.0,0.0,-1.3723900433022265,-1.2869154305439137,-0.4668695745617363,-1.1507403753442618,0.0,-0.4668695745617363,0.0,-0.4013615710476725,-0.2844958199592799,-1.653607523838166,0.0,0.0,9.859669643455822,-0.013860987309682,-0.3393829401088929,1,0
0.0,0.0,1.4867233936409627,0.0,0.0,-0.0875094222424097,-4.755088530712135,-0.4668695745617363,-0.536581743503307,0.0,-0.4668695745617363,0.0,-0.07506946207531175,-0.2844958199592799,-1.1444219661242556,0.0,0.0,9.89505186844064,-0.0136062555031225,-0.09437386569872959,1,0
0.05555555555555555,0.1111111111111111,-0.0904291994032336,0.1111111111111111,0.3333333333333333,0.6999923241170234,0.13982174324410993,0.083631554056889,0.15008121975508792,0.25,0.0836315540568891,0.1111111111111111,-2.814764228080276,-0.2180439511956038,0.11939036435947621,0.1111111111111111,0.1111111111111111,3.875024714266982,-0.0172291236683964,0.604355716878403,1,0
0.0,0.0,1.990113644161072,0.0,0.0,1.199597083727945,0.988666657156362,-0.4668695745617363,1.156154366413676,0.0,-0.4668695745617363,0.0,0.8285689179487051,-0.2844958199592799,0.8953917207897528,0.0,0.0,9.256287049253485,-0.0124499206491827,1.6206896551724137,1,0
0.0,0.0,5.208517374172778,0.0,0.0,0.2439439807007004,-0.4608380511121482,-0.4668695745617363,-0.39556095327027846,0.0,-0.4668695745617363,0.0,0.8074846641233686,-0.2844958199592799,1.119348648886376,0.0,0.0,10.41857494904066,-0.0050569439214505,0.1088929219600726,1,0
0.0,0.1111111111111111,-0.0786524106842098,0.1111111111111111,0.1111111111111111,-0.9531238224996238,-0.27815567007992703,-0.4668695745617363,-0.1653565554017613,0.0,-0.4668695745617363,0.1111111111111111,-0.3209058940426349,-0.2844958199592799,-0.5268108870278432,0.1111111111111111,0.1111111111111111,4.392760218785541,-0.0172020712746537,-0.3103448275862069,1,0
0.19444444444444442,0.3333333333333333,-0.09999255951863197,0.3333333333333333,0.1111111111111111,-0.7891132362483021,0.5794555343911649,1.4598843756034523,0.1360014744116336,0.25,1.4598843756034523,0.1111111111111111,-2.814764228080276,0.60705576978589,-0.37129850688378907,0.3333333333333333,0.2222222222222222,0.5370642984668392,-0.0172510916080034,-0.29038112522686027,1,0
0.0,0.1111111111111111,-0.08932082106293587,0.1111111111111111,0.1111111111111111,0.5814972662319737,0.8349245805174293,-0.4668695745617363,0.852442618374056,0.0,-0.4668695745617363,0.1111111111111111,0.49984518417842333,-0.2844958199592799,0.6619559334453279,0.1111111111111111,0.1111111111111111,0.44491629067514105,-0.0172265776188753,0.44464609800362975,1,0
0.0,0.1111111111111111,0.16780423280337545,0.1111111111111111,0.1111111111111111,1.2431022551165405,0.9698125877403967,-0.4668695745617363,1.061896236352057,0.0,-0.4668695745617363,0.1111111111111111,0.6601794770655263,-0.2844958199592799,1.8211270393622336,0.1111111111111111,0.1111111111111111,0.6343350555978967,-0.0166359371340833,1.7422867513611615,1,0
0.3055555555555555,0.3333333333333333,0.4339781317257359,0.3333333333333333,0.3333333333333333,-2.102083711231995,-1.6365154978355265,2.560886632840704,0.05214708677701143,0.25,2.5608866328407034,0.3333333333333333,0.0,8.12086159143243,-0.23065570711370398,0.3333333333333333,0.2222222222222222,9.178516472090887,-0.0160245105992727,-0.35390199637023595,1,0
0.0,0.1111111111111111,-0.07297109182438298,0.1111111111111111,0.1111111111111111,-1.1433092459291831,-0.29790452698888625,-0.4668695745617363,0.0016953388491349375,0.0,-0.4668695745617363,0.1111111111111111,-0.49384273556064723,-0.2844958199592799,-0.7179076329195678,0.1111111111111111,0.1111111111111111,3.8998654143147107,-0.0171890207497236,-0.32667876588021777,1,0
0.41666666666666663,0.3333333333333333,-0.09156674613003024,0.5555555555555556,0.3333333333333333,-0.9531238224996238,0.6523419284522012,3.6618888900779543,-4.321258080645877,0.5,3.661888890077954,0.3333333333333333,0.1294187615693814,2.0080577690960792,-0.21465725378494335,0.4444444444444444,0.3333333333333333,5.242638425262657,-0.0172317367204506,-0.3103448275862069,0,1
0.19444444444444442,0.0,0.8184430682852643,0.4444444444444444,0.1111111111111111,-0.0875094222424097,-0.13090774101201916,1.4598843756034523,-4.321258080645877,0.375,1.4598843756034523,0.0,-2.814764228080276,0.1612836896806392,-0.6803983336414169,0.3333333333333333,0.3333333333333333,9.441393127577102,-0.0151413584011476,-0.09437386569872959,0,1
0.0,0.1111111111111111,0.14164365381768265,0.1111111111111111,0.1111111111111111,0.6417328970763176,0.22160843477979358,-0.4668695745617363,0.2283146734498298,0.0,-0.4668695745617363,0.1111111111111111,0.46317186353556355,-0.2844958199592799,0.4394456009608595,0.1111111111111111,0.1111111111111111,5.04400105750192,-0.016696030449854,0.5226860254083484,1,0
0.0,0.1111111111111111,0.6511748594363627,0.0,0.1111111111111111,-1.666848273078999,-0.030311539256362482,-0.4668695745617363,-0.65686596107573,0.0,-0.4668695745617363,0.1111111111111111,0.11065092629307056,-0.2844958199592799,-0.06622470885638984,0.0,0.1111111111111111,8.09771304554511,-0.0155255892432194,-0.3484573502722323,1,0
0.0,0.0,1.5518636265859391,0.0,0.0,1.668921836399024,-0.7779363167327971,-0.4668695745617363,0.07739427150690893,0.0,-0.4668695745617363,0.0,-2.814764228080276,-0.2844958199592799,-0.5000751591630795,0.0,0.0,8.652253086616568,-0.0134566222480679,3.319419237749546,1,0
0.05555555555555555,0.1111111111111111,0.9083981150141385,0.1111111111111111,0.3333333333333333,0.5814972662319737,-0.41592927441039124,0.083631554056889,0.38069211805542263,0.25,0.0836315540568891,0.0,-2.125201950811507,-0.2117152319262978,-0.05224919281865024,0.1111111111111111,0.1111111111111111,6.7190422303734145,-0.0149347231798399,0.44464609800362975,1,0
0.08333333333333333,0.3333333333333333,-0.08787673984805115,0.1111111111111111,0.1111111111111111,-0.0875094222424097,-4.755088530712135,0.3588821183662018,0.2283146734498298,0.25,0.3588821183662018,0.1111111111111111,0.26663088282169384,-0.0934474586850288,-0.0062169927264476245,0.1111111111111111,0.2222222222222222,4.797187463584727,-0.0172232604282087,-0.09437386569872959,1,0
0.05555555555555555,0.1111111111111111,-0.06539686761020967,0.1111111111111111,0.1111111111111111,0.2439439807007004,-0.3476165799874087,0.083631554056889,-0.37548433756705774,0.25,0.0836315540568891,0.3333333333333333,-0.4222907216928031,-0.1889714403146885,-0.7985245981780807,0.1111111111111111,0.1111111111111111,4.087602872587082,-0.0171716220427734,0.1088929219600726,1,0
0.0,0.1111111111111111,-0.09003127153449517,0.1111111111111111,0.1111111111111111,-0.1828566844305228,-0.1076119489873885,-0.4668695745617363,-0.0019843095974738842,0.0,-0.4668695745617363,0.1111111111111111,0.11065092629307056,-0.2844958199592799,-0.11719683217730556,0.1111111111111111,0.1111111111111111,2.320084576621647,-0.017228209590574,-0.13611615245009073,1,0
0.0,0.1111111111111111,-0.07651147897545907,0.1111111111111111,0.1111111111111111,-0.7891132362483021,0.06988107223101582,-0.4668695745617363,0.13197786527446914,0.0,-0.4668695745617363,0.1111111111111111,0.29742561688667385,-0.2844958199592799,0.08586053484599625,0.1111111111111111,0.1111111111111111,4.569140049153311,-0.017197153352719,-0.29038112522686027,1,0
0.1111111111111111,0.1111111111111111,-0.09125979921973848,0.3333333333333333,0.1111111111111111,-0.6440902286753902,0.7368535408563489,0.6341326826755145,0.00647151087070748,0.25,0.6341326826755145,0.1111111111111111,0.08397521884302775,0.1521835494072796,0.018690758944721844,0.3333333333333333,0.1111111111111111,4.579339491613361,-0.0172310316344655,-0.26678765880217786,1,0
0.08333333333333333,0.3333333333333333,-0.1009845123691652,0.1111111111111111,0.1111111111111111,-1.666848273078999,-4.755088530712135,0.3588821183662018,-0.39556095327027846,0.25,0.3588821183662018,0.0,-2.814764228080276,0.861746587983893,-1.572394930305851,0.1111111111111111,0.2222222222222222,6.860643350504596,-0.0172533702172005,-0.3484573502722323,1,0
0.0,0.0,3.042840209745418,0.0,0.0,1.7715522582507326,-3.7547158516804484,-0.4668695745617363,2.449709138066172,0.0,-0.4668695745617363,0.0,0.529458615160515,-0.2844958199592799,2.201999589021394,0.0,0.0,5.675659712929176,-0.0100317085002668,3.825771324863884,1,0
0.0,0.0,0.4243966012317855,0.0,0.1111111111111111,1.561142456786503,0.15129138074352658,-0.4668695745617363,2.3242275123229903,0.0,-0.4668695745617363,0.1111111111111111,0.46317186353556355,-0.2844958199592799,1.5025773075974225,0.1111111111111111,0.0,17.005321895106857,-0.016046520277952,2.8457350272232307,1,0
0.2222222222222222,0.1111111111111111,-0.020034834915184884,0.3333333333333333,0.3333333333333333,-1.666848273078999,0.0023622507979158495,1.7351349399127654,-0.9878097915424058,0.25,1.7351349399127651,0.3333333333333333,-2.814764228080276,2.7721506012225148,-0.78187370812864,0.3333333333333333,0.1111111111111111,8.249287496567339,-0.0170674211779441,-0.3484573502722323,1,0
0.0,0.1111111111111111,-0.11690245781333126,0.1111111111111111,0.0,-0.9531238224996238,-0.2712518616775304,-0.4668695745617363,-0.39556095327027846,0.0,-0.4668695745617363,0.0,-2.814764228080276,-0.2844958199592799,-1.1427981800231595,0.1111111111111111,0.1111111111111111,1.3359753995306851,-0.0172899352382774,-0.3103448275862069,1,0
0.05555555555555555,0.0,1.1196500814325723,0.0,0.0,-1.3723900433022265,-0.615098193054528,0.083631554056889,-4.321258080645877,0.25,0.0836315540568891,0.0,-2.814764228080276,0.2249537406391757,-1.8458224738131266,0.0,0.3333333333333333,9.729458012823288,-0.0144494575008154,-0.3393829401088929,0,1
0.3055555555555555,0.3333333333333333,0.009021747447829546,0.3333333333333333,0.3333333333333333,-0.9531238224996238,-4.755088530712135,2.560886632840704,0.39173422957051773,0.25,2.5608866328407034,0.3333333333333333,0.024821756018813496,1.3967101453479835,-0.31727518303655,0.3333333333333333,0.2222222222222222,7.562320275549807,-0.0170006754694446,-0.3103448275862069,1,0
0.0,0.1111111111111111,-0.09037200692211884,0.1111111111111111,0.1111111111111111,-0.5135592262370264,0.10832488669182568,-0.4668695745617363,0.015078975792848597,0.0,-0.4668695745617363,0.1111111111111111,-0.01039501504762101,-0.2844958199592799,-0.15192491444470102,0.1111111111111111,0.1111111111111111,2.866082520443692,-0.0172289922918764,-0.2395644283121597,1,0
0.19444444444444442,0.3333333333333333,-0.0482409554015219,0.1111111111111111,0.3333333333333333,-1.666848273078999,-4.755088530712135,1.4598843756034523,-0.24356207007070557,0.25,1.4598843756034523,0.3333333333333333,0.279245976012492,2.3900697985747907,-0.44983504590910217,0.1111111111111111,0.2222222222222222,7.082960385643822,-0.0171322132953502,-0.3484573502722323,1,0
0.0,0.1111111111111111,-0.09632548816533118,0.1111111111111111,0.1111111111111111,-0.7891132362483021,-0.030311539256362482,-0.4668695745617363,0.025725746709283345,0.0,-0.4668695745617363,0.1111111111111111,-0.3522519488626691,-0.2844958199592799,-0.3555039723323022,0.1111111111111111,0.1111111111111111,2.4677739853620473,-0.0172426679994546,-0.29038112522686027,1,0
0.05555555555555555,0.1111111111111111,-0.10036640537305096,0.1111111111111111,0.1111111111111111,1.0629938337787594,1.0566758214947234,0.083631554056889,0.852442618374056,0.25,0.0836315540568891,0.1111111111111111,0.5926419006143737,-0.233549335555847,0.7937914834283003,0.1111111111111111,0.3333333333333333,0.5222898689805475,-0.017251950367169,1.2776769509981851,0,1
0.05555555555555555,0.1111111111111111,0.016202309753192864,0.1111111111111111,0.1111111111111111,-0.7891132362483021,-0.20902154212594073,0.083631554056889,0.02301476518609856,0.25,0.0836315540568891,0.1111111111111111,-0.2930182359400527,-0.0297667943178028,-0.4775537050878431,0.3333333333333333,0.1111111111111111,7.895963829026574,-0.0169841810410046,-0.29038112522686027,1,0
0.05555555555555555,0.1111111111111111,0.03427318739757475,0.1111111111111111,0.1111111111111111,-1.666848273078999,-0.2086075784122968,0.083631554056889,0.17744252841395616,0.25,0.0836315540568891,0.1111111111111111,0.04495851124762993,0.4796657853361687,-0.3619182345767629,0.3333333333333333,0.1111111111111111,8.011920072355263,-0.016942670531733,-0.3484573502722323,1,0
0.16666666666666666,0.3333333333333333,0.11827805144603383,0.0,0.3333333333333333,-1.666848273078999,-4.755088530712135,1.18463381129414,-0.685444311578414,0.25,1.18463381129414,0.1111111111111111,-2.5480051253558096,2.0079889959270663,-0.02988608928150867,0.0,0.3333333333333333,7.575924775025431,-0.0167497034408937,-0.3484573502722323,0,1
0.0,0.0,-0.16125119006736108,0.0,0.0,0.6999923241170234,-4.755088530712135,-0.4668695745617363,-4.321258080645877,0.0,-0.4668695745617363,0.0,-2.814764228080276,-0.2844958199592799,-4.959556673683751,0.0,0.0,9.931829541894084,-0.0173918084564822,0.604355716878403,1,0
0.0,0.1111111111111111,-0.10213568496255211,0.1111111111111111,0.1111111111111111,2.223906638893516,1.2567789182711258,-0.4668695745617363,1.033193704999344,0.0,-0.4668695745617363,0.1111111111111111,0.6678059846924638,-0.2844958199592799,1.1038277875160005,0.1111111111111111,0.1111111111111111,-0.8254998945286033,-0.0172560145691546,6.847549909255898,1,0
0.05555555555555555,0.1111111111111111,-0.09107911299906639,0.1111111111111111,0.1111111111111111,1.6335973378751631,1.0566758214947234,0.083631554056889,0.9730806824684771,0.25,0.0836315540568891,0.1111111111111111,0.7699824948625204,-0.2497595437519207,0.9956804126910099,0.1111111111111111,0.3333333333333333,1.1226262743121895,-0.0172306165811855,3.1578947368421053,0,1
0.0,0.1111111111111111,0.11709997901796389,0.1111111111111111,0.1111111111111111,0.6417328970763176,0.9698125877403967,-0.4668695745617363,0.7855237563847912,0.0,-0.4668695745617363,0.1111111111111111,1.6420507267119364,-0.2844958199592799,1.516694548174947,0.1111111111111111,0.1111111111111111,1.4983251790076786,-0.0167524095843036,0.5226860254083484,1,0
0.05555555555555555,0.1111111111111111,-0.09672602787878594,0.1111111111111111,0.1111111111111111,0.5191192900072952,0.8319835307348452,0.083631554056889,0.5411099096828108,0.25,0.0836315540568891,0.1111111111111111,0.46317186353556355,-0.2080762207197047,0.44123601143032454,0.1111111111111111,0.3333333333333333,0.3941846607171327,-0.0172435880769304,0.3702359346642468,0,1
0.0,0.1111111111111111,-0.08446607795225547,0.1111111111111111,0.1111111111111111,-0.9531238224996238,-0.05891627189146267,-0.4668695745617363,0.03670749159374813,0.0,-0.4668695745617363,0.1111111111111111,-0.09851784677940878,-0.2844958199592799,-0.27291341638513184,0.1111111111111111,0.1111111111111111,3.5298232210769607,-0.0172154258163523,-0.3103448275862069,1,0
0.027777777777777776,0.0,-0.16125119006736108,0.0,0.0,1.561142456786503,-4.755088530712135,-0.1916190102524236,-4.321258080645877,0.125,-0.1916190102524235,0.0,-2.814764228080276,-0.2663006296293589,-4.959556673683751,0.0,0.2222222222222222,9.931829541894084,-0.0173918084564822,2.8457350272232307,1,0
0.0,0.1111111111111111,0.11471232073771578,0.1111111111111111,0.1111111111111111,-0.9531238224996238,0.0,-0.4668695745617363,0.12475366753727371,0.0,-0.4668695745617363,0.1111111111111111,-0.11927053118868146,-0.2844958199592799,0.6246018130492592,0.1111111111111111,0.1111111111111111,3.5184435580625384,-0.0167578942604289,-0.3103448275862069,1,0
0.0,0.0,1.0062253858681016,0.0,0.1111111111111111,1.285678693674575,-0.4985979077278952,-0.4668695745617363,1.763653568102964,0.0,-0.4668695745617363,0.0,-0.20331701685700596,-0.2844958199592799,0.9965253209657037,0.1111111111111111,0.0,6.159590138349827,-0.0147100047176977,1.867513611615245,1,0
0.05555555555555555,0.1111111111111111,-0.04017383526636675,0.1111111111111111,0.1111111111111111,0.2439439807007004,-0.3183015077252094,0.083631554056889,-0.25275890562426495,0.25,0.0836315540568891,0.3333333333333333,0.028410703706199327,-0.1889714403146885,-0.5010639948703416,0.1111111111111111,0.1111111111111111,7.446790874014451,-0.0171136823600102,0.1088929219600726,1,0
0.0,0.0,1.0433181270609546,0.0,0.0,-0.3945035917891138,-4.755088530712135,-0.4668695745617363,-4.321258080645877,0.0,-0.4668695745617363,0.0,-0.586486275984681,-0.2844958199592799,-1.0262613441295445,0.0,0.0,9.049974212145095,-0.0146247991948948,-0.20871143375680581,1,0
0.0,0.1111111111111111,-0.08709748912570184,0.1111111111111111,0.1111111111111111,0.8643003776574393,0.6727196424249386,-0.4668695745617363,0.6220805347583526,0.0,-0.4668695745617363,0.1111111111111111,0.4636333168697609,-0.2844958199592799,0.564414036374765,0.1111111111111111,0.1111111111111111,1.766813483494089,-0.0172214704158489,0.8711433756805808,1,0
0.0,0.1111111111111111,-0.03349078670017886,0.1111111111111111,0.1111111111111111,-1.3723900433022265,-0.28000971021093923,-0.4668695745617363,-0.23751251552116373,0.0,-0.4668695745617363,0.1111111111111111,-0.26090669454394405,-0.2844958199592799,-0.3287321283744664,0.1111111111111111,0.1111111111111111,6.461375584091276,-0.0170983307675237,-0.3393829401088929,1,0
0.0,0.0,0.28990906209558537,0.1111111111111111,0.1111111111111111,0.9662521913648202,2.6597876995734078,-0.4668695745617363,0.5773792521448508,0.0,-0.4668695745617363,0.1111111111111111,0.5003345954974063,-0.2844958199592799,1.6207664216614952,0.1111111111111111,0.0,9.948953186645207,-0.0163554508318574,1.0671506352087115,1,0
0.0,0.1111111111111111,0.2402418587166647,0.1111111111111111,0.0,-2.102083711231995,-0.09576559222442006,-0.4668695745617363,-0.24661117247792613,0.0,-0.4668695745617363,0.0,-2.814764228080276,-0.2844958199592799,-0.5686425309571811,0.0,0.1111111111111111,6.844693346001185,-0.0164695410795438,-0.35390199637023595,1,0
0.0,0.0,-0.48147650794234437,0.0,0.0,0.6999923241170234,-2.924923920398431,-0.4668695745617363,-4.321258080645877,0.0,-0.4668695745617363,0.0,-2.814764228080276,-0.2844958199592799,-4.074145914458836,0.0,0.0,9.938138675666135,-0.0181273961953989,0.604355716878403,1,0
0.0,0.1111111111111111,-0.029178136963976118,0.1111111111111111,0.1111111111111111,-1.3723900433022265,-0.030311539256362482,-0.4668695745617363,-0.11641986710067757,0.0,-0.4668695745617363,0.1111111111111111,-0.24362371199690358,-0.2844958199592799,-0.11163288172447693,0.1111111111111111,0.1111111111111111,5.624706074451211,-0.0170884242045784,-0.3393829401088929,1,0
0.1111111111111111,0.1111111111111111,0.14668414278623015,0.1111111111111111,0.1111111111111111,-1.3723900433022265,-0.4608380511121482,0.6341326826755145,-0.34663987911088656,0.25,0.6341326826755145,0.3333333333333333,-0.3522519488626691,0.7344033012376314,-0.6807915746117106,0.1111111111111111,0.3333333333333333,9.366881983133673,-0.0166844519715875,-0.3393829401088929,0,1
0.0,0.0,-0.16125119006736108,0.0,0.0,1.0629938337787594,-4.755088530712135,-0.4668695745617363,-4.321258080645877,0.0,-0.4668695745617363,0.0,-2.814764228080276,-0.2844958199592799,-4.959556673683751,0.0,0.0,9.931829541894084,-0.0173918084564822,1.2776769509981851,1,0
0.027777777777777776,0.0,45.31074394818028,0.0,0.0,0.6999923241170234,-4.755088530712135,-0.1916190102524236,-4.321258080645877,0.125,-0.1916190102524235,0.0,-2.814764228080276,-0.2512698855774418,-2.912269689820406,0.0,0.2222222222222222,9.931829541894084,0.0870616504696892,0.604355716878403,1,0
0.0,0.1111111111111111,-0.0020689277477682908,0.1111111111111111,0.1111111111111111,0.0869332819236188,0.609465669599838,-0.4668695745617363,0.5726474815224252,0.0,-0.4668695745617363,0.1111111111111111,1.2228346903651308,-0.2844958199592799,0.823877542310927,0.1111111111111111,0.1111111111111111,-1.0666142549092044,-0.0170261517957524,0.0,1,0
0.027777777777777776,0.0,1.7601007171825391,0.0,0.0,0.5191192900072952,0.20481399216045187,-0.1916190102524236,-4.321258080645877,0.125,-0.1916190102524235,0.0,-2.814764228080276,-0.2462860203394923,-0.24222990943738368,0.0,0.2222222222222222,9.811366329751538,-0.012978282022982,0.3702359346642468,1,0
0.0,0.0,-0.16125119006736108,0.0,0.0,0.5814972662319737,-4.755088530712135,-0.4668695745617363,-4.321258080645877,0.0,-0.4668695745617363,0.0,-2.814764228080276,-0.2844958199592799,-4.959556673683751,0.0,0.0,9.931829541894084,-0.0173918084564822,0.44464609800362975,1,0
0.16666666666666666,0.3333333333333333,0.06903210719792789,0.3333333333333333,0.1111111111111111,-0.0875094222424097,0.4453114508986312,1.18463381129414,-4.321258080645877,0.25,1.18463381129414,0.1111111111111111,0.6801757044724491,0.0976009025892222,0.36816133772213944,0.1111111111111111,0.3333333333333333,4.1970964386078595,-0.0168628260166497,-0.09437386569872959,0,1
0.0,0.0,-0.16125119006736108,0.0,0.0,0.6999923241170234,-4.755088530712135,-0.4668695745617363,-4.321258080645877,0.0,-0.4668695745617363,0.0,-2.814764228080276,-0.2844958199592799,-4.959556673683751,0.0,0.0,8.837693551967478,-0.0173918084564822,0.604355716878403,1,0
0.0,0.1111111111111111,0.08274610047831142,0.1111111111111111,0.1111111111111111,-0.1828566844305228,1.6951299195275278,-0.4668695745617363,0.2283146734498298,0.0,-0.4668695745617363,0.1111111111111111,0.11845675085505077,-0.2844958199592799,0.7254584430597074,0.1111111111111111,0.1111111111111111,3.957813864111649,-0.0168313236814328,-0.13611615245009073,1,0
0.0,0.1111111111111111,-0.0626130807406095,0.1111111111111111,0.1111111111111111,-0.9531238224996238,-0.030311539256362482,-0.4668695745617363,-0.23708285905500684,0.0,-0.4668695745617363,0.1111111111111111,-0.1559158946214444,-0.2844958199592799,-0.35079385617915776,0.1111111111111111,0.1111111111111111,4.21671638772581,-0.0171652274219401,-0.3103448275862069,1,0
0.0,0.1111111111111111,-0.0937854305741588,0.1111111111111111,0.1111111111111111,0.4544096728511559,0.5390376728716304,-0.4668695745617363,0.5581050933568686,0.0,-0.4668695745617363,0.0,-2.814764228080276,-0.2844958199592799,-0.1395569519774941,0.1111111111111111,0.1111111111111111,-3.7084281829371872,-0.0172368332477472,0.29945553539019965,1,0
0.16666666666666666,0.1111111111111111,-0.08390641980457061,0.1111111111111111,0.3333333333333333,-0.6440902286753902,0.08296165793127216,1.18463381129414,0.5929396092498583,0.25,1.18463381129414,0.3333333333333333,0.26663088282169384,0.3705232340905594,0.09868007821655399,0.3333333333333333,0.1111111111111111,4.7666217489638925,-0.0172141402288349,-0.26678765880217786,1,0
0.16666666666666666,0.1111111111111111,-0.08057833209012062,0.1111111111111111,0.3333333333333333,-0.7891132362483021,0.16979923068142042,1.18463381129414,0.5117570781442053,0.25,1.18463381129414,0.3333333333333333,0.4373117892490291,0.4796912569651514,0.026536622573149968,0.3333333333333333,0.1111111111111111,4.77344661251424,-0.0172064952976563,-0.29038112522686027,1,0
0.05555555555555555,0.1111111111111111,0.014095062982840972,0.1111111111111111,0.1111111111111111,-0.9531238224996238,-0.19916172147688604,0.083631554056889,0.14440333358598423,0.25,0.0836315540568891,0.1111111111111111,-0.6393922664283053,0.0211779919147679,-0.506230765502006,0.3333333333333333,0.1111111111111111,6.31581107155607,-0.0169890215854607,-0.3103448275862069,1,0
0.19444444444444442,0.3333333333333333,-0.0839198690533932,0.3333333333333333,0.0,-0.9531238224996238,-4.755088530712135,1.4598843756034523,-0.9910383266451571,0.375,1.4598843756034523,0.0,-2.814764228080276,0.7853625215998877,-2.3516806927995035,0.0,0.4444444444444444,8.019737244732912,-0.0172141711230271,-0.3103448275862069,0,1
0.05555555555555555,0.0,1.4603584627055124,0.0,0.0,0.0021753538983214,-0.2086075784122968,0.083631554056889,0.1465938553790966,0.25,0.0836315540568891,0.0,-0.05532913336828116,-0.1669275222729985,-0.3637513728766822,0.1111111111111111,0.3333333333333333,9.411261973700853,-0.0136668182345836,-0.04900181488203267,0,1
0.08333333333333333,0.3333333333333333,0.061197319396959715,0.1111111111111111,0.1111111111111111,-1.3723900433022265,-4.755088530712135,0.3588821183662018,0.08377884035555543,0.25,0.3588821183662018,0.1111111111111111,-0.40428266313300654,0.4796785209384036,0.2568400213692634,0.1111111111111111,0.2222222222222222,5.2964576646387975,-0.0168808232627189,-0.3393829401088929,1,0
0.0,0.1111111111111111,-0.10874949842756725,0.1111111111111111,0.0,-1.666848273078999,-0.4608380511121482,-0.4668695745617363,-4.321258080645877,0.0,-0.4668695745617363,0.0,-2.814764228080276,-0.2844958199592799,-1.6882064814575903,0.0,0.1111111111111111,5.003639654292827,-0.0172712071220877,-0.3484573502722323,1,0
0.3333333333333333,0.3333333333333333,-0.08192542969650131,0.3333333333333333,0.4444444444444444,-1.3723900433022265,-0.030311539256362482,2.8361371971500167,-4.321258080645877,0.375,2.836137197150016,0.3333333333333333,-2.814764228080276,2.7722015436314544,-0.48262915114691124,0.3333333333333333,0.2222222222222222,6.381861633807696,-0.0172095897078327,-0.3393829401088929,1,0
0.16666666666666666,0.1111111111111111,-0.02747918265376198,0.1111111111111111,0.3333333333333333,-0.7891132362483021,-0.3476165799874087,1.18463381129414,-0.031115273139600514,0.25,1.18463381129414,0.3333333333333333,0.024821756018813496,0.4796912569651514,-0.6383107490433366,0.3333333333333333,0.1111111111111111,7.886668821982878,-0.017084521546388,-0.29038112522686027,1,0
0.027777777777777776,0.0,319.1033907312911,0.0,0.0,-0.0875094222424097,-4.755088530712135,-0.1916190102524236,-4.321258080645877,0.125,-0.1916190102524235,0.0,-2.814764228080276,-0.2208130328678629,-1.6901139657696165,0.0,0.2222222222222222,9.931829541894084,0.715989167243468,-0.09437386569872959,1,0
0.16666666666666666,0.3333333333333333,-0.061534865716383065,0.3333333333333333,0.1111111111111111,-0.5135592262370264,0.8311295705151313,1.18463381129414,-4.321258080645877,0.25,1.18463381129414,0.1111111111111111,0.26663088282169384,0.2886468757888082,0.3675520470909168,0.1111111111111111,0.3333333333333333,4.138188646461558,-0.0171627506603992,-0.2395644283121597,0,1
0.2222222222222222,0.3333333333333333,0.02972853439932366,0.3333333333333333,0.1111111111111111,-1.3723900433022265,0.06988107223101582,1.7351349399127654,-0.0019843095974738842,0.25,1.7351349399127651,0.1111111111111111,-0.8994581215846507,1.7533024224345426,-0.7081164644333661,0.3333333333333333,0.3333333333333333,7.280693252192132,-0.0169531100280393,-0.3393829401088929,0,1
0.0,0.0,1.985153016371968,0.0,0.0,0.6417328970763176,-4.755088530712135,-0.4668695745617363,1.8722382884933397,0.0,-0.4668695745617363,0.0,1.0154084260743121,-0.2844958199592799,1.4147016859181671,0.0,0.0,7.237135803499862,-0.0124613156787925,0.5226860254083484,1,0
0.0,0.0,0.995692687403608,0.0,0.1111111111111111,0.5191192900072952,-0.78000820696142,-0.4668695745617363,-0.016363129699309777,0.0,-0.4668695745617363,0.1111111111111111,-2.195368772897393,-0.2844958199592799,0.0660132968925575,0.0,0.0,10.472157610692781,-0.0147341993188604,0.3702359346642468,1,0
0.3333333333333333,0.3333333333333333,0.014916368858335917,0.4444444444444444,0.3333333333333333,-1.666848273078999,-0.030311539256362482,2.8361371971500167,-0.39556095327027846,0.375,2.836137197150016,0.3333333333333333,-0.08581315579848388,4.300473811813412,-0.4306715932514936,0.3333333333333333,0.2222222222222222,7.6268853612725875,-0.0169871349684502,-0.3484573502722323,1,0
0.027777777777777776,0.0,0.3088272912724693,0.1111111111111111,0.1111111111111111,-0.0875094222424097,2.438689207540892,-0.1916190102524236,0.5622230348819413,0.125,-0.1916190102524235,0.1111111111111111,0.37188921810519965,-0.2208130328678629,1.4329000113355146,0.1111111111111111,0.2222222222222222,11.961892191091668,-0.016311993876246,-0.09437386569872959,1,0
0.0,0.0,1.7272057010974435,0.0,0.0,-1.1433092459291831,-0.6182898123549365,-0.4668695745617363,-0.5394994425939427,0.0,-0.4668695745617363,0.1111111111111111,0.013106902477417678,-0.2844958199592799,-0.6214814650919301,0.0,0.0,9.74830791673508,-0.0130538449755437,-0.32667876588021777,1,0
0.0,0.0,-0.16125119006736108,0.0,0.0,1.3273719327921307,-4.755088530712135,-0.4668695745617363,-4.321258080645877,0.0,-0.4668695745617363,0.0,-2.814764228080276,-0.2844958199592799,-4.959556673683751,0.0,0.0,9.931829541894084,-0.0173918084564822,1.9963702359346642,1,0
0.25,0.3333333333333333,-0.09379819960082446,0.3333333333333333,0.1111111111111111,-0.9531238224996238,-4.755088530712135,2.010385504222078,0.31766175047922945,0.375,2.0103855042220777,0.1111111111111111,-0.13899246308724683,1.0910363334739357,-0.4712892077742386,0.3333333333333333,0.4444444444444444,5.32093794338434,-0.017236862579405,-0.3103448275862069,0,1
0.2777777777777778,0.3333333333333333,1.818445014898257,0.3333333333333333,0.3333333333333333,1.4475584443037126,-4.324251468516109,2.2856360685313915,-0.0966239926652263,0.25,2.2856360685313906,0.3333333333333333,-2.0144869199068762,-0.0885476522941423,-0.22910234877425664,0.0,0.3333333333333333,10.071903237739626,-0.0128442596717195,2.4047186932849365,0,1
0.027777777777777776,0.0,2.8974352231057514,0.0,0.0,0.0021753538983214,0.6956466567262662,-0.1916190102524236,-3.697003892519749,0.125,-0.1916190102524235,0.0,0.46240154295289265,-0.2257116711161392,0.31415025203104635,0.0,0.2222222222222222,9.615119752120668,-0.0103657174601431,-0.04900181488203267,1,0
0.0,0.1111111111111111,-0.08729917711605767,0.1111111111111111,0.1111111111111111,0.8643003776574393,0.9063303107916915,-0.4668695745617363,0.852442618374056,0.0,-0.4668695745617363,0.1111111111111111,0.6196517669037207,-0.2844958199592799,0.7742080072284487,0.1111111111111111,0.1111111111111111,1.8780757560927386,-0.0172219337121735,0.8711433756805808,1,0
0.0,0.0,1.667799582547377,0.0,0.0,-0.7891132362483021,0.5972502313363517,-0.4668695745617363,0.8940019111934936,0.0,-0.4668695745617363,0.0,0.3693444090107864,-0.2844958199592799,0.4368075147694605,0.0,0.0,8.391912712781114,-0.0131903064293477,-0.29038112522686027,1,0
0.0,0.0,1.7797196951326746,0.0,0.0,1.3273719327921307,-4.755088530712135,-0.4668695745617363,-4.321258080645877,0.0,-0.4668695745617363,0.0,0.10130656352519586,-0.2844958199592799,-0.7373787812264005,0.0,0.0,10.159800156439452,-0.0129332153813874,1.9963702359346642,1,0
0.0,0.1111111111111111,-0.09756840385137378,0.1111111111111111,0.1111111111111111,1.3273719327921307,1.1837108998117374,-0.4668695745617363,0.9715982113083731,0.0,-0.4668695745617363,0.1111111111111111,0.5926419006143737,-0.2844958199592799,0.8244615631343107,0.1111111111111111,0.1111111111111111,-2.061491087286422,-0.01724552309394,1.9963702359346642,1,0
0.0,0.1111111111111111,6.317212888972964,0.1111111111111111,0.0,0.3871513198050401,-0.33379773555586484,-0.4668695745617363,-0.39556095327027846,0.0,-0.4668695745617363,0.0,0.21803388413521044,-0.2844958199592799,0.9372275264112716,0.0,0.1111111111111111,7.937442843214754,-0.0025101658206716,0.2323049001814882,1,0
0.0,0.0,1.5977377046408665,0.0,0.0,0.2439439807007004,0.04589395612774968,-0.4668695745617363,-0.20860305608414614,0.0,-0.4668695745617363,0.0,-0.5176949796124348,-0.2844958199592799,-0.6369626573189806,0.0,0.0,9.333943382356113,-0.0133512451667827,0.1088929219600726,1,0
0.0,0.0,1.9714412445481062,0.0,0.0,0.5191192900072952,-4.755088530712135,-0.4668695745617363,-0.5279174742454806,0.0,-0.4668695745617363,0.0,-2.814764228080276,-0.2844958199592799,1.0481189670805446,0.0,0.0,10.974665021435241,-0.0124928129111143,0.3702359346642468,1,0
0.0,0.1111111111111111,-0.07719786110336616,0.1111111111111111,0.1111111111111111,-0.9531238224996238,-0.10972612277078087,-0.4668695745617363,-0.03471351618909431,0.0,-0.4668695745617363,0.1111111111111111,0.05196628964225067,-0.2844958199592799,-0.04887964938035395,0.1111111111111111,0.1111111111111111,4.961582640589244,-0.0171987300371637,-0.3103448275862069,1,0
0.1388888888888889,0.3333333333333333,-0.10098413097563723,0.3333333333333333,0.1111111111111111,-0.5135592262370264,0.22160843477979358,0.9093832469848272,-4.321258080645877,0.25,0.9093832469848272,0.1111111111111111,0.26016480271627557,0.1931230931641269,0.005082729785588724,0.1111111111111111,0.2222222222222222,4.332339753357211,-0.0172533693411036,-0.2395644283121597,1,0
0.2777777777777778,0.4444444444444444,1.863429235450339,0.3333333333333333,0.3333333333333333,0.8111528623165425,-4.755088530712135,2.2856360685313915,-4.321258080645877,0.375,2.2856360685313906,0.1111111111111111,-2.814764228080276,0.0211828826761948,-0.12626725154454788,0.3333333333333333,0.2222222222222222,9.85433061578449,-0.0127409266769943,0.778584392014519,1,0
0.05555555555555555,0.1111111111111111,-0.09043177479703374,0.1111111111111111,0.1111111111111111,1.4475584443037126,1.2996077369902748,0.083631554056889,0.9664563732231808,0.25,0.0836315540568891,0.1111111111111111,0.7543428544305062,-0.2453061864262523,1.0452773828417383,0.1111111111111111,0.3333333333333333,0.3566887003655008,-0.0172291295843187,2.4047186932849365,0,1
0.0,0.0,-0.16125119006736108,0.0,0.0,0.3871513198050401,-4.755088530712135,-0.4668695745617363,-4.321258080645877,0.0,-0.4668695745617363,0.0,-2.814764228080276,-0.2844958199592799,-4.959556673683751,0.0,0.0,9.931829541894084,-0.0173918084564822,0.2323049001814882,1,0
0.0,0.0,4.338335103005558,0.0,0.0,-0.7891132362483021,-1.2139661116621594,-0.4668695745617363,-0.5687608319081628,0.0,-0.4668695745617363,0.0,-0.30985118289317387,-0.2844958199592799,-0.13173868177091314,0.0,0.0,9.047135534170145,-0.007055834619853,-0.29038112522686027,1,0
0.0,0.1111111111111111,0.6500824399424497,0.1111111111111111,0.1111111111111111,-0.3945035917891138,0.5390376728716304,-0.4668695745617363,0.6220805347583526,0.0,-0.4668695745617363,0.1111111111111111,0.46317186353556355,-0.2844958199592799,0.44765369103371816,0.1111111111111111,0.0,7.247968938497077,-0.0155280986337661,-0.20871143375680581,1,0
0.027777777777777776,0.0,3.4041441017365788,0.0,0.0,-0.2847917733012345,-4.755088530712135,-0.1916190102524236,-4.321258080645877,0.125,-0.1916190102524235,0.0,-2.814764228080276,-0.20807660281388,-1.3144889490992506,0.0,0.2222222222222222,9.945482445042668,-0.0092017594046261,-0.17422867513611615,1,0
0.3333333333333333,0.3333333333333333,-0.09673366961026643,0.3333333333333333,0.3333333333333333,0.5191192900072952,0.7115741264901143,2.8361371971500167,0.6220805347583526,0.25,2.836137197150016,0.3333333333333333,0.5333258595717373,0.1740217754781709,0.4688086402095958,0.3333333333333333,0.3333333333333333,3.45130475296174,-0.0172436056307079,0.3702359346642468,0,1
0.1111111111111111,0.3333333333333333,0.47843712200503474,0.0,0.0,0.5191192900072952,1.2777295523380232,0.6341326826755145,-0.033511568306936135,0.25,0.6341326826755145,0.0,0.43125622762340016,-0.1316566214801296,1.2982440949732679,0.0,0.3333333333333333,0.04733469153634093,-0.0159223841079912,0.3702359346642468,0,1
0.0,0.1111111111111111,0.10377914396438141,0.1111111111111111,0.0,-0.5135592262370264,-0.2974269499442147,-0.4668695745617363,0.5295278008076768,0.0,-0.4668695745617363,0.1111111111111111,0.7387330494606673,-0.2844958199592799,0.4438648150361563,0.0,0.1111111111111111,5.8565225536051315,-0.0167830087980153,-0.2395644283121597,1,0
0.0,0.1111111111111111,0.24787684933773158,0.1111111111111111,0.1111111111111111,-0.5135592262370264,-0.20902154212594073,-0.4668695745617363,0.2283146734498298,0.0,-0.4668695745617363,0.1111111111111111,0.0,-0.2844958199592799,-0.086066101613356,0.0,0.1111111111111111,5.736434945586081,-0.0164520027864292,-0.2395644283121597,1,0
0.1111111111111111,0.3333333333333333,-0.08456350281999886,0.1111111111111111,0.1111111111111111,-1.3723900433022265,-4.755088530712135,0.6341326826755145,-0.0019843095974738842,0.25,0.6341326826755145,0.1111111111111111,-0.11927053118868146,0.7344033012376314,-0.486196446655476,0.1111111111111111,0.3333333333333333,6.033140208041768,-0.0172156496104566,-0.3393829401088929,0,1
0.16666666666666666,0.3333333333333333,0.4916886978849357,0.3333333333333333,0.0,-0.2847917733012345,0.10832488669182568,1.18463381129414,-4.321258080645877,0.25,1.18463381129414,0.3333333333333333,0.3868145081906613,0.1740194829131194,1.006400523916906,0.0,0.0,12.34690036242325,-0.0158919439891297,-0.17422867513611615,1,0
0.0,0.0,1.4856218732896964,0.0,0.0,0.3170934418812415,-0.09438663105303974,-0.4668695745617363,-0.06056016701368468,0.0,-0.4668695745617363,0.1111111111111111,0.3376303716965714,-0.2844958199592799,-0.1704658901933249,0.0,0.0,9.53529848882147,-0.0136087857991963,0.16878402903811252,1,0
0.1388888888888889,0.4444444444444444,0.7735663245323284,0.3333333333333333,0.0,0.2439439807007004,-4.755088530712135,0.9093832469848272,-4.321258080645877,0.375,0.9093832469848272,0.0,-0.22477774196770303,-0.0456848708478014,-0.9198776640525103,0.0,0.0,9.259849426559375,-0.0152444445115346,0.1088929219600726,1,0
0.1111111111111111,0.3333333333333333,0.10387114875698895,0.1111111111111111,0.1111111111111111,0.2439439807007004,-4.755088530712135,0.6341326826755145,0.6517800968017397,0.25,0.6341326826755145,0.1111111111111111,0.17153906562397486,-0.0934470606700971,1.189148888410731,0.1111111111111111,0.3333333333333333,-2.0970552687975372,-0.0167827974543345,0.1088929219600726,0,1
0.0,0.0,1.380378936292126,0.0,0.0,0.6999923241170234,-0.623108181391489,-0.4668695745617363,0.31017005414606474,0.0,-0.4668695745617363,0.0,-0.4331981895919235,-0.2844958199592799,-0.6195724366406067,0.0,0.0,9.39240858601774,-0.0138505387454553,0.604355716878403,1,0
0.027777777777777776,0.0,-0.16125119006736108,0.0,0.0,-0.0875094222424097,-4.755088530712135,-0.1916190102524236,-4.321258080645877,0.125,-0.1916190102524235,0.0,-2.814764228080276,-0.2208130328678629,-4.959556673683751,0.0,0.2222222222222222,9.931829541894084,-0.0173918084564822,-0.09437386569872959,1,0
0.027777777777777776,0.0,1.7601007171825391,0.0,0.0,-1.3723900433022265,-0.615098193054528,-0.1916190102524236,-4.321258080645877,0.125,-0.1916190102524235,0.0,-2.814764228080276,-0.029771039660052,-1.8458224738131266,0.0,0.2222222222222222,9.874113309831566,-0.012978282022982,-0.3393829401088929,1,0
0.027777777777777776,0.0,-0.16125119006736108,0.0,0.0,1.3273719327921307,-4.755088530712135,-0.1916190102524236,-4.321258080645877,0.125,-0.1916190102524235,0.0,-2.814764228080276,-0.2632681063313813,-4.959556673683751,0.0,0.2222222222222222,9.931829541894084,-0.0173918084564822,1.9963702359346642,1,0
0.0,0.1111111111111111,0.728949931347895,0.1111111111111111,0.1111111111111111,1.0629938337787594,1.430321577476124,-0.4668695745617363,0.5185005985703939,0.0,-0.4668695745617363,0.1111111111111111,0.6810504679689982,-0.2844958199592799,1.0837876961187605,0.0,0.0,5.646967601835624,-0.0153469325721256,1.2776769509981851,1,0
0.05555555555555555,0.0,1.591333319924102,0.3333333333333333,0.1111111111111111,0.7564222381735122,-0.7282640121402408,0.083631554056889,-4.321258080645877,0.25,0.0836315540568891,0.0,-2.814764228080276,-0.2208127675240223,-0.47185617528216883,0.0,0.0,9.99927550267754,-0.0133659566421408,0.6896551724137931,1,0
0.1111111111111111,0.1111111111111111,-0.002083588762616459,0.1111111111111111,0.3333333333333333,-1.666848273078999,-0.030311539256362482,0.6341326826755145,-0.1653565554017613,0.25,0.6341326826755145,0.3333333333333333,-2.814764228080276,1.2438273906316173,-0.4306715932514936,0.1111111111111111,0.1111111111111111,7.770134979575439,-0.0170261854734854,-0.3484573502722323,1,0
0.2222222222222222,0.3333333333333333,-0.09004638764659181,0.3333333333333333,0.1111111111111111,0.4544096728511559,0.9043309270812694,1.7351349399127654,0.852442618374056,0.25,1.7351349399127651,0.1111111111111111,0.5944516819533492,0.0372708290060258,0.7010388813603396,0.3333333333333333,0.3333333333333333,2.796784935872954,-0.0172282443137083,0.29945553539019965,0,1
0.0,0.1111111111111111,-0.12300695934521509,0.1111111111111111,0.0,-0.5135592262370264,-0.4608380511121482,-0.4668695745617363,-4.321258080645877,0.0,-0.4668695745617363,0.0,-2.814764228080276,-0.2844958199592799,-1.6882064814575903,0.0,0.1111111111111111,3.7123382250543178,-0.0173039578536935,-0.2395644283121597,1,0
0.16666666666666666,0.1111111111111111,-0.05761421932503058,0.3333333333333333,0.3333333333333333,-1.3723900433022265,0.31061035380615176,1.18463381129414,-4.321258080645877,0.25,1.18463381129414,0.1111111111111111,-2.814764228080276,1.243852861836087,-0.312690387494147,0.3333333333333333,0.1111111111111111,6.357617762655211,-0.0171537445660865,-0.3393829401088929,1,0
0.05555555555555555,0.1111111111111111,-0.06281725565549093,0.1111111111111111,0.1111111111111111,0.3170934418812415,0.6523419284522012,0.083631554056889,1.2793198424121797,0.25,0.0836315540568891,0.1111111111111111,0.46317186353556355,-0.1945904884170285,0.6573418877890065,0.3333333333333333,0.1111111111111111,3.5052426267220604,-0.0171656964309647,0.16878402903811252,1,0
0.0,0.0,-0.16125119006736108,0.0,0.0,0.0869332819236188,-4.755088530712135,-0.4668695745617363,-4.321258080645877,0.0,-0.4668695745617363,0.0,-2.814764228080276,-0.2844958199592799,-4.959556673683751,0.0,0.0,9.931829541894084,-0.0173918084564822,0.0,1,0
0.05555555555555555,0.1111111111111111,-0.09246817132328936,0.1111111111111111,0.1111111111111111,0.3170934418812415,0.8311295705151313,0.083631554056889,0.7855237563847912,0.25,0.0836315540568891,0.1111111111111111,0.46317186353556355,-0.1945904884170285,0.5879015277671387,0.1111111111111111,0.3333333333333333,0.2991300032482151,-0.0172338073790859,0.16878402903811252,0,1
0.08333333333333333,0.0,1.4042632793312062,0.0,0.0,-0.7891132362483021,-0.14158973919876386,0.3588821183662018,-0.4972330768401542,0.25,0.3588821183662018,0.0,-0.2514283299744994,0.0975977185029357,-0.8591774591575634,0.3333333333333333,0.2222222222222222,9.883572799862362,-0.0137956741582071,-0.29038112522686027,1,0
0.0,0.1111111111111111,0.13208497897842514,0.1111111111111111,0.0,-0.9531238224996238,-0.4016528890568359,-0.4668695745617363,-0.39556095327027846,0.0,-0.4668695745617363,0.0,-2.814764228080276,-0.2844958199592799,-1.2163378268712788,0.1111111111111111,0.1111111111111111,7.82217030301657,-0.0167179876269402,-0.3103448275862069,1,0
0.3333333333333333,0.3333333333333333,0.04374182584547137,0.3333333333333333,0.3333333333333333,-1.666848273078999,0.17873957169814658,2.8361371971500167,-4.321258080645877,0.25,2.836137197150016,0.3333333333333333,-2.814764228080276,4.300473811813412,-0.1848391578856074,0.3333333333333333,0.3333333333333333,7.500365968317115,-0.0169209201767244,-0.3484573502722323,0,1
0.3611111111111111,0.4444444444444444,0.21201595679297644,0.3333333333333333,0.3333333333333333,-1.3723900433022265,-4.755088530712135,3.111387761459329,-4.321258080645877,0.5,3.1113877614593286,0.1111111111111111,-1.7477278171824098,3.026926323930682,0.5555631819622099,0.3333333333333333,0.5555555555555556,5.761505323922657,-0.0165343786367761,-0.3393829401088929,0,1
0.0,0.1111111111111111,-0.024497105068310064,0.1111111111111111,0.1111111111111111,-0.9531238224996238,-0.10026846196456375,-0.4668695745617363,0.03378194001362406,0.0,-0.4668695745617363,0.1111111111111111,0.8483315795752037,-0.2844958199592799,0.21263262469192204,0.1111111111111111,0.1111111111111111,0.9251849196056043,-0.01707767143309,-0.3103448275862069,1,0
0.0,0.1111111111111111,-0.08434215451949677,0.1111111111111111,0.1111111111111111,-1.666848273078999,-0.25811809194175145,-0.4668695745617363,-0.2972850288564622,0.0,-0.4668695745617363,0.1111111111111111,-0.3593610886768418,-0.2844958199592799,-0.7257375418231968,0.1111111111111111,0.1111111111111111,6.322091593609818,-0.0172151411525465,-0.3484573502722323,1,0
0.3333333333333333,0.3333333333333333,0.22332069574109284,0.3333333333333333,0.3333333333333333,-1.3723900433022265,0.9698125877403967,2.8361371971500167,-0.39556095327027846,0.25,2.836137197150016,0.3333333333333333,-2.814764228080276,2.7722015436314544,0.36398622032167177,0.3333333333333333,0.3333333333333333,7.9776181071426215,-0.0165084105858516,-0.3393829401088929,0,1
0.0,0.1111111111111111,-0.07257949364898551,0.1111111111111111,0.1111111111111111,-1.3723900433022265,-0.1619831787719659,-0.4668695745617363,-0.0019843095974738842,0.0,-0.4668695745617363,0.1111111111111111,0.0,-0.2844958199592799,-0.22961971523085117,0.1111111111111111,0.1111111111111111,5.002390755362262,-0.0171881212118035,-0.3393829401088929,1,0
0.19444444444444442,0.3333333333333333,1.3907547030126979,0.3333333333333333,0.0,-1.3723900433022265,-0.9874900107714302,1.4598843756034523,-4.321258080645877,0.375,1.4598843756034523,0.0,0.6087426591479438,1.498577642135315,0.01008570751460098,0.0,0.4444444444444444,10.510135542125788,-0.0138267046313004,-0.3393829401088929,0,1
0.0,0.0,2.86755680123147,0.0,0.0,0.1673597344439074,-0.88981506256429,-0.4668695745617363,-0.6559675883203452,0.0,-0.4668695745617363,0.0,0.09011007831389209,-0.2844958199592799,-0.7857254195713821,0.0,0.0,8.69040945838086,-0.0104343510114649,0.05263157894736842,1,0
0.0,0.0,1.1604079282513708,0.0,0.1111111111111111,1.8373853869087895,-0.7496324646576399,-0.4668695745617363,0.6488970938227772,0.0,-0.4668695745617363,0.0,0.8593735168527648,-0.2844958199592799,0.5948074999309229,0.1111111111111111,0.0,11.903645510724159,-0.0143558328849246,4.181488203266787,1,0
0.0,0.0,1.103558712092134,0.0,0.0,0.3871513198050401,0.15036297654842434,-0.4668695745617363,-0.8511215693593839,0.0,-0.4668695745617363,0.0,0.6263165122246706,-0.2844958199592799,0.41059793814552015,0.1111111111111111,0.0,11.453561540227957,-0.0144864208929286,0.2323049001814882,1,0
0.3055555555555555,0.3333333333333333,-0.05451026085747451,0.3333333333333333,0.3333333333333333,-0.9531238224996238,-0.20902154212594073,2.560886632840704,-4.321258080645877,0.25,2.5608866328407034,0.3333333333333333,-0.1559158946214444,1.3967101453479835,-0.4458290014635938,0.3333333333333333,0.2222222222222222,6.83010809158461,-0.017146614480914,-0.3103448275862069,1,0
0.3055555555555555,0.3333333333333333,-0.09851758404257953,0.3333333333333333,0.3333333333333333,0.6999923241170234,0.8311295705151313,2.560886632840704,0.8199677407779054,0.25,2.5608866328407034,0.3333333333333333,0.6191902828285035,0.0809894582409387,0.6417274818841852,0.3333333333333333,0.2222222222222222,3.065072685395552,-0.0172477034503069,0.604355716878403,1,0
0.05555555555555555,0.1111111111111111,0.016511753776781067,0.3333333333333333,0.1111111111111111,-1.666848273078999,-0.23265488696101239,0.083631554056889,-0.0019843095974738842,0.25,0.0836315540568891,0.1111111111111111,-0.42848565681599426,0.4796657853361687,-0.6683264238949357,0.1111111111111111,0.1111111111111111,8.343410566750904,-0.0169834702189149,-0.3484573502722323,1,0
0.4444444444444444,0.3333333333333333,-0.07861325391320367,0.3333333333333333,0.4444444444444444,-0.9531238224996238,-0.030311539256362482,3.937139454387268,0.40381850692765464,0.5,3.937139454387266,0.4444444444444444,0.0,2.160894675033103,-0.1968333814526074,0.5555555555555556,0.3333333333333333,5.642839353193623,-0.0172019813278599,-0.3103448275862069,0,1
0.3055555555555555,0.3333333333333333,-0.06451239466764838,0.3333333333333333,0.3333333333333333,-1.3723900433022265,-4.755088530712135,2.560886632840704,0.29941267964829293,0.25,2.5608866328407034,0.3333333333333333,-2.814764228080276,2.5174767633322266,-0.3555039723323022,0.3333333333333333,0.2222222222222222,6.3944227262907,-0.0171695903250558,-0.3393829401088929,1,0
0.05555555555555555,0.1111111111111111,-0.0966024341744841,0.1111111111111111,0.3333333333333333,0.6417328970763176,0.9698125877403967,0.083631554056889,0.5199757603459818,0.25,0.0836315540568891,0.1111111111111111,-1.286789307143878,-0.2150234254360083,0.5819013506409128,0.1111111111111111,0.1111111111111111,3.3966646162295158,-0.0172433041705419,0.5226860254083484,1,0
0.19444444444444442,0.1111111111111111,0.13009960583931063,0.1111111111111111,0.3333333333333333,-1.666848273078999,0.40037018956560505,1.4598843756034523,0.39173422957051773,0.375,1.4598843756034523,0.4444444444444444,0.4434355850712154,2.3900697985747907,0.009547230389177203,0.3333333333333333,0.1111111111111111,8.745366697980602,-0.0167225482161778,-0.3484573502722323,1,0
0.027777777777777776,0.0,-0.16125119006736108,0.0,0.0,1.0629938337787594,-4.755088530712135,-0.1916190102524236,-4.321258080645877,0.125,-0.1916190102524235,0.0,-2.814764228080276,-0.2590225777575635,-4.959556673683751,0.0,0.2222222222222222,9.931829541894084,-0.0173918084564822,1.2776769509981851,1,0
0.0,0.0,1.8088293927553072,0.0,0.0,1.3273719327921307,-0.08515781410441103,-0.4668695745617363,0.18423532129295098,0.0,-0.4668695745617363,0.0,1.3010221797658408,-0.2844958199592799,0.8170032685825925,0.0,0.0,12.608276322211822,-0.0128663476621299,1.9963702359346642,1,0
0.0,0.0,0.6599892026299924,0.0,0.0,0.3170934418812415,-4.755088530712135,-0.4668695745617363,-0.8473376220833502,0.0,-0.4668695745617363,0.0,-0.4856053977629707,-0.2844958199592799,-0.9795892856087604,0.0,0.0,8.558020428572988,-0.0155053418660824,0.16878402903811252,1,0
0.0,0.0,1.7601007171825391,0.0,0.0,1.8373853869087895,-1.0356742420226601,-0.4668695745617363,-0.9210619211549314,0.0,-0.4668695745617363,0.0,-0.5118341754657908,-0.2844958199592799,-1.1376832577400584,0.0,0.0,9.79667540891994,-0.012978282022982,4.181488203266787,1,0
0.05555555555555555,0.0,1.2028567561802255,0.0,0.0,0.3871513198050401,0.6235863403342278,0.083631554056889,-4.321258080645877,0.25,0.0836315540568891,0.0,-2.814764228080276,-0.1995852013098598,-0.5129805027021184,0.0,0.3333333333333333,9.260636283430376,-0.0142583239260357,0.2323049001814882,0,1
0.3055555555555555,0.5555555555555556,-0.11381492757893655,0.4444444444444444,0.1111111111111111,-1.3723900433022265,-4.755088530712135,2.560886632840704,-4.321258080645877,0.5,2.5608866328407034,0.1111111111111111,-0.11927053118868146,2.5174767633322266,-0.7448725090018657,0.3333333333333333,0.3333333333333333,5.568617841121388,-0.017282842890305,-0.3393829401088929,0,1
0.0,0.1111111111111111,0.2124181240524126,0.1111111111111111,0.1111111111111111,-0.9531238224996238,-0.030311539256362482,-0.4668695745617363,0.2283146734498298,0.0,-0.4668695745617363,0.1111111111111111,0.26663088282169384,-0.2844958199592799,0.09195062882781563,0.1111111111111111,0.1111111111111111,6.013001476805117,-0.0165334548206737,-0.3103448275862069,1,0
0.0,0.1111111111111111,-0.01797230815417318,0.1111111111111111,0.1111111111111111,-1.3723900433022265,-0.3854929216663218,-0.4668695745617363,-0.3152328836986633,0.0,-0.4668695745617363,0.0,-2.814764228080276,-0.2844958199592799,-0.916455089799929,0.1111111111111111,0.1111111111111111,5.598708739018936,-0.0170626833595647,-0.3393829401088929,1,0
0.05555555555555555,0.1111111111111111,-0.043488633840620905,0.1111111111111111,0.1111111111111111,-0.9531238224996238,0.8836183181885655,0.083631554056889,0.12498081950888514,0.25,0.0836315540568891,0.1111111111111111,-0.0514997282943712,0.0211779919147679,0.14864057704950281,0.1111111111111111,0.3333333333333333,4.212089556515958,-0.0171212967647811,-0.3103448275862069,0,1
0.05555555555555555,0.0,1.5240259572695571,0.3333333333333333,0.0,0.5191192900072952,-0.6158945627894274,0.083631554056889,-0.9282638001922867,0.25,0.0836315540568891,0.0,-0.5176949796124348,-0.2080762207197047,-1.0498894478421217,0.0,0.0,9.775731202863415,-0.0135205679984072,0.3702359346642468,1,0
0.0,0.1111111111111111,-0.07493362453394276,0.1111111111111111,0.1111111111111111,0.0869332819236188,0.11080520320361714,-0.4668695745617363,0.11327870872762433,0.0,-0.4668695745617363,0.1111111111111111,0.09092072007672566,-0.2844958199592799,0.008656823363962373,0.1111111111111111,0.1111111111111111,4.61872751609772,-0.0171935288723417,0.0,1,0
0.027777777777777776,0.0,1.7625785107254186,0.0,0.0,-0.2847917733012345,-0.5610148366026427,-0.1916190102524236,-0.13262564613776523,0.125,-0.1916190102524235,0.0,-2.814764228080276,-0.20807660281388,-0.6101119584572666,0.0,0.2222222222222222,9.875523836295825,-0.0129725902976624,-0.17422867513611615,1,0
0.0,0.0,0.4810686303451817,0.0,0.0,-0.1828566844305228,-0.3173148940370099,-0.4668695745617363,-4.321258080645877,0.0,-0.4668695745617363,0.0,-2.814764228080276,-0.2844958199592799,-1.5413845263217016,0.0,0.0,9.00796347152302,-0.0159163392852935,-0.13611615245009073,1,0
0.0,0.1111111111111111,-0.07633846397051111,0.1111111111111111,0.1111111111111111,1.2431022551165405,1.2218153958892664,-0.4668695745617363,1.1426790340435071,0.0,-0.4668695745617363,0.1111111111111111,0.8859237313160764,-0.2844958199592799,1.1417219457985603,0.1111111111111111,0.1111111111111111,1.0835631181908825,-0.0171967559209446,1.7422867513611615,1,0
0.0,0.1111111111111111,0.07528428512005138,0.1111111111111111,0.1111111111111111,-1.666848273078999,0.5524395861331087,-0.4668695745617363,-0.12870809558806698,0.0,-0.4668695745617363,0.1111111111111111,0.3575785859113251,-0.2844958199592799,0.06483118104841312,0.1111111111111111,0.1111111111111111,6.943686755876445,-0.0168484641746455,-0.3484573502722323,1,0
0.0,0.0,-0.08597308414948387,0.0,0.0,0.0869332819236188,0.5455902992721514,-0.4668695745617363,0.3342440011577545,0.0,-0.4668695745617363,0.0,0.247975698794106,-0.2844958199592799,0.34054856947997364,0.0,0.0,0.4811331539084982,-0.0172188875516345,0.0,1,0
0.08333333333333333,0.3333333333333333,-0.06432394306139894,0.1111111111111111,0.1111111111111111,-0.9531238224996238,-4.755088530712135,0.3588821183662018,0.04040926787436443,0.25,0.3588821183662018,0.1111111111111111,0.0,0.1740148978517919,-0.36751379225729264,0.1111111111111111,0.2222222222222222,0.7476404295598478,-0.0171691574339532,-0.3103448275862069,1,0
0.0,0.0,0.45963863941406774,0.1111111111111111,0.1111111111111111,-0.5135592262370264,0.867269880436216,-0.4668695745617363,-0.0019843095974738842,0.0,-0.4668695745617363,0.1111111111111111,0.11065092629307056,-0.2844958199592799,0.13548095922641865,0.1111111111111111,0.0,10.13336160128713,-0.0159655659944076,-0.2395644283121597,1,0
0.0,0.1111111111111111,-0.10811620582269255,0.1111111111111111,0.1111111111111111,-0.7891132362483021,0.05543782744561979,-0.4668695745617363,0.12702111128597396,0.0,-0.4668695745617363,0.1111111111111111,-0.21300487939205906,-0.2844958199592799,-0.36976581423046234,0.1111111111111111,0.1111111111111111,1.2111427654388656,-0.0172697523892815,-0.29038112522686027,1,0
0.0,0.1111111111111111,0.17605911418939602,0.1111111111111111,0.1111111111111111,-0.9531238224996238,-0.09129510854963241,-0.4668695745617363,0.020017670180345004,0.0,-0.4668695745617363,0.0,-1.0164165437412924,-0.2844958199592799,0.8059760393614904,0.1111111111111111,0.1111111111111111,1.4884861983484483,-0.016616974893452,-0.3103448275862069,1,0
0.0,0.0,1.0294786348668499,0.0,0.1111111111111111,1.486110633212629,0.2936897468610754,-0.4668695745617363,0.8118217925400837,0.0,-0.4668695745617363,0.0,-0.9565778625316271,-0.2844958199592799,0.1846757036986132,0.1111111111111111,0.1111111111111111,9.164073574056818,-0.0146565898129457,2.5480943738656987,1,0
0.2222222222222222,0.0,1.3606039358139939,0.3333333333333333,0.4444444444444444,-0.0875094222424097,-0.4771960081497928,1.7351349399127654,-4.321258080645877,0.375,1.7351349399127651,0.3333333333333333,-2.814764228080276,0.2249664767720562,-0.8254122581733294,0.0,0.2222222222222222,10.027720269763902,-0.0138959637855031,-0.09437386569872959,1,0
0.0,0.1111111111111111,-0.10605214824825075,0.1111111111111111,0.1111111111111111,-0.9531238224996238,-0.10270666371888361,-0.4668695745617363,0.03644215390533169,0.0,-0.4668695745617363,0.1111111111111111,-0.414684702694374,-0.2844958199592799,-0.486776809126797,0.1111111111111111,0.1111111111111111,2.811688989759947,-0.0172650110544793,-0.3103448275862069,1,0
0.05555555555555555,0.1111111111111111,-0.07468534833842674,0.3333333333333333,0.1111111111111111,-0.7891132362483021,0.3348988845219174,0.083631554056889,-4.321258080645877,0.25,0.0836315540568891,0.1111111111111111,0.024821756018813496,-0.0297667943178028,-0.21213428445344912,0.1111111111111111,0.1111111111111111,5.764206954278596,-0.0171929585585186,-0.29038112522686027,1,0
0.0,0.1111111111111111,-0.07950807298969548,0.1111111111111111,0.1111111111111111,0.3170934418812415,0.7569574723711164,-0.4668695745617363,0.5726474815224252,0.0,-0.4668695745617363,0.1111111111111111,0.46317186353556355,-0.2844958199592799,0.533481803815375,0.1111111111111111,0.1111111111111111,1.7298930304818263,-0.0172040368116223,0.16878402903811252,1,0
0.027777777777777776,0.0,6.672648207310125,0.0,0.1111111111111111,0.2439439807007004,-4.755088530712135,-0.1916190102524236,-4.321258080645877,0.125,-0.1916190102524235,0.0,-2.814764228080276,-0.2367336301369842,-0.9620389482219112,0.0,0.2222222222222222,10.057498826416973,-0.0016936973918735,0.1088929219600726,1,0
0.0,0.1111111111111111,0.43998776892311237,0.1111111111111111,0.1111111111111111,-1.666848273078999,0.0356427943133937,-0.4668695745617363,-0.305945629780338,0.0,-0.4668695745617363,0.1111111111111111,-0.4222907216928031,-0.2844958199592799,-0.22774625241821747,0.1111111111111111,0.1111111111111111,8.14562101620961,-0.0160107058961746,-0.3484573502722323,1,0
0.0,0.1111111111111111,-0.024837945017833183,0.1111111111111111,0.1111111111111111,-1.666848273078999,-0.3007777208248195,-0.4668695745617363,0.08133171922008098,0.0,-0.4668695745617363,0.1111111111111111,-0.1559158946214444,-0.2844958199592799,-0.3906492257472541,0.1111111111111111,0.1111111111111111,7.070763072716958,-0.0170784543745809,-0.3484573502722323,1,0
0.0,0.0,1.4557996838153382,0.0,0.0,0.3170934418812415,-0.7263573649609586,-0.4668695745617363,-0.6177826772554207,0.0,-0.4668695745617363,0.0,-0.586486275984681,-0.2844958199592799,-0.8012104921914223,0.0,0.0,9.017582608484117,-0.0136772901793951,0.16878402903811252,1,0
0.1111111111111111,0.1111111111111111,-0.08225520342967313,0.1111111111111111,0.1111111111111111,0.7564222381735122,0.8760762505249018,0.6341326826755145,0.8331812335091752,0.25,0.6341326826755145,0.3333333333333333,0.8985421337595898,-0.1571297150887646,0.7805456111484362,0.1111111111111111,0.3333333333333333,3.352510110385783,-0.0172103472291816,0.6896551724137931,0,1
0.19444444444444442,0.3333333333333333,0.008592686162861237,0.3333333333333333,0.1111111111111111,-0.6440902286753902,-4.755088530712135,1.4598843756034523,0.24986468837257925,0.25,1.4598843756034523,0.1111111111111111,-0.1559158946214444,0.4796930764321994,-0.5347939536872518,0.3333333333333333,0.2222222222222222,6.783229041504398,-0.0170016610636586,-0.26678765880217786,1,0
0.3333333333333333,0.3333333333333333,-0.08436579490597185,0.3333333333333333,0.3333333333333333,0.2439439807007004,0.2808312196366998,2.8361371971500167,0.2283146734498298,0.25,2.836137197150016,0.3333333333333333,0.2856459654576801,0.2886504579082685,0.18713979715319817,0.3333333333333333,0.3333333333333333,4.441385767460193,-0.0172151954567425,0.1088929219600726,0,1
0.027777777777777776,0.0,-0.16125119006736108,0.0,0.0,0.3871513198050401,-4.755088530712135,-0.1916190102524236,-4.321258080645877,0.125,-0.1916190102524235,0.0,-2.814764228080276,-0.2420405106345698,-4.959556673683751,0.0,0.2222222222222222,9.931829541894084,-0.0173918084564822,0.2323049001814882,1,0
0.027777777777777776,0.0,2.3487095600145333,0.0,0.0,-0.3945035917891138,-4.755088530712135,-0.1916190102524236,-4.321258080645877,0.125,-0.1916190102524235,0.0,0.18903170419018037,-0.1995856730302776,0.04367648950473739,0.0,0.2222222222222222,10.292871008743777,-0.0116261920299784,-0.20871143375680581,1,0
0.0,0.0,1.1918070294452066,0.0,0.1111111111111111,1.2431022551165405,0.5867497764440264,-0.4668695745617363,1.03236639985526,0.0,-0.4668695745617363,0.1111111111111111,-2.814764228080276,-0.2844958199592799,0.3980772740986473,0.0,0.0,8.305388652278799,-0.0142837061898698,1.7422867513611615,1,0
0.2222222222222222,0.3333333333333333,0.23904432176486323,0.3333333333333333,0.1111111111111111,-0.9531238224996238,0.09779810576966495,1.7351349399127654,-4.321258080645877,0.25,1.7351349399127651,0.3333333333333333,-0.3808218137875389,0.9381994275369115,-0.5454188506766734,0.1111111111111111,0.3333333333333333,9.327782266428976,-0.0164722919347994,-0.3103448275862069,0,1
0.38888888888888884,0.5555555555555556,-0.13351685829768664,0.4444444444444444,0.1111111111111111,-0.9531238224996238,-4.755088530712135,3.386638325768641,-4.321258080645877,0.625,3.386638325768641,0.1111111111111111,-0.06644151307654436,1.855220863159056,-0.8226228611775831,0.3333333333333333,0.6666666666666666,4.923499103837604,-0.0173281000822281,-0.3103448275862069,0,1
0.1111111111111111,0.3333333333333333,-0.16125119006736108,0.0,0.0,1.3273719327921307,-4.755088530712135,0.6341326826755145,-4.321258080645877,0.25,0.6341326826755145,0.0,-2.814764228080276,-0.1995849654476854,-4.959556673683751,0.0,0.3333333333333333,9.103487408024753,-0.0173918084564822,1.9963702359346642,0,1
0.0,0.1111111111111111,-0.021856289676911514,0.1111111111111111,0.1111111111111111,-1.3723900433022265,-0.13127304604343448,-0.4668695745617363,-0.09428081140899382,0.0,-0.4668695745617363,0.1111111111111111,-0.1559158946214444,-0.2844958199592799,-0.2812059308719918,0.1111111111111111,0.1111111111111111,6.9727833132871915,-0.0170716052312183,-0.3393829401088929,1,0
0.05555555555555555,0.1111111111111111,-0.049307496827104065,0.1111111111111111,0.3333333333333333,-1.666848273078999,-0.29790452698888625,0.083631554056889,-0.2567464353177028,0.25,0.0836315540568891,0.1111111111111111,-2.814764228080276,0.4796657853361687,-0.5081290990479935,0.1111111111111111,0.1111111111111111,6.99193503723923,-0.0171346632415347,-0.3484573502722323,1,0
0.0,0.0,2.5856686635246016,0.0,0.0,1.0152348983243975,-4.755088530712135,-0.4668695745617363,-4.321258080645877,0.0,-0.4668695745617363,0.0,0.08170103957926612,-0.2844958199592799,-0.34109128069962186,0.0,0.0,10.166921439522547,-0.0110818746339543,1.1705989110707804,1,0
0.25,0.3333333333333333,-0.10403150761109456,0.3333333333333333,0.3333333333333333,-1.3723900433022265,-0.046040275609405906,2.010385504222078,-1.3078107217242778,0.25,2.0103855042220777,0.1111111111111111,-2.814764228080276,2.0080272027337704,-0.635617405043154,0.3333333333333333,0.2222222222222222,6.066357880932112,-0.0172603694524745,-0.3393829401088929,1,0
0.0,0.1111111111111111,0.06920515745297784,0.1111111111111111,0.1111111111111111,0.6417328970763176,-0.02907026776434,-0.4668695745617363,0.0005656751581354951,0.0,-0.4668695745617363,0.1111111111111111,-0.1559158946214444,-0.2844958199592799,-0.005442244295965933,0.1111111111111111,0.1111111111111111,3.778338673915129,-0.0168624285039025,0.5226860254083484,1,0
0.1111111111111111,0.3333333333333333,-0.08595894544301746,0.1111111111111111,0.1111111111111111,-0.9531238224996238,-4.755088530712135,0.6341326826755145,-0.17837565731563373,0.25,0.6341326826755145,0.1111111111111111,-0.0571094851999611,0.3268518037888158,-0.33909153072185766,0.1111111111111111,0.3333333333333333,4.93871741296407,-0.0172188550736931,-0.3103448275862069,0,1
0.0,0.1111111111111111,-0.07774151131469935,0.1111111111111111,0.1111111111111111,-0.1828566844305228,0.5752486385141815,-0.4668695745617363,0.5516037639487911,0.0,-0.4668695745617363,0.1111111111111111,0.3868145081906613,-0.2844958199592799,0.43027935623071856,0.1111111111111111,0.1111111111111111,3.9420408488747243,-0.0171999788529425,-0.13611615245009073,1,0
0.0,0.1111111111111111,0.15787024861720395,0.1111111111111111,0.1111111111111111,-2.102083711231995,-0.030311539256362482,-0.4668695745617363,-0.3414553481670005,0.0,-0.4668695745617363,0.1111111111111111,-0.6183712309333453,-0.2844958199592799,-0.6261587680112538,0.1111111111111111,0.1111111111111111,7.46139347523749,-0.0166587564321152,-0.35390199637023595,1,0
0.08333333333333333,0.3333333333333333,0.1549273243399713,0.1111111111111111,0.1111111111111111,0.2439439807007004,-4.755088530712135,0.3588821183662018,-0.3445603867646686,0.25,0.3588821183662018,0.1111111111111111,-2.814764228080276,-0.1412092504923928,-0.8739089919332326,0.1111111111111111,0.2222222222222222,8.285290607877334,-0.0166655166065738,0.1088929219600726,1,0
0.0,0.1111111111111111,-0.16125119006736108,0.1111111111111111,0.1111111111111111,0.3871513198050401,-4.755088530712135,-0.4668695745617363,-4.321258080645877,0.0,-0.4668695745617363,0.1111111111111111,-2.814764228080276,-0.2844958199592799,-4.959556673683751,0.1111111111111111,0.1111111111111111,8.35018843544262,-0.0173918084564822,0.2323049001814882,1,0
0.0,0.1111111111111111,-0.09094958055202994,0.1111111111111111,0.1111111111111111,1.0629938337787594,1.400618573942464,-0.4668695745617363,1.0160357556105664,0.0,-0.4668695745617363,0.1111111111111111,0.7748065606083664,-0.2844958199592799,1.0398574766743056,0.1111111111111111,0.1111111111111111,1.6294341277653626,-0.0172303190329452,1.2776769509981851,1,0
0.0,0.1111111111111111,0.5780203616796752,0.1111111111111111,0.0,-1.3723900433022265,0.10832488669182568,-0.4668695745617363,-0.1589571826691771,0.0,-0.4668695745617363,0.0,0.7818639057906351,-0.2844958199592799,0.39089394240915604,0.1111111111111111,0.1111111111111111,5.060984633030348,-0.015693632019954,-0.3393829401088929,1,0
0.0,0.1111111111111111,-0.16125119006736108,0.0,0.0,1.199597083727945,-4.755088530712135,-0.4668695745617363,-4.321258080645877,0.0,-0.4668695745617363,0.0,-2.814764228080276,-0.2844958199592799,-4.959556673683751,0.0,0.1111111111111111,6.519517745157254,-0.0173918084564822,1.6206896551724137,1,0
0.0,0.1111111111111111,0.04530623293945061,0.1111111111111111,0.1111111111111111,0.9159689132265976,0.7391997586275593,-0.4668695745617363,0.7783771315605391,0.0,-0.4668695745617363,0.1111111111111111,0.43936390051312885,-0.2844958199592799,1.1848258426001397,0.1111111111111111,0.1111111111111111,0.2822478626598934,-0.0169173265861719,0.9673321234119783,1,0
0.0,0.1111111111111111,-0.06657999323032883,0.1111111111111111,0.1111111111111111,0.2439439807007004,0.451351709610187,-0.4668695745617363,0.39414344905206655,0.0,-0.4668695745617363,0.0,0.37635075839240917,-0.2844958199592799,0.017900845459166554,0.1111111111111111,0.1111111111111111,-3.100611921691959,-0.0171743397938417,0.1088929219600726,1,0
0.0,0.1111111111111111,0.16745774216033474,0.1111111111111111,0.1111111111111111,1.668921836399024,1.40680305850479,-0.4668695745617363,1.246271594270992,0.0,-0.4668695745617363,0.1111111111111111,2.1792620652976504,-0.2844958199592799,2.317360289707164,0.1111111111111111,0.1111111111111111,0.2531477459227589,-0.0166367330557498,3.319419237749546,1,0
0.027777777777777776,0.0,-0.16125119006736108,0.0,0.0,1.3273719327921307,-4.755088530712135,-0.1916190102524236,-4.321258080645877,0.125,-0.1916190102524235,0.0,-2.814764228080276,-0.2632681063313813,-4.959556673683751,0.0,0.2222222222222222,9.931829541894084,-0.0173918084564822,1.9963702359346642,1,0
0.05555555555555555,0.1111111111111111,-0.08595242808676723,0.3333333333333333,0.1111111111111111,-0.6440902286753902,0.6435799801374663,0.083631554056889,-4.321258080645877,0.25,0.0836315540568891,0.1111111111111111,0.052190236133651445,-0.0661561352760001,-0.008546892784744917,0.1111111111111111,0.1111111111111111,3.368901582327999,-0.0172188401027115,-0.26678765880217786,1,0
0.0,0.1111111111111111,0.15615395117524447,0.1111111111111111,0.1111111111111111,-0.9531238224996238,0.35610902529948224,-0.4668695745617363,0.09298295663548764,0.0,-0.4668695745617363,0.0,-2.814764228080276,-0.2844958199592799,0.38437150391477,0.1111111111111111,0.1111111111111111,0.39779066446592487,-0.0166626989291139,-0.3103448275862069,1,0
0.1111111111111111,0.1111111111111111,-0.0863124959920362,0.1111111111111111,0.3333333333333333,-0.3945035917891138,0.2901754499325344,0.6341326826755145,0.28245467238384553,0.25,0.6341326826755145,0.3333333333333333,0.024821756018813496,0.0551447677567291,0.14350301559034148,0.1111111111111111,0.1111111111111111,4.287503704155859,-0.0172196672126291,-0.20871143375680581,1,0
0.16666666666666666,0.1111111111111111,-0.07037189242920958,0.3333333333333333,0.3333333333333333,-0.6440902286753902,0.3846374718367893,1.18463381129414,-4.321258080645877,0.25,1.18463381129414,0.1111111111111111,-2.814764228080276,0.3705232340905594,-0.14792738530896724,0.3333333333333333,0.1111111111111111,5.517702577735285,-0.0171830501437179,-0.26678765880217786,1,0
0.16666666666666666,0.3333333333333333,-0.1072508914067646,0.3333333333333333,0.1111111111111111,0.1673597344439074,0.6826633274259496,1.18463381129414,-4.321258080645877,0.25,1.18463381129414,0.1111111111111111,0.26663088282169384,0.0211820675384221,0.23101159194874255,0.1111111111111111,0.3333333333333333,-0.12127630855437264,-0.0172677646805054,0.05263157894736842,0,1
0.1388888888888889,0.3333333333333333,0.34765736007489434,0.1111111111111111,0.0,0.1673597344439074,-4.755088530712135,0.9093832469848272,-0.39556095327027846,0.375,0.9093832469848272,0.0,-2.814764228080276,-0.0297642470445282,-0.9240858717971538,0.1111111111111111,0.4444444444444444,8.625544553803731,-0.0162227975481671,0.05263157894736842,0,1
0.0,0.0,1.5293144239501897,0.0,0.0,1.0629938337787594,0.12596611318267115,-0.4668695745617363,0.47100781382250195,0.0,-0.4668695745617363,0.0,0.14380070725548494,-0.2844958199592799,-0.025615478020609282,0.0,0.0,9.265636883776033,-0.0135084198919622,1.2776769509981851,1,0
0.0,0.1111111111111111,0.2794138066276202,0.1111111111111111,0.1111111111111111,-1.3723900433022265,0.10981426398526252,-0.4668695745617363,0.10862304442423645,0.0,-0.4668695745617363,0.0,-0.1559158946214444,-0.2844958199592799,0.7046599935534763,0.1111111111111111,0.1111111111111111,5.437809448316871,-0.0163795594229278,-0.3393829401088929,1,0
0.08333333333333333,0.3333333333333333,0.27387372999685894,0.1111111111111111,0.1111111111111111,-0.7891132362483021,-0.010441727319646616,0.3588821183662018,-0.005402188470527549,0.25,0.3588821183662018,0.1111111111111111,1.436552634334306,0.0975977185029357,1.0611464609507966,0.1111111111111111,0.2222222222222222,5.227664064074688,-0.0163922855011445,-0.29038112522686027,1,0
0.0,0.0,0.7758366072600896,0.0,0.1111111111111111,-1.666848273078999,0.22160843477979358,-0.4668695745617363,0.2302049634480048,0.0,-0.4668695745617363,0.1111111111111111,-0.1559158946214444,-0.2844958199592799,0.07943272420159077,0.0,0.1111111111111111,8.375092358290884,-0.0152392294581169,-0.3484573502722323,1,0
0.05555555555555555,0.1111111111111111,-0.08175499638068935,0.1111111111111111,0.1111111111111111,-0.6440902286753902,0.35192450368474876,0.083631554056889,0.3474463868376146,0.25,0.0836315540568891,0.1111111111111111,-0.05503320714484808,-0.0661561352760001,-0.08886260313855333,0.1111111111111111,0.3333333333333333,1.5537591653231522,-0.0172091982064416,-0.26678765880217786,0,1
0.027777777777777776,0.0,-0.16125119006736108,0.0,0.0,0.9662521913648202,-4.755088530712135,-0.1916190102524236,-4.321258080645877,0.125,-0.1916190102524235,0.0,-2.814764228080276,-0.2572030669556937,-4.959556673683751,0.0,0.2222222222222222,9.931829541894084,-0.0173918084564822,1.0671506352087115,1,0
0.05555555555555555,0.1111111111111111,-0.0028279117119017314,0.1111111111111111,0.1111111111111111,-0.9531238224996238,-0.13420324118399174,0.083631554056889,-0.37713055981775295,0.25,0.0836315540568891,0.0,-1.1331733319247854,0.0211779919147679,-0.20495772412551763,0.1111111111111111,0.3333333333333333,1.2989148883639767,-0.0170278952534582,-0.3103448275862069,0,1
0.25,0.1111111111111111,0.13454119577390464,0.3333333333333333,0.4444444444444444,-2.102083711231995,-0.09576559222442006,2.010385504222078,-0.7888541247084815,0.375,2.0103855042220777,0.3333333333333333,-2.814764228080276,6.592614789361209,-0.7899115248845096,0.3333333333333333,0.1111111111111111,9.319169913335328,-0.0167123454654432,-0.35390199637023595,1,0
0.05555555555555555,0.1111111111111111,0.12450995990008666,0.1111111111111111,0.1111111111111111,-0.9531238224996238,1.5393109131968599,0.083631554056889,0.0008483016993605666,0.25,0.0836315540568891,0.1111111111111111,-0.17281359342255856,0.0211779919147679,0.4790863665513923,0.1111111111111111,0.3333333333333333,4.81306631225411,-0.0167353881597683,-0.3103448275862069,0,1
0.027777777777777776,0.0,-0.16125119006736108,0.0,0.0,0.3871513198050401,-4.755088530712135,-0.1916190102524236,-4.321258080645877,0.125,-0.1916190102524235,0.0,-2.814764228080276,-0.2420405106345698,-4.959556673683751,0.0,0.2222222222222222,9.931829541894084,-0.0173918084564822,0.2323049001814882,1,0
0.0,0.0,1.5508723130872657,0.0,0.1111111111111111,1.8047152235915511,-1.8334274340426857,-0.4668695745617363,-0.2122914829153444,0.0,-0.4668695745617363,0.0,-2.814764228080276,-0.2844958199592799,-1.3029238966300878,0.0,0.0,9.865998642650895,-0.0134588993886135,4.001814882032668,1,0
0.0,0.1111111111111111,-0.08530434836383632,0.1111111111111111,0.1111111111111111,0.0869332819236188,0.7020858260316316,-0.4668695745617363,0.4328184144250843,0.0,-0.4668695745617363,0.1111111111111111,0.33677633076997154,-0.2844958199592799,0.38856336150223486,0.1111111111111111,0.1111111111111111,1.6440994610575086,-0.0172173514025013,0.0,1,0
0.08333333333333333,0.3333333333333333,-0.1043296803805097,0.1111111111111111,0.1111111111111111,1.3682240822548568,-3.64139088101454,0.3588821183662018,1.1036814506548158,0.25,0.3588821183662018,0.1111111111111111,0.8114899901719757,-0.2225338403936263,0.9223780366818713,0.1111111111111111,0.2222222222222222,2.1493570614428568,-0.017261054383431,2.128856624319419,1,0
0.05555555555555555,0.1111111111111111,0.3982713962424351,0.1111111111111111,0.1111111111111111,-1.3723900433022265,-0.030311539256362482,0.083631554056889,-0.24661117247792613,0.25,0.0836315540568891,0.1111111111111111,-2.814764228080276,0.2249537406391757,-0.8999815449024698,0.3333333333333333,0.1111111111111111,9.15794336947902,-0.0161065323363188,-0.3393829401088929,1,0
0.3055555555555555,0.3333333333333333,-0.09498910765153505,0.3333333333333333,0.3333333333333333,-0.5135592262370264,0.24198280864049138,2.560886632840704,0.12475366753727371,0.25,2.5608866328407034,0.3333333333333333,0.26663088282169384,0.7662657889122152,0.011767832221895242,0.3333333333333333,0.2222222222222222,4.5930736481699865,-0.01723959820745,-0.2395644283121597,1,0
0.0,0.1111111111111111,-0.052582141288785425,0.1111111111111111,0.1111111111111111,0.1673597344439074,-0.03875559129009598,-0.4668695745617363,-0.2239221361750525,0.0,-0.4668695745617363,0.1111111111111111,-0.24073730820724085,-0.2844958199592799,-0.4338703755092324,0.1111111111111111,0.1111111111111111,7.00930884742656,-0.0171421854085242,0.05263157894736842,1,0
0.16666666666666666,0.3333333333333333,-0.08799650421996998,0.3333333333333333,0.1111111111111111,0.3170934418812415,0.12062866319252531,1.18463381129414,-4.321258080645877,0.25,1.18463381129414,0.1111111111111111,0.26663088282169384,-0.0147798253325259,-0.0038955611259121783,0.1111111111111111,0.3333333333333333,4.072951282979529,-0.0172235355382597,0.16878402903811252,0,1
0.16666666666666666,0.3333333333333333,1.0209523543313919,0.0,0.3333333333333333,-0.9531238224996238,-4.755088530712135,1.18463381129414,-0.5513224053881256,0.25,1.18463381129414,0.3333333333333333,-2.814764228080276,0.6325256156628638,-0.7506973451405466,0.0,0.0,9.826625187652064,-0.0146761754830048,-0.3103448275862069,1,0
0.027777777777777776,0.0,1.7601007171825391,0.0,0.0,0.3170934418812415,0.2634556293297144,-0.1916190102524236,-4.321258080645877,0.125,-0.1916190102524235,0.0,-2.814764228080276,-0.2395431541881542,-0.9461488451856077,0.0,0.2222222222222222,9.69851123014306,-0.012978282022982,0.16878402903811252,1,0
0.0,0.1111111111111111,-0.07373948248794879,0.1111111111111111,0.1111111111111111,1.4475584443037126,0.5390376728716304,-0.4668695745617363,0.5726474815224252,0.0,-0.4668695745617363,0.1111111111111111,0.7298924868284511,-0.2844958199592799,0.6056410688092666,0.1111111111111111,0.1111111111111111,3.624798508480784,-0.0171907858155047,2.4047186932849365,1,0
0.08333333333333333,0.3333333333333333,-0.1013542414602283,0.1111111111111111,0.1111111111111111,0.4544096728511559,-4.755088530712135,0.3588821183662018,0.853766775177904,0.25,0.3588821183662018,0.1111111111111111,0.49907484957844545,-0.1638333265972902,0.5252013655889592,0.1111111111111111,0.2222222222222222,1.776759876949644,-0.0172542195197725,0.29945553539019965,1,0
0.05555555555555555,0.1111111111111111,-0.08856899588435814,0.3333333333333333,0.1111111111111111,-0.1828566844305228,0.7481420290032386,0.083631554056889,-4.321258080645877,0.25,0.0836315540568891,0.1111111111111111,0.19648970813407893,-0.1455516624742182,0.0753922751355249,0.1111111111111111,0.1111111111111111,1.2906934569149016,-0.0172248506055747,-0.13611615245009073,1,0
0.19444444444444442,0.3333333333333333,-0.13174696668021943,0.3333333333333333,0.0,-0.9531238224996238,0.08296165793127216,1.4598843756034523,-4.321258080645877,0.25,1.4598843756034523,0.0,-2.814764228080276,0.7853625215998877,-1.1312803083170841,0.3333333333333333,0.2222222222222222,0.050621595291557964,-0.0173240344743565,-0.3103448275862069,1,0
0.0,0.0,2.0295302813864047,0.0,0.0,0.5814972662319737,-0.3507296073279289,-0.4668695745617363,-0.9097254723393198,0.0,-0.4668695745617363,0.0,0.26133674350060454,-0.2844958199592799,-0.16911092554898824,0.0,0.0,9.672530017387073,-0.0123593769181476,0.44464609800362975,1,0
0.0,0.1111111111111111,-0.012866382352528048,0.1111111111111111,0.1111111111111111,1.9013142578933817,1.459857362989083,-0.4668695745617363,1.2556633674835116,0.0,-0.4668695745617363,0.1111111111111111,1.1526700062807762,-0.2844958199592799,1.5031054530665497,0.1111111111111111,0.1111111111111111,-5.328450665499255,-0.0170509545667246,4.551724137931035,1,0
0.3333333333333333,0.3333333333333333,-0.08529807486800586,0.3333333333333333,0.3333333333333333,-1.3723900433022265,0.2808312196366998,2.8361371971500167,-4.321258080645877,0.25,2.836137197150016,0.3333333333333333,-2.814764228080276,2.7722015436314544,-0.5686425309571811,0.3333333333333333,0.3333333333333333,5.847067064285616,-0.0172173369916901,-0.3393829401088929,0,1
0.1111111111111111,0.1111111111111111,-0.009540830781214487,0.1111111111111111,0.3333333333333333,-1.666848273078999,-0.20902154212594073,0.6341326826755145,-0.262556056073628,0.25,0.6341326826755145,0.3333333333333333,-2.814764228080276,1.2438273906316173,-0.3825424587232438,0.1111111111111111,0.1111111111111111,7.55181438789937,-0.0170433154613059,-0.3484573502722323,1,0
0.0,0.0,-0.16125119006736108,0.0,0.0,0.1673597344439074,-4.755088530712135,-0.4668695745617363,-4.321258080645877,0.0,-0.4668695745617363,0.0,-2.814764228080276,-0.2844958199592799,-4.959556673683751,0.0,0.0,8.98898456730153,-0.0173918084564822,0.05263157894736842,1,0
0.0,0.0,1.5707810497172885,0.0,0.0,0.2439439807007004,0.4068609976070569,-0.4668695745617363,-1.1380184861260618,0.0,-0.4668695745617363,0.0,-2.814764228080276,-0.2844958199592799,-0.6199299451054369,0.0,0.0,9.22168730542792,-0.0134131671440191,0.1088929219600726,1,0
0.16666666666666666,0.4444444444444444,-0.11161026124946241,0.3333333333333333,0.1111111111111111,0.0869332819236188,-3.545575983551284,1.18463381129414,-1.2214319736909167,0.375,1.18463381129414,0.1111111111111111,0.4474646423331391,0.0430160464026946,0.2671177537636832,0.1111111111111111,0.2222222222222222,2.8761394398859124,-0.017277778563939,0.0,1,0
0.0,0.1111111111111111,0.03682163391036519,0.1111111111111111,0.1111111111111111,1.285678693674575,1.1181195309961378,-0.4668695745617363,0.90024583635647,0.0,-0.4668695745617363,0.1111111111111111,1.5987797877126821,-0.2844958199592799,1.4706851116588182,0.1111111111111111,0.1111111111111111,-1.6826306887080251,-0.0169368165098819,1.867513611615245,1,0
0.3333333333333333,0.3333333333333333,-0.09864129042084385,0.3333333333333333,0.3333333333333333,0.6999923241170234,0.6312734314835,2.8361371971500167,0.45864520240061574,0.25,2.836137197150016,0.3333333333333333,0.46317186353556355,0.1142153926227767,0.32718823913735295,0.3333333333333333,0.3333333333333333,3.6268158659532213,-0.0172479876155181,0.604355716878403,0,1
0.16666666666666666,0.1111111111111111,-0.08736279392363511,0.3333333333333333,0.3333333333333333,0.7564222381735122,1.2810532432733424,1.18463381129414,-4.321258080645877,0.25,1.18463381129414,0.1111111111111111,-2.0144869199068762,-0.093446662653507,0.7853701286411228,0.3333333333333333,0.1111111111111111,2.887622148897212,-0.0172220798459769,0.6896551724137931,1,0
0.0,0.1111111111111111,-0.08421952175093647,0.1111111111111111,0.1111111111111111,-0.6440902286753902,0.17873957169814658,-0.4668695745617363,0.18912502360221406,0.0,-0.4668695745617363,0.1111111111111111,0.24008799583748386,-0.2844958199592799,0.1211111928686531,0.1111111111111111,0.1111111111111111,4.280475196003902,-0.017214859453518,-0.26678765880217786,1,0
0.027777777777777776,0.0,1.7850312639000256,0.0,0.0,1.2431022551165405,-4.755088530712135,-0.1916190102524236,-4.321258080645877,0.125,-0.1916190102524235,0.0,-2.814764228080276,-0.26201942096705,-0.9027596652275952,0.0,0.2222222222222222,9.982719671158241,-0.0129210142072716,1.7422867513611615,1,0
0.2222222222222222,0.3333333333333333,-0.07422208093969232,0.3333333333333333,0.3333333333333333,-0.9531238224996238,-4.755088530712135,1.7351349399127654,0.536395268467404,0.25,1.7351349399127651,0.1111111111111111,-2.814764228080276,0.9381994275369115,-0.033181289221855335,0.3333333333333333,0.0,4.398205454653417,-0.0171918943896371,-0.3103448275862069,1,0
0.19444444444444442,0.3333333333333333,-0.09752065220415018,0.1111111111111111,0.3333333333333333,-0.2847917733012345,-4.755088530712135,1.4598843756034523,-0.05212341178563805,0.375,1.4598843756034523,0.1111111111111111,-2.814764228080276,0.2504387000585193,-0.2088692536997442,0.1111111111111111,0.4444444444444444,5.142550036965273,-0.0172454134039053,-0.17422867513611615,0,1
0.0,0.0,-0.16125119006736108,0.0,0.0,0.4544096728511559,-4.755088530712135,-0.4668695745617363,-4.321258080645877,0.0,-0.4668695745617363,0.0,-2.814764228080276,-0.2844958199592799,-4.959556673683751,0.0,0.0,9.931829541894084,-0.0173918084564822,0.29945553539019965,1,0
0.0,0.0,-0.16125119006736108,0.0,0.0,0.6999923241170234,-4.755088530712135,-0.4668695745617363,-4.321258080645877,0.0,-0.4668695745617363,0.0,-2.814764228080276,-0.2844958199592799,-4.959556673683751,0.0,0.0,9.931829541894084,-0.0173918084564822,0.604355716878403,1,0
0.0,0.1111111111111111,-0.09203583613028339,0.1111111111111111,0.1111111111111111,0.9662521913648202,1.299278604606063,-0.4668695745617363,0.9371500493290886,0.0,-0.4668695745617363,0.1111111111111111,0.5337104552412648,-0.2844958199592799,0.8142074655187141,0.1111111111111111,0.1111111111111111,-0.011638047556511643,-0.0172328142643966,1.0671506352087115,1,0
0.05555555555555555,0.1111111111111111,-0.07073511520790651,0.1111111111111111,0.1111111111111111,-1.3723900433022265,-0.16893244176358863,0.083631554056889,0.2283146734498298,0.25,0.0836315540568891,0.1111111111111111,-0.9129630874112588,0.2249537406391757,-0.5535320055735541,0.1111111111111111,0.3333333333333333,4.499605040374937,-0.0171838845006772,-0.3393829401088929,0,1
0.19444444444444442,0.3333333333333333,0.06506779853128378,0.1111111111111111,0.3333333333333333,-1.666848273078999,-0.4608380511121482,1.4598843756034523,-0.0019843095974738842,0.25,1.4598843756034523,0.3333333333333333,-2.814764228080276,2.3900697985747907,-0.26050331279475003,0.1111111111111111,0.2222222222222222,8.086605785930317,-0.0168719324073242,-0.3484573502722323,1,0
0.0,0.0,-0.16125119006736108,0.0,0.0,-0.0875094222424097,-4.755088530712135,-0.4668695745617363,-4.321258080645877,0.0,-0.4668695745617363,0.0,-2.814764228080276,-0.2844958199592799,-4.959556673683751,0.0,0.0,9.931829541894084,-0.0173918084564822,-0.09437386569872959,1,0
0.05555555555555555,0.3333333333333333,0.23746475144951176,0.0,0.1111111111111111,-0.3945035917891138,-0.4608380511121482,0.083631554056889,1.3514303371254914,0.25,0.0836315540568891,0.1111111111111111,-0.08040381946156316,-0.1146755261012753,0.4036362595844372,0.1111111111111111,0.0,12.545394753401743,-0.0164759203567007,-0.20871143375680581,1,0
0.0,0.0,0.5655125425687169,0.0,0.0,-0.3945035917891138,-0.42759127678869874,-0.4668695745617363,-4.321258080645877,0.0,-0.4668695745617363,0.0,0.11065092629307056,-0.2844958199592799,-0.3798356246145825,0.0,0.1111111111111111,6.794175258760685,-0.0157223636594123,-0.20871143375680581,1,0
0.027777777777777776,0.0,-0.16125119006736108,0.0,0.0,1.486110633212629,-4.755088530712135,-0.1916190102524236,-4.321258080645877,0.125,-0.1916190102524235,0.0,-2.814764228080276,-0.265390872387256,-4.959556673683751,0.0,0.2222222222222222,9.931829541894084,-0.0173918084564822,2.5480943738656987,1,0
0.0,0.0,1.3634847935384675,0.0,0.0,0.8643003776574393,0.366202566966183,-0.4668695745617363,-0.18421559206497276,0.0,-0.4668695745617363,0.0,0.12014923748777635,-0.2844958199592799,0.03227254807703044,0.0,0.0,8.211426031201677,-0.0138893461837664,0.8711433756805808,1,0
0.0,0.0,1.1561870348708592,0.0,0.0,1.3273719327921307,0.10832488669182568,-0.4668695745617363,-4.321258080645877,0.0,-0.4668695745617363,0.0,-2.814764228080276,-0.2844958199592799,-1.1052714681371396,0.0,0.0,9.341904358914285,-0.0143655286748721,1.9963702359346642,1,0
0.0,0.1111111111111111,0.10086049427371867,0.1111111111111111,0.0,-1.3723900433022265,-0.4061857550387898,-0.4668695745617363,-0.3368293743177722,0.0,-0.4668695745617363,0.0,-0.26191813279920784,-0.2844958199592799,-0.5018561671960716,0.1111111111111111,0.1111111111111111,5.205060381723046,-0.0167897132114604,-0.3393829401088929,1,0
0.08333333333333333,0.3333333333333333,-0.04195355262186164,0.1111111111111111,0.1111111111111111,-1.666848273078999,-4.755088530712135,0.3588821183662018,-0.09428081140899382,0.25,0.3588821183662018,0.0,-2.814764228080276,0.861746587983893,-0.7028014086082582,0.1111111111111111,0.2222222222222222,4.850673364751448,-0.0171177705385281,-0.3484573502722323,1,0
0.3333333333333333,0.4444444444444444,-0.10505310253743684,0.3333333333333333,0.3333333333333333,-0.3945035917891138,-4.755088530712135,2.8361371971500167,-4.321258080645877,0.375,2.836137197150016,0.3333333333333333,-0.20244827600365914,0.7344259431887474,-0.7574622454474456,0.3333333333333333,0.2222222222222222,6.220552179338416,-0.0172627161523137,-0.20871143375680581,1,0
0.08333333333333333,0.3333333333333333,-0.05925029249380433,0.1111111111111111,0.1111111111111111,0.0021753538983214,-1.8864842560035051,0.3588821183662018,-0.0019843095974738842,0.25,0.3588821183662018,0.1111111111111111,-0.2930182359400527,-0.1081433734298578,-0.46714675374026715,0.1111111111111111,0.2222222222222222,4.99744792795917,-0.0171575027803679,-0.04900181488203267,1,0
0.08333333333333333,0.3333333333333333,-0.10064679182374836,0.1111111111111111,0.1111111111111111,-0.5135592262370264,-4.755088530712135,0.3588821183662018,0.20374437003793888,0.25,0.3588821183662018,0.1111111111111111,0.26663088282169384,0.0020755279147641,0.05055590530858465,0.1111111111111111,0.2222222222222222,3.8897598926977963,-0.0172525944412748,-0.2395644283121597,1,0
0.2777777777777778,0.3333333333333333,0.08458851830693817,0.3333333333333333,0.3333333333333333,-1.3723900433022265,-4.755088530712135,2.2856360685313915,0.12475366753727371,0.25,2.2856360685313906,0.0,-2.814764228080276,2.2627519830329987,-0.7000928004107029,0.3333333333333333,0.3333333333333333,6.530519704497561,-0.016827091474018,-0.3393829401088929,0,1
0.027777777777777776,0.0,1.9449563886263301,0.0,0.0,0.8111528623165425,0.4292077912944452,-0.1916190102524236,1.4483953071243143,0.125,-0.1916190102524235,0.0,0.7367575351999681,-0.2539279496957324,0.777077077632291,0.0,0.2222222222222222,10.259643140271661,-0.0125536511215729,0.778584392014519,1,0
0.05555555555555555,0.0,0.9378365040286097,0.3333333333333333,0.1111111111111111,0.0869332819236188,0.060289628695866966,0.083631554056889,-4.321258080645877,0.25,0.0836315540568891,0.0,-2.814764228080276,-0.1753251978386217,-0.8027957222326759,0.1111111111111111,0.0,9.206890820802633,-0.0148671004254737,0.0,1,0
0.3333333333333333,0.3333333333333333,-0.09035653552153655,0.3333333333333333,0.3333333333333333,-0.5135592262370264,0.2808312196366998,2.8361371971500167,-4.321258080645877,0.25,2.836137197150016,0.3333333333333333,0.279245976012492,0.8617895715368965,0.10253783853015644,0.3333333333333333,0.3333333333333333,4.484595243000963,-0.017228956752611,-0.2395644283121597,0,1
0.08333333333333333,0.3333333333333333,-0.09718529098377889,0.1111111111111111,0.1111111111111111,-0.2847917733012345,-3.545575983551284,0.3588821183662018,0.006751215847764881,0.25,0.3588821183662018,0.1111111111111111,0.11065092629307056,-0.0552381685230802,-0.23802063802144457,0.1111111111111111,0.2222222222222222,4.463295497678236,-0.0172446430475717,-0.17422867513611615,1,0
0.0,0.0,1.2816125656979684,0.0,0.0,0.0021753538983214,-4.755088530712135,-0.4668695745617363,-0.7027226219992869,0.0,-0.4668695745617363,0.0,-0.4705112265069743,-0.2844958199592799,-1.3306047457948946,0.1111111111111111,0.0,9.758948995413713,-0.0140774144082182,-0.04900181488203267,1,0
0.0,0.1111111111111111,0.13747375727509287,0.1111111111111111,0.1111111111111111,-0.5135592262370264,-0.20902154212594073,-0.4668695745617363,-0.283603671523123,0.0,-0.4668695745617363,0.1111111111111111,-0.040234962112284466,-0.2844958199592799,-0.4149136675744974,0.1111111111111111,0.1111111111111111,6.796889466653027,-0.0167056090952579,-0.2395644283121597,1,0
0.0,0.1111111111111111,-0.060695267513014774,0.1111111111111111,0.1111111111111111,-0.7891132362483021,0.5390376728716304,-0.4668695745617363,0.2283146734498298,0.0,-0.4668695745617363,0.1111111111111111,0.19648970813407893,-0.2844958199592799,0.17172759496761605,0.1111111111111111,0.1111111111111111,4.9287608201327435,-0.0171608220241873,-0.29038112522686027,1,0
0.027777777777777776,0.0,1.787812523537105,0.0,0.0,1.668921836399024,-4.755088530712135,-0.1916190102524236,-1.3078107217242778,0.125,-0.1916190102524235,0.0,-2.814764228080276,-0.2675136396224425,0.6983057270968777,0.0,0.2222222222222222,10.522842584533239,-0.0129146253917296,3.319419237749546,1,0
0.16666666666666666,0.3333333333333333,-0.07190417545944684,0.3333333333333333,0.1111111111111111,-1.666848273078999,0.40037018956560505,1.18463381129414,-4.321258080645877,0.25,1.18463381129414,0.1111111111111111,-0.5216523618819418,2.0079889959270663,-0.6600225214204046,0.1111111111111111,0.3333333333333333,6.8024688425365625,-0.0171865699422681,-0.3484573502722323,0,1
0.0,0.1111111111111111,-0.10169757395654465,0.1111111111111111,0.1111111111111111,0.5191192900072952,0.47947282467989183,-0.4668695745617363,0.5185005985703939,0.0,-0.4668695745617363,0.1111111111111111,0.279245976012492,-0.2844958199592799,0.26598722540263064,0.1111111111111111,0.1111111111111111,-0.3482562949014575,-0.0172550081868784,0.3702359346642468,1,0
0.05555555555555555,0.1111111111111111,-0.09414669111237746,0.1111111111111111,0.1111111111111111,-0.2847917733012345,0.5390376728716304,0.083631554056889,0.24694041997229824,0.25,0.0836315540568891,0.1111111111111111,0.024821756018813496,-0.1316573856684801,0.04628596325367802,0.1111111111111111,0.3333333333333333,0.41360778650326635,-0.0172376630972551,-0.17422867513611615,0,1
0.0,0.1111111111111111,0.08164669685506282,0.1111111111111111,0.1111111111111111,-0.3945035917891138,-0.20902154212594073,-0.4668695745617363,-0.1653565554017613,0.0,-0.4668695745617363,0.1111111111111111,-0.08581315579848388,-0.2844958199592799,-0.34767296623746236,0.1111111111111111,0.1111111111111111,8.424395423724704,-0.0168338491151828,-0.20871143375680581,1,0
0.3333333333333333,0.3333333333333333,0.023165306043544547,0.3333333333333333,0.3333333333333333,-1.666848273078999,0.2593759471248869,2.8361371971500167,-0.12870809558806698,0.25,2.836137197150016,0.3333333333333333,-0.24121687466756697,4.300473811813412,-0.21712678200650634,0.3333333333333333,0.3333333333333333,7.564415883338676,-0.0169681863822085,-0.3484573502722323,0,1
0.027777777777777776,0.0,1.7601007171825391,0.0,0.0,-1.3723900433022265,-4.755088530712135,-0.1916190102524236,-4.321258080645877,0.125,-0.1916190102524235,0.0,-2.814764228080276,-0.029771039660052,-0.44546605850412324,0.0,0.2222222222222222,10.027829021193002,-0.012978282022982,-0.3393829401088929,1,0
0.027777777777777776,0.0,1.7866754323588867,0.0,0.0,0.5191192900072952,-0.6536764143623797,-0.1916190102524236,-4.321258080645877,0.125,-0.1916190102524235,0.0,-2.814764228080276,-0.2462860203394923,-1.8852033078856572,0.0,0.2222222222222222,9.879839464041329,-0.0129172373973457,0.3702359346642468,1,0
0.0,0.0,2.0933942275228086,0.0,0.0,-0.1828566844305228,-1.0294429467960269,-0.4668695745617363,-1.0783601797073346,0.0,-0.4668695745617363,0.1111111111111111,0.3269258323572767,-0.2844958199592799,-0.20071712469831768,0.0,0.0,9.68932255748302,-0.0122126754141925,-0.13611615245009073,1,0
0.0,0.1111111111111111,-0.08795126311142912,0.1111111111111111,0.1111111111111111,-0.7891132362483021,0.10832488669182568,-0.4668695745617363,0.2283146734498298,0.0,-0.4668695745617363,0.1111111111111111,0.0066092462506179735,-0.2844958199592799,-0.038099630759097246,0.1111111111111111,0.0,3.4715885027447926,-0.0172234316151691,-0.29038112522686027,1,0
0.0,0.0,-0.16125119006736108,0.0,0.0,1.285678693674575,-4.755088530712135,-0.4668695745617363,-4.321258080645877,0.0,-0.4668695745617363,0.0,-2.814764228080276,-0.2844958199592799,-4.959556673683751,0.0,0.0,9.931829541894084,-0.0173918084564822,1.867513611615245,1,0
0.0,0.0,17.541611826989314,0.0,0.0,1.8373853869087895,0.06350324977806551,-0.4668695745617363,-0.30934961475356243,0.0,-0.4668695745617363,0.0,-2.814764228080276,-0.2844958199592799,0.5247249394918436,0.0,0.0,9.73585303569981,0.0232733365279396,4.181488203266787,1,0
0.05555555555555555,0.1111111111111111,-0.021381910738902145,0.1111111111111111,0.1111111111111111,0.1673597344439074,-0.16893244176358863,0.083631554056889,-0.08829948618548066,0.25,0.0836315540568891,0.1111111111111111,0.0,-0.1826031907933792,-0.06009277015367625,0.1111111111111111,0.3333333333333333,3.7055767111551363,-0.0170705155380837,0.05263157894736842,0,1
0.08333333333333333,0.3333333333333333,-0.06084148668511197,0.1111111111111111,0.1111111111111111,-1.666848273078999,-4.755088530712135,0.3588821183662018,-0.28640739752115674,0.25,0.3588821183662018,0.1111111111111111,-0.43398925263429766,0.861746587983893,-0.795692968071082,0.1111111111111111,0.2222222222222222,7.487678549099455,-0.0171611579034079,-0.3484573502722323,1,0
0.19444444444444442,0.3333333333333333,-0.08316914017281232,0.1111111111111111,0.3333333333333333,-0.2847917733012345,-4.755088530712135,1.4598843756034523,-0.04626064332748284,0.25,1.4598843756034523,0.3333333333333333,0.0,0.2504387000585193,-0.35945577837950216,0.1111111111111111,0.2222222222222222,6.057000815009775,-0.0172124466280263,-0.17422867513611615,1,0
0.0,0.1111111111111111,0.05090105467772802,0.1111111111111111,0.1111111111111111,-2.102083711231995,-0.37404770890140326,-0.4668695745617363,-0.3083749650301767,0.0,-0.4668695745617363,0.1111111111111111,-0.8941860934615711,-0.2844958199592799,-0.7359477054411597,0.1111111111111111,0.1111111111111111,7.5139130836647565,-0.016904474753283,-0.35390199637023595,1,0
0.3611111111111111,0.4444444444444444,-0.0601321130997673,0.4444444444444444,0.3333333333333333,-0.2847917733012345,0.40037018956560505,3.111387761459329,-4.321258080645877,0.375,3.1113877614593286,0.3333333333333333,0.6257525874155673,0.7089540029309186,0.49146469061194326,0.3333333333333333,0.2222222222222222,3.6111272855619094,-0.0171595284054183,-0.17422867513611615,1,0
0.08333333333333333,0.3333333333333333,-0.10361697261378412,0.1111111111111111,0.0,-1.666848273078999,-4.755088530712135,0.3588821183662018,-0.39556095327027846,0.25,0.3588821183662018,0.0,-2.814764228080276,0.861746587983893,-1.6882064814575903,0.1111111111111111,0.2222222222222222,5.815928713279555,-0.0172594172265125,-0.3484573502722323,1,0
0.0,0.0,1.7824313023865286,0.0,0.0,0.7564222381735122,0.0017725292232603467,-0.4668695745617363,0.9095134808421002,0.0,-0.4668695745617363,0.0,0.33709681825659443,-0.2844958199592799,0.4229389557650239,0.0,0.0,8.078811820659862,-0.0129269865639349,0.6896551724137931,1,0
0.0,0.1111111111111111,-0.08062229464842527,0.1111111111111111,0.1111111111111111,-0.3945035917891138,0.22160843477979358,-0.4668695745617363,0.2283146734498298,0.0,-0.4668695745617363,0.1111111111111111,0.16441350685740708,-0.2844958199592799,0.04959556493989342,0.1111111111111111,0.1111111111111111,5.023676671954151,-0.0172065962837966,-0.20871143375680581,1,0
0.3333333333333333,0.4444444444444444,-0.1261271562746412,0.3333333333333333,0.3333333333333333,-0.2847917733012345,-4.755088530712135,2.8361371971500167,0.07739427150690893,0.375,2.836137197150016,0.3333333333333333,-2.814764228080276,0.6325347857855188,-0.7028014086082582,0.3333333333333333,0.2222222222222222,4.361263126611911,-0.0173111252401435,-0.17422867513611615,1,0
0.25,0.3333333333333333,0.05738835131179469,0.3333333333333333,0.3333333333333333,-1.666848273078999,-4.755088530712135,2.010385504222078,0.06893548917087232,0.25,2.0103855042220777,0.0,-2.814764228080276,3.154231403870239,-1.1572865005552382,0.3333333333333333,0.2222222222222222,8.19623883892742,-0.0168895728214358,-0.3484573502722323,1,0
0.3055555555555555,0.3333333333333333,-0.07132534804652184,0.3333333333333333,0.3333333333333333,-0.9531238224996238,-4.755088530712135,2.560886632840704,0.12475366753727371,0.25,2.5608866328407034,0.3333333333333333,0.253588223769946,1.3967101453479835,-0.227423796281847,0.3333333333333333,0.2222222222222222,5.879972533802666,-0.0171852403211416,-0.3103448275862069,1,0
0.3333333333333333,0.3333333333333333,-0.08761356205278985,0.3333333333333333,0.3333333333333333,0.0869332819236188,0.17873957169814658,2.8361371971500167,0.025725746709283345,0.25,2.836137197150016,0.3333333333333333,0.1473137579808319,0.3705279127646692,-0.02472296228245234,0.3333333333333333,0.3333333333333333,4.891675324561961,-0.0172226558840064,0.0,0,1
0.3055555555555555,0.3333333333333333,-0.10190751166814856,0.3333333333333333,0.3333333333333333,0.9159689132265976,0.9698125877403967,2.560886632840704,0.7855237563847912,0.25,2.5608866328407034,0.3333333333333333,0.9107599090401701,0.0268436916400418,0.6952720024183425,0.3333333333333333,0.2222222222222222,2.1889712598530546,-0.0172554904335902,0.9673321234119783,1,0
0.3333333333333333,0.3333333333333333,0.07331747154293068,0.3333333333333333,0.3333333333333333,-1.1433092459291831,-4.755088530712135,2.8361371971500167,0.9123043261078035,0.375,2.836137197150016,0.4444444444444444,0.11065092629307056,2.008046306614696,-0.05352788235284979,0.3333333333333333,0.2222222222222222,8.526118253536854,-0.0168529821308198,-0.32667876588021777,1,0
0.0,0.0,1.8519211488375344,0.0,0.0,1.0629938337787594,-1.4434592250123117,-0.4668695745617363,0.37214481852747017,0.0,-0.4668695745617363,0.0,1.277642136912662,-0.2844958199592799,0.9557609192218925,0.0,0.0,12.629745681351814,-0.0127673618366717,1.2776769509981851,1,0
0.16666666666666666,0.1111111111111111,-0.07065524644593821,0.1111111111111111,0.3333333333333333,-0.2847917733012345,-0.22030406723847615,1.18463381129414,0.2845165578615971,0.25,1.18463381129414,0.3333333333333333,0.2083089278344017,0.1740194829131194,-0.3130589114532152,0.3333333333333333,0.1111111111111111,6.297812709088965,-0.0171837010346027,-0.17422867513611615,1,0
0.0,0.1111111111111111,-0.09491735736502349,0.1111111111111111,0.1111111111111111,0.8643003776574393,0.9332054033298015,-0.4668695745617363,0.6872264762950898,0.0,-0.4668695745617363,0.1111111111111111,0.4180736184501316,-0.2844958199592799,0.6112672455164753,0.1111111111111111,0.1111111111111111,-1.0527518678301238,-0.0172394333902788,0.8711433756805808,1,0
0.1111111111111111,0.0,0.607289572832599,0.3333333333333333,0.0,-1.666848273078999,-0.615098193054528,0.6341326826755145,-4.321258080645877,0.25,0.6341326826755145,0.0,-2.814764228080276,1.2438273906316173,-1.8458224738131266,0.3333333333333333,0.0,9.71210776357249,-0.0156263978830821,-0.3484573502722323,1,0
0.0,0.1111111111111111,-0.10273586885750913,0.1111111111111111,0.1111111111111111,0.0869332819236188,0.5690028708921326,-0.4668695745617363,0.267277961621927,0.0,-0.4668695745617363,0.1111111111111111,0.2618564627350407,-0.2844958199592799,0.24700799113628796,0.1111111111111111,0.1111111111111111,1.9664348888430108,-0.0172573932481333,0.0,1,0
0.0,0.1111111111111111,-0.09864798192379416,0.1111111111111111,0.1111111111111111,0.3170934418812415,0.7367631246087435,-0.4668695745617363,0.74953773574522,0.0,-0.4668695745617363,0.1111111111111111,0.40594437048331755,-0.2844958199592799,0.55363017166569,0.1111111111111111,0.1111111111111111,0.8224068235882253,-0.0172480029865311,0.16878402903811252,1,0
0.0,0.0,1.9604574994055426,0.0,0.0,1.0629938337787594,-0.6087637026320231,-0.4668695745617363,0.9546615093597276,0.0,-0.4668695745617363,0.0,0.7494730847677677,-0.2844958199592799,0.4086911161532937,0.0,0.0,10.30752000759975,-0.0125180436090113,1.2776769509981851,1,0
0.05555555555555555,0.1111111111111111,-0.04035627089270178,0.1111111111111111,0.1111111111111111,-1.666848273078999,-0.28607382165742257,0.083631554056889,-0.22982797188762447,0.25,0.0836315540568891,0.1111111111111111,-0.23080203890880788,0.4796657853361687,-0.4025813998547999,0.1111111111111111,0.3333333333333333,6.783679925141701,-0.0171141014318399,-0.3484573502722323,0,1
0.19444444444444442,0.4444444444444444,1.012799054178484,0.3333333333333333,0.3333333333333333,0.2439439807007004,-4.755088530712135,1.4598843756034523,-4.321258080645877,0.375,1.4598843756034523,0.0,-2.814764228080276,0.04983950879679,-0.876041510961939,0.0,0.0,9.803551254604233,-0.0146949043819688,0.1088929219600726,1,0
0.0,0.1111111111111111,-0.028633868273008487,0.1111111111111111,0.1111111111111111,-0.3945035917891138,0.22160843477979358,-0.4668695745617363,0.2283146734498298,0.0,-0.4668695745617363,0.1111111111111111,-0.1559158946214444,-0.2844958199592799,-0.16331128040379309,0.1111111111111111,0.0,6.237720403795975,-0.0170871739680937,-0.20871143375680581,1,0
0.3333333333333333,0.3333333333333333,-0.07386656420330713,0.3333333333333333,0.3333333333333333,-1.3723900433022265,-0.20902154212594073,2.8361371971500167,-4.321258080645877,0.25,2.836137197150016,0.3333333333333333,-0.036834185627342315,2.7722015436314544,-0.38650026445238544,0.3333333333333333,0.3333333333333333,6.399814942863703,-0.0171910777341833,-0.3393829401088929,0,1
0.0,0.0,2.4084174265094673,0.0,0.0,0.7564222381735122,-0.6127151876063274,-0.4668695745617363,-4.321258080645877,0.0,-0.4668695745617363,0.0,0.36290777827262977,-0.2844958199592799,0.8146742834102548,0.0,0.1111111111111111,9.373192340250636,-0.0114890374327029,0.6896551724137931,1,0
0.19444444444444442,0.3333333333333333,-0.09764746566888508,0.3333333333333333,0.1111111111111111,-0.9531238224996238,-0.4608380511121482,1.4598843756034523,-0.39556095327027846,0.375,1.4598843756034523,0.1111111111111111,-0.1559158946214444,0.7853625215998877,-0.5470119890825117,0.1111111111111111,0.4444444444444444,5.3674492482834175,-0.017245704706387,-0.3103448275862069,0,1
0.2222222222222222,0.3333333333333333,-0.09168737899297066,0.3333333333333333,0.1111111111111111,-0.9531238224996238,0.40037018956560505,1.7351349399127654,-0.1653565554017613,0.25,1.7351349399127651,0.1111111111111111,-0.06250049679426582,0.9381994275369115,-0.21884206618315458,0.3333333333333333,0.3333333333333333,4.501141805401176,-0.0172320138255073,-0.3103448275862069,0,1
0.0,0.1111111111111111,-0.09424597782589966,0.1111111111111111,0.1111111111111111,0.0869332819236188,0.5982679880337806,-0.4668695745617363,0.5185005985703939,0.0,-0.4668695745617363,0.1111111111111111,0.32703546119567983,-0.2844958199592799,0.3513466761566703,0.1111111111111111,0.0,1.430317857881968,-0.0172378911681947,0.0,1,0
0.0,0.1111111111111111,-0.11148517390988409,0.1111111111111111,0.1111111111111111,-0.5135592262370264,-0.3982748019753403,-0.4668695745617363,-0.3624834886653531,0.0,-0.4668695745617363,0.1111111111111111,-0.8915769171312117,-0.2844958199592799,-1.0691049351310837,0.1111111111111111,0.1111111111111111,2.539948453710955,-0.0172774912265295,-0.2395644283121597,1,0
0.0,0.0,1.3289246812255704,0.0,0.0,1.285678693674575,2.0875472357372917,-0.4668695745617363,0.7214660057350253,0.0,-0.4668695745617363,0.0,1.0353521131473575,-0.2844958199592799,1.277295685317352,0.0,0.0,3.775498339394589,-0.0139687340193119,1.867513611615245,1,0
0.027777777777777776,0.0,-0.16125119006736108,0.0,0.0,1.3273719327921307,-4.755088530712135,-0.1916190102524236,-4.321258080645877,0.125,-0.1916190102524235,0.0,-2.814764228080276,-0.2632681063313813,-4.959556673683751,0.0,0.2222222222222222,9.931829541894084,-0.0173918084564822,1.9963702359346642,1,0
0.2222222222222222,0.1111111111111111,-0.033108425148613375,0.3333333333333333,0.3333333333333333,-0.9531238224996238,0.3173937429971883,1.7351349399127654,-4.321258080645877,0.25,1.7351349399127651,0.3333333333333333,0.11065092629307056,0.9381994275369115,-0.227423796281847,0.3333333333333333,0.1111111111111111,6.741026487554774,-0.0170974524469991,-0.3103448275862069,1,0
0.0,0.0,0.7701043841194021,0.0,0.1111111111111111,1.0629938337787594,0.9489569364362115,-0.4668695745617363,0.15029847100966268,0.0,-0.4668695745617363,0.1111111111111111,-2.814764228080276,-0.2844958199592799,0.3207435113813527,0.0,0.1111111111111111,7.397618210205584,-0.0152523969149782,1.2776769509981851,1,0
0.0,0.1111111111111111,0.3508948433278132,0.1111111111111111,0.0,-0.9531238224996238,-0.4270029506746744,-0.4668695745617363,-0.39556095327027846,0.0,-0.4668695745617363,0.0,-0.03290422552211565,-0.2844958199592799,-0.6716784522288508,0.1111111111111111,0.1111111111111111,7.840926753380695,-0.0162153607439769,-0.3103448275862069,1,0
0.25,0.3333333333333333,-0.09966588903436384,0.3333333333333333,0.3333333333333333,0.5191192900072952,-4.755088530712135,2.010385504222078,1.1034785654277435,0.25,2.0103855042220777,0.1111111111111111,-2.814764228080276,0.0593923766188081,0.5968328856320946,0.3333333333333333,0.2222222222222222,3.178511214982013,-0.0172503412151098,0.3702359346642468,1,0
0.0,0.1111111111111111,0.5401028771869556,0.1111111111111111,0.1111111111111111,-0.9531238224996238,-0.13237025108220357,-0.4668695745617363,-0.33224075732721814,0.0,-0.4668695745617363,0.1111111111111111,-0.6196519377212747,-0.2844958199592799,0.7352878298046513,0.1111111111111111,0.1111111111111111,2.6795805069926804,-0.0157807320558553,-0.3103448275862069,1,0
0.0,0.1111111111111111,0.12254646937372166,0.1111111111111111,0.1111111111111111,-0.9531238224996238,0.40037018956560505,-0.4668695745617363,0.2343415979606729,0.0,-0.4668695745617363,0.1111111111111111,0.0,-0.2844958199592799,0.5789347204304944,0.1111111111111111,0.1111111111111111,2.5505405929614047,-0.0167398984825818,-0.3103448275862069,1,0
0.05555555555555555,0.0,1.7030855512317002,0.0,0.0,-0.7891132362483021,-0.8174310762549218,0.083631554056889,0.7858077602139786,0.25,0.0836315540568891,0.0,-2.814764228080276,-0.0297667943178028,-0.2571171906881249,0.0,0.3333333333333333,9.618951449106898,-0.0131092512332994,-0.29038112522686027,0,1
0.0,0.1111111111111111,-0.07456340945785304,0.1111111111111111,0.1111111111111111,-0.2847917733012345,0.22881568043253547,-0.4668695745617363,0.24694041997229824,0.0,-0.4668695745617363,0.1111111111111111,0.32593776497342714,-0.2844958199592799,0.31997779568438117,0.1111111111111111,0.1111111111111111,4.327379729533972,-0.0171926784534162,-0.17422867513611615,1,0
0.0,0.1111111111111111,0.09557596176528813,0.1111111111111111,0.1111111111111111,-0.7891132362483021,0.028901835413208687,-0.4668695745617363,0.12475366753727371,0.0,-0.4668695745617363,0.1111111111111111,-0.16329099541092987,-0.2844958199592799,0.6442522405602897,0.1111111111111111,0.1111111111111111,2.6784922625472682,-0.0168018522807411,-0.29038112522686027,1,0
0.4444444444444444,0.5555555555555556,-0.0982800218979207,0.4444444444444444,0.3333333333333333,-1.666848273078999,-4.755088530712135,3.937139454387268,-0.12870809558806698,0.5,3.937139454387266,0.4444444444444444,0.0,5.828797022404309,-0.9681782667754673,0.4444444444444444,0.2222222222222222,7.129604642095377,-0.0172471577476685,-0.3484573502722323,1,0
0.027777777777777776,0.0,-0.16125119006736108,0.0,0.0,0.6999923241170234,-4.755088530712135,-0.1916190102524236,-4.321258080645877,0.125,-0.1916190102524235,0.0,-2.814764228080276,-0.2512698855774418,-4.959556673683751,0.0,0.2222222222222222,9.931829541894084,-0.0173918084564822,0.604355716878403,1,0
0.08333333333333333,0.1111111111111111,0.0035978686208112073,0.1111111111111111,0.1111111111111111,-1.666848273078999,-0.38769706047626173,0.3588821183662018,-0.3186931332312401,0.375,0.3588821183662018,0.4444444444444444,-0.21749038511704522,0.861746587983893,-0.7411146547012423,0.1111111111111111,0.1111111111111111,8.628457884087696,-0.0170131346303535,-0.3484573502722323,1,0
0.0,0.0,1.7866713489668802,0.0,0.0,0.3170934418812415,-1.1562432923224801,-0.4668695745617363,-0.7601053149177806,0.0,-0.4668695745617363,0.0,-0.33046792715064255,-0.2844958199592799,-0.9285152107260175,0.0,0.0,9.79861058866829,-0.0129172467772821,0.16878402903811252,1,0
0.0,0.0,-0.16125119006736108,0.0,0.0,1.0629938337787594,-4.755088530712135,-0.4668695745617363,-4.321258080645877,0.0,-0.4668695745617363,0.0,-2.814764228080276,-0.2844958199592799,-4.959556673683751,0.0,0.0,9.931829541894084,-0.0173918084564822,1.2776769509981851,1,0
0.1388888888888889,0.3333333333333333,-0.10674687475427418,0.3333333333333333,0.1111111111111111,0.5191192900072952,0.7910197673160982,0.9093832469848272,-4.321258080645877,0.25,0.9093832469848272,0.1111111111111111,0.46317186353556355,-0.093446821860342,0.46997804338475757,0.1111111111111111,0.2222222222222222,0.644291549962084,-0.0172666069067471,0.3702359346642468,1,0
0.0,0.0,1.5272293273728852,0.0,0.0,1.8373853869087895,2.275263052681938,-0.4668695745617363,1.2533299369474062,0.0,-0.4668695745617363,0.0,1.025714672880587,-0.2844958199592799,1.6734918974641009,0.0,0.0,2.2612543019085196,-0.013513209555337,4.181488203266787,1,0
0.0,0.0,1.307169411719725,0.0,0.0,-0.9531238224996238,-0.4979384206707371,-0.4668695745617363,-0.4294771896176032,0.0,-0.4668695745617363,0.0,-0.5176949796124348,-0.2844958199592799,-0.977708021050542,0.0,0.0,9.551907795936904,-0.0140187079239723,-0.3103448275862069,1,0
0.3055555555555555,0.3333333333333333,-0.08346878072182617,0.3333333333333333,0.3333333333333333,-0.9531238224996238,-0.09576559222442006,2.560886632840704,-0.031115273139600514,0.25,2.5608866328407034,0.3333333333333333,0.21157796091140746,1.3967101453479835,-0.36343218803458616,0.3333333333333333,0.2222222222222222,5.932329986229641,-0.0172131349306109,-0.3103448275862069,1,0
0.0,0.0,2.7981227006441496,0.0,0.0,0.3871513198050401,-1.1562432923224801,-0.4668695745617363,-0.7389400879080306,0.0,-0.4668695745617363,0.0,-0.3884842793573488,-0.2844958199592799,-0.6125818015076013,0.0,0.0,9.85231706723084,-0.0105938476852247,0.2323049001814882,1,0
0.2222222222222222,0.3333333333333333,-0.09201085611071429,0.3333333333333333,0.1111111111111111,0.0021753538983214,0.5982679880337806,1.7351349399127654,-4.321258080645877,0.25,1.7351349399127651,0.3333333333333333,0.6440248573130932,0.1857773707858456,0.3352272401706071,0.1111111111111111,0.3333333333333333,3.6866759767713337,-0.017232756882937,-0.04900181488203267,0,1
0.2222222222222222,0.3333333333333333,0.06919667261767161,0.3333333333333333,0.3333333333333333,-0.6440902286753902,-0.4016528890568359,1.7351349399127654,-4.321258080645877,0.25,1.7351349399127651,0.1111111111111111,-2.814764228080276,0.5888629187738392,-0.9431758893642931,0.3333333333333333,0.0,8.942686443788546,-0.0168624479943689,-0.26678765880217786,1,0
0.0,0.1111111111111111,-0.05716413686810217,0.1111111111111111,0.1111111111111111,0.0869332819236188,0.6546164590754115,-0.4668695745617363,0.23227704502268062,0.0,-0.4668695745617363,0.1111111111111111,0.4716957294449974,-0.2844958199592799,0.4170663974846906,0.1111111111111111,0.1111111111111111,1.6767698687410932,-0.0171527106842591,0.0,1,0
0.1111111111111111,0.1111111111111111,-0.0836735146831041,0.1111111111111111,0.1111111111111111,-0.1828566844305228,0.5390376728716304,0.6341326826755145,0.2283146734498298,0.25,0.6341326826755145,0.3333333333333333,0.46317186353556355,-0.0066075049891565,0.1549429516705041,0.1111111111111111,0.3333333333333333,0.20521239752735496,-0.0172136052238177,-0.13611615245009073,0,1
0.0,0.0,1.666225030541152,0.0,0.0,1.0152348983243975,0.7238809297662347,-0.4668695745617363,-4.321258080645877,0.0,-0.4668695745617363,0.0,-2.814764228080276,-0.2844958199592799,-0.08467242917245217,0.0,0.0,9.297680908208546,-0.0131939233237199,1.1705989110707804,1,0
0.0,0.1111111111111111,-0.07840006386161516,0.1111111111111111,0.1111111111111111,0.1673597344439074,0.6533768379371412,-0.4668695745617363,0.5192953922949266,0.0,-0.4668695745617363,0.1111111111111111,0.7337596094023352,-0.2844958199592799,0.5816652532436228,0.1111111111111111,0.1111111111111111,3.0064432849489005,-0.0172014916102165,0.05263157894736842,1,0
0.0,0.1111111111111111,-0.03385916474367428,0.1111111111111111,0.1111111111111111,-0.9531238224996238,-0.16893244176358863,-0.4668695745617363,-0.24661117247792613,0.0,-0.4668695745617363,0.1111111111111111,-0.2930182359400527,-0.2844958199592799,-0.6012524710768189,0.1111111111111111,0.1111111111111111,7.6453074553857725,-0.0170991769666121,-0.3103448275862069,1,0
0.0,0.0,0.6073389310764915,0.0,0.0,1.0629938337787594,0.7039951087279734,-0.4668695745617363,-0.17413086532171282,0.0,-0.4668695745617363,0.0,-2.814764228080276,-0.2844958199592799,-0.26438551773911095,0.0,0.0,6.352559541869769,-0.0156262845025435,1.2776769509981851,1,0
0.4444444444444444,0.3333333333333333,0.47919944568260564,0.3333333333333333,0.4444444444444444,-0.2847917733012345,-4.755088530712135,3.937139454387268,-4.321258080645877,0.375,3.937139454387266,0.4444444444444444,-2.814764228080276,0.9382116543671184,-1.4305114585347385,0.4444444444444444,0.4444444444444444,9.681414034521936,-0.0159206329786488,-0.17422867513611615,0,1
0.0,0.0,1.1316511641168618,0.0,0.0,0.6999923241170234,0.8218943406641512,-0.4668695745617363,-1.4268840335678892,0.0,-0.4668695745617363,0.0,-2.814764228080276,-0.2844958199592799,-0.3599316424440409,0.0,0.0,7.443235334516726,-0.014421889882693,0.604355716878403,1,0
0.027777777777777776,0.0,-0.2253568736741371,0.0,0.0,0.5191192900072952,-4.755088530712135,-0.1916190102524236,-4.321258080645877,0.125,-0.1916190102524235,0.0,-2.814764228080276,-0.2462860203394923,-2.2325484951713803,0.0,0.2222222222222222,10.796092396158071,-0.0175390652541924,0.3702359346642468,1,0
0.0,0.0,0.9191106842854011,0.0,0.0,1.155113830650042,0.5390376728716304,-0.4668695745617363,0.5076027250779127,0.0,-0.4668695745617363,0.0,-2.814764228080276,-0.2844958199592799,0.7729840656101136,0.0,0.0,3.213943657091154,-0.0149101153984798,1.5027223230490019,1,0
0.0,0.1111111111111111,0.0017154355733604327,0.1111111111111111,0.1111111111111111,-0.9531238224996238,-0.18267144586650955,-0.4668695745617363,0.7288112355987177,0.0,-0.4668695745617363,0.1111111111111111,-0.1559158946214444,-0.2844958199592799,-0.10889575458733036,0.1111111111111111,0.1111111111111111,4.347377001093948,-0.0170174587564977,-0.3103448275862069,1,0
0.3333333333333333,0.3333333333333333,-0.08948683703886708,0.3333333333333333,0.3333333333333333,0.0021753538983214,0.4453114508986312,2.8361371971500167,0.315879223095951,0.25,2.836137197150016,0.3333333333333333,0.2627642859840613,0.4209139661584085,0.13038330356138828,0.3333333333333333,0.3333333333333333,4.4447826947073565,-0.0172269589732203,-0.04900181488203267,0,1
0.3333333333333333,0.3333333333333333,-0.09476694772991069,0.3333333333333333,0.3333333333333333,1.486110633212629,-4.755088530712135,2.8361371971500167,0.45864520240061574,0.25,2.836137197150016,0.3333333333333333,0.4474646423331391,-0.055236449094993,-0.16599951635743534,0.3333333333333333,0.3333333333333333,5.189059500587627,-0.0172390878851697,2.5480943738656987,0,1
0.25,0.3333333333333333,-0.09657716148456398,0.3333333333333333,0.1111111111111111,0.3871513198050401,0.6529630808953615,2.010385504222078,-3.3031433514393806,0.375,2.0103855042220777,0.3333333333333333,0.7301233057285806,0.0976019639631105,0.38998725329867057,0.1111111111111111,0.4444444444444444,3.28140480329183,-0.017243246116791,0.2323049001814882,0,1
0.1111111111111111,0.3333333333333333,-0.16125119006736108,0.0,0.0,1.668921836399024,-4.755088530712135,0.6341326826755145,-4.321258080645877,0.25,0.6341326826755145,0.0,-2.814764228080276,-0.2165670986119306,-4.959556673683751,0.0,0.3333333333333333,9.573608410948895,-0.0173918084564822,3.319419237749546,0,1
0.08333333333333333,0.3333333333333333,-0.08827097988066046,0.1111111111111111,0.1111111111111111,-1.3723900433022265,-4.755088530712135,0.3588821183662018,-0.05212341178563805,0.25,0.3588821183662018,0.1111111111111111,-0.11927053118868146,0.4796785209384036,-0.4754587047263007,0.1111111111111111,0.2222222222222222,5.934757151967763,-0.0172241660347238,-0.3393829401088929,1,0
0.0,0.1111111111111111,0.07531047829231283,0.1111111111111111,0.1111111111111111,-2.102083711231995,-0.4170856775217376,-0.4668695745617363,-0.27481538699024083,0.0,-0.4668695745617363,0.1111111111111111,-0.6183712309333453,-0.2844958199592799,-0.870194131447729,0.1111111111111111,0.1111111111111111,9.202692598355547,-0.0168484040064599,-0.35390199637023595,1,0
0.2222222222222222,0.1111111111111111,-0.0431820929334865,0.3333333333333333,0.3333333333333333,-0.5135592262370264,0.3348988845219174,1.7351349399127654,-0.29205669657563127,0.25,1.7351349399127651,0.3333333333333333,0.4002774039594167,0.479694441038171,-0.11828285327853008,0.3333333333333333,0.1111111111111111,6.287351317100684,-0.0171205926114235,-0.2395644283121597,1,0
0.027777777777777776,0.0,2.5154233342832373,0.0,0.0,-0.0875094222424097,-4.755088530712135,-0.1916190102524236,-4.321258080645877,0.125,-0.1916190102524235,0.0,-0.2930182359400527,-0.2208130328678629,-1.0251362974131648,0.0,0.2222222222222222,10.124046065308912,-0.0112432347763971,-0.09437386569872959,1,0
0.05555555555555555,0.1111111111111111,-0.07646225884901334,0.1111111111111111,0.1111111111111111,-0.6440902286753902,-0.20736733890590472,0.083631554056889,0.2283146734498298,0.25,0.0836315540568891,0.1111111111111111,-0.08581315579848388,-0.0661561352760001,-0.3473617143522859,0.3333333333333333,0.1111111111111111,6.149292239493532,-0.0171970402894492,-0.26678765880217786,1,0
0.05555555555555555,0.1111111111111111,0.2528731674545344,0.1111111111111111,0.1111111111111111,0.5191192900072952,0.6728198708365175,0.083631554056889,0.5185005985703939,0.25,0.0836315540568891,0.1111111111111111,0.46317186353556355,-0.2080762207197047,0.39657424793411206,0.3333333333333333,0.0,8.519676486381327,-0.0164405257727726,0.3702359346642468,1,0
0.05555555555555555,0.1111111111111111,-0.08628735128297103,0.1111111111111111,0.1111111111111111,0.2439439807007004,0.6213367963458261,0.083631554056889,0.7430698044836175,0.25,0.0836315540568891,0.3333333333333333,0.5339666389981785,-0.1889714403146885,0.5294141462500871,0.1111111111111111,0.1111111111111111,1.722498721019897,-0.0172196094528623,0.1088929219600726,1,0
0.0,0.1111111111111111,-0.09670317317760695,0.1111111111111111,0.1111111111111111,1.5239621819167464,1.2267678143048992,-0.4668695745617363,1.1893456170118306,0.0,-0.4668695745617363,0.1111111111111111,0.7420136197116647,-0.2844958199592799,1.0527575293691116,0.1111111111111111,0.1111111111111111,-0.4121165662761096,-0.0172435355775275,2.695099818511797,1,0
0.0,0.0,1.7230299274426588,0.0,0.0,1.3273719327921307,-1.1430780030224017,-0.4668695745617363,0.5233654342442879,0.0,-0.4668695745617363,0.0,-2.814764228080276,-0.2844958199592799,-0.5207608068698375,0.0,0.0,9.684951891615377,-0.0130634371212283,1.9963702359346642,1,0
0.0,0.0,1.1196500814325723,0.0,0.0,-2.102083711231995,-4.755088530712135,-0.4668695745617363,-0.536581743503307,0.0,-0.4668695745617363,0.0,-2.814764228080276,-0.2844958199592799,-1.8458224738131266,0.0,0.0,9.76982399563501,-0.0144494575008154,-0.35390199637023595,1,0
0.1111111111111111,0.1111111111111111,0.041579348995974166,0.1111111111111111,0.3333333333333333,-1.666848273078999,-0.20902154212594073,0.6341326826755145,0.45864520240061574,0.25,0.6341326826755145,0.3333333333333333,-2.814764228080276,1.2438273906316173,-0.24130675792622547,0.1111111111111111,0.1111111111111111,8.072856031984042,-0.0169258875898782,-0.3484573502722323,1,0
0.0,0.0,1.8543892830012842,0.0,0.0,0.0869332819236188,-4.755088530712135,-0.4668695745617363,-0.11123375885137211,0.0,-0.4668695745617363,0.0,0.15183330084301816,-0.2844958199592799,-0.7260189645445342,0.0,0.0,9.947144229010789,-0.0127616922998565,0.0,1,0
0.0,0.1111111111111111,0.19776186451450056,0.1111111111111111,0.1111111111111111,-0.6440902286753902,-0.20902154212594073,-0.4668695745617363,-0.24661117247792613,0.0,-0.4668695745617363,0.1111111111111111,-0.5276657972684107,-0.2844958199592799,-0.5819814534220303,0.1111111111111111,0.0,9.501786114587002,-0.0165671216303002,-0.26678765880217786,1,0
0.16666666666666666,0.3333333333333333,-0.10774064803706095,0.3333333333333333,0.1111111111111111,1.4475584443037126,0.5390376728716304,1.18463381129414,0.2283146734498298,0.25,1.18463381129414,0.1111111111111111,0.42671465178352086,-0.1669269193601973,0.36265668339245843,0.1111111111111111,0.3333333333333333,1.0812193028211599,-0.0172688896976486,2.4047186932849365,0,1
0.1111111111111111,0.3333333333333333,0.21326287558462478,0.3333333333333333,0.0,0.2439439807007004,-4.755088530712135,0.6341326826755145,0.25800941428871543,0.25,0.6341326826755145,0.0,0.7387330494606673,-0.0934470606700971,0.07657085536096592,0.0,0.0,11.797023241461895,-0.0165315143467797,0.1088929219600726,1,0
0.0,0.1111111111111111,-0.11170784615697356,0.1111111111111111,0.1111111111111111,0.5814972662319737,0.9318855886433182,-0.4668695745617363,0.9290985930650014,0.0,-0.4668695745617363,0.1111111111111111,0.025302220543905157,-0.2844958199592799,0.5687660869998623,0.1111111111111111,0.1111111111111111,-6.8578334899010365,-0.0172780027256697,0.44464609800362975,1,0
0.0,0.1111111111111111,-0.09287363679628591,0.1111111111111111,0.1111111111111111,-0.6440902286753902,0.10832488669182568,-0.4668695745617363,0.0896092872289737,0.0,-0.4668695745617363,0.1111111111111111,0.17432015512852814,-0.2844958199592799,0.007765173273951659,0.1111111111111111,0.1111111111111111,4.0198875201291795,-0.0172347387714957,-0.26678765880217786,1,0
0.2222222222222222,0.3333333333333333,-0.06217140686978583,0.3333333333333333,0.1111111111111111,-1.666848273078999,-4.755088530712135,1.7351349399127654,0.025725746709283345,0.25,1.7351349399127651,0.1111111111111111,-0.1559158946214444,2.7721506012225148,-0.5364653680679958,0.3333333333333333,0.3333333333333333,6.574218780378514,-0.0171642128554276,-0.3484573502722323,0,1
0.0,0.1111111111111111,-0.07711724057094853,0.1111111111111111,0.1111111111111111,-0.2847917733012345,0.3684961728641642,-0.4668695745617363,0.39173422957051773,0.0,-0.4668695745617363,0.1111111111111111,0.34928867229997485,-0.2844958199592799,0.4041022306303567,0.1111111111111111,0.1111111111111111,3.6998622529271232,-0.0171985448442017,-0.17422867513611615,1,0
0.5277777777777778,0.4444444444444444,-0.06429089676013358,0.4444444444444444,0.5555555555555556,-0.0875094222424097,0.5868648706936029,4.762891147315205,0.5622230348819413,0.5,4.762891147315205,0.5555555555555556,0.4310889733684373,0.9254771347776436,0.495136045636267,0.4444444444444444,0.3333333333333333,4.191454841451757,-0.0171690815234843,-0.09437386569872959,0,1
0.0,0.0,0.389364435781885,0.0,0.0,0.5191192900072952,0.7582920702296374,-0.4668695745617363,-0.5439042758879694,0.0,-0.4668695745617363,0.0,-2.814764228080276,-0.2844958199592799,-0.22080036236649553,0.0,0.0,7.866833216878294,-0.0161269924640478,0.3702359346642468,1,0
0.6666666666666666,0.4444444444444444,-0.031118815265152762,0.5555555555555556,0.6666666666666666,0.1673597344439074,0.8311295705151313,6.139143968861769,0.7855237563847912,0.625,6.139143968861768,0.6666666666666666,0.6440248573130932,0.9382157300315282,0.7671007317444213,0.5555555555555556,0.4444444444444444,4.340262601046406,-0.0170928821255604,0.05263157894736842,0,1
0.3055555555555555,0.3333333333333333,-0.09326574391458926,0.3333333333333333,0.3333333333333333,0.0869332819236188,0.6523419284522012,2.560886632840704,0.7096586071884762,0.25,2.5608866328407034,0.3333333333333333,0.7595082496142704,0.3159426017043402,0.4498903120886372,0.3333333333333333,0.2222222222222222,3.5654989786494853,-0.0172356394785056,0.0,1,0
0.05555555555555555,0.1111111111111111,0.0422292163404849,0.1111111111111111,0.1111111111111111,-1.3723900433022265,-0.29790452698888625,0.083631554056889,-0.0019843095974738842,0.25,0.0836315540568891,0.1111111111111111,-0.1559158946214444,0.2249537406391757,-0.31727518303655,0.3333333333333333,0.1111111111111111,7.961605271121999,-0.0169243947833327,-0.3393829401088929,1,0
0.05555555555555555,0.1111111111111111,-0.03480124279538651,0.1111111111111111,0.3333333333333333,-1.3723900433022265,-0.22794115776978013,0.083631554056889,-0.2045326901872562,0.25,0.0836315540568891,0.1111111111111111,-2.814764228080276,0.2249537406391757,-0.1686403064942662,0.1111111111111111,0.1111111111111111,6.583374133208586,-0.0171013410086952,-0.3393829401088929,1,0
0.0,0.1111111111111111,-0.08439852066322653,0.1111111111111111,0.1111111111111111,1.285678693674575,0.9794332156518208,-0.4668695745617363,0.852442618374056,0.0,-0.4668695745617363,0.1111111111111111,0.5926419006143737,-0.2844958199592799,0.8098763246837464,0.1111111111111111,0.1111111111111111,1.4998298893713484,-0.0172152706308916,1.867513611615245,1,0
0.0,0.1111111111111111,-0.14004866181997486,0.1111111111111111,0.0,-0.9531238224996238,-0.4608380511121482,-0.4668695745617363,-4.321258080645877,0.0,-0.4668695745617363,0.0,-2.814764228080276,-0.2844958199592799,-1.6882064814575903,0.0,0.1111111111111111,1.4659026825012298,-0.0173431042505927,-0.3103448275862069,1,0
0.1388888888888889,0.3333333333333333,-0.10496828962395642,0.3333333333333333,0.1111111111111111,-0.3945035917891138,0.22160843477979358,0.9093832469848272,-4.321258080645877,0.25,0.9093832469848272,0.0,-0.586486275984681,0.1400549146857315,-0.4237953735213917,0.1111111111111111,0.2222222222222222,-0.1715033857495447,-0.0172625213290571,-0.20871143375680581,1,0
0.0,0.0,0.6591412139524668,0.0,0.0,-1.666848273078999,-1.5273205522852566,-0.4668695745617363,-0.10473191595219686,0.0,-0.4668695745617363,0.0,-2.814764228080276,-0.2844958199592799,-1.297735493964941,0.0,0.0,9.0592296311886,-0.0155072897760043,-0.3484573502722323,1,0
0.0,0.0,1.003682048334629,0.1111111111111111,0.1111111111111111,0.5191192900072952,1.0130234843803445,-0.4668695745617363,0.23095932220389545,0.0,-0.4668695745617363,0.1111111111111111,0.11485909186000423,-0.2844958199592799,0.45500500941357097,0.1111111111111111,0.0,8.758352097848158,-0.0147158470037417,0.3702359346642468,1,0
0.0,0.1111111111111111,-0.08012951318313243,0.1111111111111111,0.1111111111111111,-0.9531238224996238,-0.1673814328663112,-0.4668695745617363,-0.06182077906576844,0.0,-0.4668695745617363,0.1111111111111111,-0.026533733323285395,-0.2844958199592799,-0.260231761406415,0.1111111111111111,0.1111111111111111,4.483217016092224,-0.0172054643183223,-0.3103448275862069,1,0
0.05555555555555555,0.1111111111111111,-0.05589193866290956,0.1111111111111111,0.1111111111111111,-0.9531238224996238,-0.25187562132077446,0.083631554056889,-0.2209920784516632,0.25,0.0836315540568891,0.3333333333333333,0.253588223769946,0.0211779919147679,-0.39869158412906225,0.1111111111111111,0.1111111111111111,6.852239008213079,-0.017149788325067,-0.3103448275862069,1,0
0.16666666666666666,0.3333333333333333,-0.09194432198551651,0.3333333333333333,0.1111111111111111,1.561142456786503,0.6116812003471327,1.18463381129414,-4.321258080645877,0.25,1.18463381129414,0.1111111111111111,0.08929772543261129,-0.1753246779797541,-0.019254262171498854,0.1111111111111111,0.3333333333333333,3.4071795508805405,-0.0172326040477801,2.8457350272232307,0,1
0.1111111111111111,0.3333333333333333,0.11929845356753112,0.0,0.0,0.0021753538983214,-3.1147389213552574,0.6341326826755145,-0.5979877937552974,0.25,0.6341326826755145,0.0,-2.814764228080276,-0.0493592245867171,-1.9027267350586954,0.0,0.3333333333333333,9.034821407208847,-0.0167473594810397,-0.04900181488203267,0,1
0.0,0.1111111111111111,-0.08062514913612458,0.1111111111111111,0.1111111111111111,-0.7891132362483021,-0.23179518213092765,-0.4668695745617363,-0.1653565554017613,0.0,-0.4668695745617363,0.1111111111111111,-0.1559158946214444,-0.2844958199592799,-0.46780398599086737,0.1111111111111111,0.1111111111111111,6.184779113467372,-0.0172066028408239,-0.29038112522686027,1,0
0.027777777777777776,0.0,1.7812144744050655,0.0,0.0,0.3871513198050401,-4.755088530712135,-0.1916190102524236,0.2845165578615971,0.125,-0.1916190102524235,0.0,-2.814764228080276,-0.2420405106345698,-0.9260078980918959,0.0,0.2222222222222222,9.865786307869383,-0.012929781732504,0.2323049001814882,1,0
0.0,0.0,1.7524615630620497,0.0,0.0,0.3871513198050401,-0.09163785269565443,-0.4668695745617363,0.5566195483292428,0.0,-0.4668695745617363,0.0,-0.17281359342255856,-0.2844958199592799,0.6069518814296962,0.0,0.0,9.890441463323242,-0.0129958298800472,0.2323049001814882,1,0
0.3333333333333333,0.3333333333333333,-0.08677370374509771,0.3333333333333333,0.3333333333333333,0.1673597344439074,0.7481420290032386,2.8361371971500167,0.5407822475981413,0.25,2.836137197150016,0.3333333333333333,0.4782630749718738,0.3268599550361241,0.5489631133143487,0.3333333333333333,0.3333333333333333,3.4705850026634395,-0.0172207266503104,0.05263157894736842,0,1
0.1388888888888889,0.3333333333333333,-0.07982828485291434,0.1111111111111111,0.1111111111111111,-1.666848273078999,-4.755088530712135,0.9093832469848272,-0.23579583551628702,0.25,0.9093832469848272,0.3333333333333333,-0.03402298222452677,1.6259081932793418,-0.7223701059605305,0.1111111111111111,0.2222222222222222,6.964653841676576,-0.0172047723684546,-0.3484573502722323,1,0
0.1388888888888889,0.3333333333333333,-0.0014011456687321128,0.0,0.0,0.0021753538983214,-4.755088530712135,0.9093832469848272,0.9264446433953939,0.375,0.9093832469848272,0.1111111111111111,0.4760367746951223,0.0094249242564235,0.3199230665621754,0.0,0.4444444444444444,-3.728203167453289,-0.0170246178373731,-0.04900181488203267,0,1
0.3055555555555555,0.3333333333333333,-0.07186089942168011,0.3333333333333333,0.3333333333333333,-0.9531238224996238,0.22160843477979358,2.560886632840704,-4.321258080645877,0.25,2.5608866328407034,0.3333333333333333,0.11161137609181498,1.3967101453479835,-0.005989027968435225,0.3333333333333333,0.2222222222222222,4.947208689406719,-0.0171864705331302,-0.3103448275862069,1,0
0.0,0.1111111111111111,-0.09211134909162479,0.1111111111111111,0.1111111111111111,-0.9531238224996238,-0.006542865604837434,-0.4668695745617363,-0.06182077906576844,0.0,-0.4668695745617363,0.1111111111111111,-0.1559158946214444,-0.2844958199592799,-0.33932195181355496,0.1111111111111111,0.1111111111111111,3.5986925514651764,-0.0172329877247865,-0.3103448275862069,1,0
0.5277777777777778,0.3333333333333333,-0.16125119006736108,0.3333333333333333,0.5555555555555556,-0.9531238224996238,-4.755088530712135,4.762891147315205,-4.321258080645877,0.5,4.762891147315205,0.5555555555555556,-2.814764228080276,2.619405392844175,-4.959556673683751,0.5555555555555556,0.4444444444444444,9.795344631259226,-0.0173918084564822,-0.3103448275862069,0,1
0.0,0.0,1.439875399307556,0.0,0.0,-0.2847917733012345,-4.755088530712135,-0.4668695745617363,-0.9297151947219351,0.0,-0.4668695745617363,0.0,-0.5176949796124348,-0.2844958199592799,-1.2635298068836731,0.0,0.0,9.689391260086621,-0.0137138697618987,-0.17422867513611615,1,0
0.08333333333333333,0.3333333333333333,-0.0039352587968998496,0.1111111111111111,0.1111111111111111,-1.666848273078999,-4.755088530712135,0.3588821183662018,0.2283146734498298,0.25,0.3588821183662018,0.1111111111111111,0.024821756018813496,0.861746587983893,-0.28825866216306417,0.1111111111111111,0.2222222222222222,7.324466616316184,-0.0170304389340886,-0.3484573502722323,1,0
0.0,0.1111111111111111,0.0962352449626866,0.1111111111111111,0.1111111111111111,-1.3723900433022265,0.35192450368474876,-0.4668695745617363,-0.5835814281768262,0.0,-0.4668695745617363,0.1111111111111111,0.0,-0.2844958199592799,0.3044674823153794,0.1111111111111111,0.1111111111111111,6.266775960961089,-0.0168003378450941,-0.3393829401088929,1,0
0.027777777777777776,0.0,0.0675017642037507,0.0,0.1111111111111111,-0.1828566844305228,-0.8910544777168578,-0.1916190102524236,-0.9153654258323525,0.125,-0.1916190102524235,0.1111111111111111,0.26663088282169384,-0.215023741216749,0.11972157352663715,0.0,0.2222222222222222,14.447260433091378,-0.0168663413587542,-0.13611615245009073,1,0
0.05555555555555555,0.1111111111111111,0.11641666607617314,0.1111111111111111,0.1111111111111111,-0.9531238224996238,-0.20902154212594073,0.083631554056889,-0.16233610629939307,0.25,0.0836315540568891,0.1111111111111111,0.0,0.0211779919147679,-0.3241396620502317,0.1111111111111111,0.3333333333333333,7.65792643727984,-0.0167539792185385,-0.3103448275862069,0,1
0.05555555555555555,0.1111111111111111,-0.09238705757505777,0.1111111111111111,0.1111111111111111,0.0021753538983214,-0.024437452579766532,0.083631554056889,0.5070233218978856,0.25,0.0836315540568891,0.1111111111111111,-0.1559158946214444,-0.1669275222729985,-0.3699269772027388,0.3333333333333333,0.1111111111111111,4.968493462012609,-0.0172336210531606,-0.04900181488203267,1,0
0.1111111111111111,0.0,-0.12229524788909218,0.0,0.3333333333333333,0.5191192900072952,-4.755088530712135,0.6341326826755145,-4.321258080645877,0.25,0.6341326826755145,0.3333333333333333,-0.6183712309333453,-0.1316566214801296,-0.2522724985151447,0.0,0.0,-5.67014641960482,-0.0173023229853944,0.3702359346642468,1,0
0.4444444444444444,0.5555555555555556,-0.16125119006736108,0.4444444444444444,0.3333333333333333,-1.666848273078999,-4.755088530712135,3.937139454387268,-4.321258080645877,0.625,3.937139454387266,0.0,-2.814764228080276,5.828797022404309,-4.959556673683751,0.3333333333333333,0.6666666666666666,6.332303045982936,-0.0173918084564822,-0.3484573502722323,0,1
0.05555555555555555,0.0,0.25711616169932994,0.3333333333333333,0.1111111111111111,1.5976789290256574,0.5404033443335706,0.083631554056889,-4.321258080645877,0.25,0.0836315540568891,0.1111111111111111,0.9966323483942706,-0.248951725253653,0.7672501755495584,0.1111111111111111,0.0,7.248070546375271,-0.0164307792150567,3.0,1,0
0.0,0.0,1.2978553167375733,0.0,0.1111111111111111,1.8373853869087895,0.21368762781468903,-0.4668695745617363,0.9376936451319725,0.0,-0.4668695745617363,0.1111111111111111,-1.5463547044473689,-0.2844958199592799,0.7501238355590298,0.0,0.0,8.885197619884227,-0.0140401032780731,4.181488203266787,1,0
0.027777777777777776,0.0,-0.16125119006736108,0.0,0.0,1.3273719327921307,-4.755088530712135,-0.1916190102524236,-4.321258080645877,0.125,-0.1916190102524235,0.0,-2.814764228080276,-0.2632681063313813,-4.959556673683751,0.0,0.2222222222222222,9.931829541894084,-0.0173918084564822,1.9963702359346642,1,0
0.05555555555555555,0.0,1.1192415398826718,0.3333333333333333,0.0,0.5814972662319737,1.5081100795296647,0.083631554056889,-4.321258080645877,0.25,0.0836315540568891,0.0,0.015330772749966913,-0.2117152319262978,0.7382656713194354,0.0,0.0,6.05631914804719,-0.0144503959592638,0.44464609800362975,1,0
0.08333333333333333,0.0,3.189141120985669,0.3333333333333333,0.0,-0.5135592262370264,0.418285773844652,0.3588821183662018,-4.321258080645877,0.25,0.3588821183662018,0.0,-2.814764228080276,0.0020755279147641,0.10976597434118013,0.0,0.2222222222222222,9.665167713714688,-0.009695641517135,-0.2395644283121597,1,0
0.1111111111111111,0.1111111111111111,0.026759515797713775,0.3333333333333333,0.1111111111111111,-2.102083711231995,-0.20902154212594073,0.6341326826755145,-0.39556095327027846,0.25,0.6341326826755145,0.3333333333333333,-0.3522519488626691,2.77199778418316,-0.6893717957521546,0.1111111111111111,0.1111111111111111,8.05853295791746,-0.0169599301436206,-0.35390199637023595,1,0
0.0,0.1111111111111111,-0.04838118151619721,0.1111111111111111,0.1111111111111111,0.1673597344439074,0.33593367914448685,-0.4668695745617363,0.582884123880845,0.0,-0.4668695745617363,0.1111111111111111,0.19648970813407893,-0.2844958199592799,0.2883123766507724,0.1111111111111111,0.1111111111111111,5.156846631943209,-0.017132535407953,0.05263157894736842,1,0
0.05555555555555555,0.1111111111111111,-0.08563890435158181,0.1111111111111111,0.1111111111111111,-0.9531238224996238,-0.030311539256362482,0.083631554056889,0.45864520240061574,0.25,0.0836315540568891,0.1111111111111111,-0.1011765933443258,0.0211779919147679,-0.23926737271219056,0.3333333333333333,0.1111111111111111,3.773264703851294,-0.0172181199091397,-0.3103448275862069,1,0
0.05555555555555555,0.1111111111111111,-0.08208945226544115,0.1111111111111111,0.1111111111111111,-1.1433092459291831,-0.040647728194375767,0.083631554056889,0.28245467238384553,0.25,0.0836315540568891,0.1111111111111111,-0.026533733323285395,0.097594534469716,-0.23605705114253572,0.3333333333333333,0.1111111111111111,5.278430432761548,-0.017209966483134,-0.32667876588021777,1,0
0.0,0.0,2.1484395523163204,0.0,0.1111111111111111,1.155113830650042,0.31114858431436443,-0.4668695745617363,1.9786264801705793,0.0,-0.4668695745617363,0.0,0.7847778161483829,-0.2844958199592799,1.454913461610414,0.0,0.0,7.25180483005037,-0.0120862311146865,1.5027223230490019,1,0
0.19444444444444442,0.3333333333333333,-0.0861563667984718,0.3333333333333333,0.1111111111111111,-1.666848273078999,-0.030311539256362482,1.4598843756034523,-0.24661117247792613,0.25,1.4598843756034523,0.1111111111111111,-0.2919217906553593,2.3900697985747907,-0.713476122646838,0.3333333333333333,0.2222222222222222,6.5956872214220805,-0.0172193085691551,-0.3484573502722323,1,0
0.05555555555555555,0.1111111111111111,0.03468776826824043,0.1111111111111111,0.1111111111111111,-0.9531238224996238,-0.20530575660781333,0.083631554056889,-0.0011330425477450003,0.25,0.0836315540568891,0.1111111111111111,-0.060695089098867595,0.0211779919147679,-0.23305789420596384,0.1111111111111111,0.3333333333333333,6.5572046830051915,-0.0169417182003955,-0.3103448275862069,0,1
0.08333333333333333,0.3333333333333333,-0.07638768338159756,0.1111111111111111,0.1111111111111111,-1.1433092459291831,-4.755088530712135,0.3588821183662018,-0.13765100365107885,0.25,0.3588821183662018,0.1111111111111111,0.0,0.288639711684214,-0.21623918567739403,0.1111111111111111,0.2222222222222222,5.352870508533429,-0.0171968689825712,-0.32667876588021777,1,0
0.0,0.0,0.5264479661075919,0.1111111111111111,0.1111111111111111,-1.666848273078999,1.7684860830133933,-0.4668695745617363,-0.25497074434320804,0.0,-0.4668695745617363,0.1111111111111111,-0.1559158946214444,-0.2844958199592799,0.6774802478269505,0.1111111111111111,0.0,6.799077065424798,-0.0158120986736875,-0.3484573502722323,1,0
0.0,0.0,0.8736434800739559,0.0,0.1111111111111111,-1.666848273078999,1.2111586346492,-0.4668695745617363,-0.45536590484554895,0.0,-0.4668695745617363,0.0,-2.814764228080276,-0.2844958199592799,0.0647087682342883,0.1111111111111111,0.0,6.0454981470058575,-0.0150145578521955,-0.3484573502722323,1,0
0.0,0.1111111111111111,0.16561594866310422,0.1111111111111111,0.1111111111111111,-0.7891132362483021,-0.20902154212594073,-0.4668695745617363,-0.24661117247792613,0.0,-0.4668695745617363,0.1111111111111111,-0.1559158946214444,-0.2844958199592799,-0.42186923706138607,0.1111111111111111,0.1111111111111111,9.058601054509875,-0.0166409638290165,-0.29038112522686027,1,0
0.027777777777777776,0.0,-0.16125119006736108,0.0,0.0,0.7564222381735122,-4.755088530712135,-0.1916190102524236,-4.321258080645877,0.125,-0.1916190102524235,0.0,-2.814764228080276,-0.2526542937416511,-4.959556673683751,0.0,0.2222222222222222,9.931829541894084,-0.0173918084564822,0.6896551724137931,1,0
0.0,0.0,0.7849451028618426,0.0,0.0,1.8373853869087895,-0.08481862364957547,-0.4668695745617363,-0.025168377943328848,0.0,-0.4668695745617363,0.0,0.07795042157654133,-0.2844958199592799,0.4714115706723763,0.0,0.1111111111111111,5.211848435290377,-0.0152183063851723,4.181488203266787,1,0
0.3055555555555555,0.3333333333333333,-0.09481673824196647,0.3333333333333333,0.3333333333333333,1.0629938337787594,0.10832488669182568,2.560886632840704,-0.06182077906576844,0.25,2.5608866328407034,0.3333333333333333,0.09092072007672566,-0.004290155740399,-0.11535482385199153,0.3333333333333333,0.2222222222222222,4.902553992041604,-0.017239202258669,1.2776769509981851,1,0
0.3055555555555555,0.3333333333333333,0.04735698101202618,0.3333333333333333,0.3333333333333333,1.486110633212629,-4.755088530712135,2.560886632840704,0.2283146734498298,0.25,2.5608866328407034,0.3333333333333333,-0.1559158946214444,-0.0743413966670169,-0.005077981732022301,0.3333333333333333,0.2222222222222222,4.047286461653327,-0.01691261582455,2.5480943738656987,1,0
0.0,0.0,1.7342997334660113,0.0,0.0,0.9159689132265976,0.30047687649153026,-0.4668695745617363,0.2250866777877584,0.0,-0.4668695745617363,0.0,0.5276405154456338,-0.2844958199592799,0.20912690352887656,0.0,0.0,10.131506860457023,-0.0130375493145247,0.9673321234119783,1,0
0.2222222222222222,0.3333333333333333,-0.095092731281138,0.3333333333333333,0.0,-1.3723900433022265,-4.755088530712135,1.7351349399127654,-4.321258080645877,0.375,1.7351349399127651,0.4444444444444444,-0.3522519488626691,1.7533024224345426,-2.0119306316720964,0.0,0.2222222222222222,7.028959327559917,-0.0172398362406945,-0.3393829401088929,1,0
0.3333333333333333,0.3333333333333333,-0.08611261743024431,0.3333333333333333,0.3333333333333333,-0.3945035917891138,0.2808312196366998,2.8361371971500167,0.2283146734498298,0.25,2.836137197150016,0.3333333333333333,0.377313852074737,0.7344259431887474,0.17176210656386076,0.3333333333333333,0.3333333333333333,4.413415548827245,-0.0172192080727326,-0.20871143375680581,0,1
0.05555555555555555,0.3333333333333333,1.0912608503236882,0.0,0.0,-0.0875094222424097,-4.755088530712135,0.083631554056889,-0.6949784387660554,0.25,0.0836315540568891,0.0,0.11084320810302224,-0.1571302457764458,-0.504636533521087,0.0,0.0,9.350237086195829,-0.0145146702405811,-0.09437386569872959,1,0
0.1111111111111111,0.0,0.925829494297714,0.0,0.0,0.5814972662319737,-4.755088530712135,0.6341326826755145,-4.321258080645877,0.375,0.6341326826755145,0.4444444444444444,-0.05800275918230424,-0.1389346438933157,-1.5264262581865728,0.0,0.2222222222222222,10.071926828985298,-0.0148946816585808,0.44464609800362975,1,0
0.19444444444444442,0.3333333333333333,0.9094639173489653,0.0,0.0,1.6335973378751631,-4.755088530712135,1.4598843756034523,-0.24661117247792613,0.375,1.4598843756034523,0.4444444444444444,0.23691479385024164,-0.1629188532335226,-0.7934992357916149,0.3333333333333333,0.0,9.77337310005115,-0.0149322749314165,3.1578947368421053,1,0
0.0,0.1111111111111111,0.1797835632163209,0.1111111111111111,0.1111111111111111,0.0021753538983214,-0.20902154212594073,-0.4668695745617363,-0.1653565554017613,0.0,-0.4668695745617363,0.1111111111111111,-0.1559158946214444,-0.2844958199592799,-0.28825866216306417,0.1111111111111111,0.1111111111111111,8.813824075513931,-0.0166084194829785,-0.04900181488203267,1,0
0.0,0.1111111111111111,0.10035007632071508,0.1111111111111111,0.1111111111111111,-0.2847917733012345,0.9811443426597015,-0.4668695745617363,1.3061364582863635,0.0,-0.4668695745617363,0.1111111111111111,0.46317186353556355,-0.2844958199592799,0.9265941004059715,0.1111111111111111,0.1111111111111111,1.133256787360621,-0.0167908856896094,-0.17422867513611615,1,0
0.3055555555555555,0.3333333333333333,-0.09665724565422038,0.3333333333333333,0.3333333333333333,0.4544096728511559,-4.755088530712135,2.560886632840704,1.0613720072233828,0.25,2.5608866328407034,0.3333333333333333,0.8308550274031736,0.1579333223680156,0.5236118945869609,0.3333333333333333,0.2222222222222222,3.545427790496527,-0.0172434300776773,0.29945553539019965,1,0
0.08333333333333333,0.3333333333333333,-0.10837780826550243,0.1111111111111111,0.1111111111111111,-0.6440902286753902,-4.755088530712135,0.3588821183662018,0.16951858911272888,0.25,0.3588821183662018,0.1111111111111111,0.020713406430529723,0.0430137070656397,-0.25374892607461336,0.1111111111111111,0.2222222222222222,2.6495536522833643,-0.0172703533147507,-0.26678765880217786,1,0
0.0,0.1111111111111111,-0.08749892339292983,0.1111111111111111,0.1111111111111111,-0.6440902286753902,0.28831780810434016,-0.4668695745617363,0.010374906540631045,0.0,-0.4668695745617363,0.1111111111111111,-0.0919502465339359,-0.2844958199592799,-0.1689344027631002,0.1111111111111111,0.1111111111111111,1.6486101894095067,-0.0172223925481991,-0.26678765880217786,1,0
0.25,0.3333333333333333,0.030241395730288577,0.3333333333333333,0.3333333333333333,-1.666848273078999,0.10832488669182568,2.010385504222078,-0.39556095327027846,0.25,2.0103855042220777,0.1111111111111111,-2.814764228080276,3.154231403870239,-0.1959735251846074,0.3333333333333333,0.2222222222222222,6.706680418937764,-0.0169519319372208,-0.3484573502722323,1,0
0.0,0.0,2.3522438125222673,0.0,0.0,-0.7891132362483021,-1.0451399045431047,-0.4668695745617363,-1.0471415019398103,0.0,-0.4668695745617363,0.0,-2.814764228080276,-0.2844958199592799,-0.12040592068190784,0.0,0.0,9.654458605993105,-0.011618073518837,-0.29038112522686027,1,0
0.3055555555555555,0.4444444444444444,-0.04295567314878966,0.3333333333333333,0.3333333333333333,-1.666848273078999,-0.5262576272158825,2.560886632840704,-0.12870809558806698,0.375,2.5608866328407034,0.1111111111111111,-0.3522519488626691,3.918393009165688,-0.5364653680679958,0.3333333333333333,0.3333333333333333,7.083834948454416,-0.0171200725038362,-0.3484573502722323,0,1
0.0,0.0,1.2382025303605413,0.0,0.0,1.8373853869087895,0.33403523773428023,-0.4668695745617363,-0.15151963342806155,0.0,-0.4668695745617363,0.0,-2.814764228080276,-0.2844958199592799,-0.5179095125997817,0.0,0.0,8.870162299300883,-0.014177131351126,4.181488203266787,1,0
0.027777777777777776,0.0,256.01900310991937,0.0,0.0,0.3871513198050401,-4.755088530712135,-0.1916190102524236,-4.321258080645877,0.125,-0.1916190102524235,0.0,-2.814764228080276,-0.2420405106345698,-1.8297741708198973,0.0,0.2222222222222222,9.931829541894084,0.5710783826768782,0.2323049001814882,1,0
0.0,0.0,2.4708447153928685,0.0,0.0,-0.2847917733012345,-1.75896302241061,-0.4668695745617363,-1.5822745590578018,0.0,-0.4668695745617363,0.0,-0.9596690601516769,-0.2844958199592799,-1.68126071116203,0.0,0.0,9.889111437128793,-0.0113456360658742,-0.17422867513611615,1,0
0.0,0.0,-0.16125119006736108,0.0,0.0,1.0629938337787594,-4.755088530712135,-0.4668695745617363,-4.321258080645877,0.0,-0.4668695745617363,0.0,-2.814764228080276,-0.2844958199592799,-4.959556673683751,0.0,0.0,9.931829541894084,-0.0173918084564822,1.2776769509981851,1,0
0.027777777777777776,0.0,-0.16125119006736108,0.0,0.0,0.8643003776574393,-4.755088530712135,-0.1916190102524236,-4.321258080645877,0.125,-0.1916190102524235,0.0,-2.814764228080276,-0.2551036324917042,-4.959556673683751,0.0,0.2222222222222222,9.931829541894084,-0.0173918084564822,0.8711433756805808,1,0
0.16666666666666666,0.3333333333333333,-0.07830207388060065,0.0,0.1111111111111111,-1.3723900433022265,-4.755088530712135,1.18463381129414,-0.08238046756576548,0.25,1.18463381129414,0.1111111111111111,-2.814764228080276,1.243852861836087,-1.337533211259723,0.3333333333333333,0.3333333333333333,5.108877766471419,-0.0172012665179938,-0.3393829401088929,0,1
0.0,0.0,1.7601007171825391,0.0,0.0,0.3871513198050401,-0.7085300850695833,-0.4668695745617363,-0.6219948585116649,0.0,-0.4668695745617363,0.0,-0.3092780598764393,-0.2844958199592799,-0.8015272235917849,0.0,0.0,9.706704780422937,-0.012978282022982,0.2323049001814882,1,0
0.1111111111111111,0.0,1.1196500814325723,0.3333333333333333,0.0,-0.2847917733012345,-0.615098193054528,0.6341326826755145,-4.321258080645877,0.25,0.6341326826755145,0.0,-0.2514283299744994,0.0211810486223196,-1.4055595019791591,0.3333333333333333,0.0,9.797393905776032,-0.0144494575008154,-0.17422867513611615,1,0
0.05555555555555555,0.0,1.1930485822842418,0.0,0.1111111111111111,0.0869332819236188,-0.8910544777168578,0.083631554056889,-0.5279174742454806,0.25,0.0836315540568891,0.1111111111111111,-2.814764228080276,-0.1753251978386217,-1.0376221711649958,0.3333333333333333,0.0,9.851067739542597,-0.0142808542259724,0.0,1,0
0.0,0.0,-0.16125119006736108,0.0,0.0,0.5191192900072952,-4.755088530712135,-0.4668695745617363,-4.321258080645877,0.0,-0.4668695745617363,0.0,-2.814764228080276,-0.2844958199592799,-4.959556673683751,0.0,0.0,9.931829541894084,-0.0173918084564822,0.3702359346642468,1,0
0.05555555555555555,0.1111111111111111,0.02090397981722002,0.1111111111111111,0.1111111111111111,-2.102083711231995,0.05543782744561979,0.083631554056889,-0.321675925641894,0.25,0.0836315540568891,0.3333333333333333,-0.22754647358302196,1.24375098211194,-0.5488223630412085,0.1111111111111111,0.1111111111111111,6.838631201130416,-0.0169733808616981,-0.35390199637023595,1,0
0.0,0.1111111111111111,-0.027285347237209923,0.1111111111111111,0.1111111111111111,1.3273719327921307,-0.030311539256362482,-0.4668695745617363,-0.25143592330503584,0.0,-0.4668695745617363,0.1111111111111111,0.377313852074737,-0.2844958199592799,-0.14361535391398814,0.1111111111111111,0.1111111111111111,6.294162955227415,-0.0170840762881657,1.9963702359346642,1,0
0.0,0.1111111111111111,0.02639331734330139,0.1111111111111111,0.1111111111111111,-0.9531238224996238,0.7026592268961535,-0.4668695745617363,0.14855813075358382,0.0,-0.4668695745617363,0.1111111111111111,0.8340094491155584,-0.2844958199592799,0.44044341076658505,0.1111111111111111,0.1111111111111111,4.861483285899856,-0.0169607713359874,-0.3103448275862069,1,0
0.05555555555555555,0.0,1.4464974885989146,0.0,0.1111111111111111,0.0869332819236188,-0.637791537258746,0.083631554056889,-0.5222138313809659,0.25,0.0836315540568891,0.1111111111111111,-2.814764228080276,-0.1753251978386217,-0.7260189645445342,0.0,0.3333333333333333,9.687586731010464,-0.0136986581986124,0.0,0,1
0.16666666666666666,0.3333333333333333,-0.10660964473326011,0.1111111111111111,0.3333333333333333,0.5191192900072952,-4.755088530712135,1.18463381129414,0.6918513091836741,0.25,1.18463381129414,0.1111111111111111,-1.772565598353091,-0.0552370222405545,0.5157255112330625,0.1111111111111111,0.3333333333333333,2.6706794261542357,-0.0172662916764538,0.3702359346642468,0,1
0.027777777777777776,0.0,4.08452211118049,0.0,0.1111111111111111,-0.0875094222424097,-4.755088530712135,-0.1916190102524236,-4.321258080645877,0.125,-0.1916190102524235,0.0,-2.814764228080276,-0.2208130328678629,0.16614676622282876,0.0,0.2222222222222222,10.53821480213423,-0.0076388669859484,-0.09437386569872959,1,0
0.0,0.1111111111111111,-0.10051871117072671,0.1111111111111111,0.1111111111111111,-0.3945035917891138,0.40037018956560505,-0.4668695745617363,0.1524664272809695,0.0,-0.4668695745617363,0.1111111111111111,0.0002563117208377432,-0.2844958199592799,-0.033181289221855335,0.1111111111111111,0.1111111111111111,1.1931639873128168,-0.0172523002279422,-0.20871143375680581,1,0
0.05555555555555555,0.1111111111111111,-0.08245025171371818,0.1111111111111111,0.1111111111111111,-0.5135592262370264,0.30881287860016676,0.083631554056889,0.4010310564055918,0.25,0.0836315540568891,0.3333333333333333,0.4335901869034877,-0.0934482547099171,0.15837059656804767,0.1111111111111111,0.1111111111111111,3.123717574468262,-0.0172107952734749,-0.2395644283121597,1,0
0.0,0.0,1.5361531000503625,0.0,0.0,-1.666848273078999,-0.6743398072685514,-0.4668695745617363,-1.0489311747560286,0.0,-0.4668695745617363,0.0,-0.5984391632696228,-0.2844958199592799,-1.1614473547221873,0.0,0.0,9.68396344053979,-0.013492710808361,-0.3484573502722323,1,0
0.027777777777777776,0.0,-0.16125119006736108,0.0,0.0,-0.3945035917891138,-4.755088530712135,-0.1916190102524236,-4.321258080645877,0.125,-0.1916190102524235,0.0,-2.814764228080276,-0.1995856730302776,-4.959556673683751,0.0,0.2222222222222222,9.931829541894084,-0.0173918084564822,-0.20871143375680581,1,0
0.0,0.1111111111111111,-0.04321868120441609,0.0,0.1111111111111111,-0.9531238224996238,0.014618888643524093,-0.4668695745617363,-0.42110326007363774,0.0,-0.4668695745617363,0.1111111111111111,-0.1559158946214444,-0.2844958199592799,-0.5337515365213942,0.1111111111111111,0.1111111111111111,1.6038787605755724,-0.0171206766581306,-0.3103448275862069,1,0
0.0,0.1111111111111111,0.12193180482642763,0.1111111111111111,0.1111111111111111,-1.3723900433022265,-0.20902154212594073,-0.4668695745617363,-0.1653565554017613,0.0,-0.4668695745617363,0.1111111111111111,0.0,-0.2844958199592799,-0.25374892607461336,0.1111111111111111,0.1111111111111111,8.503837383742896,-0.0167413104249839,-0.3393829401088929,1,0
0.08333333333333333,0.3333333333333333,0.5572007911755905,0.1111111111111111,0.1111111111111111,0.9159689132265976,-4.755088530712135,0.3588821183662018,0.9664563732231808,0.25,0.3588821183662018,0.1111111111111111,0.46317186353556355,-0.1995850440685558,0.5603327042819727,0.1111111111111111,0.2222222222222222,10.30907796800342,-0.0157414565358104,0.9673321234119783,1,0
0.2777777777777778,0.3333333333333333,-0.08532128248312529,0.3333333333333333,0.3333333333333333,-0.7891132362483021,-4.755088530712135,2.2856360685313915,0.5185005985703939,0.25,2.2856360685313906,0.1111111111111111,-2.065876748043075,0.9891493082481057,-0.028631056235581716,0.3333333333333333,0.3333333333333333,4.698707423488396,-0.0172173903017695,-0.29038112522686027,0,1
0.3055555555555555,0.3333333333333333,-0.013487365075608835,0.3333333333333333,0.3333333333333333,-1.3723900433022265,0.13269360901044008,2.560886632840704,-0.39556095327027846,0.25,2.5608866328407034,0.3333333333333333,-0.3522519488626691,2.5174767633322266,-0.5158806390520618,0.3333333333333333,0.2222222222222222,7.745770066146824,-0.017052381022572,-0.3393829401088929,1,0
0.16666666666666666,0.1111111111111111,-0.0641473371702176,0.1111111111111111,0.3333333333333333,-0.7891132362483021,-0.13127304604343448,1.18463381129414,-0.2045326901872562,0.25,1.18463381129414,0.3333333333333333,-2.814764228080276,0.4796912569651514,-0.4766005802195068,0.1111111111111111,0.3333333333333333,6.797595829737806,-0.0171687517535747,-0.29038112522686027,0,1
0.08333333333333333,0.1111111111111111,-0.029413681616553854,0.1111111111111111,0.1111111111111111,-1.666848273078999,-0.16893244176358863,0.3588821183662018,-0.12870809558806698,0.375,0.3588821183662018,0.4444444444444444,0.21157796091140746,0.861746587983893,-0.3878250019887452,0.1111111111111111,0.1111111111111111,7.260777429309406,-0.0170889652728473,-0.3484573502722323,1,0
0.1388888888888889,0.3333333333333333,0.155411670624835,0.1111111111111111,0.3333333333333333,-1.3723900433022265,-4.755088530712135,0.9093832469848272,-0.0019843095974738842,0.25,0.9093832469848272,0.1111111111111111,-0.1559158946214444,0.9891280815368592,0.5603327042819727,0.0,0.2222222222222222,5.614342271747945,-0.016664404017504,-0.3393829401088929,1,0
0.0,0.1111111111111111,0.010957122945126083,0.1111111111111111,0.1111111111111111,-0.7891132362483021,-0.18745275015891033,-0.4668695745617363,-0.29205669657563127,0.0,-0.4668695745617363,0.1111111111111111,0.4888456218900366,-0.2844958199592799,-0.30529137437660797,0.1111111111111111,0.1111111111111111,6.785097337562851,-0.0169962297295029,-0.29038112522686027,1,0
0.0,0.0,-0.16125119006736108,0.0,0.0,0.5191192900072952,-4.755088530712135,-0.4668695745617363,-4.321258080645877,0.0,-0.4668695745617363,0.0,-2.814764228080276,-0.2844958199592799,-4.959556673683751,0.0,0.0,9.931829541894084,-0.0173918084564822,0.3702359346642468,1,0
0.0,0.1111111111111111,-0.06351931545952831,0.1111111111111111,0.1111111111111111,-0.9531238224996238,0.028901835413208687,-0.4668695745617363,0.5516037639487911,0.0,-0.4668695745617363,0.1111111111111111,0.11065092629307056,-0.2844958199592799,0.05876400123600823,0.1111111111111111,0.1111111111111111,4.859238006905675,-0.0171673091285092,-0.3103448275862069,1,0
0.0,0.0,-0.16125119006736108,0.0,0.0,0.1673597344439074,-4.755088530712135,-0.4668695745617363,-4.321258080645877,0.0,-0.4668695745617363,0.0,-2.814764228080276,-0.2844958199592799,-4.959556673683751,0.0,0.0,9.931829541894084,-0.0173918084564822,0.05263157894736842,1,0
0.3055555555555555,0.3333333333333333,-0.04472927626581718,0.3333333333333333,0.3333333333333333,0.8643003776574393,0.3444906217352821,2.560886632840704,1.1426790340435071,0.25,2.5608866328407034,0.3333333333333333,0.8859237313160764,0.0388182421840521,0.7892141740869856,0.3333333333333333,0.2222222222222222,4.407261976876696,-0.0171241466373721,0.8711433756805808,1,0
0.0,0.1111111111111111,-0.09310651286116059,0.1111111111111111,0.1111111111111111,1.285678693674575,1.132875080936701,-0.4668695745617363,0.9664563732231808,0.0,-0.4668695745617363,0.1111111111111111,0.5926419006143737,-0.2844958199592799,0.8345047258115749,0.1111111111111111,0.1111111111111111,-3.230983335596875,-0.0172352737097671,1.867513611615245,1,0
0.0,0.1111111111111111,-0.07842623918880201,0.1111111111111111,0.1111111111111111,-0.0875094222424097,0.47480453218939983,-0.4668695745617363,0.882922131397954,0.0,-0.4668695745617363,0.1111111111111111,0.42561325830753455,-0.2844958199592799,0.5142333882079156,0.1111111111111111,0.1111111111111111,3.146388358906553,-0.0172015517374103,-0.09437386569872959,1,0
0.0,0.0,1.7601007171825391,0.0,0.0,-0.0875094222424097,-0.1627514934471254,-0.4668695745617363,-0.5394994425939427,0.0,-0.4668695745617363,0.0,-0.2534044679986411,-0.2844958199592799,-0.6029913473367149,0.0,0.0,9.611716104388156,-0.012978282022982,-0.09437386569872959,1,0
0.1111111111111111,0.1111111111111111,1.106182903222624,0.1111111111111111,0.1111111111111111,1.285678693674575,2.4009663910602823,0.6341326826755145,2.614487285942702,0.25,0.6341326826755145,0.3333333333333333,1.7315072752028169,-0.1971589479645469,2.320393758892724,0.1111111111111111,0.3333333333333333,8.890517959493767,-0.0144803928785512,1.867513611615245,0,1
0.0,0.0,0.7268158728518928,0.0,0.0,1.668921836399024,0.3673504278520734,-0.4668695745617363,0.4123737147400368,0.0,-0.4668695745617363,0.0,0.5876067435855802,-0.2844958199592799,0.30768351548751677,0.0,0.0,5.664416704418904,-0.0153518347056428,3.319419237749546,1,0
0.0,0.1111111111111111,-0.025438252467368173,0.1111111111111111,0.1111111111111111,-0.6440902286753902,0.40285087729063135,-0.4668695745617363,-0.0019843095974738842,0.0,-0.4668695745617363,0.1111111111111111,0.11065092629307056,-0.2844958199592799,-0.005487791727309074,0.1111111111111111,0.1111111111111111,4.515941209110007,-0.0170798333373762,-0.26678765880217786,1,0
0.05555555555555555,0.1111111111111111,0.5978784708660688,0.3333333333333333,0.1111111111111111,-0.7891132362483021,0.44212392343578594,0.083631554056889,-4.321258080645877,0.25,0.0836315540568891,0.1111111111111111,-0.3081343679957707,-0.0297667943178028,0.43575835239504973,0.1111111111111111,0.1111111111111111,8.63875302490193,-0.0156480160713697,-0.29038112522686027,1,0
0.05555555555555555,0.1111111111111111,0.22112291110057455,0.1111111111111111,0.1111111111111111,-0.9531238224996238,-0.33329177989662034,0.083631554056889,-0.3513467498765095,0.25,0.0836315540568891,0.1111111111111111,-0.5420737057329836,0.0211779919147679,-0.5460556292496022,0.1111111111111111,0.3333333333333333,9.241361904105753,-0.0165134591043293,-0.3103448275862069,0,1
0.0,0.1111111111111111,-0.017247329992365272,0.1111111111111111,0.1111111111111111,-1.1433092459291831,0.24338431203711525,-0.4668695745617363,0.2283146734498298,0.0,-0.4668695745617363,0.1111111111111111,0.11065092629307056,-0.2844958199592799,-0.09895880003510457,0.1111111111111111,0.1111111111111111,4.535704672546509,-0.0170610180163921,-0.32667876588021777,1,0
0.0,0.1111111111111111,-0.0958153886801273,0.1111111111111111,0.1111111111111111,-0.9531238224996238,0.18886446224351286,-0.4668695745617363,0.16233385148686327,0.0,-0.4668695745617363,0.1111111111111111,0.14327097278146442,-0.2844958199592799,0.006916951134175179,0.1111111111111111,0.1111111111111111,3.4768322188173624,-0.0172414962528561,-0.3103448275862069,1,0
0.0,0.0,1.5025510782995346,0.0,0.1111111111111111,0.2439439807007004,-1.1562432923224801,-0.4668695745617363,-1.031283152231442,0.0,-0.4668695745617363,0.0,-2.814764228080276,-0.2844958199592799,-1.2145207876493038,0.0,0.0,9.826509283331534,-0.0135698978195778,0.1088929219600726,1,0
0.1111111111111111,0.1111111111111111,0.007123371389170079,0.1111111111111111,0.3333333333333333,-1.666848273078999,-0.1959095675930338,0.6341326826755145,-0.270699485014486,0.25,0.6341326826755145,0.3333333333333333,-2.814764228080276,1.2438273906316173,-0.3550313945410473,0.1111111111111111,0.1111111111111111,7.599382836946506,-0.0170050362181882,-0.3484573502722323,1,0
0.0,0.1111111111111111,-0.08082035732414684,0.1111111111111111,0.1111111111111111,-0.5135592262370264,0.1740619304304261,-0.4668695745617363,0.24234090765230668,0.0,-0.4668695745617363,0.1111111111111111,0.05928857286933166,-0.2844958199592799,0.13310222703267335,0.1111111111111111,0.1111111111111111,2.590069565628529,-0.0172070512524317,-0.2395644283121597,1,0
0.0,0.1111111111111111,0.39035758397074516,0.1111111111111111,0.1111111111111111,0.0869332819236188,-0.030311539256362482,-0.4668695745617363,-0.0019843095974738842,0.0,-0.4668695745617363,0.1111111111111111,-0.14830235186941587,-0.2844958199592799,-0.3157926177103498,0.1111111111111111,0.0,9.4938582970856,-0.016124711109046,0.0,1,0
0.05555555555555555,0.1111111111111111,0.03371450031053673,0.1111111111111111,0.1111111111111111,-2.102083711231995,-0.29790452698888625,0.083631554056889,-0.24661117247792613,0.25,0.0836315540568891,0.1111111111111111,-0.35097336949856983,1.24375098211194,-0.6199299451054369,0.1111111111111111,0.3333333333333333,8.203538186108188,-0.0169439538886326,-0.35390199637023595,0,1
0.05555555555555555,0.1111111111111111,-0.10987900291140053,0.1111111111111111,0.1111111111111111,0.0021753538983214,0.4735629163204164,0.083631554056889,0.12475366753727371,0.25,0.0836315540568891,0.0,-2.814764228080276,-0.1669275222729985,-0.36343218803458616,0.1111111111111111,0.3333333333333333,-2.8044401431139967,-0.0172738017003518,-0.04900181488203267,0,1
0.05555555555555555,0.0,1.2763999406227318,0.0,0.0,0.7564222381735122,0.058945700619735676,0.083631554056889,0.15505710342254694,0.25,0.0836315540568891,0.3333333333333333,0.5045042141235686,-0.2208127675240223,-0.04122304484784451,0.1111111111111111,0.0,9.154615739141411,-0.014089388299347,0.6896551724137931,1,0
0.0,0.1111111111111111,-0.07898581446167703,0.1111111111111111,0.1111111111111111,0.0021753538983214,0.5982679880337806,-0.4668695745617363,0.5929396092498583,0.0,-0.4668695745617363,0.1111111111111111,0.4226322051791571,-0.2844958199592799,0.4813007853918058,0.1111111111111111,0.1111111111111111,3.591666465613272,-0.0172028371345565,-0.04900181488203267,1,0
0.05555555555555555,0.1111111111111111,-0.0951617436571224,0.1111111111111111,0.1111111111111111,0.5191192900072952,0.7481420290032386,0.083631554056889,0.7925816119909868,0.25,0.0836315540568891,0.3333333333333333,0.8000528953016742,-0.2080762207197047,0.6601753578176368,0.1111111111111111,0.1111111111111111,2.475878216569794,-0.0172399947686271,0.3702359346642468,1,0
0.1111111111111111,0.1111111111111111,0.08685352473188848,0.1111111111111111,0.1111111111111111,-0.9531238224996238,-0.16429097780826082,0.6341326826755145,0.9123043261078035,0.25,0.6341326826755145,0.3333333333333333,0.07437429057655615,0.3268518037888158,0.04325460636915132,0.1111111111111111,0.3333333333333333,8.457062161288713,-0.0168218885407652,-0.3103448275862069,0,1
0.0,0.0,1.5285398734078415,0.0,0.0,1.285678693674575,-0.13677854256052477,-0.4668695745617363,-0.7155364667222617,0.0,-0.4668695745617363,0.0,-2.814764228080276,-0.2844958199592799,-0.10207732673299867,0.0,0.0,9.117483256087045,-0.0135101991075654,1.867513611615245,1,0
0.19444444444444442,0.3333333333333333,-0.07427990755370646,0.1111111111111111,0.3333333333333333,-0.7891132362483021,-4.755088530712135,1.4598843756034523,0.5185005985703939,0.25,1.4598843756034523,0.3333333333333333,0.07012408686463154,0.60705576978589,-0.06342562972288893,0.1111111111111111,0.2222222222222222,5.711881104576146,-0.0171920272228201,-0.29038112522686027,1,0
0.19444444444444442,0.3333333333333333,-0.05973249430062356,0.3333333333333333,0.1111111111111111,-1.666848273078999,-4.755088530712135,1.4598843756034523,0.26497495973436364,0.25,1.4598843756034523,0.1111111111111111,-0.25889175782283735,2.3900697985747907,-0.609642593118677,0.3333333333333333,0.2222222222222222,7.095026842978161,-0.0171586104433695,-0.3484573502722323,1,0
0.027777777777777776,0.0,1.7601007171825391,0.0,0.0,0.5814972662319737,-0.654523812575515,-0.1916190102524236,-0.4726539510272512,0.125,-0.1916190102524235,0.0,-0.9414836912756308,-0.2481055259427889,-1.1942810501571728,0.0,0.2222222222222222,9.87709243514188,-0.012978282022982,0.44464609800362975,1,0
0.0,0.0,2.7230042391031106,0.0,0.0,0.0021753538983214,-4.755088530712135,-0.4668695745617363,0.44613669558068747,0.0,-0.4668695745617363,0.0,-2.814764228080276,-0.2844958199592799,-0.23972731018283533,0.0,0.0,9.500964174928079,-0.010766401871891,-0.04900181488203267,1,0
0.05555555555555555,0.1111111111111111,-0.08378988824897099,0.1111111111111111,0.1111111111111111,0.4544096728511559,0.774647446935304,0.083631554056889,0.6313781298970101,0.25,0.0836315540568891,0.1111111111111111,0.34565061112004275,-0.2040541577179534,0.5860460510742206,0.1111111111111111,0.3333333333333333,-0.9065781798251086,-0.0172138725448677,0.29945553539019965,0,1
0.1388888888888889,0.3333333333333333,0.10331571077966362,0.1111111111111111,0.1111111111111111,-0.2847917733012345,-4.755088530712135,0.9093832469848272,-0.1653565554017613,0.25,0.9093832469848272,0.3333333333333333,-0.11927053118868146,0.0976002657677195,-0.4395969600720706,0.1111111111111111,0.2222222222222222,8.51209547162633,-0.0167840733477228,-0.17422867513611615,1,0
0.0,0.1111111111111111,-0.08894994159318301,0.1111111111111111,0.1111111111111111,-0.9531238224996238,0.023227980469194134,-0.4668695745617363,-0.03894046931156866,0.0,-0.4668695745617363,0.1111111111111111,-0.07413573245930506,-0.2844958199592799,-0.30696877684600476,0.1111111111111111,0.1111111111111111,3.5238821422426114,-0.017225725673775,-0.3103448275862069,1,0
0.0,0.1111111111111111,-0.03860402138782561,0.1111111111111111,0.1111111111111111,0.7564222381735122,0.7830973662633681,-0.4668695745617363,0.7858787389973348,0.0,-0.4668695745617363,0.1111111111111111,1.1641948210864363,-0.2844958199592799,0.948883885455647,0.1111111111111111,0.1111111111111111,3.1991733396931386,-0.0171100763495638,0.6896551724137931,1,0
0.2222222222222222,0.1111111111111111,-0.03721264280155903,0.3333333333333333,0.3333333333333333,-0.2847917733012345,0.4306891230085945,1.7351349399127654,-0.45536590484554895,0.25,1.7351349399127651,0.3333333333333333,-0.19642138719233884,0.3268579172039191,0.00910218204300949,0.3333333333333333,0.1111111111111111,5.514653963914121,-0.0171068802218028,-0.17422867513611615,1,0
0.027777777777777776,0.0,3.0050063537993887,0.0,0.0,1.668921836399024,-0.5727984405646422,-0.1916190102524236,-4.321258080645877,0.125,-0.1916190102524235,0.0,-2.814764228080276,-0.2675136396224425,-0.9665353363370768,0.0,0.2222222222222222,9.886227415737174,-0.0101186164335137,3.319419237749546,1,0
0.0,0.1111111111111111,-0.09387218122941374,0.1111111111111111,0.1111111111111111,1.4475584443037126,1.1332096547808692,-0.4668695745617363,0.946053551100687,0.0,-0.4668695745617363,0.1111111111111111,0.7665693051245074,-0.2844958199592799,0.9457586018513863,0.1111111111111111,0.1111111111111111,1.9585262927092324,-0.0172370325221793,2.4047186932849365,1,0
0.05555555555555555,0.1111111111111111,0.06390806630720836,0.1111111111111111,0.1111111111111111,-1.3723900433022265,-0.20902154212594073,0.083631554056889,-0.1653565554017613,0.25,0.0836315540568891,0.3333333333333333,0.11065092629307056,0.2249537406391757,-0.18381460371000366,0.1111111111111111,0.1111111111111111,7.7705647870068075,-0.0168745964215568,-0.3393829401088929,1,0
0.08333333333333333,0.3333333333333333,-0.09065863370263533,0.1111111111111111,0.1111111111111111,0.6999923241170234,0.6826633274259496,0.3588821183662018,0.8688688417452327,0.25,0.3588821183662018,0.1111111111111111,0.5414483474518867,-0.1848180168137657,0.6565507817858315,0.1111111111111111,0.2222222222222222,1.2807144950175253,-0.0172296507006081,0.604355716878403,1,0
0.0,0.1111111111111111,-0.03220078789323355,0.1111111111111111,0.1111111111111111,-1.3723900433022265,-0.13127304604343448,-0.4668695745617363,0.29941267964829293,0.0,-0.4668695745617363,0.1111111111111111,-2.814764228080276,-0.2844958199592799,-0.3027472282991717,0.1111111111111111,0.1111111111111111,5.809805453855009,-0.0170953675186716,-0.3393829401088929,1,0
0.16666666666666666,0.3333333333333333,-0.08217350475962402,0.3333333333333333,0.1111111111111111,-0.5135592262370264,0.8311295705151313,1.18463381129414,-4.321258080645877,0.25,1.18463381129414,0.1111111111111111,0.11065092629307056,0.2886468757888082,0.12148467329315596,0.1111111111111111,0.3333333333333333,2.516236010932424,-0.0172101595596358,-0.2395644283121597,0,1
0.2777777777777778,0.4444444444444444,-0.10315667461561598,0.3333333333333333,0.3333333333333333,1.155113830650042,0.8388500336172143,2.2856360685313915,-4.321258080645877,0.375,2.2856360685313906,0.1111111111111111,-2.814764228080276,-0.0456841245659175,0.8778471156828156,0.3333333333333333,0.2222222222222222,2.3728398366823353,-0.017258359878624,1.5027223230490019,1,0
0.027777777777777776,0.0,6.1732058791471545,0.0,0.0,-0.9531238224996238,-4.755088530712135,-0.1916190102524236,-0.9153654258323525,0.125,-0.1916190102524235,0.1111111111111111,-0.3522519488626691,-0.1316589140222559,-0.6291751562368446,0.0,0.2222222222222222,9.990415790049697,-0.0028409634960362,-0.3103448275862069,1,0
0.38888888888888884,0.4444444444444444,-0.10593229761737447,0.3333333333333333,0.3333333333333333,-1.3723900433022265,-4.755088530712135,3.386638325768641,-0.29205669657563127,0.375,3.386638325768641,0.3333333333333333,-0.11927053118868146,3.28165110422991,-0.6893717957521546,0.3333333333333333,0.4444444444444444,6.12347454981446,-0.0172647357462833,-0.3393829401088929,0,1
0.3055555555555555,0.3333333333333333,-0.035238092677189935,0.3333333333333333,0.3333333333333333,-1.666848273078999,-4.755088530712135,2.560886632840704,-0.11537885187926879,0.25,2.5608866328407034,0.3333333333333333,-2.814764228080276,3.918393009165688,-1.0961616469746343,0.3333333333333333,0.2222222222222222,8.587885225328701,-0.0171023444940502,-0.3484573502722323,1,0
0.0,0.1111111111111111,0.08226249012104118,0.1111111111111111,0.0,-0.7891132362483021,0.05651928312176157,-0.4668695745617363,0.12634182770308133,0.0,-0.4668695745617363,0.1111111111111111,1.133092355903739,-0.2844958199592799,0.6023434259546245,0.1111111111111111,0.1111111111111111,2.173763074005279,-0.0168324345800075,-0.29038112522686027,1,0
0.0,0.1111111111111111,0.12413141886863888,0.1111111111111111,0.0,0.4544096728511559,0.7481420290032386,-0.4668695745617363,0.7096586071884762,0.0,-0.4668695745617363,0.1111111111111111,1.5843454270279707,-0.2844958199592799,1.347918799626016,0.1111111111111111,0.1111111111111111,-0.9543246952747402,-0.016736257704198,0.29945553539019965,1,0
0.19444444444444442,0.3333333333333333,-0.039234795921367596,0.3333333333333333,0.1111111111111111,-1.3723900433022265,-0.20902154212594073,1.4598843756034523,0.3048995639593919,0.25,1.4598843756034523,0.1111111111111111,-0.24169703946424329,1.498577642135315,-0.38509573500109073,0.3333333333333333,0.2222222222222222,7.022563268320549,-0.0171115252981229,-0.3393829401088929,1,0
0.0,0.1111111111111111,-0.06944980558482135,0.1111111111111111,0.1111111111111111,-0.9531238224996238,-0.03530156299097382,-0.4668695745617363,0.003385634541046894,0.0,-0.4668695745617363,0.1111111111111111,0.26663088282169384,-0.2844958199592799,-0.07708659642539761,0.1111111111111111,0.1111111111111111,5.457146440430777,-0.0171809320233224,-0.3103448275862069,1,0
0.0,0.1111111111111111,-0.12805804675919477,0.1111111111111111,0.0,-0.9531238224996238,-0.4608380511121482,-0.4668695745617363,-4.321258080645877,0.0,-0.4668695745617363,0.0,-2.814764228080276,-0.2844958199592799,-1.6882064814575903,0.0,0.1111111111111111,3.4467030870303255,-0.0173155606775882,-0.3103448275862069,1,0
0.3055555555555555,0.3333333333333333,0.036727191166620377,0.3333333333333333,0.3333333333333333,-2.102083711231995,-0.20902154212594073,2.560886632840704,-4.321258080645877,0.25,2.5608866328407034,0.3333333333333333,-2.814764228080276,8.12086159143243,-0.8908074593374724,0.3333333333333333,0.2222222222222222,8.86204272416292,-0.0169370334537663,-0.35390199637023595,1,0
