PAY_4,total_delinquency,unemp_x_delinquency,PAY_3,cpi_risk_norm,PAY_AMT1,avg_payment,AGE,max_delinquency,PAY_AMT4,PAY_AMT6,PAY_AMT2,rate_x_delinquency,PAY_AMT3,PAY_2,PAY_AMT5,PAY_1,PAY_6,PAY_5,LIMIT_BAL,true,pred
0.0,0.1111111111111111,0.6341326826755145,0.3333333333333333,-0.0934470606700971,-1.7661756344547435,-0.5450498004453485,-0.4950413083649336,0.25,-0.18804113191678618,-1.2558335710649353,-2.476644085611099,0.6341326826755145,0.2975316401404072,0.3333333333333333,-1.4809843220475034,0.0,0.0,0.0,0.2439439807007004,0,1
0.1111111111111111,0.0,-0.4668695745617363,0.1111111111111111,-0.2844958199592799,0.5270853668270672,0.757509272893091,0.74923519556253,0.0,0.2759431547214016,0.30567126224700725,0.4926873395741765,-0.4668695745617363,0.3091352594538665,0.1111111111111111,0.2846185206312057,0.1111111111111111,0.1111111111111111,0.1111111111111111,0.0869332819236188,1,0
0.1111111111111111,0.0,-0.4668695745617363,0.0,-0.2844958199592799,-2.4349041406302154,-0.6905718076246504,-0.6416298188340922,0.0,-0.17052796553103527,0.04710436391588156,-0.2997212096546743,-0.4668695745617363,-1.8377883046032708,0.0,0.06180671916679205,0.0,0.0,0.0,0.5191192900072952,1,0
0.1111111111111111,0.0,-0.4668695745617363,0.1111111111111111,-0.2844958199592799,0.39541899694300553,0.38641451131496085,-1.31171478496986,0.0,0.18992595533910941,0.05693515131531388,0.2718751554032957,-0.4668695745617363,0.2529015249281053,0.1111111111111111,0.16042040378299907,0.1111111111111111,0.1111111111111111,0.1111111111111111,0.1673597344439074,1,0
0.1111111111111111,0.05555555555555555,0.083631554056889,0.3333333333333333,-0.2278886360321305,0.45533257435354596,0.7659218601633497,-0.0953809513297535,0.25,0.47186486317693166,0.27295236848406923,0.33742708388807957,0.0836315540568891,0.3091352594538665,0.1111111111111111,0.3057862080103784,0.1111111111111111,0.1111111111111111,0.1111111111111111,0.9159689132265976,0,1
0.3333333333333333,0.05555555555555555,0.083631554056889,0.1111111111111111,-0.2040541577179534,0.0096341289758159,-0.2650012141948678,-0.222430806752854,0.25,-0.020363180020070946,-0.015781955055106312,0.034791834629782185,0.0836315540568891,-0.09634369408832952,0.1111111111111111,-0.031672403407900916,0.1111111111111111,0.1111111111111111,0.1111111111111111,0.4544096728511559,0,1
0.0,0.0,-0.4668695745617363,0.0,-0.2844958199592799,-0.5828964244887175,-1.2163208703955142,1.5129114345882186,0.0,-0.26626552996092573,-0.2221689412940948,-0.5739540108794664,-0.4668695745617363,-0.38617961722740235,0.0,-0.2728874586092021,0.0,0.0,0.0,0.3170934418812415,0,1
0.3333333333333333,0.1388888888888889,0.9093832469848272,0.4444444444444444,0.4796887097258397,0.2505142518560576,-0.5024036294373325,-0.3554890506588386,0.375,-0.1903938010314825,-0.15928541157707074,-2.476644085611099,0.9093832469848272,-1.8377883046032708,0.1111111111111111,-0.19615414354798336,0.1111111111111111,0.1111111111111111,0.1111111111111111,-0.9531238224996238,0,1
0.1111111111111111,0.0,-0.4668695745617363,0.1111111111111111,-0.2844958199592799,0.16481545962970515,0.36141449630092887,0.74923519556253,0.0,0.2438839229005706,0.21325393916057353,0.20593320357301978,-0.4668695745617363,0.2139407496668845,0.1111111111111111,0.23495795030387784,0.1111111111111111,0.1111111111111111,0.1111111111111111,0.1673597344439074,1,0
0.0,0.1111111111111111,0.6341326826755145,0.3333333333333333,-0.1995849654476854,-1.5640211033661209,-4.231166616082292,0.3608480215924758,0.25,-1.4978381506157068,-1.2558335710649353,-2.476644085611099,0.6341326826755145,-1.8377883046032708,0.3333333333333333,-1.4809843220475034,0.0,0.0,0.0,1.3273719327921307,0,1
0.1111111111111111,0.1111111111111111,0.6341326826755145,0.1111111111111111,-0.1753248079449351,-2.4349041406302154,-0.5454285623701993,1.1620705813604253,0.25,0.0009689888153921288,-0.22104007035793238,0.0005498882796469942,0.6341326826755145,0.0015416773234000606,0.3333333333333333,-0.16309645901177303,0.3333333333333333,0.1111111111111111,0.1111111111111111,0.9662521913648202,1,0
0.1111111111111111,0.0,-0.4668695745617363,0.0,-0.2844958199592799,0.0096341289758159,-0.649123719868043,0.4636163081257023,0.0,-1.4978381506157068,-0.14181595809853542,-0.06351905625755919,-0.4668695745617363,-1.8377883046032708,0.0,-0.1789748063130828,0.0,0.0,0.1111111111111111,1.0629938337787594,1,0
0.1111111111111111,0.0,-0.4668695745617363,0.1111111111111111,-0.2844958199592799,0.09434158572956174,-0.23053023776812961,-0.4950413083649336,0.0,-0.020363180020070946,-0.015781955055106312,-0.034586040962693326,-0.4668695745617363,-0.09634369408832952,0.1111111111111111,0.007237426191509312,0.1111111111111111,0.1111111111111111,0.1111111111111111,-0.9531238224996238,1,0
0.0,0.0,-0.4668695745617363,0.0,-0.2844958199592799,0.396675588752636,0.05289396051336311,1.2366750160392723,0.0,-1.4978381506157068,-1.2558335710649353,-2.476644085611099,-0.4668695745617363,0.36617670021222426,0.0,-1.4809843220475034,0.0,0.0,0.0,-0.2847917733012345,1,0
0.1111111111111111,0.05555555555555555,0.083631554056889,0.3333333333333333,0.4796657853361687,0.09397087625544337,-1.0078858692136146,1.5769583967038283,0.25,-1.4978381506157068,-1.2558335710649353,-2.476644085611099,0.0836315540568891,-1.8377883046032708,0.1111111111111111,-1.4809843220475034,0.1111111111111111,0.1111111111111111,0.1111111111111111,-1.666848273078999,0,1
0.0,0.0,-0.4668695745617363,0.0,-0.2844958199592799,-0.04411808868776136,1.8757801877297058,-0.222430806752854,0.0,-0.9664272818553127,0.33371963233296775,-2.476644085611099,-0.4668695745617363,-1.2573907469345689,0.0,1.0737893961039806,0.0,0.0,0.0,1.486110633212629,1,0
0.0,0.027777777777777776,-0.1916190102524236,0.0,-0.2462860203394923,-2.4349041406302154,1.0409821233285375,-0.6416298188340922,0.125,-1.4978381506157068,-1.2558335710649353,0.9808760608028969,-0.1916190102524235,0.6133827888783597,0.0,0.33687966201807745,0.2222222222222222,0.0,0.0,0.5191192900072952,1,0
0.1111111111111111,0.1388888888888889,0.9093832469848272,0.1111111111111111,0.4796887097258397,-0.12881500849105557,-0.4314373189492978,1.5769583967038283,0.25,0.09302658345236761,-0.0346731798337947,-0.08297964862498919,0.9093832469848272,-0.11733925494109011,0.3333333333333333,-1.4809843220475034,0.2222222222222222,0.3333333333333333,0.1111111111111111,-0.9531238224996238,1,0
0.1111111111111111,0.0,-0.4668695745617363,0.1111111111111111,-0.2844958199592799,0.051328588941306034,-0.11298753047536485,1.6391892378370123,0.0,-0.020363180020070946,0.10854127650719715,0.07950741572558931,-0.4668695745617363,0.005775291400744047,0.1111111111111111,-0.031672403407900916,0.1111111111111111,0.1111111111111111,0.1111111111111111,-0.9531238224996238,1,0
0.1111111111111111,0.05555555555555555,0.083631554056889,0.1111111111111111,-0.1669275222729985,0.29108273546070884,0.6293048551459112,-0.4950413083649336,0.25,0.35166879090265024,0.27338254217636726,0.35354377547848853,0.0836315540568891,0.31164287520684125,0.1111111111111111,0.3099395615779184,0.1111111111111111,0.3333333333333333,0.1111111111111111,0.0021753538983214,0,1
0.1111111111111111,0.0,-0.4668695745617363,0.1111111111111111,-0.2844958199592799,0.2711884731247592,0.6975112675956032,-0.7958621975017078,0.0,0.14322199774777064,0.5388576644625616,0.10848346083980917,-0.4668695745617363,0.12386790403924361,0.1111111111111111,-0.1037293645278738,0.0,0.1111111111111111,0.1111111111111111,-0.3945035917891138,1,0
0.1111111111111111,0.0,-0.4668695745617363,0.1111111111111111,-0.2844958199592799,-0.04260204376723723,-0.6569989910468251,-1.130080895470915,0.0,-1.4978381506157068,-1.2558335710649353,-0.015011832835351221,-0.4668695745617363,-0.09584057324942366,0.1111111111111111,-1.4809843220475034,0.1111111111111111,0.0,0.1111111111111111,-0.5135592262370264,1,0
0.0,0.027777777777777776,-0.1916190102524236,0.0,-0.269211854259697,-0.3564556978799671,1.5693596679336443,0.1423961078279921,0.125,0.8364170640772323,0.29700063922122183,0.628407104351693,-0.1916190102524235,0.8993054942573515,0.0,0.16308747552679556,0.2222222222222222,0.0,0.0,1.8373853869087895,1,0
0.1111111111111111,0.1388888888888889,0.9093832469848272,0.1111111111111111,-0.0456848708478014,-2.4349041406302154,0.4131806162585744,-1.130080895470915,0.25,-1.4978381506157068,0.2237522791285938,0.42394216408510343,0.9093832469848272,0.4276185991964999,0.3333333333333333,0.2589858554836899,0.2222222222222222,0.1111111111111111,0.3333333333333333,0.2439439807007004,0,1
0.8888888888888888,0.8888888888888888,8.341148483336271,0.8888888888888888,1.9386106998017067,-2.4349041406302154,-5.028059896155144,0.74923519556253,0.875,-1.4978381506157068,-1.2558335710649353,-2.476644085611099,8.34114848333627,-1.8377883046032708,0.3333333333333333,-1.4809843220475034,0.3333333333333333,0.8888888888888888,0.8888888888888888,-0.1828566844305228,0,1
0.0,0.0,-0.4668695745617363,0.0,-0.2844958199592799,-2.4349041406302154,-5.028059896155144,1.4469588684499963,0.0,-1.4978381506157068,-1.2558335710649353,-2.476644085611099,-0.4668695745617363,-1.8377883046032708,0.0,-1.4809843220475034,0.0,0.0,0.0,0.1673597344439074,1,0
0.1111111111111111,0.0,-0.4668695745617363,0.0,-0.2844958199592799,-0.5729083411369763,-1.0940227156596334,0.6575761498836257,0.0,-0.25962352200296185,-0.0924560232735743,-0.3351884823183917,-0.4668695745617363,-1.8377883046032708,0.0,-0.2663720580178166,0.0,0.0,0.0,-0.2847917733012345,0,1
0.1111111111111111,0.0,-0.4668695745617363,0.1111111111111111,-0.2844958199592799,0.269688548340856,-0.2150177760354202,0.5624443361818806,0.0,-0.13486887909161116,-0.015781955055106312,-0.11855058508097212,-0.4668695745617363,-0.24006037123132573,0.1111111111111111,-0.09761462245019431,0.1111111111111111,0.1111111111111111,0.1111111111111111,-1.3723900433022265,1,0
0.0,0.0,-0.4668695745617363,0.0,-0.2844958199592799,-0.2888353563911394,-0.7965978846761278,-0.3554890506588386,0.0,-0.22139741587053635,-0.1845109244123129,-0.12571885385223677,-0.4668695745617363,-0.3332952455651344,0.0,-0.22887460301959633,0.0,0.0,0.0,0.5191192900072952,1,0
0.0,0.0,-0.4668695745617363,0.0,-0.2844958199592799,-2.4349041406302154,-5.028059896155144,0.02609689719025,0.0,-1.4978381506157068,-1.2558335710649353,-2.476644085611099,-0.4668695745617363,-1.8377883046032708,0.0,-1.4809843220475034,0.0,0.0,0.0,0.1673597344439074,1,0
0.0,0.0,-0.4668695745617363,0.0,-0.2844958199592799,-2.4349041406302154,-0.4363457368166084,0.6575761498836257,0.0,-1.4978381506157068,0.20092761070071893,-2.476644085611099,-0.4668695745617363,0.16544191247502313,0.0,-1.4809843220475034,0.0,0.0,0.0,1.486110633212629,1,0
0.1111111111111111,0.1111111111111111,0.6341326826755145,0.1111111111111111,0.0975993105394455,-2.4349041406302154,-0.04652465216166876,-1.7090442746462755,0.25,0.12776328546361485,0.1812882605018963,0.055743076375645205,0.6341326826755145,0.07824744290209906,0.3333333333333333,0.11363053313180634,0.3333333333333333,0.1111111111111111,0.1111111111111111,-0.5135592262370264,0,1
0.3333333333333333,0.1111111111111111,0.6341326826755145,0.3333333333333333,-0.211715058639596,0.1607225259841257,-0.8707379835714645,-0.222430806752854,0.25,-1.4978381506157068,-1.2558335710649353,-2.476644085611099,0.6341326826755145,-1.8377883046032708,0.1111111111111111,-1.4809843220475034,0.1111111111111111,0.0,0.0,1.561142456786503,0,1
0.0,0.0,-0.4668695745617363,0.0,-0.2844958199592799,-0.2131146983687719,-1.6378921616938666,-0.3554890506588386,0.0,-1.4978381506157068,-1.2558335710649353,-2.476644085611099,-0.4668695745617363,-1.8377883046032708,0.0,-1.4809843220475034,0.0,0.0,0.0,-0.9531238224996238,1,0
0.1111111111111111,0.0,-0.4668695745617363,0.0,-0.2844958199592799,0.03792404477441859,0.5822663569787954,1.3790049371340838,0.0,0.214438587242051,0.27738356734502706,0.7108036730246189,-0.4668695745617363,0.07824744290209906,0.0,-0.031672403407900916,0.0,0.1111111111111111,0.1111111111111111,0.8643003776574393,1,0
0.3333333333333333,0.19444444444444442,1.4598843756034523,0.3333333333333333,1.498577642135315,-0.06208652614907963,-0.40079616864682605,-1.31171478496986,0.25,-0.0476719142218868,-1.2558335710649353,-0.1940527750620471,1.4598843756034523,-1.313637081798087,0.3333333333333333,0.20060187478420244,0.2222222222222222,0.1111111111111111,0.1111111111111111,-1.3723900433022265,0,1
0.0,0.16666666666666666,1.18463381129414,0.0,0.0211820675384221,-2.4349041406302154,1.6455795299402338,-0.222430806752854,0.25,1.0336941774728288,0.2799907094430656,-2.476644085611099,1.18463381129414,-1.8377883046032708,0.3333333333333333,-1.4809843220475034,0.3333333333333333,0.3333333333333333,0.0,0.1673597344439074,1,0
0.1111111111111111,0.0,-0.4668695745617363,0.1111111111111111,-0.2844958199592799,-0.08282810616588625,0.7477544378954062,0.3608480215924758,0.0,0.7138069025753654,-0.01668075456567136,-0.06552616346685829,-0.4668695745617363,-0.09634369408832952,0.1111111111111111,-0.031672403407900916,0.1111111111111111,0.1111111111111111,0.0,-1.3723900433022265,1,0
0.0,0.1111111111111111,0.6341326826755145,0.0,-0.1146745826604397,-2.4349041406302154,-1.0181240694113578,0.3608480215924758,0.25,-1.4978381506157068,0.018401349072927398,-2.476644085611099,0.6341326826755145,-1.8377883046032708,0.3333333333333333,0.031228908880156725,0.3333333333333333,0.0,0.0,0.3871513198050401,1,0
0.0,0.1111111111111111,0.6341326826755145,0.3333333333333333,0.0551447677567291,-0.2929268929199516,-1.0774532643588968,0.9229385817157996,0.25,-1.4978381506157068,-1.2558335710649353,-2.476644085611099,0.6341326826755145,-0.15890070935304007,0.0,-0.08373528687271306,0.3333333333333333,0.0,0.1111111111111111,-0.3945035917891138,1,0
0.0,0.0,-0.4668695745617363,0.0,-0.2844958199592799,-0.4947213291085484,-0.9963044491650136,-1.130080895470915,0.0,-0.20762968716860375,-1.2558335710649353,-0.4833659008213198,-0.4668695745617363,-0.3170677375367942,0.0,-0.035478982298581895,0.0,0.0,0.0,-1.666848273078999,1,0
0.1111111111111111,0.0,-0.4668695745617363,0.1111111111111111,-0.2844958199592799,-0.02369570739551127,-0.22646189219682383,0.74923519556253,0.0,-0.011778499179202916,-0.002313897994419707,0.032804513559662594,-0.4668695745617363,0.008115419874778342,0.1111111111111111,-0.020253038243862632,0.1111111111111111,0.1111111111111111,0.1111111111111111,-0.9531238224996238,1,0
0.0,0.08333333333333333,0.3588821183662018,0.0,0.861746587983893,-2.4349041406302154,0.14086071569503353,-1.7090442746462755,0.25,-0.020363180020070946,-0.07844897203268514,-0.3783677660251823,0.3588821183662018,0.5225042402305945,0.3333333333333333,-0.0682081747173619,0.2222222222222222,0.1111111111111111,0.1111111111111111,-1.666848273078999,0,1
0.0,0.0,-0.4668695745617363,0.0,-0.2844958199592799,0.12573256715338607,0.2792090457855628,1.0053451065944692,0.0,0.47318346748340206,-1.2558335710649353,-0.504636039758671,-0.4668695745617363,-0.22916569983464,0.0,0.274153556109928,0.1111111111111111,0.0,0.0,0.3170934418812415,1,0
0.3333333333333333,0.3333333333333333,2.8361371971500167,0.3333333333333333,0.6325347857855188,0.0096341289758159,-0.3346827978395721,1.0053451065944692,0.25,-1.4978381506157068,-1.2558335710649353,-0.13387036432829214,2.836137197150016,-0.01160329552774256,0.3333333333333333,0.16864486108146495,0.3333333333333333,0.3333333333333333,0.3333333333333333,-0.2847917733012345,0,1
0.1111111111111111,0.0,-0.4668695745617363,0.1111111111111111,-0.2844958199592799,1.1190788506094993,1.2258115334558424,-0.4950413083649336,0.0,0.12914815757780418,0.1824210687319908,0.16979797490495446,-0.4668695745617363,0.18482117078294227,0.1111111111111111,0.11519722477629865,0.1111111111111111,0.1111111111111111,0.1111111111111111,-0.5135592262370264,1,0
0.0,0.0,-0.4668695745617363,0.1111111111111111,-0.2844958199592799,0.5270853668270672,0.06500553073846307,-1.9271995283231864,0.0,-1.4978381506157068,-1.2558335710649353,-0.14082037095110164,-0.4668695745617363,0.07824744290209906,0.1111111111111111,-1.4809843220475034,0.1111111111111111,0.0,0.0,-0.9531238224996238,1,0
0.0,0.0,-0.4668695745617363,0.0,-0.2844958199592799,0.24860886393122,0.38344154516105805,0.8376265013727084,0.0,0.17868724336576913,0.3225308677172867,0.0104722896034069,-0.4668695745617363,0.18515109682036698,0.0,0.20342236012512438,0.0,0.0,0.0,1.1095988810204689,1,0
0.0,0.027777777777777776,-0.1916190102524236,0.0,-0.2590225777575635,-2.4349041406302154,-5.028059896155144,0.6575761498836257,0.125,-1.4978381506157068,-1.2558335710649353,-2.476644085611099,-0.1916190102524235,-1.8377883046032708,0.0,-1.4809843220475034,0.2222222222222222,0.0,0.0,1.0629938337787594,0,1
0.1111111111111111,0.1111111111111111,0.6341326826755145,0.1111111111111111,-0.0661545757179635,0.13997425265217076,0.2895959161969545,1.0850063694144667,0.25,0.12776328546361485,0.14857534644596138,0.16869886832993028,0.6341326826755145,0.3091352594538665,0.1111111111111111,0.19865366409457927,0.1111111111111111,0.3333333333333333,0.3333333333333333,0.0869332819236188,0,1
0.1111111111111111,0.0,-0.4668695745617363,0.1111111111111111,-0.2844958199592799,0.08136281572751122,0.9861057151624717,-1.130080895470915,0.0,0.12776328546361485,0.6461596890355495,0.034791834629782185,-0.4668695745617363,0.07824744290209906,0.1111111111111111,0.28368844135924903,0.1111111111111111,0.1111111111111111,0.1111111111111111,-0.2847917733012345,1,0
0.3333333333333333,0.1111111111111111,0.6341326826755145,0.1111111111111111,-0.1146745826604397,-0.08282810616588625,-0.5757926869969202,-0.95842191396722,0.25,-1.4978381506157068,-1.2558335710649353,0.21961315785587668,0.6341326826755145,-1.8377883046032708,0.1111111111111111,-1.4809843220475034,0.3333333333333333,0.1111111111111111,0.1111111111111111,0.3871513198050401,0,1
0.3333333333333333,0.16666666666666666,1.18463381129414,0.4444444444444444,-0.1316563667489812,-0.07022334055353771,-0.9403370601525999,0.4636163081257023,0.375,-0.22139741587053635,-0.12622845462244348,-2.476644085611099,1.18463381129414,-1.8377883046032708,0.0,-0.22887460301959633,0.2222222222222222,0.0,0.0,1.0629938337787594,1,0
0.1111111111111111,0.0,-0.4668695745617363,0.1111111111111111,-0.2844958199592799,0.2481498860704566,0.2697737800062164,1.0053451065944692,0.0,0.12776328546361485,0.10854127650719715,0.25535628738857397,-0.4668695745617363,0.24353148867454516,0.1111111111111111,0.11363053313180634,0.1111111111111111,0.1111111111111111,0.1111111111111111,-0.2847917733012345,1,0
0.1111111111111111,0.08333333333333333,0.3588821183662018,0.1111111111111111,-0.1698664210999171,-2.4349041406302154,0.2530162660687228,-0.6416298188340922,0.25,0.22144857130416912,0.17705195728437265,0.269854902491498,0.3588821183662018,0.18040838650574129,0.3333333333333333,0.27897516657095944,0.2222222222222222,0.1111111111111111,0.1111111111111111,0.5191192900072952,0,1
0.0,0.0,-0.4668695745617363,0.1111111111111111,-0.2844958199592799,-0.18016479727277124,0.006010933531714253,-0.95842191396722,0.0,0.14696702787393595,-0.061249333332234875,-0.18622478088858616,-0.4668695745617363,-0.020204480265315877,0.1111111111111111,0.32963059030568115,0.1111111111111111,0.0,0.0,1.3273719327921307,1,0
0.1111111111111111,0.05555555555555555,0.083631554056889,0.1111111111111111,0.2249537406391757,-0.08282810616588625,-0.2567850406009787,1.6391892378370123,0.25,0.12776328546361485,0.05693515131531388,-0.060200737786788555,0.0836315540568891,0.022032598257449288,0.1111111111111111,-1.4809843220475034,0.1111111111111111,0.3333333333333333,0.1111111111111111,-1.3723900433022265,1,0
0.1111111111111111,0.0,-0.4668695745617363,0.1111111111111111,-0.2844958199592799,0.5488416372394338,0.6792238932008211,0.6575761498836257,0.0,0.10760500091082818,0.10854127650719715,0.5983105583578366,-0.4668695745617363,0.3465395667932836,0.1111111111111111,0.11363053313180634,0.1111111111111111,0.1111111111111111,0.1111111111111111,1.0152348983243975,1,0
0.1111111111111111,0.16666666666666666,1.18463381129414,0.3333333333333333,4.300244586254379,0.13997425265217076,-0.7232900808057157,-0.0953809513297535,0.25,-1.4978381506157068,-1.2558335710649353,-2.476644085611099,1.18463381129414,-0.09634369408832952,0.3333333333333333,-1.4809843220475034,0.3333333333333333,0.1111111111111111,0.1111111111111111,-2.102083711231995,0,1
0.3333333333333333,0.16666666666666666,1.18463381129414,0.1111111111111111,-0.101088598377995,0.5105916264729294,0.9775343135797946,-1.130080895470915,0.25,0.214438587242051,0.43006921587535435,0.5918285295631827,1.18463381129414,0.530157312742273,0.1111111111111111,0.3057862080103784,0.1111111111111111,0.3333333333333333,0.3333333333333333,0.8111528623165425,0,1
0.1111111111111111,0.027777777777777776,-0.1916190102524236,0.0,-0.2572030669556937,0.3088049825494304,1.2023462707578552,-0.7958621975017078,0.125,0.29249669602588063,0.6836802390836514,0.3307536368157761,-0.1916190102524235,-1.8377883046032708,0.0,0.4487892222296892,0.2222222222222222,0.0,0.0,0.9662521913648202,1,0
0.1111111111111111,0.027777777777777776,-0.1916190102524236,0.1111111111111111,-0.1571313071385413,0.6274931589922003,0.9355211651627895,0.6575761498836257,0.125,0.6754927875721165,0.10854127650719715,0.16869886832993028,-0.1916190102524235,0.1820826766643028,0.0,0.05331580804312823,0.2222222222222222,0.1111111111111111,0.0,-0.7891132362483021,1,0
0.1111111111111111,0.05555555555555555,0.083631554056889,0.1111111111111111,0.0211779919147679,0.0096341289758159,-0.22490377837556208,1.3089470244281944,0.25,-1.4978381506157068,-0.015781955055106312,-0.060200737786788555,0.0836315540568891,0.07824744290209906,0.1111111111111111,0.11363053313180634,0.1111111111111111,0.1111111111111111,0.3333333333333333,-0.9531238224996238,1,0
0.1111111111111111,0.1388888888888889,0.9093832469848272,0.3333333333333333,-0.0722192733357296,-0.2131146983687719,-1.5733736971041308,-0.222430806752854,0.25,-1.4978381506157068,-1.2558335710649353,-2.476644085611099,0.9093832469848272,-0.6671070807379125,0.3333333333333333,-1.4809843220475034,0.2222222222222222,0.0,0.1111111111111111,0.3871513198050401,0,1
0.1111111111111111,0.05555555555555555,0.083631554056889,0.1111111111111111,1.24375098211194,-0.12881500849105557,-0.5254019068435359,-1.504321540361816,0.25,-1.4978381506157068,-0.18177752305139036,-0.13387036432829214,0.0836315540568891,0.07824744290209906,0.1111111111111111,-0.17687068600338346,0.1111111111111111,0.1111111111111111,0.3333333333333333,-2.102083711231995,1,0
0.1111111111111111,0.0,-0.4668695745617363,0.0,-0.2844958199592799,-0.27065710253046665,-0.8341914451960472,-1.7090442746462755,0.0,-1.4978381506157068,-0.1845109244123129,-0.03560608231555398,-0.4668695745617363,-1.8377883046032708,0.0,-0.16075689160850876,0.0,0.0,0.1111111111111111,-0.9531238224996238,1,0
0.0,0.0,-0.4668695745617363,0.0,-0.2844958199592799,-0.8480245309256812,0.40005394030085745,0.02609689719025,0.0,0.019657398593813314,0.47962553575171424,0.08080278666650652,-0.4668695745617363,-0.03994631750056419,0.0,-0.0021984358342072626,0.0,0.0,0.0,1.8373853869087895,0,1
0.1111111111111111,0.05555555555555555,0.083631554056889,0.3333333333333333,0.4796657853361687,0.26976013218827133,-0.4959266176040109,-1.7090442746462755,0.25,-0.4248654346694974,-1.2558335710649353,-2.476644085611099,0.0836315540568891,-0.09634369408832952,0.1111111111111111,-1.4809843220475034,0.1111111111111111,0.1111111111111111,0.1111111111111111,-1.666848273078999,0,1
0.1111111111111111,0.0,-0.4668695745617363,0.1111111111111111,-0.2844958199592799,0.3323293432228687,0.6183393579878068,1.0850063694144667,0.0,0.31492470755012675,0.27295236848406923,0.3784416058114561,-0.4668695745617363,0.29008675168904885,0.1111111111111111,0.2993978021609803,0.1111111111111111,0.1111111111111111,0.1111111111111111,0.1673597344439074,1,0
0.3333333333333333,0.16666666666666666,1.18463381129414,0.1111111111111111,0.0430160464026946,0.30420801898878946,0.46182459082024946,-0.95842191396722,0.25,0.4241497408825051,-1.2558335710649353,0.4926873395741765,1.18463381129414,-1.8377883046032708,0.1111111111111111,0.19865366409457927,0.1111111111111111,0.3333333333333333,0.3333333333333333,0.0869332819236188,0,1
0.1111111111111111,0.0,-0.4668695745617363,0.1111111111111111,-0.2844958199592799,0.5857128759064493,1.5433002711255852,-0.3554890506588386,0.0,0.49224552210794104,0.470118235455667,1.024398316315675,-0.4668695745617363,0.5860216664245851,0.1111111111111111,0.6816248233933566,0.1111111111111111,0.1111111111111111,0.1111111111111111,1.561142456786503,1,0
0.1111111111111111,0.2222222222222222,1.7351349399127654,0.1111111111111111,2.7721506012225148,-2.4349041406302154,-0.660295692859604,-1.504321540361816,0.25,-1.4978381506157068,-1.2558335710649353,-0.1074461255133846,1.7351349399127651,0.005775291400744047,0.3333333333333333,0.06684590165054824,0.3333333333333333,0.3333333333333333,0.3333333333333333,-1.666848273078999,0,1
0.3333333333333333,0.3333333333333333,2.8361371971500167,0.3333333333333333,2.7722015436314544,-0.2131146983687719,-0.3814908206885813,-1.9271995283231864,0.25,0.1754623776158648,-0.9065623779158363,0.06641653765401391,2.836137197150016,-1.8377883046032708,0.3333333333333333,-0.03146293855160058,0.3333333333333333,0.3333333333333333,0.3333333333333333,-1.3723900433022265,0,1
0.3333333333333333,0.2777777777777778,2.2856360685313915,0.3333333333333333,0.6707420062875338,0.2773988829603999,0.300239688319546,-0.6416298188340922,0.25,-1.4978381506157068,0.3144271790189087,0.14591209917705136,2.2856360685313906,0.1134598899578306,0.3333333333333333,0.18418539902762215,0.3333333333333333,0.1111111111111111,0.3333333333333333,-0.5135592262370264,0,1
0.1111111111111111,0.05555555555555555,0.083631554056889,0.1111111111111111,-0.2420403927034826,-2.4349041406302154,-2.0085244155019844,0.02609689719025,0.25,-1.4978381506157068,-0.18042627536073494,-0.7785468623026306,0.0836315540568891,-1.8377883046032708,0.3333333333333333,-1.4809843220475034,0.0,0.0,0.1111111111111111,1.3273719327921307,1,0
0.0,0.027777777777777776,-0.1916190102524236,0.0,-0.2737324574657663,-2.4349041406302154,-5.028059896155144,1.5129114345882186,0.125,-1.4978381506157068,-1.2558335710649353,-2.476644085611099,-0.1916190102524235,-1.8377883046032708,0.0,-1.4809843220475034,0.2222222222222222,0.0,0.0,2.43337711773284,0,1
0.1111111111111111,0.0,-0.4668695745617363,0.1111111111111111,-0.2844958199592799,0.2481498860704566,0.300239688319546,-1.31171478496986,0.0,0.214438587242051,0.1812882605018963,0.16869886832993028,-0.4668695745617363,0.18040838650574129,0.1111111111111111,0.16864486108146495,0.1111111111111111,0.1111111111111111,0.1111111111111111,-0.3945035917891138,1,0
0.1111111111111111,0.0,-0.4668695745617363,0.1111111111111111,-0.2844958199592799,0.36283016970125886,0.7693957905944278,-0.3554890506588386,0.0,0.3236529324331165,0.2799907094430656,0.33742708388807957,-0.4668695745617363,0.3752560712052453,0.1111111111111111,0.46140713546779055,0.1111111111111111,0.1111111111111111,0.1111111111111111,0.6417328970763176,1,0
0.1111111111111111,0.05555555555555555,0.083631554056889,0.1111111111111111,-0.0661561352760001,0.06703248366894908,0.1341293189228295,0.3608480215924758,0.25,-1.4978381506157068,0.10719070664972187,0.11085280978749044,0.0836315540568891,0.3529744837312432,0.1111111111111111,0.08943258073734779,0.1111111111111111,0.1111111111111111,0.3333333333333333,-0.6440902286753902,1,0
0.0,0.0,-0.4668695745617363,0.0,-0.2844958199592799,0.09953799120194902,0.6215835489450211,-1.130080895470915,0.0,0.3236529324331165,0.28669696074197043,0.5131031692505524,-0.4668695745617363,0.2529015249281053,0.0,0.3057862080103784,0.0,0.0,0.0,1.3273719327921307,1,0
0.1111111111111111,0.0,-0.4668695745617363,0.1111111111111111,-0.2844958199592799,-0.012312336475528375,-0.33404014502269297,-0.222430806752854,0.0,-0.12946365119646047,-0.10735048804702164,0.0809464037658137,-0.4668695745617363,-0.04237391369570947,0.1111111111111111,-0.1386932439311027,0.1111111111111111,0.1111111111111111,0.1111111111111111,-0.9531238224996238,1,0
0.3333333333333333,0.19444444444444442,1.4598843756034523,0.3333333333333333,1.498577642135315,-2.4349041406302154,-1.0828356361830347,0.9229385817157996,0.375,-0.24569901810638894,-0.19686166059755505,-0.1482068947908121,1.4598843756034523,-0.6720016705797187,0.4444444444444444,-0.24620309161875784,0.0,0.1111111111111111,0.1111111111111111,-1.3723900433022265,0,1
0.0,0.0,-0.4668695745617363,0.0,-0.2844958199592799,-2.4349041406302154,-2.2549842105997318,0.4636163081257023,0.0,-1.4978381506157068,-1.2558335710649353,-2.476644085611099,-0.4668695745617363,-1.8377883046032708,0.0,-0.22887460301959633,0.0,0.0,0.0,-0.5135592262370264,0,1
0.1111111111111111,0.0,-0.4668695745617363,0.1111111111111111,-0.2844958199592799,-0.024230948184563922,-0.5446712551415699,-0.7958621975017078,0.0,-0.16838295792244487,-0.14001564323410587,-0.038891540158578077,-0.4668695745617363,-0.27080908240809903,0.1111111111111111,-0.25696334947661975,0.1111111111111111,0.1111111111111111,0.1111111111111111,-0.9531238224996238,1,0
0.0,0.0,-0.4668695745617363,0.0,-0.2844958199592799,0.19832123113362407,0.5056419933648467,0.5624443361818806,0.0,0.26970627842843103,0.20991966580956267,0.37908285920187135,-0.4668695745617363,0.32978753671742406,0.0,0.2335421134143391,0.0,0.0,0.0,0.9662521913648202,1,0
0.0,0.027777777777777776,-0.1916190102524236,0.0,-0.2420405106345698,-2.4349041406302154,-0.4552487516460558,-0.4950413083649336,0.125,0.12776328546361485,0.10854127650719715,-0.1940527750620471,-0.1916190102524235,-1.8377883046032708,0.0,-0.031672403407900916,0.2222222222222222,0.0,0.0,0.3871513198050401,1,0
0.1111111111111111,0.0,-0.4668695745617363,0.1111111111111111,-0.2844958199592799,0.8217492689856853,1.0015820714727937,0.2538723316408949,0.0,0.36295675613235856,0.3102776052607857,0.38076749455651904,-0.4668695745617363,0.3366134795080822,0.1111111111111111,0.3373132392364718,0.1111111111111111,0.1111111111111111,0.1111111111111111,0.5191192900072952,1,0
0.1111111111111111,0.05555555555555555,0.083631554056889,0.1111111111111111,0.4796657853361687,-0.06714785871571029,-0.28344402564916354,-1.7090442746462755,0.25,-0.11468542767022451,0.10854127650719715,-0.08297964862498919,0.0836315540568891,-0.030269367775838486,0.1111111111111111,-0.06279104414039147,0.3333333333333333,0.1111111111111111,0.1111111111111111,-1.666848273078999,0,1
0.1111111111111111,0.0,-0.4668695745617363,0.1111111111111111,-0.2844958199592799,0.5745895413616111,0.1075940141604836,1.5129114345882186,0.0,-1.4978381506157068,-1.2558335710649353,-0.060200737786788555,-0.4668695745617363,-0.10688536464147705,0.1111111111111111,-1.4809843220475034,0.1111111111111111,0.0,0.1111111111111111,-1.3723900433022265,1,0
0.0,0.027777777777777776,-0.1916190102524236,0.0,-0.2632681063313813,-2.4349041406302154,-5.028059896155144,-0.6416298188340922,0.125,-1.4978381506157068,-1.2558335710649353,-2.476644085611099,-0.1916190102524235,-1.8377883046032708,0.0,-1.4809843220475034,0.2222222222222222,0.0,0.0,1.3273719327921307,1,0
0.1111111111111111,0.1111111111111111,0.6341326826755145,0.1111111111111111,0.3268518037888158,-1.073255995657682,-0.5597263761678469,1.5129114345882186,0.25,-1.4978381506157068,0.05147172991852258,-0.05800689750988284,0.6341326826755145,0.04083618338256,0.3333333333333333,-0.24216320541302389,0.3333333333333333,0.1111111111111111,0.1111111111111111,-0.9531238224996238,1,0
0.3333333333333333,0.16666666666666666,1.18463381129414,0.1111111111111111,0.6325256156628638,0.8583985892333822,0.9344291012844071,-0.4950413083649336,0.25,0.12776328546361485,0.27295236848406923,0.6530789337202222,1.18463381129414,-1.8377883046032708,0.1111111111111111,-0.031672403407900916,0.1111111111111111,0.3333333333333333,0.3333333333333333,-0.9531238224996238,0,1
0.0,0.0,-0.4668695745617363,0.0,-0.2844958199592799,0.3647003527839023,1.2866882672270719,1.3790049371340838,0.0,0.05456350937976096,0.27295236848406923,0.2683112057194897,-0.4668695745617363,0.9587978162159532,0.0,-0.005687182925108412,0.0,0.1111111111111111,0.1111111111111111,0.5814972662319737,1,0
0.1111111111111111,0.1111111111111111,0.6341326826755145,0.1111111111111111,0.0211810486223196,-2.4349041406302154,0.28586575620272703,1.5129114345882186,0.25,0.25406944149657135,0.20379951016410267,0.27460302385729995,0.6341326826755145,0.2498592335544538,0.3333333333333333,0.2185142480175868,0.3333333333333333,0.1111111111111111,0.1111111111111111,-0.2847917733012345,0,1
0.0,0.027777777777777776,-0.1916190102524236,0.0,-0.2526542937416511,-0.696009428330851,0.13100068389753539,1.9258553163226204,0.125,-1.4978381506157068,0.3333354774730562,0.017853675089789346,-0.1916190102524235,-1.8377883046032708,0.0,0.3232829551964475,0.2222222222222222,0.0,0.0,0.7564222381735122,1,0
0.0,0.0,-0.4668695745617363,0.0,-0.2844958199592799,0.06283747218401088,-0.20278910554807467,-1.504321540361816,0.0,0.2830399071466619,0.13314678911561498,-2.476644085611099,-0.4668695745617363,-1.8377883046032708,0.0,-1.4809843220475034,0.0,0.1111111111111111,0.0,0.6999923241170234,1,0
0.1111111111111111,0.16666666666666666,1.18463381129414,0.3333333333333333,1.243852861836087,0.1802129145795076,-0.1991117407017956,0.6575761498836257,0.25,0.066276523690121,-0.009094303334952219,-2.476644085611099,1.18463381129414,0.07824744290209906,0.3333333333333333,-0.053751546627400455,0.3333333333333333,0.1111111111111111,0.1111111111111111,-1.3723900433022265,1,0
0.3333333333333333,0.19444444444444442,1.4598843756034523,0.3333333333333333,0.60705576978589,-2.4349041406302154,-0.11740473814974728,-0.3554890506588386,0.25,-0.020363180020070946,-0.015781955055106312,0.16869886832993028,1.4598843756034523,-1.8377883046032708,0.3333333333333333,0.3057862080103784,0.2222222222222222,0.1111111111111111,0.1111111111111111,-0.7891132362483021,0,1
0.1111111111111111,0.0,-0.4668695745617363,0.1111111111111111,-0.2844958199592799,0.61362120221367,1.2009126299718649,0.1423961078279921,0.0,0.46535165651756244,0.41445291328806366,0.5608737646357244,-0.4668695745617363,0.47089929258657703,0.1111111111111111,0.5986575069612913,0.1111111111111111,0.1111111111111111,0.1111111111111111,1.1095988810204689,1,0
0.0,0.027777777777777776,-0.1916190102524236,0.0,-0.2208130328678629,-2.4349041406302154,-5.028059896155144,-0.7958621975017078,0.125,-1.4978381506157068,-1.2558335710649353,-2.476644085611099,-0.1916190102524235,-1.8377883046032708,0.0,-1.4809843220475034,0.2222222222222222,0.0,0.0,-0.0875094222424097,0,1
0.1111111111111111,0.1111111111111111,0.6341326826755145,0.1111111111111111,-0.0297646715936118,-2.4349041406302154,0.26755887628083247,-1.31171478496986,0.25,0.272386000952281,0.10854127650719715,0.33742708388807957,0.6341326826755145,0.19334175121249722,0.3333333333333333,0.24833870910986947,0.3333333333333333,0.1111111111111111,0.1111111111111111,-0.0875094222424097,0,1
0.0,0.0,-0.4668695745617363,0.1111111111111111,-0.2844958199592799,0.27033223006329665,-0.2566217529609218,-1.130080895470915,0.0,-1.4978381506157068,0.20178334479930826,-2.476644085611099,-0.4668695745617363,-1.8377883046032708,0.1111111111111111,-0.3312611711923831,0.1111111111111111,0.0,0.0,-0.9531238224996238,1,0
0.1111111111111111,0.1388888888888889,0.9093832469848272,0.3333333333333333,0.9891280815368592,0.0096341289758159,-0.2989254434999257,-1.504321540361816,0.25,-0.020363180020070946,0.05693515131531388,-2.476644085611099,0.9093832469848272,0.07824744290209906,0.3333333333333333,-0.011697378387615939,0.2222222222222222,0.1111111111111111,0.1111111111111111,-1.3723900433022265,0,1
0.0,0.0,-0.4668695745617363,0.1111111111111111,-0.2844958199592799,-0.09161540606706751,0.07033401112928495,1.0850063694144667,0.0,-0.5108694033197995,-0.26053029706890873,0.3393374357004491,-0.4668695745617363,0.3314537720242779,0.0,-0.036978175257168934,0.0,0.0,0.1111111111111111,0.5191192900072952,1,0
0.3333333333333333,0.3611111111111111,3.111387761459329,0.3333333333333333,3.026926323930682,-2.4349041406302154,0.22279254580123545,-1.31171478496986,0.375,-1.4978381506157068,0.4805240422790004,-2.476644085611099,3.1113877614593286,-0.14386638314896705,0.3333333333333333,-1.4809843220475034,0.3333333333333333,0.3333333333333333,0.4444444444444444,-1.3723900433022265,0,1
0.0,0.0,-0.4668695745617363,0.0,-0.2844958199592799,-0.19989679268035127,-0.45723540580071587,-0.7958621975017078,0.0,0.0866461738814739,-0.10089754224503887,-0.18047314591531022,-0.4668695745617363,-0.09533845464392833,0.0,-0.13115135523840257,0.0,0.0,0.0,-0.2847917733012345,1,0
0.3333333333333333,0.19444444444444442,1.4598843756034523,0.3333333333333333,-0.1953393236596071,-2.4349041406302154,-0.08513008977797318,0.4636163081257023,0.25,0.066276523690121,0.1812882605018963,0.2637189492662903,1.4598843756034523,-1.8377883046032708,0.3333333333333333,0.11363053313180634,0.2222222222222222,0.1111111111111111,0.1111111111111111,2.140314080450793,0,1
0.1111111111111111,0.0,-0.4668695745617363,0.1111111111111111,-0.2844958199592799,0.004776175070544459,-0.26392732643442585,-1.7090442746462755,0.0,-0.06564077290971382,-0.1026345547097686,0.034791834629782185,-0.4668695745617363,-0.21749787014544092,0.1111111111111111,0.11363053313180634,0.1111111111111111,0.1111111111111111,0.1111111111111111,-0.7891132362483021,1,0
0.1111111111111111,0.0,-0.4668695745617363,0.0,-0.2844958199592799,0.07761207039063552,0.2339198511431092,-0.6416298188340922,0.0,0.21839244898306953,0.18283662347702082,0.3984783081391995,-0.4668695745617363,-1.8377883046032708,0.0,0.1552404113136291,0.0,0.0,0.0,-0.9531238224996238,1,0
0.0,0.1111111111111111,0.6341326826755145,0.0,-0.1995849654476854,-2.4349041406302154,-5.028059896155144,1.0850063694144667,0.25,-1.4978381506157068,-1.2558335710649353,-2.476644085611099,0.6341326826755145,-1.8377883046032708,0.3333333333333333,-1.4809843220475034,0.3333333333333333,0.0,0.0,1.3273719327921307,0,1
0.3333333333333333,0.3333333333333333,2.8361371971500167,0.3333333333333333,4.300473811813412,-0.2131146983687719,0.07620860033444504,-1.7090442746462755,0.375,0.3236529324331165,-0.0346731798337947,-0.060200737786788555,2.836137197150016,-1.8377883046032708,0.3333333333333333,0.3057862080103784,0.2222222222222222,0.4444444444444444,0.3333333333333333,-1.666848273078999,0,1
0.3333333333333333,0.05555555555555555,0.083631554056889,0.1111111111111111,0.0211779919147679,-0.08239988981341871,-0.4385986955293377,-1.7090442746462755,0.25,-0.16838295792244487,-0.14001564323410587,0.12785211906235294,0.0836315540568891,-0.27080908240809903,0.1111111111111111,-0.17687068600338346,0.0,0.1111111111111111,0.1111111111111111,-0.9531238224996238,0,1
0.0,0.027777777777777776,-0.1916190102524236,0.0,-0.2420405106345698,-2.4349041406302154,-5.028059896155144,-0.3554890506588386,0.125,-1.4978381506157068,-1.2558335710649353,-2.476644085611099,-0.1916190102524235,-1.8377883046032708,0.0,-1.4809843220475034,0.2222222222222222,0.0,0.0,0.3871513198050401,1,0
0.1111111111111111,0.05555555555555555,0.083631554056889,0.1111111111111111,-0.1455516624742182,0.13997425265217076,0.07620860033444504,-1.31171478496986,0.25,-0.12946365119646047,0.27295236848406923,0.0,0.0836315540568891,0.07824744290209906,0.1111111111111111,-0.031672403407900916,0.3333333333333333,0.1111111111111111,0.1111111111111111,-0.1828566844305228,0,1
0.3333333333333333,0.3333333333333333,2.8361371971500167,0.3333333333333333,0.3705279127646692,0.47132720481592627,0.422287058427118,0.02609689719025,0.25,0.2534171714435722,0.21400316754995638,0.21961315785587668,2.836137197150016,0.21925214039343546,0.3333333333333333,-1.4809843220475034,0.3333333333333333,0.3333333333333333,0.3333333333333333,0.0869332819236188,0,1
0.1111111111111111,0.05555555555555555,0.083631554056889,0.3333333333333333,-0.2080762207197047,0.04085427400563852,-0.330379765470599,-0.95842191396722,0.25,-0.017603716370037173,-0.9669557417118418,-0.1927351616237806,0.0836315540568891,-0.09533845464392833,0.1111111111111111,0.1155091639209971,0.1111111111111111,0.1111111111111111,0.1111111111111111,0.5191192900072952,0,1
0.3333333333333333,0.41666666666666663,3.6618888900779543,0.3333333333333333,3.536375884529138,0.13997425265217076,-0.15133418564170553,1.6996876816479582,0.5,-1.4978381506157068,-0.015781955055106312,0.034791834629782185,3.661888890077954,0.21925214039343546,0.3333333333333333,-1.4809843220475034,0.3333333333333333,0.4444444444444444,0.5555555555555556,-1.3723900433022265,0,1
0.1111111111111111,0.1388888888888889,0.9093832469848272,0.3333333333333333,-0.0115692646576344,0.4123958978726874,0.5685411528165828,0.5624443361818806,0.25,0.3320388515893662,0.27295236848406923,-2.476644085611099,0.9093832469848272,0.35508346069795704,0.3333333333333333,0.3057862080103784,0.2222222222222222,0.1111111111111111,0.1111111111111111,0.0869332819236188,0,1
0.3333333333333333,0.2222222222222222,1.7351349399127654,0.3333333333333333,0.3268579172039191,0.18953232746223397,-0.22490377837556208,1.3089470244281944,0.25,-1.4978381506157068,-1.2558335710649353,0.034791834629782185,1.7351349399127651,-0.09634369408832952,0.1111111111111111,0.11363053313180634,0.1111111111111111,0.3333333333333333,0.3333333333333333,-0.2847917733012345,0,1
0.0,0.0,-0.4668695745617363,0.0,-0.2844958199592799,0.5560626821572658,0.7243252849199471,0.3608480215924758,0.0,0.21923027754021632,0.19520828654665148,0.575301608427886,-0.4668695745617363,0.35415768402366693,0.0,0.13179631348480716,0.0,0.0,0.0,0.1673597344439074,1,0
0.1111111111111111,0.08333333333333333,0.3588821183662018,0.1111111111111111,-0.0934474586850288,-2.4349041406302154,0.6094871959838606,1.5769583967038283,0.25,0.3011257616335053,0.2618486501379135,0.4031137305813003,0.3588821183662018,0.34215650631874583,0.3333333333333333,0.4290728839133621,0.2222222222222222,0.1111111111111111,0.1111111111111111,-0.0875094222424097,1,0
0.1111111111111111,0.1388888888888889,0.9093832469848272,0.1111111111111111,1.6259081932793418,-2.4349041406302154,-0.2926893565317833,-1.7090442746462755,0.25,-1.4978381506157068,0.14857534644596138,-0.043881809452999555,0.9093832469848272,0.12376276808084535,0.3333333333333333,0.006539905894159156,0.2222222222222222,0.1111111111111111,0.3333333333333333,-1.666848273078999,0,1
0.0,0.0,-0.4668695745617363,0.0,-0.2844958199592799,-0.31818782496718123,0.5591454334317952,0.6575761498836257,0.0,0.36508116564535387,-1.2558335710649353,0.6677770566671215,-0.4668695745617363,0.4086526016896813,0.0,-1.4809843220475034,0.0,0.0,0.0,1.8373853869087895,1,0
0.1111111111111111,0.05555555555555555,0.083631554056889,0.3333333333333333,0.4796657853361687,0.05455926907629866,-0.7396833553749116,-1.9271995283231864,0.25,0.066276523690121,-1.2558335710649353,-2.476644085611099,0.0836315540568891,-0.6695424953997406,0.1111111111111111,-1.4809843220475034,0.1111111111111111,0.1111111111111111,0.1111111111111111,-1.666848273078999,0,1
0.0,0.1111111111111111,0.6341326826755145,0.3333333333333333,-0.1316566214801296,-2.4349041406302154,-3.039732444499388,-0.7958621975017078,0.25,-1.4978381506157068,-1.2558335710649353,-1.3757132662584144,0.6341326826755145,-0.7063671058027888,0.3333333333333333,-1.4809843220475034,0.0,0.0,0.0,0.5191192900072952,0,1
0.1111111111111111,0.08333333333333333,0.3588821183662018,0.1111111111111111,2.00787438314755,-2.0816009388130823,-0.7206517656209128,1.4469588684499963,0.25,-0.28164738747805435,-0.015781955055106312,-0.11230678732209605,0.3588821183662018,-0.06467616788376504,0.3333333333333333,-0.2802961560058283,0.2222222222222222,0.1111111111111111,0.1111111111111111,-2.102083711231995,0,1
0.3333333333333333,0.19444444444444442,1.4598843756034523,0.3333333333333333,0.0976013574630238,0.0096341289758159,-1.181084203433356,-0.7958621975017078,0.25,-1.4978381506157068,-1.2558335710649353,-2.476644085611099,1.4598843756034523,-1.8377883046032708,0.3333333333333333,-1.4809843220475034,0.2222222222222222,0.0,0.0,0.0869332819236188,0,1
0.1111111111111111,0.05555555555555555,0.083631554056889,0.0,0.2249537406391757,-2.4349041406302154,-0.4758434306326321,-1.31171478496986,0.25,-1.4978381506157068,-0.018674100402803866,-0.08180262161684389,0.0836315540568891,0.2139407496668845,0.3333333333333333,-1.4809843220475034,0.0,0.1111111111111111,0.1111111111111111,-1.3723900433022265,1,0
0.1111111111111111,0.1111111111111111,0.6341326826755145,0.1111111111111111,0.3268518037888158,-2.4349041406302154,-0.4049708374004625,-1.9271995283231864,0.25,-0.017182326153538163,-0.015602733984602518,-0.013479581362055775,0.6341326826755145,0.04171140459732641,0.3333333333333333,-0.031672403407900916,0.3333333333333333,0.1111111111111111,0.1111111111111111,-0.9531238224996238,1,0
0.3333333333333333,0.16666666666666666,1.18463381129414,0.1111111111111111,-0.1263860589496875,-0.15453537925888908,-0.5249119834713413,-0.7958621975017078,0.25,-0.04287136549723655,-0.055789143861963854,-0.060200737786788555,1.18463381129414,-0.09634369408832952,0.1111111111111111,-1.4809843220475034,0.1111111111111111,0.3333333333333333,0.3333333333333333,1.0152348983243975,1,0
0.3333333333333333,0.2222222222222222,1.7351349399127654,0.3333333333333333,1.7533024224345426,-0.5455826219529935,-1.9788579444882053,0.6575761498836257,0.25,-1.4978381506157068,-0.517973284904083,-0.8921574195960921,1.7351349399127651,-1.8377883046032708,0.0,-0.6186091650643002,0.0,0.3333333333333333,0.3333333333333333,-1.3723900433022265,0,1
0.3333333333333333,0.1111111111111111,0.6341326826755145,0.1111111111111111,0.3268518037888158,-0.15453537925888908,0.23799229531627,-0.7958621975017078,0.25,0.05873643135226176,0.3973473314367822,0.2613986609013913,0.6341326826755145,-1.8377883046032708,0.1111111111111111,-0.18024748384335662,0.3333333333333333,0.1111111111111111,0.1111111111111111,-0.9531238224996238,1,0
0.0,0.0,-0.4668695745617363,0.0,-0.2844958199592799,-0.37610881610861485,-0.5534330453880661,0.3608480215924758,0.0,0.019125198902278005,-1.2558335710649353,-0.5123298419798108,-0.4668695745617363,0.1792297309204131,0.0,-1.4809843220475034,0.0,0.0,0.0,-2.102083711231995,1,0
0.3333333333333333,0.1111111111111111,0.6341326826755145,0.1111111111111111,0.1521835494072796,0.0096341289758159,-0.18709733753227867,-0.3554890506588386,0.25,-1.4978381506157068,-0.015781955055106312,0.16869886832993028,0.6341326826755145,0.07824744290209906,0.1111111111111111,-0.031672403407900916,0.1111111111111111,0.1111111111111111,0.3333333333333333,-0.6440902286753902,0,1
0.0,0.0,-0.4668695745617363,0.0,-0.2844958199592799,-0.09107446653479219,1.136796497630734,-1.504321540361816,0.0,0.8111288595264408,0.10854127650719715,0.2895985300192899,-0.4668695745617363,0.3712698683521392,0.0,0.23098125874457032,0.0,0.1111111111111111,0.0,0.0869332819236188,1,0
0.1111111111111111,0.0,-0.4668695745617363,0.1111111111111111,-0.2844958199592799,0.38856701644178904,0.7659218601633497,0.3608480215924758,0.0,0.24739437221879784,0.27295236848406923,0.5315972218020605,-0.4668695745617363,0.39393321331111475,0.1111111111111111,0.37635904418299726,0.1111111111111111,0.1111111111111111,0.1111111111111111,0.3170934418812415,1,0
0.3333333333333333,0.25,2.010385504222078,0.3333333333333333,3.154231403870239,-2.4349041406302154,-0.4715373574182541,1.3790049371340838,0.375,-0.21599673831435315,0.10854127650719715,0.1795287835743337,2.0103855042220777,-1.8377883046032708,0.3333333333333333,-0.24913711197965666,0.4444444444444444,0.1111111111111111,0.1111111111111111,-1.666848273078999,0,1
0.1111111111111111,0.0,-0.4668695745617363,0.1111111111111111,-0.2844958199592799,0.9299389832772492,1.0899067452683302,-0.7958621975017078,0.0,0.3236529324331165,0.232909330105537,0.33742708388807957,-0.4668695745617363,0.42758709717101306,0.1111111111111111,0.3057862080103784,0.0,0.1111111111111111,0.1111111111111111,-0.0875094222424097,1,0
0.0,0.0,-0.4668695745617363,0.0,-0.2844958199592799,0.13997425265217076,-0.3124044854302929,1.2366750160392723,0.0,-0.04358461395942979,0.10881017526490083,-0.39330356884437706,-0.4668695745617363,-0.09634369408832952,0.0,-1.4809843220475034,0.0,0.0,0.0,0.0021753538983214,1,0
0.1111111111111111,0.1111111111111111,0.6341326826755145,0.3333333333333333,-0.0661545757179635,0.8217364061401269,0.7711259422634359,-0.3554890506588386,0.25,0.4187360746134596,0.14857534644596138,-2.476644085611099,0.6341326826755145,0.18040838650574129,0.1111111111111111,-1.4809843220475034,0.1111111111111111,0.3333333333333333,0.1111111111111111,0.0869332819236188,0,1
0.3333333333333333,0.2222222222222222,1.7351349399127654,0.3333333333333333,1.7533024224345426,0.13997425265217076,-0.353312973572868,1.6996876816479582,0.25,-0.020363180020070946,-1.2558335710649353,-0.1940527750620471,1.7351349399127651,-1.8377883046032708,0.1111111111111111,0.11363053313180634,0.1111111111111111,0.3333333333333333,0.3333333333333333,-1.3723900433022265,0,1
0.3333333333333333,0.1111111111111111,0.6341326826755145,0.3333333333333333,-0.1389346438933157,0.2678217533549241,0.5976018985922051,0.4636163081257023,0.25,0.45648474531983724,0.3944525623176883,-2.476644085611099,0.6341326826755145,-1.8377883046032708,0.0,0.33889539922002226,0.0,0.0,0.0,0.5814972662319737,0,1
0.1111111111111111,0.08333333333333333,0.3588821183662018,0.1111111111111111,0.0020755279147641,-2.4349041406302154,0.25531795713675326,-0.6416298188340922,0.25,0.21600061950035476,0.16890900987517174,0.16869886832993028,0.3588821183662018,0.15793327657258968,0.3333333333333333,0.34402645711219737,0.2222222222222222,0.1111111111111111,0.1111111111111111,-0.5135592262370264,1,0
0.1111111111111111,0.027777777777777776,-0.1916190102524236,0.1111111111111111,-0.2572030669556937,0.9615980916882605,0.9298907432432457,0.5624443361818806,0.125,-0.037712321184419764,0.27295236848406923,0.034791834629782185,-0.1916190102524235,-0.06556606627182392,0.0,-0.02937971352558223,0.2222222222222222,0.1111111111111111,0.1111111111111111,0.9662521913648202,1,0
0.1111111111111111,0.0,-0.4668695745617363,0.1111111111111111,-0.2844958199592799,0.7338225244622574,1.9121431464457619,1.3089470244281944,0.0,0.6201088676968384,0.8428372211067278,0.7784856885019996,-0.4668695745617363,0.6456163668549717,0.1111111111111111,0.5752018820197092,0.1111111111111111,0.1111111111111111,0.1111111111111111,0.8643003776574393,1,0
0.1111111111111111,0.0,-0.4668695745617363,0.1111111111111111,-0.2844958199592799,0.5307939763978908,0.9606094123210508,1.4469588684499963,0.0,0.4241497408825051,0.35076636680614964,0.5370577548417982,-0.4668695745617363,0.42783900320732504,0.1111111111111111,0.4046032247727056,0.1111111111111111,0.1111111111111111,0.1111111111111111,0.7564222381735122,1,0
0.3333333333333333,0.1111111111111111,0.6341326826755145,0.1111111111111111,0.2249622313236743,0.0096341289758159,-0.06649466836988756,-1.31171478496986,0.25,0.12776328546361485,0.06851168927575109,0.228917944366141,0.6341326826755145,-1.8377883046032708,0.1111111111111111,0.06684590165054824,0.3333333333333333,0.1111111111111111,0.1111111111111111,-0.7891132362483021,1,0
0.1111111111111111,0.0,-0.4668695745617363,0.1111111111111111,-0.2844958199592799,0.5270853668270672,1.8272989532069055,0.2538723316408949,0.0,0.36284997966396115,0.875795442924334,0.49342979186808666,-0.4668695745617363,0.48685849286680244,0.1111111111111111,0.47091710672943515,0.1111111111111111,0.1111111111111111,0.1111111111111111,0.6417328970763176,1,0
0.3333333333333333,0.2777777777777778,2.2856360685313915,0.3333333333333333,1.2438732394109595,0.42047010155206693,-0.004725587036236798,-1.9271995283231864,0.25,-0.03267480749045036,0.0032546655521961104,-2.476644085611099,2.2856360685313906,0.030698616631191496,0.2222222222222222,-0.03870476143310599,0.2222222222222222,0.3333333333333333,0.3333333333333333,-0.9531238224996238,0,1
0.1111111111111111,0.0,-0.4668695745617363,0.1111111111111111,-0.2844958199592799,0.08136281572751122,-0.15133418564170553,1.0053451065944692,0.0,-0.020363180020070946,-0.015781955055106312,0.034791834629782185,-0.4668695745617363,0.07824744290209906,0.1111111111111111,-0.031672403407900916,0.1111111111111111,0.1111111111111111,0.1111111111111111,-0.6440902286753902,1,0
0.1111111111111111,0.0,-0.4668695745617363,0.1111111111111111,-0.2844958199592799,0.005428157925765442,-0.0784231002725856,-0.3554890506588386,0.0,-0.00530978777127908,-0.007546225712777239,0.2956512045689566,-0.4668695745617363,-0.08143302588283054,0.1111111111111111,-0.02224715056121111,0.1111111111111111,0.1111111111111111,0.1111111111111111,-0.9531238224996238,1,0
0.0,0.0,-0.4668695745617363,0.0,-0.2844958199592799,0.8236345326520305,0.9081264286359849,-0.3554890506588386,0.0,0.21936959706675893,-0.15888698769050652,0.6313915283609538,-0.4668695745617363,0.2504324671835559,0.0,0.14348228372656133,0.0,0.0,0.0,0.0869332819236188,1,0
0.3333333333333333,0.1388888888888889,0.9093832469848272,0.3333333333333333,0.0976002657677195,-0.724647628070405,0.3045896042969509,1.1620705813604253,0.25,0.42026576641823576,-0.04178463181474268,-2.476644085611099,0.9093832469848272,-1.8377883046032708,0.0,0.45117298070474154,0.2222222222222222,0.1111111111111111,0.0,-0.2847917733012345,0,1
0.1111111111111111,0.08333333333333333,0.3588821183662018,0.1111111111111111,0.4796785209384036,-2.4349041406302154,-0.38972420897950666,0.6575761498836257,0.25,-0.04192405291530618,0.008185579544304504,0.002194083094437453,0.3588821183662018,0.05531678203400171,0.3333333333333333,-0.04463918961361936,0.2222222222222222,0.1111111111111111,0.1111111111111111,-1.3723900433022265,0,1
0.0,0.05555555555555555,0.083631554056889,0.3333333333333333,-0.2278886360321305,0.04433566587405043,1.054542487681199,-0.0953809513297535,0.25,0.12776328546361485,0.1812882605018963,-2.476644085611099,0.0836315540568891,0.8820489057472813,0.0,0.19865366409457927,0.0,0.1111111111111111,0.1111111111111111,0.9159689132265976,1,0
0.1111111111111111,0.0,-0.4668695745617363,0.1111111111111111,-0.2844958199592799,-0.08282810616588625,-0.2567850406009787,-1.130080895470915,0.0,0.018591671476249207,-0.015781955055106312,0.034791834629782185,-0.4668695745617363,0.005775291400744047,0.1111111111111111,-0.053751546627400455,0.0,0.1111111111111111,0.1111111111111111,-0.9531238224996238,1,0
0.3333333333333333,0.3333333333333333,2.8361371971500167,0.4444444444444444,0.3705279127646692,0.13997425265217076,0.003205276774789403,1.8157962335875484,0.625,0.12776328546361485,0.1812882605018963,-2.476644085611099,2.836137197150016,0.07824744290209906,0.0,0.11363053313180634,0.0,0.6666666666666666,0.3333333333333333,0.0869332819236188,0,1
0.0,0.05555555555555555,0.083631554056889,0.0,-0.1571302457764458,-0.5670610812666722,-0.34495772558977633,-0.0953809513297535,0.25,-0.5108694033197995,0.17881914410368577,-0.3985778397275008,0.0836315540568891,0.1935012850511174,0.0,-1.4809843220475034,0.0,0.3333333333333333,0.0,-0.0875094222424097,1,0
0.0,0.0,-0.4668695745617363,0.1111111111111111,-0.2844958199592799,0.8803671307111754,1.0718686890677462,-0.3554890506588386,0.0,0.4779362787432158,0.27295236848406923,0.33742708388807957,-0.4668695745617363,0.3113932332565499,0.1111111111111111,0.3057862080103784,0.1111111111111111,0.1111111111111111,0.0,1.0629938337787594,1,0
0.0,0.05555555555555555,0.083631554056889,0.0,-0.0934482547099171,0.4512878671163012,-0.1353064301020415,-0.95842191396722,0.25,-0.2550938874336881,0.05693515131531388,-2.476644085611099,0.0836315540568891,-1.8377883046032708,0.0,-1.4809843220475034,0.0,0.3333333333333333,0.0,-0.5135592262370264,0,1
0.1111111111111111,0.0,-0.4668695745617363,0.1111111111111111,-0.2844958199592799,-0.14167529678387816,-0.27273488336367613,0.8376265013727084,0.0,-0.020363180020070946,-0.042407500758598164,-0.038891540158578077,-0.4668695745617363,0.13446858275768922,0.1111111111111111,-0.10760598866112799,0.1111111111111111,0.1111111111111111,0.1111111111111111,-1.666848273078999,0,1
0.3333333333333333,0.3055555555555555,2.560886632840704,0.3333333333333333,0.4160148380463074,-2.4349041406302154,0.13746831277704066,-1.130080895470915,0.25,0.3320388515893662,-1.2558335710649353,0.45788174772413515,2.5608866328407034,-1.8377883046032708,0.3333333333333333,0.14293598384450348,0.2222222222222222,0.3333333333333333,0.3333333333333333,-0.0875094222424097,0,1
0.1111111111111111,0.0,-0.4668695745617363,0.1111111111111111,-0.2844958199592799,0.38856701644178904,0.5342028937211194,-1.130080895470915,0.0,0.3236529324331165,0.17972642431954644,0.356674874839011,-0.4668695745617363,0.2529015249281053,0.1111111111111111,0.19865366409457927,0.1111111111111111,0.1111111111111111,0.1111111111111111,1.0152348983243975,1,0
0.1111111111111111,0.0,-0.4668695745617363,0.1111111111111111,-0.2844958199592799,0.49675913479274253,0.8272054012916439,-0.6416298188340922,0.0,0.31492470755012675,0.30567126224700725,0.5315972218020605,-0.4668695745617363,0.42400176759450015,0.1111111111111111,0.3015489596095801,0.1111111111111111,0.1111111111111111,0.1111111111111111,0.6417328970763176,1,0
0.0,0.027777777777777776,-0.1916190102524236,0.0,-0.215023741216749,-2.4349041406302154,-5.028059896155144,1.3089470244281944,0.125,-1.4978381506157068,-1.2558335710649353,-2.476644085611099,-0.1916190102524235,-1.8377883046032708,0.0,-1.4809843220475034,0.2222222222222222,0.0,0.0,-0.1828566844305228,0,1
0.0,0.1111111111111111,0.6341326826755145,0.0,0.0975993105394455,-2.4349041406302154,0.06980871900860178,0.1423961078279921,0.25,0.12776328546361485,0.11479959865018789,0.37320699507208765,0.6341326826755145,0.044894797107469984,0.3333333333333333,0.10021048611729469,0.3333333333333333,0.0,0.0,-0.5135592262370264,0,1
0.0,0.0,-0.4668695745617363,0.0,-0.2844958199592799,-2.4349041406302154,-5.028059896155144,0.5624443361818806,0.0,-1.4978381506157068,-1.2558335710649353,-2.476644085611099,-0.4668695745617363,-1.8377883046032708,0.1111111111111111,-1.4809843220475034,0.1111111111111111,0.0,0.0,1.3273719327921307,0,1
0.3333333333333333,0.2777777777777778,2.2856360685313915,0.3333333333333333,2.2627519830329987,0.9110169982361035,1.2266542306686041,0.02609689719025,0.25,0.039766003408195714,0.18688213270627943,0.960842101011953,2.2856360685313906,0.34697370995366633,0.0,-1.4809843220475034,0.3333333333333333,0.3333333333333333,0.3333333333333333,-1.3723900433022265,0,1
0.3333333333333333,0.2222222222222222,1.7351349399127654,0.3333333333333333,2.7721506012225148,-0.08282810616588625,-0.6309128637305025,-1.31171478496986,0.25,-0.020363180020070946,-1.2558335710649353,-0.31175358898650224,1.7351349399127651,-1.8377883046032708,0.3333333333333333,0.03885253254617039,0.3333333333333333,0.1111111111111111,0.1111111111111111,-1.666848273078999,0,1
0.0,0.1388888888888889,0.9093832469848272,0.3333333333333333,-0.0456848708478014,-2.4349041406302154,-5.028059896155144,0.5624443361818806,0.25,-1.4978381506157068,-1.2558335710649353,-2.476644085611099,0.9093832469848272,-1.8377883046032708,0.3333333333333333,-1.4809843220475034,0.2222222222222222,0.0,0.0,0.2439439807007004,0,1
0.0,0.0,-0.4668695745617363,0.0,-0.2844958199592799,0.2324632635633931,-0.052374696707980596,-0.7958621975017078,0.0,-0.4248654346694974,0.2184340260758331,0.034791834629782185,-0.4668695745617363,-0.09634369408832952,0.1111111111111111,-0.3758981148351963,0.1111111111111111,0.0,0.0,1.486110633212629,1,0
0.0,0.027777777777777776,-0.1916190102524236,0.0,-0.2367336301369842,-2.4349041406302154,-1.414434245665154,0.1423961078279921,0.125,-1.4978381506157068,0.04507190186257559,-2.476644085611099,-0.1916190102524235,-1.8377883046032708,0.0,-1.4809843220475034,0.2222222222222222,0.0,0.0,0.2439439807007004,1,0
0.0,0.027777777777777776,-0.1916190102524236,0.0,0.0975849826884444,-0.8213949444894436,-2.871569959132393,-0.3554890506588386,0.125,-1.4978381506157068,-1.2558335710649353,-2.476644085611099,-0.1916190102524235,-1.8377883046032708,0.0,-1.4809843220475034,0.2222222222222222,0.0,0.0,-1.666848273078999,0,1
0.1111111111111111,0.0,-0.4668695745617363,0.1111111111111111,-0.2844958199592799,0.0096341289758159,-0.395136393596439,-1.9271995283231864,0.0,0.066276523690121,-1.2558335710649353,0.034791834629782185,-0.4668695745617363,-0.0790706519217759,0.1111111111111111,-1.4809843220475034,0.1111111111111111,0.1111111111111111,0.1111111111111111,-1.1433092459291831,1,0
0.3333333333333333,0.2222222222222222,1.7351349399127654,0.3333333333333333,0.1521866685233528,0.5577332855671004,0.6923154129280004,-1.504321540361816,0.25,0.4241497408825051,0.27295236848406923,0.39765349836135255,1.7351349399127651,-1.8377883046032708,0.1111111111111111,0.2589858554836899,0.1111111111111111,0.3333333333333333,0.3333333333333333,0.0869332819236188,0,1
0.1111111111111111,0.05555555555555555,0.083631554056889,0.1111111111111111,0.0211779919147679,-0.0004878267878984854,-0.3497326538202877,-1.7090442746462755,0.25,-0.10273869574514555,-0.07542378996310348,-0.018291654946366694,0.0836315540568891,-0.029495572980572354,0.1111111111111111,-0.10760598866112799,0.3333333333333333,0.1111111111111111,0.1111111111111111,-0.9531238224996238,0,1
0.0,0.0,-0.4668695745617363,0.0,-0.2844958199592799,-0.15001522434378067,-1.2953246743486406,0.5624443361818806,0.0,-1.4978381506157068,-1.2558335710649353,-2.476644085611099,-0.4668695745617363,-1.8377883046032708,0.0,-0.19206298176002123,0.0,0.0,0.0,-0.7891132362483021,1,0
0.1111111111111111,0.1111111111111111,0.6341326826755145,0.1111111111111111,-0.0493592245867171,-2.4349041406302154,1.63961442073625,-0.6416298188340922,0.25,0.19800285038346174,0.21838539041987984,0.20017849783525957,0.6341326826755145,0.13446858275768922,0.3333333333333333,0.9892262215246455,0.3333333333333333,0.0,0.1111111111111111,0.0021753538983214,0,1
0.1111111111111111,0.0,-0.4668695745617363,0.1111111111111111,-0.2844958199592799,0.022086380077491564,0.15096712107701382,1.7585321597554342,0.0,0.29743561498149257,0.10854127650719715,0.03495690639527149,-0.4668695745617363,-0.27080908240809903,0.1111111111111111,0.2589858554836899,0.1111111111111111,0.1111111111111111,0.1111111111111111,-0.9531238224996238,1,0
0.1111111111111111,0.0,-0.4668695745617363,0.1111111111111111,-0.2844958199592799,0.5270853668270672,0.7693957905944278,0.3608480215924758,0.0,0.3236529324331165,0.19286853421519484,0.5664037311873185,-0.4668695745617363,0.3091352594538665,0.1111111111111111,0.3057862080103784,0.1111111111111111,0.1111111111111111,0.1111111111111111,0.8643003776574393,1,0
0.1111111111111111,0.0,-0.4668695745617363,0.1111111111111111,-0.2844958199592799,0.23898758815481372,0.12189379548264592,1.4469588684499963,0.0,0.1355292538194705,0.11678102861398539,0.03313656497630993,-0.4668695745617363,0.07862506612869025,0.1111111111111111,0.1253530818337242,0.1111111111111111,0.1111111111111111,0.1111111111111111,0.6999923241170234,1,0
0.0,0.0,-0.4668695745617363,0.1111111111111111,-0.2844958199592799,-0.20675266233542738,-1.624862480191563,-0.95842191396722,0.0,-1.4978381506157068,-1.2558335710649353,-2.476644085611099,-0.4668695745617363,-1.8377883046032708,0.1111111111111111,-1.4809843220475034,0.1111111111111111,0.0,0.0,0.2439439807007004,1,0
0.0,0.05555555555555555,0.083631554056889,0.0,0.0211779919147679,-0.201442160542091,0.3942166787497102,-1.7090442746462755,0.25,-1.4978381506157068,-0.11342517568166595,-0.22265056867457275,0.0836315540568891,0.6380079015675219,0.1111111111111111,-0.10670500358470443,0.1111111111111111,0.1111111111111111,0.3333333333333333,-0.9531238224996238,1,0
0.1111111111111111,0.0,-0.4668695745617363,0.1111111111111111,-0.2844958199592799,0.45533257435354596,0.9334427938965334,0.3608480215924758,0.0,0.36808981498195387,0.31697277634271875,0.5494586203254689,-0.4668695745617363,0.5390177383335322,0.1111111111111111,0.3592929107363523,0.1111111111111111,0.1111111111111111,0.1111111111111111,0.7564222381735122,1,0
0.0,0.0,-0.4668695745617363,0.0,-0.2844958199592799,0.3370668709443834,0.5218037763182933,0.3608480215924758,0.0,0.05137949822158888,-0.30128481327064616,0.7782247915930556,-0.4668695745617363,-1.8377883046032708,0.0,-0.42846419375793426,0.0,0.0,0.0,0.1673597344439074,1,0
0.0,0.0,-0.4668695745617363,0.0,-0.2844958199592799,0.07236578058149083,-0.17126649565907667,1.3790049371340838,0.0,-0.04192405291530618,-1.2558335710649353,-0.11750172346436627,-0.4668695745617363,0.12741668212857143,0.0,0.13275552428340434,0.0,0.0,0.0,-0.6440902286753902,1,0
0.1111111111111111,0.0,-0.4668695745617363,0.1111111111111111,-0.2844958199592799,1.447695180639514,1.867355287167458,2.270217178922634,0.0,0.33647441079358265,0.1812882605018963,0.44857565069185484,-0.4668695745617363,0.3091352594538665,0.0,0.31753200888343697,0.1111111111111111,0.1111111111111111,0.1111111111111111,0.3871513198050401,1,0
0.3333333333333333,0.25,2.010385504222078,0.3333333333333333,1.0910363334739357,-2.4349041406302154,-0.20196179438965411,0.9229385817157996,0.25,-1.4978381506157068,0.2237050635851947,0.19001494244369144,2.0103855042220777,-0.15252708390055125,0.3333333333333333,-0.031672403407900916,0.2222222222222222,0.1111111111111111,0.3333333333333333,-0.9531238224996238,0,1
0.3333333333333333,0.05555555555555555,0.083631554056889,0.1111111111111111,0.2249537406391757,-0.08801167735396759,-0.30980505208547404,0.1423961078279921,0.25,-0.020363180020070946,-1.2558335710649353,0.21961315785587668,0.0836315540568891,-1.8377883046032708,0.1111111111111111,0.05331580804312823,0.1111111111111111,0.1111111111111111,0.1111111111111111,-1.3723900433022265,1,0
0.3333333333333333,0.3055555555555555,2.560886632840704,0.3333333333333333,1.3967101453479835,-2.4349041406302154,-0.48442536145988135,-0.95842191396722,0.25,0.07465860767532255,-0.03849868398505948,0.20017849783525957,2.5608866328407034,-1.8377883046032708,0.3333333333333333,-1.4809843220475034,0.2222222222222222,0.3333333333333333,0.3333333333333333,-0.9531238224996238,0,1
0.3333333333333333,0.2222222222222222,1.7351349399127654,0.3333333333333333,0.9381994275369115,0.989335083590372,0.9462178707028631,0.74923519556253,0.25,0.1167995589950884,-1.2558335710649353,-2.476644085611099,1.7351349399127651,0.2465214461162724,0.1111111111111111,0.11363053313180634,0.1111111111111111,0.3333333333333333,0.3333333333333333,-0.9531238224996238,0,1
0.1111111111111111,0.1111111111111111,0.6341326826755145,0.1111111111111111,-0.2099399224492042,0.21274082392153607,0.8510441523031891,-0.222430806752854,0.25,-1.4978381506157068,-1.2558335710649353,-0.04788659947767968,0.6341326826755145,0.5499537582139596,0.1111111111111111,0.6425129411565718,0.1111111111111111,0.3333333333333333,0.3333333333333333,1.5239621819167464,1,0
0.0,0.05555555555555555,0.083631554056889,0.3333333333333333,0.2249537406391757,-0.013691814979758318,-0.920011416573317,1.4469588684499963,0.25,-1.4978381506157068,-1.2558335710649353,-2.476644085611099,0.0836315540568891,-0.07006330343676226,0.0,-1.4809843220475034,0.0,0.0,0.0,-1.3723900433022265,1,0
0.1111111111111111,0.05555555555555555,0.083631554056889,0.1111111111111111,-0.1753251978386217,0.22473528548820418,0.38188782039685104,1.0053451065944692,0.25,0.16503688496419847,0.18763422680703068,0.2657769547479724,0.0836315540568891,0.30527525601485567,0.1111111111111111,0.19341599368516627,0.1111111111111111,0.1111111111111111,0.3333333333333333,0.0869332819236188,0,1
0.1111111111111111,0.05555555555555555,0.083631554056889,0.1111111111111111,-0.1571302457764458,0.13997425265217076,0.43366215148648424,0.9229385817157996,0.25,0.3236529324331165,0.3973473314367822,0.16869886832993028,0.0836315540568891,0.07824744290209906,0.1111111111111111,-1.4809843220475034,0.1111111111111111,0.3333333333333333,0.1111111111111111,-0.0875094222424097,1,0
0.1111111111111111,0.0,-0.4668695745617363,0.1111111111111111,-0.2844958199592799,0.49320600580578183,1.1439180917958176,0.2538723316408949,0.0,0.38372718829020314,0.5217512668649608,0.4713671374376505,-0.4668695745617363,0.39393321331111475,0.1111111111111111,0.564321791648821,0.1111111111111111,0.1111111111111111,0.1111111111111111,0.7564222381735122,1,0
0.3333333333333333,0.1111111111111111,0.6341326826755145,0.1111111111111111,-0.1669270700889773,0.5487815268779151,1.0322937447706289,0.5624443361818806,0.25,0.3966636021063394,0.3389138305493929,0.8664512673481213,0.6341326826755145,-1.8377883046032708,0.1111111111111111,0.37868332432636237,0.3333333333333333,0.1111111111111111,0.1111111111111111,0.8643003776574393,1,0
0.1111111111111111,0.08333333333333333,0.3588821183662018,0.1111111111111111,0.0430137070656397,-2.4349041406302154,-0.6322074372194878,-1.31171478496986,0.25,-0.3802836621858927,-1.2558335710649353,-0.13222389348690278,0.3588821183662018,0.18040838650574129,0.3333333333333333,-0.3684621299960217,0.2222222222222222,0.1111111111111111,0.1111111111111111,-0.6440902286753902,1,0
0.3333333333333333,0.3333333333333333,2.8361371971500167,0.3333333333333333,1.243878333889583,-0.04260204376723723,-0.4125729071515308,0.1423961078279921,0.25,0.12776328546361485,-1.2558335710649353,-0.31175358898650224,2.836137197150016,-0.09634369408832952,0.3333333333333333,-0.031672403407900916,0.3333333333333333,0.3333333333333333,0.3333333333333333,-0.7891132362483021,0,1
0.1111111111111111,0.0,-0.4668695745617363,0.1111111111111111,-0.2844958199592799,0.08709768911788164,-0.17176898525745374,1.6996876816479582,0.0,0.15122299849801982,-0.2049073722195121,0.06746516148703824,-0.4668695745617363,-0.023389270876992854,0.1111111111111111,-0.15998279834580836,0.1111111111111111,0.1111111111111111,0.1111111111111111,-0.5135592262370264,1,0
0.1111111111111111,0.0,-0.4668695745617363,0.1111111111111111,-0.2844958199592799,-0.024230948184563922,-0.740022176188871,-1.130080895470915,0.0,-1.4978381506157068,-1.2558335710649353,0.05090380957037403,-0.4668695745617363,-1.8377883046032708,0.1111111111111111,-1.4809843220475034,0.1111111111111111,0.0,0.0,-0.9531238224996238,1,0
0.0,0.0,-0.4668695745617363,0.0,-0.2844958199592799,-2.4349041406302154,-5.028059896155144,0.6575761498836257,0.0,-1.4978381506157068,-1.2558335710649353,-2.476644085611099,-0.4668695745617363,-1.8377883046032708,0.0,-1.4809843220475034,0.0,0.0,0.0,1.2431022551165405,0,1
0.1111111111111111,0.0,-0.4668695745617363,0.1111111111111111,-0.2844958199592799,0.0096341289758159,-0.9054928865120108,-1.9271995283231864,0.0,-1.4978381506157068,-1.2558335710649353,-0.18237925388542992,-0.4668695745617363,-1.8377883046032708,0.1111111111111111,-1.4809843220475034,0.1111111111111111,0.0,0.0,-2.102083711231995,1,0
0.3333333333333333,0.3333333333333333,2.8361371971500167,0.3333333333333333,1.243878333889583,0.08136281572751122,-0.5127802940355883,0.1423961078279921,0.25,-1.4978381506157068,-1.2558335710649353,-2.476644085611099,2.836137197150016,0.005775291400744047,0.3333333333333333,0.05331580804312823,0.3333333333333333,0.3333333333333333,0.3333333333333333,-0.7891132362483021,0,1
0.1111111111111111,0.1111111111111111,0.6341326826755145,0.3333333333333333,0.7344033012376314,0.10610322534842281,-0.5519009001538807,-1.31171478496986,0.25,-0.09654852506560477,-0.0594107524704438,-2.476644085611099,0.6341326826755145,-0.09634369408832952,0.1111111111111111,-1.4809843220475034,0.1111111111111111,0.3333333333333333,0.1111111111111111,-1.3723900433022265,1,0
0.3333333333333333,0.2222222222222222,1.7351349399127654,0.3333333333333333,0.9381994275369115,0.2159720611693672,0.23659884965294414,-0.6416298188340922,0.25,-0.11972545981448468,-0.05895403495379969,-0.060200737786788555,1.7351349399127651,-1.8377883046032708,0.3333333333333333,0.4586320272271614,0.3333333333333333,0.1111111111111111,0.1111111111111111,-0.9531238224996238,0,1
0.3333333333333333,0.19444444444444442,1.4598843756034523,0.4444444444444444,0.7853625215998877,-0.15213444409308702,0.0005592544606783007,0.5624443361818806,0.375,0.4680482714898197,-0.030732519091018897,-2.476644085611099,1.4598843756034523,-1.8377883046032708,0.0,-1.4809843220475034,0.0,0.3333333333333333,0.0,-0.9531238224996238,0,1
0.0,0.027777777777777776,-0.1916190102524236,0.0,-0.2497596226976441,-2.4349041406302154,-5.028059896155144,0.5624443361818806,0.125,-1.4978381506157068,-1.2558335710649353,-2.476644085611099,-0.1916190102524235,-1.8377883046032708,0.0,-1.4809843220475034,0.2222222222222222,0.0,0.0,0.6417328970763176,0,1
0.0,0.0,-0.4668695745617363,0.0,-0.2844958199592799,-2.4349041406302154,-1.6359212824839382,1.5769583967038283,0.0,-1.4978381506157068,-1.2558335710649353,-2.476644085611099,-0.4668695745617363,-0.0955893889171222,0.0,-1.4809843220475034,0.0,0.0,0.0,1.3273719327921307,1,0
0.3333333333333333,0.2222222222222222,1.7351349399127654,0.3333333333333333,2.7721506012225148,0.08136281572751122,-0.537270192471432,0.9229385817157996,0.25,-1.4978381506157068,-1.2558335710649353,-2.476644085611099,1.7351349399127651,0.05170390327415423,0.1111111111111111,-0.031672403407900916,0.1111111111111111,0.3333333333333333,0.3333333333333333,-1.666848273078999,0,1
0.0,0.027777777777777776,-0.1916190102524236,0.0,-0.1571313071385413,-2.4349041406302154,-1.0337845739024458,-0.95842191396722,0.125,-0.16838295792244487,-0.015781955055106312,-0.1940527750620471,-0.1916190102524235,-1.8377883046032708,0.0,-1.4809843220475034,0.2222222222222222,0.0,0.0,-0.7891132362483021,1,0
0.0,0.0,-0.4668695745617363,0.0,-0.2844958199592799,-2.4349041406302154,-5.028059896155144,-0.6416298188340922,0.0,-1.4978381506157068,-1.2558335710649353,-2.476644085611099,-0.4668695745617363,-1.8377883046032708,0.0,-1.4809843220475034,0.0,0.0,0.0,0.3871513198050401,1,0
0.3333333333333333,0.2777777777777778,2.2856360685313915,0.3333333333333333,2.2627519830329987,-0.08282810616588625,-0.4672591174961469,1.0053451065944692,0.25,-0.22030631418898516,0.10854127650719715,-2.476644085611099,2.2856360685313906,0.07824744290209906,0.3333333333333333,-1.4809843220475034,0.0,0.3333333333333333,0.3333333333333333,-1.3723900433022265,0,1
0.1111111111111111,0.1111111111111111,0.6341326826755145,0.1111111111111111,-0.0493592245867171,0.27033223006329665,0.5096811147114922,-0.4950413083649336,0.25,-1.4978381506157068,-1.2558335710649353,0.35038271872316956,0.6341326826755145,0.42758709717101306,0.1111111111111111,0.4069730460507451,0.1111111111111111,0.3333333333333333,0.3333333333333333,0.0021753538983214,0,1
0.1111111111111111,0.19444444444444442,1.4598843756034523,0.1111111111111111,0.3841706584134897,-2.4349041406302154,-0.020649574460975,-1.9271995283231864,0.375,0.34788430945442445,0.13165463094556504,0.06626646218845192,1.4598843756034523,0.005775291400744047,0.3333333333333333,-1.4809843220475034,0.4444444444444444,0.3333333333333333,0.1111111111111111,-0.5135592262370264,0,1
0.0,0.027777777777777776,-0.1916190102524236,0.0,-0.1316589140222559,-2.4349041406302154,-5.028059896155144,-1.31171478496986,0.125,-1.4978381506157068,-1.2558335710649353,-2.476644085611099,-0.1916190102524235,-1.8377883046032708,0.0,-1.4809843220475034,0.2222222222222222,0.0,0.0,-0.9531238224996238,1,0
0.3333333333333333,0.2222222222222222,1.7351349399127654,0.1111111111111111,0.1521866685233528,0.36283016970125886,0.9798325765605369,-0.222430806752854,0.25,0.24739437221879784,0.30567126224700725,0.7953968943269203,1.7351349399127651,0.07824744290209906,0.1111111111111111,0.5362240682264986,0.3333333333333333,0.3333333333333333,0.3333333333333333,0.0869332819236188,0,1
0.1111111111111111,0.05555555555555555,0.083631554056889,0.1111111111111111,-0.0297667943178028,-0.04260204376723723,-0.15133418564170553,1.3089470244281944,0.25,0.066276523690121,-0.015781955055106312,-0.018873842113316566,0.0836315540568891,0.07824744290209906,0.1111111111111111,0.06684590165054824,0.3333333333333333,0.1111111111111111,0.1111111111111111,-0.7891132362483021,0,1
0.1111111111111111,0.08333333333333333,0.3588821183662018,0.1111111111111111,-0.029765379172273,-2.4349041406302154,-0.1433061880523081,1.0850063694144667,0.25,0.018591671476249207,0.05693515131531388,0.20662100692098356,0.3588821183662018,0.08459134363995437,0.3333333333333333,0.05331580804312823,0.2222222222222222,0.1111111111111111,0.1111111111111111,-0.3945035917891138,1,0
0.1111111111111111,0.19444444444444442,1.4598843756034523,0.3333333333333333,0.4796930764321994,0.004122867719024505,-0.3907231322684398,-1.9271995283231864,0.375,-0.013633642563090373,0.016913033023074397,-1.1841463773998737,1.4598843756034523,-0.05723625494433617,0.3333333333333333,0.006539905894159156,0.4444444444444444,0.1111111111111111,0.1111111111111111,-0.6440902286753902,0,1
0.1111111111111111,0.0,-0.4668695745617363,0.1111111111111111,-0.2844958199592799,0.2915512823293786,0.2767026720074467,-1.504321540361816,0.0,0.20249561753178008,0.2762595565504045,-0.17857797170304815,-0.4668695745617363,-0.09634369408832952,0.0,0.2222952882438676,0.1111111111111111,0.0,0.0,-0.7891132362483021,1,0
0.3333333333333333,0.19444444444444442,1.4598843756034523,0.3333333333333333,1.498577642135315,-2.4349041406302154,-0.05435630423986578,0.4636163081257023,0.25,-0.020363180020070946,-1.2558335710649353,0.33742708388807957,1.4598843756034523,-1.8377883046032708,0.3333333333333333,0.3057862080103784,0.2222222222222222,0.1111111111111111,0.1111111111111111,-1.3723900433022265,0,1
0.1111111111111111,0.0,-0.4668695745617363,0.1111111111111111,-0.2844958199592799,0.031081436990667958,-0.5589525415758648,-1.7090442746462755,0.0,-0.22693802280839556,-0.8614539795327611,-0.08297964862498919,-0.4668695745617363,-0.3081599746763361,0.1111111111111111,-0.0858951930695726,0.1111111111111111,0.0,0.1111111111111111,-0.9531238224996238,1,0
0.1111111111111111,0.0,-0.4668695745617363,0.1111111111111111,-0.2844958199592799,-0.08282810616588625,-0.6980043700042273,0.5624443361818806,0.0,-0.24205366622281366,-1.2558335710649353,-0.038891540158578077,-0.4668695745617363,-0.3626619187952092,0.1111111111111111,-0.24854701584890848,0.1111111111111111,0.1111111111111111,0.1111111111111111,-1.666848273078999,1,0
0.1111111111111111,0.1111111111111111,0.6341326826755145,0.1111111111111111,0.0551447677567291,0.1706153525976616,0.25701081037435386,-1.130080895470915,0.25,0.19191458288873467,0.07938660091459916,0.1866954431803949,0.6341326826755145,0.19214201807368528,0.1111111111111111,0.23688925371826502,0.1111111111111111,0.3333333333333333,0.3333333333333333,-0.3945035917891138,0,1
0.0,0.0,-0.4668695745617363,0.0,-0.2844958199592799,-0.8847477038648844,-1.842940297531848,0.9229385817157996,0.0,-1.4978381506157068,-0.3906417765975421,-2.476644085611099,-0.4668695745617363,-0.3513313165914255,0.0,-0.4697903012166485,0.0,0.0,0.1111111111111111,0.1673597344439074,0,1
0.1111111111111111,0.0,-0.4668695745617363,0.1111111111111111,-0.2844958199592799,0.4004638446238767,0.35593687299495896,-1.130080895470915,0.0,-1.1536510563699378,-1.2558335710649353,-0.15341913292680842,-0.4668695745617363,0.32764230286163326,0.0,0.38197634948561937,0.1111111111111111,0.0,0.1111111111111111,-0.3945035917891138,1,0
0.1111111111111111,0.1111111111111111,0.6341326826755145,0.1111111111111111,0.0975993105394455,0.009794803689718745,-0.2326525522795174,-0.7958621975017078,0.25,-0.0680302443123023,-0.10735048804702164,0.16869886832993028,0.6341326826755145,0.07824744290209906,0.1111111111111111,-1.4809843220475034,0.1111111111111111,0.3333333333333333,0.3333333333333333,-0.5135592262370264,0,1
0.1111111111111111,0.0,-0.4668695745617363,0.1111111111111111,-0.2844958199592799,0.0096341289758159,0.003205276774789403,-0.7958621975017078,0.0,0.12776328546361485,0.10854127650719715,0.034791834629782185,-0.4668695745617363,0.07824744290209906,0.1111111111111111,0.11363053313180634,0.0,0.1111111111111111,0.1111111111111111,-1.666848273078999,1,0
0.0,0.027777777777777776,-0.1916190102524236,0.0,-0.2649010031927661,-2.4349041406302154,-5.028059896155144,0.2538723316408949,0.125,-1.4978381506157068,-1.2558335710649353,-2.476644085611099,-0.1916190102524235,-1.8377883046032708,0.0,-1.4809843220475034,0.2222222222222222,0.0,0.0,1.4475584443037126,0,1
0.0,0.027777777777777776,-0.1916190102524236,0.0,-0.1995856730302776,-2.4349041406302154,-5.028059896155144,-0.95842191396722,0.125,-1.4978381506157068,-1.2558335710649353,-2.476644085611099,-0.1916190102524235,-1.8377883046032708,0.0,-1.4809843220475034,0.2222222222222222,0.0,0.0,-0.3945035917891138,0,1
0.3333333333333333,0.25,2.010385504222078,0.4444444444444444,0.2067719795836819,0.5883814700359237,0.5893307527171857,-0.95842191396722,0.375,0.3626362666558231,0.30567126224700725,-2.476644085611099,2.0103855042220777,-1.8377883046032708,0.3333333333333333,0.3057862080103784,0.3333333333333333,0.1111111111111111,0.1111111111111111,0.0869332819236188,0,1
0.1111111111111111,0.0,-0.4668695745617363,0.1111111111111111,-0.2844958199592799,-0.07604414078640814,-0.15826353123490386,-1.9271995283231864,0.0,0.018591671476249207,0.05693515131531388,0.06157998457994166,-0.4668695745617363,-0.09634369408832952,0.1111111111111111,0.11363053313180634,0.1111111111111111,0.1111111111111111,0.1111111111111111,-1.3723900433022265,1,0
0.3333333333333333,0.1111111111111111,0.6341326826755145,0.3333333333333333,-0.1918658202470713,0.6669735514087551,0.20032365802919402,0.8376265013727084,0.25,-1.2013715244496062,-1.2558335710649353,-2.476644085611099,0.6341326826755145,-0.4899778975685686,0.0,-0.17561827012726708,0.0,0.0,0.0,1.199597083727945,1,0
0.3333333333333333,0.3333333333333333,2.8361371971500167,0.3333333333333333,2.7722015436314544,0.0096341289758159,-0.2093690741262723,-1.9271995283231864,0.25,-1.4978381506157068,-0.015602733984602518,-0.1940527750620471,2.836137197150016,0.10237470054395734,0.3333333333333333,0.16042040378299907,0.3333333333333333,0.3333333333333333,0.3333333333333333,-1.3723900433022265,0,1
0.1111111111111111,0.0,-0.4668695745617363,0.1111111111111111,-0.2844958199592799,0.1772681876304262,0.9868919296517793,1.2366750160392723,0.0,0.7910755365707707,0.040019164319600904,-0.02121290414330778,-0.4668695745617363,-0.18830726508760562,0.1111111111111111,0.046930427269706046,0.1111111111111111,0.1111111111111111,0.0,-0.5135592262370264,1,0
0.3333333333333333,0.2777777777777778,2.2856360685313915,0.3333333333333333,0.4796963514947189,0.15708527213281365,-0.23068721309096074,1.3089470244281944,0.25,-1.4978381506157068,0.1812882605018963,-0.2676949205590814,2.2856360685313906,-0.1525270839005515,0.3333333333333333,-0.11809712648701261,0.3333333333333333,0.1111111111111111,0.3333333333333333,-0.2847917733012345,0,1
0.1111111111111111,0.2222222222222222,1.7351349399127654,0.3333333333333333,0.9381994275369115,0.1802129145795076,-0.38495025148573936,1.9258553163226204,0.25,-0.02014964483939455,-0.09634604924643074,-2.476644085611099,1.7351349399127651,-0.09634369408832952,0.3333333333333333,-0.1271490900706133,0.3333333333333333,0.3333333333333333,0.1111111111111111,-0.9531238224996238,0,1
0.3333333333333333,0.3611111111111111,3.111387761459329,0.3333333333333333,3.026926323930682,-0.024230948184563922,-0.32556073441332944,1.3790049371340838,0.375,-0.020363180020070946,0.12564033518978174,-0.1625931438033047,3.1113877614593286,-0.05042906437089462,0.3333333333333333,-1.4809843220475034,0.4444444444444444,0.3333333333333333,0.3333333333333333,-1.3723900433022265,0,1
0.1111111111111111,0.05555555555555555,0.083631554056889,0.3333333333333333,-0.2367334808806074,0.7662957000223847,1.0749767080481456,0.2538723316408949,0.25,0.4613014111319416,0.4011299444386166,-0.05713342408174937,0.0836315540568891,0.46066592991948757,0.1111111111111111,0.43388818715053235,0.1111111111111111,0.1111111111111111,0.1111111111111111,1.155113830650042,0,1
0.3333333333333333,0.05555555555555555,0.083631554056889,0.1111111111111111,0.4796657853361687,-0.04260204376723723,-0.4274098149399247,0.74923519556253,0.25,-0.18710726377043052,-0.015781955055106312,0.05090380957037403,0.0836315540568891,-1.8377883046032708,0.1111111111111111,-0.031672403407900916,0.1111111111111111,0.1111111111111111,0.1111111111111111,-1.666848273078999,1,0
0.3333333333333333,0.3055555555555555,2.560886632840704,0.3333333333333333,1.3967101453479835,-0.024230948184563922,-0.3922243496178539,-1.504321540361816,0.25,-1.4978381506157068,-1.2558335710649353,-2.476644085611099,2.5608866328407034,0.1538601831392337,0.3333333333333333,0.12386069444290213,0.2222222222222222,0.3333333333333333,0.3333333333333333,-0.9531238224996238,0,1
0.3333333333333333,0.05555555555555555,0.083631554056889,0.0,-0.2080762207197047,-0.3089675359430827,-0.3274659670848738,0.8376265013727084,0.25,-0.07343775025371661,0.08530267480163553,0.2637189492662903,0.0836315540568891,-1.8377883046032708,0.0,-1.4809843220475034,0.0,0.1111111111111111,0.0,0.5191192900072952,0,1
0.3333333333333333,0.19444444444444442,1.4598843756034523,0.3333333333333333,2.3900697985747907,-2.4349041406302154,-0.315669569631199,0.02609689719025,0.25,-0.020363180020070946,-0.07718227738103715,0.23796784272265611,1.4598843756034523,-1.8377883046032708,0.3333333333333333,0.11363053313180634,0.2222222222222222,0.1111111111111111,0.1111111111111111,-1.666848273078999,0,1
0.0,0.1388888888888889,0.9093832469848272,0.3333333333333333,0.4796887097258397,-2.4349041406302154,-5.028059896155144,-0.95842191396722,0.25,-1.4978381506157068,-1.2558335710649353,-2.476644085611099,0.9093832469848272,-1.8377883046032708,0.3333333333333333,-1.4809843220475034,0.2222222222222222,0.0,0.0,-0.9531238224996238,1,0
0.1111111111111111,0.0,-0.4668695745617363,0.1111111111111111,-0.2844958199592799,0.1290755331518779,0.2900964515332164,0.2538723316408949,0.0,0.1996891746211725,0.17912208069407212,0.25535628738857397,-0.4668695745617363,0.15848363368338322,0.1111111111111111,0.21218812386795324,0.1111111111111111,0.1111111111111111,0.1111111111111111,-0.5135592262370264,1,0
0.1111111111111111,0.08333333333333333,0.3588821183662018,0.1111111111111111,-0.1571298919851497,0.30420801898878946,0.3141702550503108,0.4636163081257023,0.25,0.3236529324331165,-1.2558335710649353,0.2798348545565959,0.3588821183662018,0.18040838650574129,0.3333333333333333,0.11363053313180634,0.2222222222222222,0.1111111111111111,0.1111111111111111,0.3871513198050401,1,0
0.1111111111111111,0.0,-0.4668695745617363,0.1111111111111111,-0.2844958199592799,0.1706153525976616,-0.15833389603012424,-0.0953809513297535,0.0,-1.4978381506157068,-1.2558335710649353,0.2718751554032957,-0.4668695745617363,0.07824744290209906,0.1111111111111111,-1.4809843220475034,0.1111111111111111,0.1111111111111111,0.1111111111111111,-0.5135592262370264,1,0
0.0,0.027777777777777776,-0.1916190102524236,0.0,-0.20807660281388,-0.7310159635608203,-1.7079213407740108,0.4636163081257023,0.125,-1.4978381506157068,-0.12294100215379163,-2.476644085611099,-0.1916190102524235,-1.8377883046032708,0.0,-0.42846419375793426,0.2222222222222222,0.0,0.0,-0.2847917733012345,0,1
0.1111111111111111,0.0,-0.4668695745617363,0.1111111111111111,-0.2844958199592799,0.0096341289758159,-0.041964188832330676,-0.95842191396722,0.0,0.15763820015463306,0.11540496140680959,-0.060200737786788555,-0.4668695745617363,0.1167250062941798,0.1111111111111111,-0.031672403407900916,0.1111111111111111,0.1111111111111111,0.1111111111111111,-1.1433092459291831,1,0
0.3333333333333333,0.2222222222222222,1.7351349399127654,0.1111111111111111,-0.0807098823455483,-0.0019839855468523357,-0.0817367596394866,0.5624443361818806,0.25,-1.4978381506157068,-1.2558335710649353,0.2637189492662903,1.7351349399127651,-0.003460088052991548,0.1111111111111111,0.21080734478507798,0.3333333333333333,0.3333333333333333,0.3333333333333333,1.0629938337787594,0,1
0.3333333333333333,0.2777777777777778,2.2856360685313915,0.3333333333333333,2.2627519830329987,-2.4349041406302154,-0.7571882432389957,-1.504321540361816,0.375,-1.4978381506157068,-0.015781955055106312,-2.476644085611099,2.2856360685313906,0.05170390327415423,0.4444444444444444,-0.031672403407900916,0.2222222222222222,0.1111111111111111,0.3333333333333333,-1.3723900433022265,0,1
0.3333333333333333,0.05555555555555555,0.083631554056889,0.1111111111111111,0.4796657853361687,0.0096341289758159,-0.15133418564170553,0.02609689719025,0.25,-0.020363180020070946,0.10854127650719715,0.10848346083980917,0.0836315540568891,-0.09634369408832952,0.1111111111111111,-0.031672403407900916,0.1111111111111111,0.1111111111111111,0.1111111111111111,-1.666848273078999,0,1
0.1111111111111111,0.0,-0.4668695745617363,0.1111111111111111,-0.2844958199592799,0.2773988829603999,0.30905005421099513,-1.504321540361816,0.0,0.13304132892194565,0.13361543138497342,0.3026242443531959,-0.4668695745617363,0.16320372109900366,0.1111111111111111,0.18418539902762215,0.1111111111111111,0.1111111111111111,0.1111111111111111,0.0021753538983214,1,0
0.3333333333333333,0.05555555555555555,0.083631554056889,0.1111111111111111,-0.2080762207197047,0.13997425265217076,0.09518907257766777,1.6996876816479582,0.25,-0.8919399915533109,-0.07146792985167084,0.2662689743947536,0.0836315540568891,-1.3861512193837573,0.1111111111111111,0.3442011710692899,0.1111111111111111,0.1111111111111111,0.1111111111111111,0.5191192900072952,1,0
0.0,0.05555555555555555,0.083631554056889,0.0,0.4796657853361687,-0.2131146983687719,-0.6400285059143982,1.3089470244281944,0.25,-1.4978381506157068,-0.3552825791201095,-0.11750172346436627,0.0836315540568891,0.09363981902557966,0.1111111111111111,-1.4809843220475034,0.0,0.1111111111111111,0.3333333333333333,-1.666848273078999,1,0
0.1111111111111111,0.05555555555555555,0.083631554056889,0.3333333333333333,-0.2539278885601141,0.5293284339441191,1.288177290588358,-0.222430806752854,0.25,0.6294798107474519,0.48283089790839706,0.17588630229713312,0.0836315540568891,0.5569517217041533,0.1111111111111111,0.5981896792962335,0.1111111111111111,0.1111111111111111,0.1111111111111111,1.8373853869087895,0,1
0.1111111111111111,0.0,-0.4668695745617363,0.0,-0.2844958199592799,-0.4243516626005816,-0.8436358829003556,1.1620705813604253,0.0,-1.4978381506157068,-1.2558335710649353,0.14401941297414983,-0.4668695745617363,-0.9564465226122669,0.0,-1.4809843220475034,0.0,0.1111111111111111,0.1111111111111111,0.6999923241170234,1,0
0.1111111111111111,0.0,-0.4668695745617363,0.1111111111111111,-0.2844958199592799,-0.1253728761915619,0.4840558288883328,1.3790049371340838,0.0,-0.020363180020070946,-0.07972466956477688,-0.058882686310977865,-0.4668695745617363,0.6495517507384837,0.1111111111111111,-0.031672403407900916,0.1111111111111111,0.1111111111111111,0.1111111111111111,-0.9531238224996238,1,0
0.3333333333333333,0.1111111111111111,0.6341326826755145,0.0,-0.0493592245867171,0.11641374710779676,0.28923651819633167,-1.130080895470915,0.25,0.521623335538934,0.13686210701186666,-0.293419280388156,0.6341326826755145,-1.8377883046032708,0.0,-1.4809843220475034,0.0,0.3333333333333333,0.0,0.0021753538983214,0,1
0.1111111111111111,0.08333333333333333,0.3588821183662018,0.1111111111111111,0.1740148978517919,-0.08282810616588625,-0.23139406311489316,0.6575761498836257,0.25,0.066276523690121,0.0001641425694612701,-0.060200737786788555,0.3588821183662018,0.04761210323873997,0.3333333333333333,-0.02084928412935526,0.2222222222222222,0.1111111111111111,0.1111111111111111,-0.9531238224996238,0,1
0.1111111111111111,0.05555555555555555,0.083631554056889,0.0,-0.1945904884170285,-0.11931638017893806,0.01603558033628082,-0.3554890506588386,0.25,-0.5173177953394423,-0.012583040711655105,0.43797805975704646,0.0836315540568891,0.07824744290209906,0.0,-0.03125368263783486,0.3333333333333333,0.1111111111111111,0.1111111111111111,0.3170934418812415,0,1
0.1111111111111111,0.05555555555555555,0.083631554056889,0.3333333333333333,0.0211779919147679,0.13997425265217076,1.1321660877868422,-1.504321540361816,0.25,0.1611410835106584,0.5121384586729041,-1.5606053597818246,0.0836315540568891,-0.23044846828559967,0.0,0.7481275780489822,0.0,0.0,0.0,-0.9531238224996238,0,1
0.0,0.0,-0.4668695745617363,0.0,-0.2844958199592799,-2.4349041406302154,-1.1745178157923617,-0.3554890506588386,0.0,0.024388519504153473,-1.2558335710649353,-2.476644085611099,-0.4668695745617363,-0.1566515622489695,0.0,-1.4809843220475034,0.0,0.0,0.0,0.9662521913648202,1,0
0.0,0.027777777777777776,-0.1916190102524236,0.0,-0.2462860203394923,-2.4349041406302154,-2.554147037625043,-0.6416298188340922,0.125,-1.4978381506157068,-0.26695408000006476,-2.476644085611099,-0.1916190102524235,-1.8377883046032708,0.0,-1.4809843220475034,0.2222222222222222,0.0,0.0,0.5191192900072952,1,0
0.3333333333333333,0.1111111111111111,0.6341326826755145,0.3333333333333333,1.2438273906316173,-0.5393205797814064,-0.9444781775959908,0.1423961078279921,0.25,-0.16838295792244487,-1.2558335710649353,0.034791834629782185,0.6341326826755145,-1.8377883046032708,0.0,-1.4809843220475034,0.1111111111111111,0.0,0.0,-1.666848273078999,0,1
0.4444444444444444,0.4444444444444444,3.937139454387268,0.5555555555555556,3.791100664828365,0.0096341289758159,-0.4891642875396221,1.0053451065944692,0.5,-1.4978381506157068,0.03126839304430128,-2.476644085611099,3.937139454387266,-1.8377883046032708,0.5555555555555556,0.151860300008783,0.2222222222222222,0.3333333333333333,0.3333333333333333,-1.3723900433022265,0,1
0.1111111111111111,0.1111111111111111,0.6341326826755145,0.1111111111111111,0.3268518037888158,0.04027036021255999,0.019540914553971733,1.4469588684499963,0.25,-1.4978381506157068,0.10854127650719715,0.05090380957037403,0.6341326826755145,0.2529015249281053,0.1111111111111111,0.11363053313180634,0.3333333333333333,0.1111111111111111,0.3333333333333333,-0.9531238224996238,1,0
0.1111111111111111,0.0,-0.4668695745617363,0.1111111111111111,-0.2844958199592799,0.3304383245690315,1.4557335129175324,1.1620705813604253,0.0,0.3010307147583054,0.14214604287236868,0.33603679754304344,-0.4668695745617363,0.23427491545775686,0.1111111111111111,0.9043173535772745,0.1111111111111111,0.0,0.1111111111111111,0.0869332819236188,1,0
0.3333333333333333,0.1111111111111111,0.6341326826755145,0.1111111111111111,0.0211810486223196,0.30420801898878946,0.42788296131236975,0.9229385817157996,0.25,-1.4978381506157068,0.27295236848406923,0.3689107160964178,0.6341326826755145,0.1134598899578306,0.1111111111111111,0.3057862080103784,0.1111111111111111,0.1111111111111111,0.3333333333333333,-0.2847917733012345,0,1
0.0,0.0,-0.4668695745617363,0.0,-0.2844958199592799,-2.4349041406302154,-5.028059896155144,-0.6416298188340922,0.0,-1.4978381506157068,-1.2558335710649353,-2.476644085611099,-0.4668695745617363,-1.8377883046032708,0.0,-1.4809843220475034,0.0,0.0,0.0,1.3273719327921307,1,0
0.0,0.0,-0.4668695745617363,0.0,-0.2844958199592799,-0.5237567152409004,-0.34748133720891333,0.2538723316408949,0.0,0.15595869833656192,-0.18916118159006917,0.05090380957037403,-0.4668695745617363,-0.2561501001512252,0.0,0.03734981096165261,0.0,0.0,0.0,0.6999923241170234,0,1
0.1111111111111111,0.08333333333333333,0.3588821183662018,0.1111111111111111,-0.2335492789487679,-2.4349041406302154,1.2325662855513282,0.3608480215924758,0.25,0.5513191242342087,0.43846938855231643,0.6790215616716487,0.3588821183662018,0.5809296451057236,0.3333333333333333,0.6075726407181999,0.2222222222222222,0.1111111111111111,0.1111111111111111,1.668921836399024,1,0
0.0,0.027777777777777776,-0.1916190102524236,0.0,-0.1889720373345985,-2.4349041406302154,-1.0934443963169291,-0.7958621975017078,0.125,0.15614596232898256,-1.2558335710649353,-2.476644085611099,-0.1916190102524235,-1.8377883046032708,0.0,-1.4809843220475034,0.2222222222222222,0.0,0.0,-0.5135592262370264,1,0
0.1111111111111111,0.19444444444444442,1.4598843756034523,0.3333333333333333,-0.0616051364358781,0.4014158596269659,1.7021179993577902,-0.0953809513297535,0.25,0.41295659635638515,0.8710147678100988,-2.476644085611099,1.4598843756034523,0.07824744290209906,0.3333333333333333,-1.4809843220475034,0.2222222222222222,0.3333333333333333,0.1111111111111111,0.7564222381735122,0,1
0.1111111111111111,0.0,-0.4668695745617363,0.1111111111111111,-0.2844958199592799,0.13997425265217076,0.08620470644284951,0.74923519556253,0.0,0.12776328546361485,0.232909330105537,-0.038891540158578077,-0.4668695745617363,0.07875081492481575,0.1111111111111111,-0.031672403407900916,0.1111111111111111,0.1111111111111111,0.1111111111111111,-0.9531238224996238,1,0
0.1111111111111111,0.08333333333333333,0.3588821183662018,0.1111111111111111,-0.1207398867782926,-1.9890851365132343,0.6161373917939135,0.9229385817157996,0.25,0.32788699403238525,0.27295236848406923,0.33742708388807957,0.3588821183662018,0.3091352594538665,0.3333333333333333,0.4553267454815638,0.2222222222222222,0.1111111111111111,0.1111111111111111,0.0869332819236188,0,1
0.0,0.0,-0.4668695745617363,0.0,-0.2844958199592799,-0.5828964244887175,-1.2163208703955142,1.2366750160392723,0.0,-0.26626552996092573,-0.2221689412940948,-0.5739540108794664,-0.4668695745617363,-0.38617961722740235,0.0,-0.2728874586092021,0.0,0.0,0.0,0.3871513198050401,0,1
0.1111111111111111,0.0,-0.4668695745617363,0.1111111111111111,-0.2844958199592799,0.38856701644178904,0.8995152296312822,0.1423961078279921,0.0,0.3955971410661783,0.3572998073251172,0.4926873395741765,-0.4668695745617363,0.45727239579997386,0.1111111111111111,0.4043673854716937,0.1111111111111111,0.1111111111111111,0.1111111111111111,1.7378785539272517,1,0
0.0,0.0,-0.4668695745617363,0.0,-0.2844958199592799,0.015210520943539288,0.7197100937713959,-0.95842191396722,0.0,-0.1055838215095548,0.5764370861118309,-0.04367236974281401,-0.4668695745617363,0.1266901244106837,0.0,0.06763061217710553,0.0,0.0,0.0,0.5191192900072952,1,0
0.1111111111111111,0.0,-0.4668695745617363,0.1111111111111111,-0.2844958199592799,-0.09796198604729224,-0.28446493039492793,-0.222430806752854,0.0,-0.0669649595905562,0.0916223345060399,-0.04325388820269269,-0.4668695745617363,-0.011243718495857454,0.1111111111111111,-0.09704145532817755,0.1111111111111111,0.1111111111111111,0.1111111111111111,-1.3723900433022265,1,0
0.3333333333333333,0.3333333333333333,2.8361371971500167,0.3333333333333333,0.6325347857855188,0.1706153525976616,0.15083480994301704,-0.6416298188340922,0.25,0.35904257655150684,-1.2558335710649353,0.13390092072414314,2.836137197150016,-1.8377883046032708,0.3333333333333333,0.20553002657306216,0.3333333333333333,0.3333333333333333,0.3333333333333333,-0.2847917733012345,0,1
0.0,0.027777777777777776,-0.1916190102524236,0.0,-0.2208130328678629,-2.4349041406302154,-1.065708456530478,-0.95842191396722,0.125,-1.4978381506157068,-1.2558335710649353,0.09251550751761975,-0.1916190102524235,-1.8377883046032708,0.0,-1.4809843220475034,0.2222222222222222,0.0,0.0,-0.0875094222424097,1,0
0.1111111111111111,0.05555555555555555,0.083631554056889,0.3333333333333333,1.24375098211194,0.133370076305487,-0.6203635133477566,-1.9271995283231864,0.25,-0.23552775036606768,-0.15534042008940815,-2.476644085611099,0.0836315540568891,-0.26731161460931685,0.1111111111111111,-0.22149467992329036,0.1111111111111111,0.1111111111111111,0.1111111111111111,-2.102083711231995,0,1
0.1111111111111111,0.05555555555555555,0.083631554056889,0.1111111111111111,0.2249537406391757,-0.006008110210854344,-0.6148706482498757,0.4636163081257023,0.25,-1.4978381506157068,-1.2558335710649353,-0.018873842113316566,0.0836315540568891,-0.07051747194991384,0.1111111111111111,-1.4809843220475034,0.3333333333333333,0.0,0.1111111111111111,-1.3723900433022265,0,1
0.0,0.19444444444444442,1.4598843756034523,0.3333333333333333,-0.0170272226207668,-0.3976112996289958,-0.5073927468707112,-0.222430806752854,0.25,-1.4978381506157068,-1.2558335710649353,-2.476644085611099,1.4598843756034523,0.10792224508343672,0.0,0.17902974580555658,0.2222222222222222,0.3333333333333333,0.3333333333333333,0.5191192900072952,0,1
0.1111111111111111,0.05555555555555555,0.083631554056889,0.1111111111111111,-0.1316573856684801,1.283848024418114,1.5631146158865783,0.74923519556253,0.25,-0.020363180020070946,0.18676614569920824,0.39957486119276137,0.0836315540568891,0.46850019335317594,0.0,0.11363053313180634,0.3333333333333333,0.1111111111111111,0.1111111111111111,-0.2847917733012345,1,0
0.1111111111111111,0.0,-0.4668695745617363,0.1111111111111111,-0.2844958199592799,0.0096341289758159,-0.26665675894397495,-1.9271995283231864,0.0,-0.020363180020070946,-0.03890615268944402,0.03528680271000362,-0.4668695745617363,-0.030657157785564992,0.1111111111111111,-0.07843085670165796,0.1111111111111111,0.1111111111111111,0.1111111111111111,-0.9531238224996238,1,0
0.0,0.05555555555555555,0.083631554056889,0.1111111111111111,0.0211779919147679,0.01489446152430385,1.0522413702111653,-0.95842191396722,0.25,-1.4978381506157068,0.06142263222793808,0.017853675089789346,0.0836315540568891,0.8967274531550865,0.1111111111111111,0.07227821476081255,0.1111111111111111,0.1111111111111111,0.3333333333333333,-0.9531238224996238,1,0
0.0,0.0,-0.4668695745617363,0.0,-0.2844958199592799,-0.6093144262638732,-1.2706934993383059,0.1423961078279921,0.0,-0.283833322683991,-0.46707438800058704,-0.6010949721906617,-0.4668695745617363,-0.40688611890430865,0.0,-0.17603491184546596,0.0,0.0,0.0,-0.2847917733012345,0,1
0.1111111111111111,0.1388888888888889,0.9093832469848272,0.3333333333333333,0.3523267441444129,0.13997425265217076,0.2336474618791863,-0.7958621975017078,0.25,0.214438587242051,0.27295236848406923,-2.476644085611099,0.9093832469848272,0.18040838650574129,0.3333333333333333,0.19865366409457927,0.2222222222222222,0.1111111111111111,0.1111111111111111,-0.7891132362483021,0,1
0.0,0.027777777777777776,-0.1916190102524236,0.0,-0.2632681063313813,-2.4349041406302154,-0.24794407555882716,1.3790049371340838,0.125,-1.4978381506157068,-1.2558335710649353,0.5012069340167656,-0.1916190102524235,-1.8377883046032708,0.0,-1.4809843220475034,0.2222222222222222,0.0,0.0,1.3273719327921307,1,0
0.3333333333333333,0.19444444444444442,1.4598843756034523,0.3333333333333333,0.309875208543736,0.45533257435354596,0.46182459082024946,-0.7958621975017078,0.25,0.214438587242051,0.27295236848406923,0.16869886832993028,1.4598843756034523,-1.8377883046032708,0.3333333333333333,0.3057862080103784,0.2222222222222222,0.1111111111111111,0.1111111111111111,-0.3945035917891138,0,1
0.3333333333333333,0.3055555555555555,2.560886632840704,0.3333333333333333,0.6495157962597452,-2.4349041406302154,0.030211570385128454,0.1423961078279921,0.25,0.3011257616335053,0.10854127650719715,0.39765349836135255,2.5608866328407034,-1.8377883046032708,0.3333333333333333,-1.4809843220475034,0.2222222222222222,0.3333333333333333,0.3333333333333333,-0.3945035917891138,0,1
0.1111111111111111,0.0,-0.4668695745617363,0.1111111111111111,-0.2844958199592799,0.20687631454243124,-0.009653776925479437,-1.130080895470915,0.0,-0.16838295792244487,-0.14001564323410587,0.21676984313247286,-0.4668695745617363,0.20480647378947592,0.1111111111111111,-0.2837522314751988,0.1111111111111111,0.1111111111111111,0.1111111111111111,-0.5135592262370264,1,0
0.0,0.0,-0.4668695745617363,0.0,-0.2844958199592799,0.19969158683998878,1.0380258961336843,0.2538723316408949,0.0,0.38037520412757464,0.3041091646661807,0.8414702812658875,-0.4668695745617363,0.3620022280794215,0.0,0.4909146555647359,0.0,0.0,0.0,0.6999923241170234,1,0
0.3333333333333333,0.3333333333333333,2.8361371971500167,0.3333333333333333,4.300473811813412,-0.04260204376723723,-0.5381439700842905,0.2538723316408949,0.25,-1.4978381506157068,-1.2558335710649353,-2.476644085611099,2.836137197150016,0.03024184189440318,0.3333333333333333,0.10724407230306736,0.3333333333333333,0.3333333333333333,0.3333333333333333,-1.666848273078999,0,1
0.0,0.05555555555555555,0.083631554056889,0.0,-0.1889714403146885,-2.4349041406302154,-0.31602667050072675,0.3608480215924758,0.25,-1.4978381506157068,-1.2558335710649353,-0.1625931438033047,0.0836315540568891,-0.20401956914178188,0.3333333333333333,0.3315685166615628,0.0,0.0,0.1111111111111111,0.2439439807007004,1,0
0.3333333333333333,0.19444444444444442,1.4598843756034523,0.3333333333333333,0.60705576978589,-2.4349041406302154,-0.3922243496178539,0.4636163081257023,0.25,0.066276523690121,-0.015781955055106312,0.16869886832993028,1.4598843756034523,-1.8377883046032708,0.3333333333333333,-0.011697378387615939,0.2222222222222222,0.1111111111111111,0.1111111111111111,-0.7891132362483021,0,1
0.0,0.1111111111111111,0.6341326826755145,0.3333333333333333,-0.1146745826604397,-2.4349041406302154,-5.028059896155144,1.3089470244281944,0.25,-1.4978381506157068,-1.2558335710649353,-2.476644085611099,0.6341326826755145,-1.8377883046032708,0.3333333333333333,-1.4809843220475034,0.0,0.0,0.0,0.3871513198050401,0,1
0.0,0.0,-0.4668695745617363,0.0,-0.2844958199592799,-2.4349041406302154,-5.028059896155144,0.4636163081257023,0.0,-1.4978381506157068,-1.2558335710649353,-2.476644085611099,-0.4668695745617363,-1.8377883046032708,0.0,-1.4809843220475034,0.0,0.0,0.0,0.5191192900072952,1,0
0.1111111111111111,0.05555555555555555,0.083631554056889,0.1111111111111111,-0.2462859248152321,-0.05730145932103819,-0.17652559386127104,-0.4950413083649336,0.25,0.214438587242051,0.012525788285051761,-0.10041091545176654,0.0836315540568891,-0.09086383791019664,0.1111111111111111,-0.031672403407900916,0.3333333333333333,0.1111111111111111,0.1111111111111111,1.486110633212629,0,1
0.0,0.0,-0.4668695745617363,0.1111111111111111,-0.2844958199592799,-0.2121523322644971,-0.8225723092754195,-1.130080895470915,0.0,-1.4978381506157068,-0.015423691688263465,-2.476644085611099,-0.4668695745617363,-0.2703064631855168,0.1111111111111111,-0.04553281838202407,0.0,0.0,0.0,0.0021753538983214,1,0
0.3333333333333333,0.05555555555555555,0.083631554056889,0.1111111111111111,0.4796657853361687,-0.17785326578844632,-0.255479866018601,1.5129114345882186,0.25,-0.020363180020070946,-1.2558335710649353,0.034791834629782185,0.0836315540568891,-0.09634369408832952,0.1111111111111111,0.19865366409457927,0.1111111111111111,0.1111111111111111,0.1111111111111111,-1.666848273078999,0,1
0.1111111111111111,0.05555555555555555,0.083631554056889,0.0,-0.2317925662894157,-0.5689983788915405,-0.28487340690033336,0.2538723316408949,0.25,-0.25962352200296185,-0.12294100215379163,-0.3351884823183917,0.0836315540568891,-1.8377883046032708,0.0,0.34068618200076517,0.3333333333333333,0.0,0.0,1.0152348983243975,0,1
0.3333333333333333,0.05555555555555555,0.083631554056889,0.1111111111111111,-0.1455516624742182,0.30420801898878946,0.6346140476603745,-0.95842191396722,0.25,0.47186486317693166,0.27295236848406923,0.44857565069185484,0.0836315540568891,-1.8377883046032708,0.1111111111111111,0.2672619317513289,0.1111111111111111,0.1111111111111111,0.1111111111111111,-0.1828566844305228,1,0
0.1111111111111111,0.16666666666666666,1.18463381129414,0.3333333333333333,0.2249650616147337,-2.4349041406302154,-0.5038252582901732,-1.7090442746462755,0.375,0.014093073420951698,0.01928845081540143,-1.5606053597818246,1.18463381129414,0.05600566865192716,0.4444444444444444,0.029357261941373242,0.2222222222222222,0.1111111111111111,0.1111111111111111,-0.3945035917891138,0,1
0.1111111111111111,0.0,-0.4668695745617363,0.1111111111111111,-0.2844958199592799,0.18953232746223397,0.30699779935237365,0.74923519556253,0.0,0.214438587242051,0.1812882605018963,0.23796784272265611,-0.4668695745617363,0.18040838650574129,0.1111111111111111,0.18366048248811315,0.1111111111111111,0.1111111111111111,0.1111111111111111,-0.5135592262370264,1,0
0.0,0.05555555555555555,0.083631554056889,0.0,0.097594534469716,-2.4349041406302154,-0.13336772854041914,-1.7090442746462755,0.25,-0.04622040096392105,-0.04918950752030197,-0.5636925919375713,0.0836315540568891,0.38079998945365606,0.3333333333333333,-0.016515666362733553,0.0,0.1111111111111111,0.1111111111111111,-1.1433092459291831,1,0
0.0,0.0,-0.4668695745617363,0.0,-0.2844958199592799,0.0233208938130201,0.7958343550782488,0.3608480215924758,0.0,0.6315470471264694,0.09561874471129156,0.5681828660324588,-0.4668695745617363,0.16659796492864015,0.0,0.09316415725953443,0.0,0.0,0.0,1.199597083727945,1,0
0.0,0.027777777777777776,-0.1916190102524236,0.0,-0.2367336301369842,-2.4349041406302154,-5.028059896155144,0.5624443361818806,0.125,-1.4978381506157068,-1.2558335710649353,-2.476644085611099,-0.1916190102524235,-1.8377883046032708,0.0,-1.4809843220475034,0.2222222222222222,0.0,0.0,0.2439439807007004,0,1
0.1111111111111111,0.0,-0.4668695745617363,0.1111111111111111,-0.2844958199592799,-0.015077236328412898,-0.04397402686417557,1.1620705813604253,0.0,-0.08758678929803386,0.1812882605018963,0.2678222202354302,-0.4668695745617363,-0.19492155453371052,0.1111111111111111,-0.06182096594394337,0.1111111111111111,0.1111111111111111,0.1111111111111111,-0.9531238224996238,1,0
0.0,0.0,-0.4668695745617363,0.0,-0.2844958199592799,-0.3869560647570514,-1.0902726407803542,0.5624443361818806,0.0,-0.283833322683991,-0.06735821754535742,-2.476644085611099,-0.4668695745617363,-0.23260103010001043,0.0,-0.5347005625374254,0.0,0.0,0.0,0.3170934418812415,0,1
0.1111111111111111,0.05555555555555555,0.083631554056889,0.1111111111111111,-0.2539278885601141,-0.19621792968431917,2.1184121190825413,0.8376265013727084,0.125,0.35038956720215075,0.8110253114012994,1.515922128521648,0.0836315540568891,0.27834781275570547,0.2222222222222222,0.2983138944268734,0.2222222222222222,0.1111111111111111,0.1111111111111111,1.8373853869087895,0,1
0.4444444444444444,0.2777777777777778,2.2856360685313915,0.4444444444444444,3.5363122065179637,0.30420801898878946,-0.31656268330822224,-0.0953809513297535,0.375,-1.4978381506157068,-1.2558335710649353,-0.1940527750620471,2.2856360685313906,-1.8377883046032708,0.1111111111111111,0.03885253254617039,0.1111111111111111,0.3333333333333333,0.3333333333333333,-1.666848273078999,0,1
0.1111111111111111,0.0,-0.4668695745617363,0.1111111111111111,-0.2844958199592799,0.323428064557037,0.5230114608966848,-1.130080895470915,0.0,0.2759431547214016,0.232909330105537,0.33176328759158996,-0.4668695745617363,0.25912409361742555,0.1111111111111111,0.25909069258539974,0.1111111111111111,0.1111111111111111,0.1111111111111111,0.7564222381735122,1,0
0.0,0.0,-0.4668695745617363,0.0,-0.2844958199592799,-2.4349041406302154,-1.8243691188850175,-0.0953809513297535,0.0,-1.4978381506157068,-0.17555695391141726,-2.476644085611099,-0.4668695745617363,-1.8377883046032708,0.0,-0.25574014463392186,0.0,0.0,0.0,1.1095988810204689,1,0
0.1111111111111111,0.0,-0.4668695745617363,0.1111111111111111,-0.2844958199592799,0.2324632635633931,-0.013543755734125175,0.5624443361818806,0.0,0.018591671476249207,0.05693515131531388,0.034791834629782185,-0.4668695745617363,0.005775291400744047,0.1111111111111111,0.05331580804312823,0.1111111111111111,0.1111111111111111,0.1111111111111111,-0.6440902286753902,1,0
0.3333333333333333,0.2777777777777778,2.2856360685313915,0.4444444444444444,1.2438732394109595,-0.06208652614907963,-0.740022176188871,-1.9271995283231864,0.5,-0.04287136549723655,-0.07972466956477688,-2.476644085611099,2.2856360685313906,-1.8377883046032708,0.5555555555555556,-0.1064055331039316,0.2222222222222222,0.1111111111111111,0.1111111111111111,-0.9531238224996238,0,1
0.3333333333333333,0.08333333333333333,0.3588821183662018,0.0,-0.2377081717682121,-2.4349041406302154,0.1425001855184951,1.5129114345882186,0.25,0.3153352653466343,0.14850356484644558,0.4715432755901649,0.3588821183662018,-1.8377883046032708,0.0,-1.4809843220475034,0.2222222222222222,0.1111111111111111,0.1111111111111111,1.8047152235915511,1,0
0.1111111111111111,0.1388888888888889,0.9093832469848272,0.1111111111111111,0.3523267441444129,0.31681855183423063,0.5567028338463358,0.2538723316408949,0.25,-1.4978381506157068,0.3333354774730562,0.16869886832993028,0.9093832469848272,0.442866495718539,0.3333333333333333,0.2589858554836899,0.2222222222222222,0.1111111111111111,0.3333333333333333,-0.7891132362483021,0,1
0.1111111111111111,0.0,-0.4668695745617363,0.1111111111111111,-0.2844958199592799,0.6396851926361523,1.0158696814353412,0.5624443361818806,0.0,0.3781993782464736,0.2700214131527996,0.6945781907212136,-0.4668695745617363,0.47497829121629737,0.1111111111111111,0.32493582651498576,0.1111111111111111,0.1111111111111111,0.1111111111111111,1.6335973378751631,1,0
0.1111111111111111,0.1388888888888889,0.9093832469848272,0.1111111111111111,1.6259081932793418,-1.4880007338279437,-0.4870796040978054,-0.7958621975017078,0.25,0.066276523690121,-0.015781955055106312,-0.038891540158578077,0.9093832469848272,0.022032598257449288,0.3333333333333333,-1.4809843220475034,0.2222222222222222,0.3333333333333333,0.1111111111111111,-1.666848273078999,0,1
0.1111111111111111,0.027777777777777776,-0.1916190102524236,0.0,-0.2299105088989508,-2.4349041406302154,-0.5757926869969202,-0.222430806752854,0.125,-1.4978381506157068,0.10854127650719715,0.16869886832993028,-0.1916190102524235,-1.8377883046032708,0.0,-1.4809843220475034,0.2222222222222222,0.1111111111111111,0.1111111111111111,0.0869332819236188,1,0
0.1111111111111111,0.1111111111111111,0.6341326826755145,0.1111111111111111,-0.0297646715936118,-2.4349041406302154,-0.5757926869969202,-1.130080895470915,0.25,-0.020363180020070946,0.10854127650719715,-0.1940527750620471,0.6341326826755145,-0.09634369408832952,0.3333333333333333,-1.4809843220475034,0.0,0.3333333333333333,0.1111111111111111,-0.0875094222424097,1,0
0.1111111111111111,0.0,-0.4668695745617363,0.1111111111111111,-0.2844958199592799,-0.17756548909525025,-0.8932054379188138,1.8157962335875484,0.0,-0.3302759480715859,-0.3277839820425376,-0.16319385511743364,-0.4668695745617363,-0.4648648554779333,0.1111111111111111,-0.33213707658246494,0.0,0.1111111111111111,0.1111111111111111,-0.9531238224996238,1,0
0.1111111111111111,0.1111111111111111,0.6341326826755145,0.1111111111111111,-0.1455510309127367,-1.9173243051832538,0.6783299217269537,0.6575761498836257,0.25,0.3703360350780464,0.3201462223973949,0.49380039328860975,0.6341326826755145,0.3640778410488459,0.3333333333333333,0.3547919585064962,0.3333333333333333,0.1111111111111111,0.1111111111111111,0.6417328970763176,0,1
0.1111111111111111,0.0,-0.4668695745617363,0.0,-0.2844958199592799,-0.5729083411369763,0.04765675861369156,-0.222430806752854,0.0,0.12776328546361485,-0.21659427311646556,0.26847404018890436,-0.4668695745617363,0.07824744290209906,0.0,0.2653886661751719,0.0,0.0,0.1111111111111111,0.0021753538983214,1,0
0.0,0.0,-0.4668695745617363,0.0,-0.2844958199592799,-2.4349041406302154,-5.028059896155144,1.1620705813604253,0.0,-1.4978381506157068,-1.2558335710649353,-2.476644085611099,-0.4668695745617363,-1.8377883046032708,0.0,-1.4809843220475034,0.0,0.0,0.0,1.3273719327921307,0,1
0.4444444444444444,0.2777777777777778,2.2856360685313915,0.3333333333333333,2.2627519830329987,-2.4349041406302154,-0.6598451745581841,-1.504321540361816,0.375,-1.4978381506157068,-1.2558335710649353,0.09541429936025897,2.2856360685313906,-1.8377883046032708,0.3333333333333333,0.11363053313180634,0.2222222222222222,0.1111111111111111,0.3333333333333333,-1.3723900433022265,0,1
0.1111111111111111,0.0,-0.4668695745617363,0.1111111111111111,-0.2844958199592799,0.08136281572751122,-0.41765519112613586,1.3089470244281944,0.0,-1.4978381506157068,-1.2558335710649353,0.09883240487051116,-0.4668695745617363,-0.00749880872921027,0.1111111111111111,-1.4809843220475034,0.1111111111111111,0.0,0.1111111111111111,-0.9531238224996238,1,0
0.0,0.0,-0.4668695745617363,0.0,-0.2844958199592799,-0.3281393778419977,-1.873218969294285,-0.222430806752854,0.0,-1.4978381506157068,-1.2558335710649353,-2.476644085611099,-0.4668695745617363,-1.8377883046032708,0.0,-1.4809843220475034,0.0,0.0,0.0,-0.9531238224996238,1,0
0.0,0.027777777777777776,-0.1916190102524236,0.0,-0.2638418267707287,-2.4349041406302154,-5.028059896155144,0.74923519556253,0.125,-1.4978381506157068,-1.2558335710649353,-2.476644085611099,-0.1916190102524235,-1.8377883046032708,0.0,-1.4809843220475034,0.2222222222222222,0.0,0.0,1.3682240822548568,0,1
0.3333333333333333,0.2222222222222222,1.7351349399127654,0.1111111111111111,-0.0297636102182493,0.38856701644178904,0.6269457978251336,0.74923519556253,0.375,0.15763820015463306,-1.2558335710649353,0.4240946640332317,1.7351349399127651,0.5594659976634546,0.1111111111111111,0.11384010261592441,0.1111111111111111,0.4444444444444444,0.4444444444444444,0.7564222381735122,0,1
0.0,0.0,-0.4668695745617363,0.0,-0.2844958199592799,-0.7184029574279608,-0.6214792406700255,-1.504321540361816,0.0,-1.4978381506157068,-1.2558335710649353,0.25553559283774613,-0.4668695745617363,-0.24364852373056853,0.0,-1.4809843220475034,0.0,0.0,0.0,-0.3945035917891138,1,0
0.1111111111111111,0.0,-0.4668695745617363,0.1111111111111111,-0.2844958199592799,0.150515689149979,0.22344991033072584,-0.6416298188340922,0.0,0.214438587242051,0.1812882605018963,0.12647886847422787,-0.4668695745617363,0.07824744290209906,0.1111111111111111,0.19865366409457927,0.1111111111111111,0.1111111111111111,0.1111111111111111,-0.2847917733012345,1,0
0.1111111111111111,0.0,-0.4668695745617363,0.1111111111111111,-0.2844958199592799,0.08136281572751122,0.05666772811172043,-0.6416298188340922,0.0,0.12776328546361485,0.10854127650719715,0.10848346083980917,-0.4668695745617363,0.07950399314438782,0.1111111111111111,0.11363053313180634,0.1111111111111111,0.1111111111111111,0.1111111111111111,-0.5135592262370264,1,0
0.1111111111111111,0.1388888888888889,0.9093832469848272,0.3333333333333333,-0.093446821860342,0.3126488641947435,1.9434153022857323,0.6575761498836257,0.25,1.1147066353792472,0.2849598405137579,-2.476644085611099,0.9093832469848272,0.34900422611190063,0.3333333333333333,0.3679838853211465,0.2222222222222222,0.1111111111111111,0.0,0.5191192900072952,0,1
0.1111111111111111,0.1111111111111111,0.6341326826755145,0.1111111111111111,0.3268518037888158,-2.4349041406302154,-0.5060824340335689,-1.504321540361816,0.25,-0.003920466634580242,-0.015066141993938723,0.04758485615594852,0.6341326826755145,-0.1886702074924367,0.3333333333333333,-0.1064055331039316,0.3333333333333333,0.1111111111111111,0.1111111111111111,-0.9531238224996238,0,1
0.4444444444444444,0.3611111111111111,3.111387761459329,0.3333333333333333,1.7023839572220312,-2.4349041406302154,-0.06350011676499775,1.0053451065944692,0.375,0.018591671476249207,0.10854127650719715,0.2594804437169419,3.1113877614593286,0.03730458856720431,0.3333333333333333,0.11363053313180634,0.3333333333333333,0.3333333333333333,0.3333333333333333,-0.9531238224996238,0,1
0.0,0.0,-0.4668695745617363,0.0,-0.2844958199592799,0.6960481664772368,0.6855071097242851,-0.7958621975017078,0.0,-1.4978381506157068,0.16704098413972915,0.5392528137287013,-0.4668695745617363,0.29663282875022295,0.0,-1.4809843220475034,0.0,0.0,0.0,0.3871513198050401,1,0
0.3333333333333333,0.5,4.487640583005893,0.4444444444444444,4.300550225426821,-0.719952793840549,-0.6158531964356745,-1.7090442746462755,0.5,-1.4978381506157068,-1.2558335710649353,-2.476644085611099,4.487640583005892,0.13446858275768922,0.5555555555555556,0.11363053313180634,0.5555555555555556,0.3333333333333333,0.4444444444444444,-1.3723900433022265,0,1
0.0,0.0,-0.4668695745617363,0.0,-0.2844958199592799,-2.4349041406302154,-0.599208066647464,1.0850063694144667,0.0,0.043760431555868125,-1.2558335710649353,0.10449639155603306,-0.4668695745617363,-1.8377883046032708,0.0,-0.030418740098191684,0.0,0.0,0.0,0.5191192900072952,0,1
0.3333333333333333,0.25,2.010385504222078,0.3333333333333333,-0.0473311784448913,0.4123958978726874,0.71276414583404,1.4469588684499963,0.25,-1.4978381506157068,0.3333354774730562,-2.476644085611099,2.0103855042220777,0.5751543653927822,0.3333333333333333,0.3671715138948441,0.2222222222222222,0.1111111111111111,0.3333333333333333,1.0152348983243975,0,1
0.0,0.027777777777777776,-0.1916190102524236,0.0,-0.269211854259697,0.04027036021255999,-1.047124131521949,0.5624443361818806,0.125,-1.4978381506157068,-1.2558335710649353,-2.476644085611099,-0.1916190102524235,-1.8377883046032708,0.0,-0.32186013015374193,0.2222222222222222,0.0,0.0,1.8373853869087895,0,1
0.1111111111111111,0.05555555555555555,0.083631554056889,0.1111111111111111,0.0211779919147679,0.13997425265217076,-0.15461483174041993,1.0850063694144667,0.25,-0.015505019785203886,-1.2558335710649353,0.21274764054807596,0.0836315540568891,0.07849925456800215,0.1111111111111111,-1.4809843220475034,0.3333333333333333,0.1111111111111111,0.1111111111111111,-0.9531238224996238,1,0
0.3333333333333333,0.1111111111111111,0.6341326826755145,0.3333333333333333,-0.0493592245867171,0.4525471756703302,0.5039625038932738,1.5769583967038283,0.25,0.2473332793843075,-1.2558335710649353,0.21961315785587668,0.6341326826755145,-1.8377883046032708,0.1111111111111111,0.46434309803320867,0.1111111111111111,0.1111111111111111,0.1111111111111111,0.0021753538983214,0,1
0.1111111111111111,0.08333333333333333,0.3588821183662018,0.1111111111111111,0.1740148978517919,-1.9173243051832538,-0.5137426881645986,0.1423961078279921,0.25,-0.020363180020070946,-0.08465673382266095,0.034791834629782185,0.3588821183662018,-0.15033385167146385,0.3333333333333333,-0.031672403407900916,0.2222222222222222,0.1111111111111111,0.1111111111111111,-0.9531238224996238,0,1
0.1111111111111111,0.05555555555555555,0.083631554056889,0.1111111111111111,-0.0297667943178028,0.018354147473292056,-0.15868583225664065,-1.7090442746462755,0.25,-0.016132469034368106,-0.0019815092194356396,0.11760366895698081,0.0836315540568891,0.025161917861290132,0.1111111111111111,-0.021447229530358713,0.3333333333333333,0.1111111111111111,0.1111111111111111,-0.7891132362483021,0,1
0.1111111111111111,0.16666666666666666,1.18463381129414,0.3333333333333333,1.243852861836087,-2.4349041406302154,-0.7061650460213944,-0.6416298188340922,0.375,0.0019336068950664943,-0.019038917372292397,-1.9449000722341456,1.18463381129414,-0.09135711293377474,0.4444444444444444,-0.03399042739279907,0.2222222222222222,0.1111111111111111,0.1111111111111111,-1.3723900433022265,0,1
0.1111111111111111,0.0,-0.4668695745617363,0.1111111111111111,-0.2844958199592799,-0.17670370090685472,-0.8388968188915573,-0.95842191396722,0.0,-0.24205366622281366,-0.16250504744989117,-0.1940527750620471,-0.4668695745617363,-1.8377883046032708,0.1111111111111111,-0.20220812076731515,0.1111111111111111,0.0,0.0,-0.2847917733012345,1,0
0.1111111111111111,0.0,-0.4668695745617363,0.1111111111111111,-0.2844958199592799,0.638209119137205,0.9786213005585442,-0.3554890506588386,0.0,0.4030415636668088,0.30992743791734495,0.6040788725843649,-0.4668695745617363,0.37734116683533264,0.1111111111111111,0.3799831845042932,0.1111111111111111,0.1111111111111111,0.1111111111111111,1.3273719327921307,1,0
0.0,0.027777777777777776,-0.1916190102524236,0.0,-0.2590225777575635,-2.4349041406302154,-1.0831201349820065,0.4636163081257023,0.125,-0.22139741587053635,-0.12622845462244348,-2.476644085611099,-0.1916190102524235,-0.09634369408832952,0.0,-0.22887460301959633,0.2222222222222222,0.0,0.1111111111111111,1.0629938337787594,1,0
0.3333333333333333,0.19444444444444442,1.4598843756034523,0.3333333333333333,2.3900697985747907,-2.4349041406302154,-0.6675460048333411,-0.7958621975017078,0.25,-0.1484276388262529,-0.13930054313604165,0.1529146459748972,1.4598843756034523,-1.8377883046032708,0.3333333333333333,-0.20315520606063805,0.2222222222222222,0.1111111111111111,0.1111111111111111,-1.666848273078999,0,1
0.1111111111111111,0.0,-0.4668695745617363,0.1111111111111111,-0.2844958199592799,0.1486435532685795,-0.2729858672934792,0.3608480215924758,0.0,-0.020363180020070946,-0.23146499342530566,0.038404497313681465,-0.4668695745617363,-0.09634369408832952,0.1111111111111111,-0.17687068600338346,0.1111111111111111,0.1111111111111111,0.1111111111111111,-0.2847917733012345,1,0
0.0,0.0,-0.4668695745617363,0.0,-0.2844958199592799,-0.4051106091944457,-0.0972739692706438,0.3608480215924758,0.0,-0.14803916375906678,0.1768681478600174,0.021655288632532486,-0.4668695745617363,-0.2468306114300373,0.0,0.24877953729658128,0.0,0.0,0.0,1.0152348983243975,1,0
0.1111111111111111,0.0,-0.4668695745617363,0.1111111111111111,-0.2844958199592799,-0.00922997645810883,-0.8103993418836994,-1.31171478496986,0.0,-1.4978381506157068,-1.2558335710649353,-0.03478979744880234,-0.4668695745617363,-1.8377883046032708,0.1111111111111111,-1.4809843220475034,0.1111111111111111,0.0,0.1111111111111111,-1.3723900433022265,1,0
0.1111111111111111,0.1111111111111111,0.6341326826755145,0.1111111111111111,0.0551447677567291,-0.08282810616588625,-0.2855726903951195,0.5624443361818806,0.25,0.066276523690121,0.0850983607360946,-0.060200737786788555,0.6341326826755145,0.005775291400744047,0.1111111111111111,-1.4809843220475034,0.1111111111111111,0.3333333333333333,0.3333333333333333,-0.3945035917891138,1,0
0.1111111111111111,0.0,-0.4668695745617363,0.1111111111111111,-0.2844958199592799,0.04216421648155949,0.35246580126750404,0.74923519556253,0.0,0.16673593377072146,0.37235388042488066,0.0809464037658137,-0.4668695745617363,0.1134598899578306,0.1111111111111111,0.15455148118326137,0.1111111111111111,0.1111111111111111,0.1111111111111111,-0.1828566844305228,1,0
0.0,0.0,-0.4668695745617363,0.0,-0.2844958199592799,0.1200825547637397,-0.3090977194553841,1.0053451065944692,0.0,-0.25702342352210616,0.02279365357854673,0.178888903842196,-0.4668695745617363,-1.8377883046032708,0.0,-1.4809843220475034,0.0,0.1111111111111111,0.0,1.285678693674575,1,0
0.1111111111111111,0.08333333333333333,0.3588821183662018,0.1111111111111111,-0.2080760933541306,0.5270853668270672,0.9426538990720016,0.1423961078279921,0.25,0.4241497408825051,0.21559114483901468,0.5664037311873185,0.3588821183662018,0.42758709717101306,0.3333333333333333,0.45117298070474154,0.2222222222222222,0.1111111111111111,0.1111111111111111,1.0629938337787594,0,1
0.1111111111111111,0.1111111111111111,0.6341326826755145,0.1111111111111111,-0.0493592245867171,-1.0421817297109623,0.2277441798847106,-0.7958621975017078,0.25,0.24119702560576337,0.13416063866482975,0.2070133954846282,0.6341326826755145,0.21364645487968173,0.3333333333333333,0.27293063649791044,0.3333333333333333,0.1111111111111111,0.1111111111111111,0.0021753538983214,0,1
0.0,0.0,-0.4668695745617363,0.0,-0.2844958199592799,-0.6405164088259279,-1.6020365476889518,0.3608480215924758,0.0,-0.15675299925015765,-1.2558335710649353,-0.633150833521768,-0.4668695745617363,-1.8377883046032708,0.0,-1.4809843220475034,0.0,0.0,0.0,-1.3723900433022265,1,0
0.0,0.0,-0.4668695745617363,0.0,-0.2844958199592799,-2.4349041406302154,-1.0743570431475347,1.0053451065944692,0.0,0.024561751968611396,-1.2558335710649353,-0.27604912372276585,-0.4668695745617363,-0.37001122821452725,0.0,-1.4809843220475034,0.0,0.0,0.0,-0.0875094222424097,1,0
0.1111111111111111,0.05555555555555555,0.083631554056889,0.1111111111111111,-0.2180439511956038,0.0976588803573525,0.2353577637238828,-0.222430806752854,0.25,-1.4978381506157068,0.16890900987517174,0.1232101319848419,0.0836315540568891,0.35508346069795704,0.1111111111111111,0.19865366409457927,0.1111111111111111,0.1111111111111111,0.3333333333333333,0.6999923241170234,1,0
0.0,0.0,-0.4668695745617363,0.0,-0.2844958199592799,0.5368402175445685,1.0395439883352753,0.8376265013727084,0.0,0.5266976098715213,0.4931094518409319,0.7081900088901337,-0.4668695745617363,-1.8377883046032708,0.0,0.09339519146367445,0.0,0.0,0.0,1.199597083727945,1,0
0.0,0.0,-0.4668695745617363,0.0,-0.2844958199592799,-0.07312057125891361,0.03169182822871367,0.74923519556253,0.0,-0.4552505567832787,-1.2558335710649353,-0.1462019142794743,-0.4668695745617363,0.4747432426462471,0.0,-0.6561697304830192,0.0,0.1111111111111111,0.1111111111111111,-1.666848273078999,0,1
0.3333333333333333,0.19444444444444442,1.4598843756034523,0.3333333333333333,-0.0297637618438426,-2.4349041406302154,-0.3597686010969941,0.5624443361818806,0.25,0.012083310553986181,0.004219667270185835,0.22429830629969633,1.4598843756034523,-1.8377883046032708,0.3333333333333333,-0.011697378387615939,0.2222222222222222,0.1111111111111111,0.1111111111111111,0.5814972662319737,0,1
0.0,0.0,-0.4668695745617363,0.0,-0.2844958199592799,-0.2131146983687719,1.2716351760492888,-0.4950413083649336,0.0,0.5149814631065435,0.7337347140145948,-0.1940527750620471,-0.4668695745617363,-0.09634369408832952,0.0,0.006539905894159156,0.0,0.0,0.0,0.2439439807007004,1,0
0.1111111111111111,0.0,-0.4668695745617363,0.1111111111111111,-0.2844958199592799,-0.11859720634246156,-0.4343139325768407,-1.9271995283231864,0.0,-0.11204520320124457,-0.015781955055106312,-0.060200737786788555,-0.4668695745617363,-0.18614051716160288,0.1111111111111111,-0.031672403407900916,0.1111111111111111,0.1111111111111111,0.1111111111111111,-0.9531238224996238,1,0
0.1111111111111111,0.0,-0.4668695745617363,0.1111111111111111,-0.2844958199592799,0.4572960632549125,0.7976296631113244,1.7585321597554342,0.0,0.34403164778013556,0.2900563190762661,0.5315972218020605,-0.4668695745617363,0.35508346069795704,0.1111111111111111,0.3374936322617383,0.1111111111111111,0.1111111111111111,0.1111111111111111,0.5814972662319737,1,0
0.1111111111111111,0.0,-0.4668695745617363,0.1111111111111111,-0.2844958199592799,0.5270853668270672,1.9989026088625292,-0.6416298188340922,0.0,0.4331265772230196,0.931407765302455,0.653383746041454,-0.4668695745617363,0.42783900320732504,0.1111111111111111,0.43959528381392954,0.1111111111111111,0.1111111111111111,0.1111111111111111,1.2431022551165405,1,0
0.1111111111111111,0.0,-0.4668695745617363,0.1111111111111111,-0.2844958199592799,-0.16542856067063424,-0.6244777066228233,0.1423961078279921,0.0,-0.24754526380929873,-0.32275592532999164,-0.15109242520006644,-0.4668695745617363,-0.04196768724742248,0.1111111111111111,-0.1457930429049809,0.1111111111111111,0.1111111111111111,0.1111111111111111,-2.102083711231995,0,1
0.1111111111111111,0.0,-0.4668695745617363,0.1111111111111111,-0.2844958199592799,-0.12881500849105557,-0.632351435141434,-1.504321540361816,0.0,-0.20814314591629246,-0.24573249218212043,0.0369313612660919,-0.4668695745617363,-0.3838053755925958,0.1111111111111111,-0.3088966837270661,0.1111111111111111,0.1111111111111111,0.1111111111111111,-1.1433092459291831,1,0
0.4444444444444444,0.41666666666666663,3.6618888900779543,0.5555555555555556,2.0080577690960792,0.36283016970125886,-0.11082267868121463,-1.31171478496986,0.5,0.13819223942991316,-1.2558335710649353,-2.476644085611099,3.661888890077954,-1.8377883046032708,0.3333333333333333,0.11363053313180634,0.3333333333333333,0.3333333333333333,0.3333333333333333,-0.9531238224996238,0,1
0.0,0.05555555555555555,0.083631554056889,0.0,-0.2420403927034826,-2.4349041406302154,-1.1488849341938483,-0.6416298188340922,0.25,-0.22139741587053635,-0.1845109244123129,-0.504636039758671,0.0836315540568891,-0.25144728730864235,0.3333333333333333,-0.22887460301959633,0.0,0.0,0.1111111111111111,1.3273719327921307,0,1
0.3333333333333333,0.19444444444444442,1.4598843756034523,0.4444444444444444,0.1612836896806392,-0.04241303968704692,-0.5934797739975977,-0.4950413083649336,0.375,-1.4978381506157068,-1.2558335710649353,-2.476644085611099,1.4598843756034523,-1.2573907469345689,0.0,0.2094174170755434,0.3333333333333333,0.0,0.1111111111111111,-0.0875094222424097,0,1
0.1111111111111111,0.0,-0.4668695745617363,0.1111111111111111,-0.2844958199592799,0.13997425265217076,0.5670376122921608,-0.6416298188340922,0.0,0.3236529324331165,0.3973473314367822,0.16869886832993028,-0.4668695745617363,0.35508346069795704,0.1111111111111111,-0.004947872781388551,0.1111111111111111,0.1111111111111111,0.1111111111111111,0.6417328970763176,1,0
0.0,0.0,-0.4668695745617363,0.0,-0.2844958199592799,0.0096341289758159,0.043001031711074424,-0.95842191396722,0.0,0.12776328546361485,0.20012163769313637,-0.34598822012232755,-0.4668695745617363,0.2815170403090649,0.1111111111111111,-0.2837522314751988,0.1111111111111111,0.1111111111111111,0.1111111111111111,-1.666848273078999,1,0
0.3333333333333333,0.3055555555555555,2.560886632840704,0.3333333333333333,0.916372445798759,-0.08282810616588625,-0.5127802940355883,0.02609689719025,0.25,-1.4978381506157068,-1.2558335710649353,-2.476644085611099,2.5608866328407034,0.07824744290209906,0.3333333333333333,0.11363053313180634,0.2222222222222222,0.3333333333333333,0.3333333333333333,-0.6440902286753902,0,1
0.0,0.0,-0.4668695745617363,0.0,-0.2844958199592799,-0.3771772238460933,-0.4066071458867924,0.2538723316408949,0.0,-1.4978381506157068,0.18981475736928755,0.0809464037658137,-0.4668695745617363,-1.8377883046032708,0.0,-0.21739129166283935,0.0,0.0,0.0,1.668921836399024,1,0
0.1111111111111111,0.05555555555555555,0.083631554056889,0.1111111111111111,-0.2117152319262978,-0.18987948039188884,0.057484147476601556,-0.0953809513297535,0.25,-1.114660594938363,0.30695473037167503,0.257298528389013,0.0836315540568891,0.04069001726851605,0.1111111111111111,-0.31608981251207946,0.1111111111111111,0.0,0.3333333333333333,0.5814972662319737,1,0
0.1111111111111111,0.08333333333333333,0.3588821183662018,0.1111111111111111,-0.0934474586850288,-2.4349041406302154,0.10518826667169565,-0.7958621975017078,0.25,0.214438587242051,-1.2558335710649353,0.16869886832993028,0.3588821183662018,0.18040838650574129,0.3333333333333333,0.3057862080103784,0.2222222222222222,0.1111111111111111,0.1111111111111111,-0.0875094222424097,1,0
0.1111111111111111,0.05555555555555555,0.083631554056889,0.1111111111111111,-0.1889714403146885,-0.15453537925888908,-0.715896460409307,-0.222430806752854,0.25,-0.16838295792244487,-0.015781955055106312,-0.18237925388542992,0.0836315540568891,-0.39180806223249853,0.1111111111111111,-1.4809843220475034,0.1111111111111111,0.3333333333333333,0.1111111111111111,0.2439439807007004,1,0
0.0,0.027777777777777776,-0.1916190102524236,0.0,-0.20807660281388,-2.4349041406302154,-5.028059896155144,1.3790049371340838,0.125,-1.4978381506157068,-1.2558335710649353,-2.476644085611099,-0.1916190102524235,-1.8377883046032708,0.0,-1.4809843220475034,0.2222222222222222,0.0,0.0,-0.2847917733012345,0,1
0.1111111111111111,0.0,-0.4668695745617363,0.1111111111111111,-0.2844958199592799,-0.030360099362461087,-0.00982243190043095,-1.9271995283231864,0.0,0.12776328546361485,0.10854127650719715,0.034791834629782185,-0.4668695745617363,0.07824744290209906,0.1111111111111111,0.11363053313180634,0.1111111111111111,0.1111111111111111,0.1111111111111111,-0.1828566844305228,1,0
0.1111111111111111,0.0,-0.4668695745617363,0.1111111111111111,-0.2844958199592799,0.061472485274025074,0.20061010924509606,0.8376265013727084,0.0,0.23155067604930119,0.157670700350545,0.11268396089000897,-0.4668695745617363,0.13547442390327438,0.1111111111111111,0.19154423969583573,0.1111111111111111,0.1111111111111111,0.1111111111111111,-0.7891132362483021,1,0
0.3333333333333333,0.1111111111111111,0.6341326826755145,0.3333333333333333,0.1521835494072796,0.40655538067346964,0.13100068389753539,1.2366750160392723,0.25,0.1129400668601307,0.10018713266464359,0.03970846005909461,0.6341326826755145,-1.8377883046032708,0.1111111111111111,0.10043389299267505,0.1111111111111111,0.1111111111111111,0.1111111111111111,-0.6440902286753902,1,0
0.0,0.0,-0.4668695745617363,0.0,-0.2844958199592799,-1.9173243051832538,2.3936086944001977,1.9258553163226204,0.0,0.3604873073673766,0.9356207946216297,1.4603256896850394,-0.4668695745617363,0.6440728991434305,0.0,0.8573698084209732,0.0,0.0,0.0,1.7715522582507326,1,0
0.1111111111111111,0.0,-0.4668695745617363,0.0,-0.2844958199592799,0.1035931218795526,1.668782946034424,-0.95842191396722,0.0,0.3236529324331165,0.2735257046064468,1.3873645673005333,-0.4668695745617363,0.3092864219511139,0.0,0.4707643179126623,0.0,0.1111111111111111,0.1111111111111111,1.561142456786503,1,0
0.0,0.1111111111111111,0.6341326826755145,0.3333333333333333,-0.1918658202470713,-2.4349041406302154,-0.4213094358520636,-0.222430806752854,0.25,-1.4978381506157068,-1.2558335710649353,-2.476644085611099,0.6341326826755145,0.25346788919321017,0.3333333333333333,0.14357319555297043,0.0,0.0,0.0,1.199597083727945,0,1
0.1111111111111111,0.0,-0.4668695745617363,0.1111111111111111,-0.2844958199592799,-0.11502526551304132,-1.0726742800912639,1.5769583967038283,0.0,-1.4978381506157068,-1.2558335710649353,-0.1940527750620471,-0.4668695745617363,-1.8377883046032708,0.1111111111111111,-1.4809843220475034,0.1111111111111111,0.0,0.0,-0.9531238224996238,1,0
0.0,0.05555555555555555,0.083631554056889,0.0,0.2249537406391757,-0.2929268929199516,-1.8012328682280123,-1.504321540361816,0.25,-1.4978381506157068,-1.2558335710649353,-2.476644085611099,0.0836315540568891,-1.8377883046032708,0.0,-1.4809843220475034,0.3333333333333333,0.0,0.0,-1.3723900433022265,0,1
0.1111111111111111,0.0,-0.4668695745617363,0.1111111111111111,-0.2844958199592799,0.08136281572751122,-0.04581186044354961,0.2538723316408949,0.0,0.06050019776789523,0.10473377249251282,0.04471325895204173,-0.4668695745617363,-0.009275161793371506,0.1111111111111111,0.08575319356172201,0.1111111111111111,0.1111111111111111,0.1111111111111111,-0.5135592262370264,1,0
0.0,0.027777777777777776,-0.1916190102524236,0.0,-0.2590225777575635,-2.4349041406302154,-5.028059896155144,0.6575761498836257,0.125,-1.4978381506157068,-1.2558335710649353,-2.476644085611099,-0.1916190102524235,-1.8377883046032708,0.0,-1.4809843220475034,0.2222222222222222,0.0,0.0,1.0629938337787594,0,1
0.1111111111111111,0.0,-0.4668695745617363,0.1111111111111111,-0.2844958199592799,0.0096341289758159,-0.2567850406009787,1.3089470244281944,0.0,-0.12946365119646047,-0.015781955055106312,0.05090380957037403,-0.4668695745617363,-0.01160329552774256,0.1111111111111111,-0.031672403407900916,0.1111111111111111,0.1111111111111111,0.1111111111111111,-0.7891132362483021,1,0
0.1111111111111111,0.05555555555555555,0.083631554056889,0.1111111111111111,-0.233549335555847,0.5720272761527729,0.9342535650308812,-0.7958621975017078,0.25,0.3955971410661783,0.30585063256892686,0.5315972218020605,0.0836315540568891,0.42758709717101306,0.1111111111111111,0.39083030464541124,0.3333333333333333,0.1111111111111111,0.1111111111111111,1.0629938337787594,0,1
0.3333333333333333,0.05555555555555555,0.083631554056889,0.1111111111111111,-0.0297667943178028,-0.08282810616588625,-0.3832676981197954,0.02609689719025,0.25,-0.09654852506560477,0.044560169834700084,0.04932751301282032,0.0836315540568891,-1.8377883046032708,0.1111111111111111,-0.031672403407900916,0.1111111111111111,0.1111111111111111,0.1111111111111111,-0.7891132362483021,1,0
0.3333333333333333,0.05555555555555555,0.083631554056889,0.1111111111111111,0.4796657853361687,-0.08261392671528767,-0.2634322729740883,1.5769583967038283,0.25,0.09125917284980617,-1.2558335710649353,0.13911932807499858,0.0836315540568891,-1.8377883046032708,0.1111111111111111,0.12275948962466958,0.1111111111111111,0.1111111111111111,0.1111111111111111,-1.666848273078999,1,0
0.0,0.16666666666666666,1.18463381129414,0.0,2.0079889959270663,-2.4349041406302154,0.08065949331215154,-1.130080895470915,0.25,-1.3496048375326566,-0.06688085054270765,-0.3626050635543782,1.18463381129414,0.515353646362968,0.3333333333333333,-0.07712544467242505,0.3333333333333333,0.1111111111111111,0.3333333333333333,-1.666848273078999,0,1
0.4444444444444444,0.2222222222222222,1.7351349399127654,0.4444444444444444,0.1857773707858456,0.6597540644413262,0.5940213865060694,-0.6416298188340922,0.375,-1.4978381506157068,0.27295236848406923,0.33742708388807957,1.7351349399127651,-1.8377883046032708,0.1111111111111111,0.26921851233687344,0.1111111111111111,0.1111111111111111,0.3333333333333333,0.0021753538983214,0,1
0.0,0.0,-0.4668695745617363,0.0,-0.2844958199592799,-2.4349041406302154,-5.028059896155144,0.1423961078279921,0.0,-1.4978381506157068,-1.2558335710649353,-2.476644085611099,-0.4668695745617363,-1.8377883046032708,0.0,-1.4809843220475034,0.0,0.0,0.0,0.6999923241170234,1,0
0.1111111111111111,0.0,-0.4668695745617363,0.1111111111111111,-0.2844958199592799,0.6755580203172455,1.2555505870150938,-0.6416298188340922,0.0,0.43736449256029597,0.28643080330718096,0.6366946978213068,-0.4668695745617363,0.7290244014774278,0.1111111111111111,0.47190753074823016,0.1111111111111111,0.1111111111111111,0.1111111111111111,2.223906638893516,1,0
0.1111111111111111,0.05555555555555555,0.083631554056889,0.1111111111111111,-0.2497595437519207,0.5720272761527729,1.143475230005126,-0.222430806752854,0.25,0.49414217124898024,0.43006921587535435,0.6017420617855448,0.0836315540568891,0.491277090930023,0.1111111111111111,0.47494471565738927,0.3333333333333333,0.1111111111111111,0.1111111111111111,1.6335973378751631,0,1
0.1111111111111111,0.0,-0.4668695745617363,0.1111111111111111,-0.2844958199592799,0.5270853668270672,1.68341293386614,-0.222430806752854,0.0,0.9787350564448721,0.3572998073251172,0.4926873395741765,-0.4668695745617363,0.35508346069795704,0.1111111111111111,0.5062066625999129,0.1111111111111111,0.1111111111111111,0.1111111111111111,0.6417328970763176,1,0
0.1111111111111111,0.05555555555555555,0.083631554056889,0.1111111111111111,-0.2080762207197047,0.45577440228353866,0.5688930516209877,1.0053451065944692,0.25,0.3236529324331165,0.1812882605018963,0.3505732374012529,0.0836315540568891,0.2529015249281053,0.1111111111111111,0.19872355549491127,0.3333333333333333,0.1111111111111111,0.1111111111111111,0.5191192900072952,0,1
0.1111111111111111,0.0,-0.4668695745617363,0.1111111111111111,-0.2844958199592799,-0.0051655882901636635,-0.17119474256175288,-1.31171478496986,0.0,0.011531899507590097,0.011912147047364584,0.05728913035152748,-0.4668695745617363,0.0464715426655191,0.1111111111111111,-0.016126104438052926,0.1111111111111111,0.1111111111111111,0.1111111111111111,-0.9531238224996238,1,0
0.1111111111111111,0.0,-0.4668695745617363,0.0,-0.2844958199592799,-0.23265115791362534,1.1443508258915747,0.4636163081257023,0.0,-0.046703144883761,0.41155811764194117,1.0614196019913393,-0.4668695745617363,-1.8377883046032708,0.0,0.4495727313762759,0.0,0.0,0.1111111111111111,1.285678693674575,1,0
0.1111111111111111,0.1111111111111111,0.6341326826755145,0.1111111111111111,0.3268518037888158,-2.4349041406302154,-0.6918310449996932,-1.7090442746462755,0.25,-0.08181436150509434,-0.07972466956477688,-0.10491631888259567,0.6341326826755145,-0.1843490138376874,0.3333333333333333,-0.09761462245019431,0.3333333333333333,0.1111111111111111,0.1111111111111111,-0.9531238224996238,1,0
0.1111111111111111,0.05555555555555555,0.083631554056889,0.1111111111111111,-0.1889714403146885,-0.13936814149278817,-0.40763189674269557,0.5624443361818806,0.25,0.0820638490124016,-0.015781955055106312,-0.11102071667620021,0.0836315540568891,-0.032409633836191595,0.1111111111111111,-1.4809843220475034,0.1111111111111111,0.3333333333333333,0.1111111111111111,0.2439439807007004,1,0
0.0,0.0,-0.4668695745617363,0.0,-0.2844958199592799,-2.4349041406302154,-0.9519047513928122,-1.130080895470915,0.0,-0.25962352200296185,0.013594638070886957,-2.476644085611099,-0.4668695745617363,-0.09634369408832952,0.0,-0.2663720580178166,0.0,0.0,0.0,-0.3945035917891138,1,0
0.1111111111111111,0.0,-0.4668695745617363,0.1111111111111111,-0.2844958199592799,0.37337333432966896,0.696544981626419,-0.222430806752854,0.0,0.3239093538855156,0.30585063256892686,0.39765349836135255,-0.4668695745617363,0.35508346069795704,0.1111111111111111,0.3060377416570077,0.1111111111111111,0.1111111111111111,0.1111111111111111,0.8643003776574393,1,0
0.1111111111111111,0.0,-0.4668695745617363,0.1111111111111111,-0.2844958199592799,-0.11955646263367715,-0.22904082605813766,-0.222430806752854,0.0,-0.07870470972534525,0.08964009583713212,-0.10215572367307334,-0.4668695745617363,-0.17661424232303088,0.1111111111111111,0.16042040378299907,0.1111111111111111,0.1111111111111111,0.1111111111111111,-1.3723900433022265,1,0
0.1111111111111111,0.0,-0.4668695745617363,0.1111111111111111,-0.2844958199592799,1.401456547314179,1.7912647647087856,-0.0953809513297535,0.0,0.34430360498996365,0.240979621554806,0.3716619977556528,-0.4668695745617363,0.3553773143737125,0.0,0.3442710159296509,0.0,0.1111111111111111,0.1111111111111111,0.9662521913648202,1,0
0.0,0.0,-0.4668695745617363,0.1111111111111111,-0.2844958199592799,-0.024230948184563922,-0.4776649287085658,-2.160312568658551,0.0,-1.4978381506157068,-1.2558335710649353,-0.1074461255133846,-0.4668695745617363,-0.15252708390055125,0.1111111111111111,0.10287579294346057,0.1111111111111111,0.0,0.0,-2.102083711231995,1,0
0.1111111111111111,0.0,-0.4668695745617363,0.1111111111111111,-0.2844958199592799,0.0096341289758159,-0.004056395189917627,0.5624443361818806,0.0,-0.06910086214624117,-0.015781955055106312,-0.03174656624508933,-0.4668695745617363,-0.00485753283318338,0.1111111111111111,0.3057862080103784,0.1111111111111111,0.1111111111111111,0.1111111111111111,-1.3723900433022265,1,0
0.1111111111111111,0.1111111111111111,0.6341326826755145,0.1111111111111111,0.7344033012376314,-0.2131146983687719,-0.5938872977327593,0.6575761498836257,0.25,-0.12946365119646047,-0.015781955055106312,-0.16560768234201723,0.6341326826755145,-0.05573139401720503,0.1111111111111111,-1.4809843220475034,0.3333333333333333,0.3333333333333333,0.1111111111111111,-1.3723900433022265,0,1
0.0,0.0,-0.4668695745617363,0.0,-0.2844958199592799,-2.4349041406302154,-5.028059896155144,1.8157962335875484,0.0,-1.4978381506157068,-1.2558335710649353,-2.476644085611099,-0.4668695745617363,-1.8377883046032708,0.0,-1.4809843220475034,0.0,0.0,0.0,1.0629938337787594,1,0
0.1111111111111111,0.1388888888888889,0.9093832469848272,0.1111111111111111,0.9891280815368592,-0.1593917029163177,-0.5076312645113519,0.74923519556253,0.375,-1.4978381506157068,0.0013089566649129294,-0.060200737786788555,0.9093832469848272,0.04618559430064315,0.1111111111111111,-1.4809843220475034,0.0,0.3333333333333333,0.4444444444444444,-1.3723900433022265,0,1
0.1111111111111111,0.0,-0.4668695745617363,0.1111111111111111,-0.2844958199592799,0.3406465500697549,0.9654323689153941,-0.7958621975017078,0.0,0.7457841230725359,-0.10147468064324724,0.3689107160964178,-0.4668695745617363,0.14915034027229246,0.1111111111111111,-0.031672403407900916,0.1111111111111111,0.1111111111111111,0.1111111111111111,0.0869332819236188,1,0
0.0,0.027777777777777776,-0.1916190102524236,0.0,-0.2462860203394923,0.131285026097367,-0.1393967909142752,1.6391892378370123,0.125,-1.4978381506157068,-1.2558335710649353,-2.476644085611099,-0.1916190102524235,-1.8377883046032708,0.0,0.3688241852320678,0.2222222222222222,0.0,0.0,0.5191192900072952,1,0
0.0,0.0,-0.4668695745617363,0.0,-0.2844958199592799,-2.4349041406302154,-5.028059896155144,-0.6416298188340922,0.0,-1.4978381506157068,-1.2558335710649353,-2.476644085611099,-0.4668695745617363,-1.8377883046032708,0.0,-1.4809843220475034,0.0,0.0,0.0,0.5814972662319737,1,0
0.1111111111111111,0.16666666666666666,1.18463381129414,0.3333333333333333,0.0976009025892222,0.25571528866671944,0.49316425878172565,0.3608480215924758,0.25,0.44423812695990667,0.10854127650719715,-2.476644085611099,1.18463381129414,0.4593917602828005,0.3333333333333333,-0.031672403407900916,0.3333333333333333,0.1111111111111111,0.1111111111111111,-0.0875094222424097,0,1
0.0,0.0,-0.4668695745617363,0.0,-0.2844958199592799,-2.4349041406302154,-5.028059896155144,0.1423961078279921,0.0,-1.4978381506157068,-1.2558335710649353,-2.476644085611099,-0.4668695745617363,-1.8377883046032708,0.0,-1.4809843220475034,0.0,0.0,0.0,0.6999923241170234,1,0
0.1111111111111111,0.19444444444444442,1.4598843756034523,0.1111111111111111,1.498577642135315,-2.4349041406302154,-0.3060119961713659,-1.504321540361816,0.25,-1.4978381506157068,-0.17166893429764887,0.2637189492662903,1.4598843756034523,-0.22493634798497716,0.3333333333333333,0.16042040378299907,0.2222222222222222,0.3333333333333333,0.3333333333333333,-1.3723900433022265,0,1
0.1111111111111111,0.0,-0.4668695745617363,0.1111111111111111,-0.2844958199592799,0.902355136885753,0.8634386247026499,0.1423961078279921,0.0,0.13210084404868222,0.1812882605018963,0.16869886832993028,-0.4668695745617363,0.05170390327415423,0.1111111111111111,0.12074236796650738,0.1111111111111111,0.1111111111111111,0.1111111111111111,-0.1828566844305228,1,0
0.1111111111111111,0.0,-0.4668695745617363,0.1111111111111111,-0.2844958199592799,0.0096341289758159,-0.25190385000087095,-1.7090442746462755,0.0,-0.020363180020070946,-0.015781955055106312,-0.10190590049916318,-0.4668695745617363,-0.0230124943395663,0.1111111111111111,0.05331580804312823,0.1111111111111111,0.1111111111111111,0.1111111111111111,-0.9531238224996238,1,0
0.1111111111111111,0.0,-0.4668695745617363,0.1111111111111111,-0.2844958199592799,0.30420801898878946,-0.032994685627783446,-0.0953809513297535,0.0,-1.4978381506157068,-1.2558335710649353,0.3604550640722583,-0.4668695745617363,-0.09634369408832952,0.1111111111111111,-1.4809843220475034,0.1111111111111111,0.0,0.1111111111111111,0.4544096728511559,1,0
0.3333333333333333,0.16666666666666666,1.18463381129414,0.1111111111111111,0.3705232340905594,0.0682402104790375,0.21389526667295827,0.4636163081257023,0.25,0.214438587242051,0.16890900987517174,0.38070954644942445,1.18463381129414,0.14435081490704424,0.1111111111111111,-1.4809843220475034,0.1111111111111111,0.3333333333333333,0.3333333333333333,-0.6440902286753902,1,0
0.3333333333333333,0.05555555555555555,0.083631554056889,0.1111111111111111,0.0211779919147679,-0.07772676298045061,-0.4129863278055807,-1.7090442746462755,0.25,-0.28902244472125804,-0.015781955055106312,0.11990873271450468,0.0836315540568891,-1.8377883046032708,0.1111111111111111,-0.031672403407900916,0.1111111111111111,0.1111111111111111,0.1111111111111111,-0.9531238224996238,1,0
0.0,0.19444444444444442,1.4598843756034523,0.3333333333333333,0.7853625215998877,-2.4349041406302154,-2.3254641829600615,0.5624443361818806,0.375,-1.4978381506157068,-1.2558335710649353,-0.5402922922717568,1.4598843756034523,-1.8377883046032708,0.3333333333333333,-1.4809843220475034,0.4444444444444444,0.0,0.0,-0.9531238224996238,0,1
0.1111111111111111,0.08333333333333333,0.3588821183662018,0.1111111111111111,0.4796785209384036,-2.4349041406302154,0.37779968064695346,-2.160312568658551,0.25,-0.15837619843326853,-0.10794878822499314,0.08465870272894467,0.3588821183662018,0.5169840911139691,0.3333333333333333,0.3537265810132059,0.2222222222222222,0.1111111111111111,0.1111111111111111,-1.3723900433022265,1,0
0.0,0.0,-0.4668695745617363,0.1111111111111111,-0.2844958199592799,-0.2131146983687719,-1.6378921616938666,-1.9271995283231864,0.0,-1.4978381506157068,-1.2558335710649353,-2.476644085611099,-0.4668695745617363,-1.8377883046032708,0.1111111111111111,-1.4809843220475034,0.1111111111111111,0.0,0.0,-1.666848273078999,1,0
0.1111111111111111,0.08333333333333333,0.3588821183662018,0.1111111111111111,0.1740148978517919,0.08136281572751122,0.11457289071794292,0.4636163081257023,0.25,0.12776328546361485,0.10854127650719715,0.10848346083980917,0.3588821183662018,0.07824744290209906,0.3333333333333333,0.21218812386795324,0.2222222222222222,0.1111111111111111,0.1111111111111111,-0.9531238224996238,0,1
0.0,0.027777777777777776,-0.1916190102524236,0.0,-0.2208130328678629,-2.4349041406302154,-1.6398689270624869,-1.31171478496986,0.125,-1.4978381506157068,-0.01632069449067146,-2.476644085611099,-0.1916190102524235,-1.8377883046032708,0.0,-1.4809843220475034,0.2222222222222222,0.0,0.0,-0.0875094222424097,1,0
0.0,0.027777777777777776,-0.1916190102524236,0.0,-0.20807660281388,-2.4349041406302154,-5.028059896155144,1.6391892378370123,0.125,-1.4978381506157068,-1.2558335710649353,-2.476644085611099,-0.1916190102524235,-1.8377883046032708,0.0,-1.4809843220475034,0.2222222222222222,0.0,0.0,-0.2847917733012345,0,1
0.1111111111111111,0.16666666666666666,1.18463381129414,0.3333333333333333,0.2886468757888082,0.45533257435354596,0.49253283832304495,-1.31171478496986,0.25,0.214438587242051,0.3561746162832491,-2.476644085611099,1.18463381129414,0.16302380427722835,0.3333333333333333,0.22428431919137498,0.3333333333333333,0.1111111111111111,0.1111111111111111,-0.5135592262370264,0,1
0.3333333333333333,0.3055555555555555,2.560886632840704,0.3333333333333333,0.1825125826125307,-2.4349041406302154,0.8629424635639573,-0.3554890506588386,0.25,-1.4978381506157068,0.3333354774730562,0.7216763735214582,2.5608866328407034,0.35508346069795704,0.3333333333333333,0.5362240682264986,0.2222222222222222,0.3333333333333333,0.3333333333333333,0.3871513198050401,0,1
0.0,0.0,-0.4668695745617363,0.0,-0.2844958199592799,-0.24447311037458327,0.3540900632988543,1.2366750160392723,0.0,-0.5661321556542002,0.23729653749030272,0.2385921479218534,-0.4668695745617363,0.3936089695574851,0.0,0.2888900311783444,0.0,0.0,0.1111111111111111,0.2439439807007004,0,1
0.3333333333333333,0.2222222222222222,1.7351349399127654,0.3333333333333333,1.7533024224345426,0.061472485274025074,-0.6222046451207646,-0.7958621975017078,0.25,-0.43353643856768437,-0.5937170139633319,0.034791834629782185,1.7351349399127651,-1.8377883046032708,0.3333333333333333,-0.4614975599638623,0.3333333333333333,0.1111111111111111,0.1111111111111111,-1.3723900433022265,0,1
0.0,0.0,-0.4668695745617363,0.0,-0.2844958199592799,-2.4349041406302154,1.5777156252777895,1.5129114345882186,0.0,0.6305210184127961,0.6141164593420568,1.124556041502445,-0.4668695745617363,-1.8377883046032708,0.0,0.6062046962267913,0.0,0.0,0.0,0.6417328970763176,1,0
0.0,0.0,-0.4668695745617363,0.0,-0.2844958199592799,-0.3782491929492808,0.18004200684877775,0.3608480215924758,0.0,-1.1536510563699378,0.017062421202481703,0.026431289036103117,-0.4668695745617363,0.5281147673949012,0.0,-1.1901688271439377,0.0,0.1111111111111111,0.1111111111111111,0.5191192900072952,1,0
0.1111111111111111,0.027777777777777776,-0.1916190102524236,0.1111111111111111,-0.2208130328678629,1.2870630582451554,1.5965749255745683,1.0850063694144667,0.125,0.27292878161339956,0.37627151444352924,0.36284943562907873,-0.1916190102524235,0.2529015249281053,0.0,0.2979658577876806,0.2222222222222222,0.1111111111111111,0.1111111111111111,-0.0875094222424097,1,0
0.1111111111111111,0.027777777777777776,-0.1916190102524236,0.0,-0.2632681063313813,-0.7613453758261194,-0.5341408385543174,-0.3554890506588386,0.125,-0.16166003210248886,0.022069026485360254,0.20937218347733624,-0.1916190102524235,-1.8377883046032708,0.0,-1.4809843220475034,0.2222222222222222,0.0,0.0,1.3273719327921307,0,1
0.0,0.0,-0.4668695745617363,0.0,-0.2844958199592799,-0.294578195306492,-0.5324230069028941,0.6575761498836257,0.0,0.0735597974702508,0.05196415790145149,-0.2777456159316628,-0.4668695745617363,-0.16019500465693898,0.0,-1.4809843220475034,0.0,0.1111111111111111,0.0,-1.1433092459291831,1,0
0.3333333333333333,0.25,2.010385504222078,0.3333333333333333,1.0910363334739357,-2.4349041406302154,-0.3767756702361193,0.1423961078279921,0.375,-0.010959128576550377,0.006767924974320478,0.22064960600352257,2.0103855042220777,-1.8377883046032708,0.3333333333333333,-0.0182777031574547,0.4444444444444444,0.1111111111111111,0.1111111111111111,-0.9531238224996238,0,1
0.1111111111111111,0.05555555555555555,0.083631554056889,0.1111111111111111,0.2249537406391757,-0.01542452624681512,-0.22646189219682383,1.0850063694144667,0.25,-0.03586673936810629,-1.2558335710649353,0.3169882161147576,0.0836315540568891,-0.09634369408832952,0.1111111111111111,-1.4809843220475034,0.1111111111111111,0.3333333333333333,0.0,-1.3723900433022265,0,1
0.0,0.2777777777777778,2.2856360685313915,0.3333333333333333,-0.0885476522941423,-2.2119946385717246,-0.1257924288077436,1.0850063694144667,0.25,-1.053138211366556,-1.0070077525659287,-0.020236281700726423,2.2856360685313906,0.39176366794257056,0.3333333333333333,0.011715638068930676,0.3333333333333333,0.3333333333333333,0.3333333333333333,1.4475584443037126,0,1
0.0,0.027777777777777776,-0.1916190102524236,0.0,-0.2257116711161392,0.38523547384837065,0.43719145573291396,0.9229385817157996,0.125,0.323224878916145,0.38900856890195773,-2.113672328199152,-0.1916190102524235,-0.11272903631207819,0.0,0.009143733731478516,0.2222222222222222,0.0,0.0,0.0021753538983214,1,0
0.0,0.05555555555555555,0.083631554056889,0.0,-0.1826031907933792,-0.0722901242301389,-1.3492194204891046,-0.0953809513297535,0.25,-1.4978381506157068,-1.2558335710649353,-2.476644085611099,0.0836315540568891,-1.8377883046032708,0.0,-1.4809843220475034,0.3333333333333333,0.0,0.0,0.1673597344439074,1,0
0.0,0.1111111111111111,0.6341326826755145,0.3333333333333333,-0.1995849654476854,-2.4349041406302154,-5.028059896155144,0.5624443361818806,0.25,-1.4978381506157068,-1.2558335710649353,-2.476644085611099,0.6341326826755145,-1.8377883046032708,0.3333333333333333,-1.4809843220475034,0.0,0.0,0.0,1.3273719327921307,0,1
0.1111111111111111,0.0,-0.4668695745617363,0.1111111111111111,-0.2844958199592799,0.49424046097786556,0.9139588043846211,0.2538723316408949,0.0,0.4106060458237249,0.33044083340340535,0.5315972218020605,-0.4668695745617363,0.39750813433987614,0.1111111111111111,0.4043673854716937,0.1111111111111111,0.1111111111111111,0.1111111111111111,0.8643003776574393,1,0
0.3333333333333333,0.1111111111111111,0.6341326826755145,0.0,0.2249622313236743,-2.4349041406302154,0.7736984608008068,-0.222430806752854,0.25,0.12776328546361485,0.10854127650719715,0.9616737298002895,0.6341326826755145,-1.8377883046032708,0.3333333333333333,0.03369874210299445,0.0,0.1111111111111111,0.1111111111111111,-0.7891132362483021,0,1
0.0,0.0,-0.4668695745617363,0.0,-0.2844958199592799,0.33432644091558694,0.5643037091141819,1.3089470244281944,0.0,0.27151467623001785,0.11899487881785094,0.55576181667126,-0.4668695745617363,0.2755992516923847,0.0,0.15455148118326137,0.0,0.0,0.0,-0.7891132362483021,1,0
0.0,0.0,-0.4668695745617363,0.0,-0.2844958199592799,-2.4349041406302154,-0.6525297880733817,0.1423961078279921,0.0,0.12257078842195747,-1.2558335710649353,-2.476644085611099,-0.4668695745617363,-1.8377883046032708,0.0,0.16042040378299907,0.0,0.0,0.0,1.3273719327921307,1,0
0.1111111111111111,0.0,-0.4668695745617363,0.1111111111111111,-0.2844958199592799,0.6377535762702007,0.9660376017505685,-0.3554890506588386,0.0,0.3955971410661783,0.3009742891538064,0.6008800809249746,-0.4668695745617363,0.3936450172452983,0.1111111111111111,0.3566434482280004,0.1111111111111111,0.1111111111111111,0.1111111111111111,1.3273719327921307,1,0
0.0,0.0,-0.4668695745617363,0.1111111111111111,-0.2844958199592799,-0.14738568857174558,1.0828992973145168,-0.222430806752854,0.0,0.18743409499561126,0.7038911297402352,-0.1940527750620471,-0.4668695745617363,-0.030269367775838486,0.1111111111111111,-1.4809843220475034,0.1111111111111111,0.0,0.0,0.3871513198050401,1,0
0.1111111111111111,0.08333333333333333,0.3588821183662018,0.1111111111111111,-0.1698664210999171,-1.6637639611143773,0.4394768788525151,1.6996876816479582,0.25,0.2759431547214016,-0.015781955055106312,-0.12976947015969262,0.3588821183662018,0.5297795323036212,0.3333333333333333,0.3048613289981392,0.2222222222222222,0.1111111111111111,0.1111111111111111,0.5191192900072952,0,1
0.0,0.0,-0.4668695745617363,0.0,-0.2844958199592799,0.04906186284719808,-0.5484664859849743,1.4469588684499963,0.0,-0.22139741587053635,-0.06032768875422031,-0.08534635739684174,-0.4668695745617363,-0.3332952455651344,0.0,-1.4809843220475034,0.0,0.0,0.0,0.2439439807007004,1,0
0.0,0.027777777777777776,-0.1916190102524236,0.0,-0.265390872387256,-2.4349041406302154,-0.5015757538502071,1.0053451065944692,0.125,-0.028861866509667444,-1.2558335710649353,-0.12625607532304722,-0.1916190102524235,0.2123178596459518,0.0,-1.4809843220475034,0.2222222222222222,0.0,0.0,1.486110633212629,0,1
0.0,0.0,-0.4668695745617363,0.0,-0.2844958199592799,-2.4349041406302154,1.1978183864044771,-0.6416298188340922,0.0,-1.4978381506157068,0.07811587074190778,-0.27101129602529567,-0.4668695745617363,-1.8377883046032708,0.0,0.8608592304605054,0.0,0.0,0.0,0.5191192900072952,1,0
0.1111111111111111,0.0,-0.4668695745617363,0.1111111111111111,-0.2844958199592799,-0.031453945427883115,0.060976074898961743,-1.9271995283231864,0.0,0.09515327130109466,0.14857534644596138,0.01576148151205687,-0.4668695745617363,0.21664681015404083,0.1111111111111111,0.0875416019734784,0.1111111111111111,0.1111111111111111,0.1111111111111111,-0.9531238224996238,1,0
0.3333333333333333,0.3333333333333333,2.8361371971500167,0.3333333333333333,1.243878333889583,0.30420801898878946,0.5147910485732438,2.314884223916934,0.5,0.3236529324331165,-0.015781955055106312,0.33742708388807957,2.836137197150016,0.3091352594538665,0.1111111111111111,0.3057862080103784,0.1111111111111111,0.5555555555555556,0.5555555555555556,-0.7891132362483021,0,1
0.1111111111111111,0.05555555555555555,0.083631554056889,0.1111111111111111,-0.2453061864262523,0.6977170950397797,1.194873593999174,-0.95842191396722,0.25,0.48545149980426605,0.43006921587535435,0.597890366091483,0.0836315540568891,0.5078490532608906,0.1111111111111111,0.4711651514597781,0.3333333333333333,0.1111111111111111,0.1111111111111111,1.4475584443037126,0,1
0.0,0.0,-0.4668695745617363,0.0,-0.2844958199592799,-2.4349041406302154,-5.028059896155144,0.6575761498836257,0.0,-1.4978381506157068,-1.2558335710649353,-2.476644085611099,-0.4668695745617363,-1.8377883046032708,0.0,-1.4809843220475034,0.0,0.0,0.0,0.3871513198050401,1,0
0.0,0.0,-0.4668695745617363,0.0,-0.2844958199592799,-0.602773378399174,-0.024892450820688746,1.4469588684499963,0.0,-0.10590229582854539,0.3862042784272381,-0.2947596113612805,-0.4668695745617363,-0.32755904072907777,0.0,-1.4809843220475034,0.0,0.0,0.0,-0.7891132362483021,1,0
0.1111111111111111,0.1388888888888889,0.9093832469848272,0.3333333333333333,0.9891280815368592,0.0096341289758159,0.1578111063287888,0.4636163081257023,0.25,0.5101198978461506,-1.2558335710649353,-2.476644085611099,0.9093832469848272,-1.8377883046032708,0.3333333333333333,0.006539905894159156,0.2222222222222222,0.0,0.0,-1.3723900433022265,0,1
0.3333333333333333,0.16666666666666666,1.18463381129414,0.3333333333333333,1.243852861836087,-2.4349041406302154,-0.8068281725029249,-1.130080895470915,0.25,-0.22249411296978905,-0.1480757270230598,0.09486410584134773,1.18463381129414,-1.8377883046032708,0.3333333333333333,-0.3136645943316165,0.0,0.1111111111111111,0.1111111111111111,-1.3723900433022265,0,1
0.3333333333333333,0.2222222222222222,1.7351349399127654,0.3333333333333333,0.0211825769990206,0.5577332855671004,0.8354251510158989,-0.3554890506588386,0.25,0.3236529324331165,0.3974729178490605,0.16869886832993028,1.7351349399127651,0.3939692146618301,0.1111111111111111,0.3509039468803462,0.1111111111111111,0.3333333333333333,0.3333333333333333,0.5191192900072952,0,1
0.0,0.0,-0.4668695745617363,0.0,-0.2844958199592799,-2.4349041406302154,-5.028059896155144,1.0053451065944692,0.0,-1.4978381506157068,-1.2558335710649353,-2.476644085611099,-0.4668695745617363,-1.8377883046032708,0.0,-1.4809843220475034,0.0,0.0,0.0,1.3273719327921307,0,1
0.1111111111111111,0.0,-0.4668695745617363,0.1111111111111111,-0.2844958199592799,0.30420801898878946,0.5755438254737038,-0.7958621975017078,0.0,0.3236529324331165,0.27295236848406923,0.39765349836135255,-0.4668695745617363,0.2529015249281053,0.1111111111111111,0.23098125874457032,0.0,0.1111111111111111,0.1111111111111111,-0.3945035917891138,1,0
0.0,0.027777777777777776,-0.1916190102524236,0.0,-0.20807660281388,-2.4349041406302154,-1.2506009682855697,0.1423961078279921,0.125,-1.4978381506157068,-0.04918950752030197,-2.476644085611099,-0.1916190102524235,-1.8377883046032708,0.0,-0.038055625166334095,0.2222222222222222,0.0,0.0,-0.2847917733012345,1,0
0.3333333333333333,0.3333333333333333,2.8361371971500167,0.3333333333333333,0.1740217754781709,0.3934761399043834,0.5974671360048284,-0.4950413083649336,0.25,0.3626362666558231,-1.2558335710649353,0.39765349836135255,2.836137197150016,0.3491332798513553,0.3333333333333333,0.3057862080103784,0.3333333333333333,0.3333333333333333,0.3333333333333333,0.5191192900072952,0,1
0.0,0.1111111111111111,0.6341326826755145,0.0,-0.1316566214801296,0.6863976063636682,1.45702821975554,-0.0953809513297535,0.25,0.30591797830373885,0.3889145409846745,0.016460352490262262,0.6341326826755145,0.44239163212516935,0.3333333333333333,0.8502932328288908,0.3333333333333333,0.0,0.0,0.5191192900072952,0,1
0.3333333333333333,0.2222222222222222,1.7351349399127654,0.4444444444444444,0.1521866685233528,0.31681855183423063,1.4271928502194131,0.2538723316408949,0.375,0.21507898006499682,0.7995160221711602,-2.476644085611099,1.7351349399127651,-1.8377883046032708,0.3333333333333333,-0.031672403407900916,0.2222222222222222,0.1111111111111111,0.1111111111111111,0.0869332819236188,0,1
0.0,0.0,-0.4668695745617363,0.1111111111111111,-0.2844958199592799,-0.12856791632892892,0.5716173350639234,0.8376265013727084,0.0,0.4767774073979444,0.3973473314367822,0.3438388357858415,-0.4668695745617363,-0.22493634798497716,0.1111111111111111,-0.011697378387615939,0.1111111111111111,0.1111111111111111,0.0,-0.5135592262370264,1,0
0.0,0.0,-0.4668695745617363,0.1111111111111111,-0.2844958199592799,-0.08282810616588625,0.022438986812522627,-0.95842191396722,0.0,0.066276523690121,-0.5209401274467481,0.16869886832993028,-0.4668695745617363,0.3615932332523762,0.1111111111111111,-0.4458351364207994,0.1111111111111111,0.1111111111111111,0.1111111111111111,-0.5135592262370264,1,0
0.0,0.0,-0.4668695745617363,0.0,-0.2844958199592799,-0.729412017925748,-0.5027992709272373,-1.504321540361816,0.0,-1.4978381506157068,-1.2558335710649353,-0.7277831138512817,-0.4668695745617363,0.25513801862090685,0.0,-0.0023806147741462463,0.0,0.1111111111111111,0.1111111111111111,0.5191192900072952,0,1
0.1111111111111111,0.1111111111111111,0.6341326826755145,0.1111111111111111,0.7344033012376314,-2.4349041406302154,-0.3922243496178539,-1.504321540361816,0.25,0.0,-0.015781955055106312,0.034791834629782185,0.6341326826755145,-0.09634369408832952,0.3333333333333333,0.05331580804312823,0.3333333333333333,0.1111111111111111,0.1111111111111111,-1.3723900433022265,0,1
0.0,0.0,-0.4668695745617363,0.0,-0.2844958199592799,-0.02351749157871017,-0.06502625635193732,1.1620705813604253,0.0,0.25389174687423394,0.09003829874520847,0.0007329811808440312,-0.4668695745617363,0.05226311250319606,0.0,-1.4809843220475034,0.0,0.1111111111111111,0.0,0.3170934418812415,1,0
0.0,0.1388888888888889,0.9093832469848272,0.3333333333333333,-0.0456848708478014,-2.4349041406302154,-0.8416571476579814,1.2366750160392723,0.375,-0.05862849008035611,-0.0478982077982876,-2.476644085611099,0.9093832469848272,-0.14144558704784438,0.4444444444444444,-0.06920831504399004,0.0,0.0,0.0,0.2439439807007004,1,0
0.3333333333333333,0.3055555555555555,2.560886632840704,0.3333333333333333,0.916372445798759,0.1290755331518779,0.10518826667169565,-0.95842191396722,0.25,0.1754623776158648,-0.015781955055106312,0.10848346083980917,2.5608866328407034,0.13446858275768922,0.3333333333333333,0.16864486108146495,0.2222222222222222,0.3333333333333333,0.3333333333333333,-0.6440902286753902,0,1
0.1111111111111111,0.1111111111111111,0.6341326826755145,0.1111111111111111,-0.0934470606700971,-2.4349041406302154,1.3439706051499278,1.1620705813604253,0.25,0.16159774707448948,0.7637217755964261,0.4149222687345443,0.6341326826755145,0.11070627445229987,0.3333333333333333,0.20342236012512438,0.3333333333333333,0.1111111111111111,0.1111111111111111,0.2439439807007004,0,1
0.0,0.0,-0.4668695745617363,0.0,-0.2844958199592799,-0.2970711568850465,-0.5304446413108445,0.5624443361818806,0.0,-0.1744440448263983,-1.2558335710649353,0.21629356925476145,-0.4668695745617363,-1.8377883046032708,0.0,-0.1271490900706133,0.0,0.0,0.0,0.6999923241170234,1,0
0.0,0.0,-0.4668695745617363,0.0,-0.2844958199592799,-0.2549117689034164,-0.7452961996760247,-1.7090442746462755,0.0,-1.4978381506157068,-0.42746611009733526,-0.4307424344822642,-0.4668695745617363,-0.27692001095111834,0.0,0.10452457562138288,0.0,0.0,0.0,0.5191192900072952,0,1
0.1111111111111111,0.05555555555555555,0.083631554056889,0.1111111111111111,-0.2080762207197047,0.4388392570470183,-0.019222294730748112,-0.222430806752854,0.25,-1.4978381506157068,-1.2558335710649353,0.2637189492662903,0.0836315540568891,-1.8377883046032708,0.1111111111111111,-1.4809843220475034,0.3333333333333333,0.0,0.0,0.5191192900072952,1,0
0.1111111111111111,0.1388888888888889,0.9093832469848272,0.3333333333333333,0.1931230931641269,0.2087853837024527,0.17733541995033536,-0.95842191396722,0.25,0.2217931105533013,0.17082120715671992,-2.476644085611099,0.9093832469848272,0.17948276435970328,0.3333333333333333,0.19675774023533074,0.2222222222222222,0.1111111111111111,0.1111111111111111,-0.5135592262370264,0,1
0.3333333333333333,0.16666666666666666,1.18463381129414,0.3333333333333333,-0.0851402136682515,0.30420801898878946,0.10518826667169565,-0.6416298188340922,0.25,-1.4978381506157068,0.1812882605018963,-2.476644085611099,1.18463381129414,0.18040838650574129,0.1111111111111111,0.19865366409457927,0.1111111111111111,0.1111111111111111,0.3333333333333333,0.6999923241170234,0,1
0.0,0.027777777777777776,-0.1916190102524236,0.0,-0.2462860203394923,-2.4349041406302154,-5.028059896155144,0.4636163081257023,0.125,-1.4978381506157068,-1.2558335710649353,-2.476644085611099,-0.1916190102524235,-1.8377883046032708,0.0,-1.4809843220475034,0.2222222222222222,0.0,0.0,0.5191192900072952,0,1
0.0,0.0,-0.4668695745617363,0.1111111111111111,-0.2844958199592799,0.7653467389388845,1.2347826266139037,0.8376265013727084,0.0,0.44472421755600344,0.1629808427605812,0.33742708388807957,-0.4668695745617363,0.8181552124201018,0.1111111111111111,0.11363053313180634,0.0,0.1111111111111111,0.1111111111111111,1.0629938337787594,1,0
0.3333333333333333,0.3055555555555555,2.560886632840704,0.3333333333333333,0.0517507529397424,-2.4349041406302154,1.0055226073185473,0.1423961078279921,0.25,0.620087484288594,0.36817999423781783,0.7417049963359509,2.5608866328407034,-1.8377883046032708,0.3333333333333333,0.43088293549916945,0.2222222222222222,0.3333333333333333,0.3333333333333333,0.8111528623165425,0,1
0.3333333333333333,0.1111111111111111,0.6341326826755145,0.1111111111111111,0.2249622313236743,0.0096341289758159,-0.06649466836988756,-1.7090442746462755,0.25,-1.4978381506157068,0.05693515131531388,0.2876072932488321,0.6341326826755145,-0.09634369408832952,0.1111111111111111,0.11363053313180634,0.1111111111111111,0.1111111111111111,0.3333333333333333,-0.7891132362483021,0,1
0.0,0.05555555555555555,0.083631554056889,0.3333333333333333,-0.2208127675240223,-0.3514774183874196,-0.3773632303684587,0.1423961078279921,0.25,-1.4978381506157068,0.10168445010439077,-2.476644085611099,0.0836315540568891,0.10792224508343672,0.0,0.10561660846824521,0.0,0.0,0.1111111111111111,0.7564222381735122,1,0
0.1111111111111111,0.1111111111111111,0.6341326826755145,0.1111111111111111,1.2438273906316173,0.0096341289758159,-0.3346827978395721,-1.7090442746462755,0.25,-1.4978381506157068,-1.2558335710649353,-0.060200737786788555,0.6341326826755145,0.005775291400744047,0.1111111111111111,0.1336150799250516,0.1111111111111111,0.3333333333333333,0.3333333333333333,-1.666848273078999,1,0
0.3333333333333333,0.2222222222222222,1.7351349399127654,0.3333333333333333,0.0372708290060258,0.49320600580578183,0.8381321288222603,2.3585463816400574,0.25,0.3966028045321756,0.3973473314367822,0.5315972218020605,1.7351349399127651,-1.8377883046032708,0.3333333333333333,0.38653568819576345,0.3333333333333333,0.1111111111111111,0.1111111111111111,0.4544096728511559,0,1
0.0,0.0,-0.4668695745617363,0.1111111111111111,-0.2844958199592799,-0.2131146983687719,-1.6378921616938666,0.4636163081257023,0.0,-1.4978381506157068,-1.2558335710649353,-2.476644085611099,-0.4668695745617363,-1.8377883046032708,0.1111111111111111,-1.4809843220475034,0.1111111111111111,0.0,0.0,-0.5135592262370264,1,0
0.3333333333333333,0.05555555555555555,0.083631554056889,0.1111111111111111,-0.1945904884170285,0.36283016970125886,0.792848032350251,-0.4950413083649336,0.25,0.3236529324331165,0.2540452092359328,0.7798044091232375,0.0836315540568891,-1.8377883046032708,0.1111111111111111,0.3057862080103784,0.1111111111111111,0.1111111111111111,0.1111111111111111,0.3170934418812415,1,0
0.0,0.0,-0.4668695745617363,0.0,-0.2844958199592799,-2.4349041406302154,-5.028059896155144,-0.6416298188340922,0.0,-1.4978381506157068,-1.2558335710649353,-2.476644085611099,-0.4668695745617363,-1.8377883046032708,0.0,-1.4809843220475034,0.0,0.0,0.0,0.0869332819236188,1,0
0.1111111111111111,0.05555555555555555,0.083631554056889,0.1111111111111111,-0.1945904884170285,0.45533257435354596,0.7208855538070074,-0.3554890506588386,0.25,0.3236529324331165,0.27295236848406923,0.4926873395741765,0.0836315540568891,0.3091352594538665,0.1111111111111111,0.28368844135924903,0.3333333333333333,0.1111111111111111,0.1111111111111111,0.3170934418812415,0,1
0.0,0.05555555555555555,0.083631554056889,0.3333333333333333,-0.2117152319262978,0.09024008692902341,-0.4731205480310434,0.2538723316408949,0.25,-1.4978381506157068,-1.2558335710649353,-2.476644085611099,0.0836315540568891,-0.425698870296812,0.0,0.19865366409457927,0.0,0.0,0.0,0.5814972662319737,0,1
0.3333333333333333,0.2222222222222222,1.7351349399127654,0.4444444444444444,2.7721506012225148,0.150515689149979,-0.32528900545476125,0.74923519556253,0.375,-0.09654852506560477,0.1812882605018963,-2.0186247226964618,1.7351349399127651,-1.8377883046032708,0.3333333333333333,-0.17687068600338346,0.2222222222222222,0.1111111111111111,0.1111111111111111,-1.666848273078999,0,1
0.1111111111111111,0.0,-0.4668695745617363,0.1111111111111111,-0.2844958199592799,-0.1824930639723371,-1.1488849341938483,0.4636163081257023,0.0,-1.4978381506157068,-1.2558335710649353,-0.1940527750620471,-0.4668695745617363,-1.8377883046032708,0.1111111111111111,-1.4809843220475034,0.1111111111111111,0.0,0.0,-0.9531238224996238,1,0
0.0,0.027777777777777776,-0.1916190102524236,0.0,-0.2581441931243478,-2.4349041406302154,-5.028059896155144,0.4636163081257023,0.125,-1.4978381506157068,-1.2558335710649353,-2.476644085611099,-0.1916190102524235,-1.8377883046032708,0.0,-1.4809843220475034,0.2222222222222222,0.0,0.0,1.0152348983243975,0,1
0.3333333333333333,0.3333333333333333,2.8361371971500167,0.3333333333333333,4.300473811813412,0.11779445949640988,-0.07992157036782734,-0.3554890506588386,0.25,-1.4978381506157068,-1.2558335710649353,-2.476644085611099,2.836137197150016,0.07837338018006512,0.3333333333333333,0.33626388956270875,0.3333333333333333,0.3333333333333333,0.3333333333333333,-1.666848273078999,0,1
0.3333333333333333,0.3611111111111111,3.111387761459329,0.3333333333333333,3.026926323930682,-2.4349041406302154,0.6873726584911085,-0.4950413083649336,0.5,-0.9049048982835057,0.5992603517425905,-2.476644085611099,3.1113877614593286,0.06532490766478248,0.4444444444444444,-0.025477690417612765,0.5555555555555556,0.1111111111111111,0.3333333333333333,-1.3723900433022265,0,1
0.1111111111111111,0.0,-0.4668695745617363,0.1111111111111111,-0.2844958199592799,-0.026560674523550487,0.3319866428999716,-0.0953809513297535,0.0,0.5376793712371717,-0.1319591349622806,0.0555880723231873,-0.4668695745617363,-0.0538096811009098,0.1111111111111111,-0.1785522904881659,0.1111111111111111,0.1111111111111111,0.1111111111111111,-0.9531238224996238,1,0
0.0,0.027777777777777776,-0.1916190102524236,0.0,-0.2335495053763295,-2.4349041406302154,-5.028059896155144,-0.222430806752854,0.125,-1.4978381506157068,-1.2558335710649353,-2.476644085611099,-0.1916190102524235,-1.8377883046032708,0.0,-1.4809843220475034,0.2222222222222222,0.0,0.0,0.1673597344439074,0,1
0.3333333333333333,0.3333333333333333,2.8361371971500167,0.3333333333333333,2.7722015436314544,0.5270853668270672,0.48883749843295926,-1.7090442746462755,0.25,-1.4978381506157068,-1.2558335710649353,-0.1940527750620471,2.836137197150016,-0.09634369408832952,0.3333333333333333,0.5062066625999129,0.3333333333333333,0.3333333333333333,0.3333333333333333,-1.3723900433022265,0,1
0.1111111111111111,0.05555555555555555,0.083631554056889,0.1111111111111111,0.0211779919147679,-0.08757650755388818,0.11447970008834649,1.5769583967038283,0.25,-1.4978381506157068,-0.2182485695015805,-0.04725102801187432,0.0836315540568891,0.005775291400744047,0.1111111111111111,0.4367836090722529,0.3333333333333333,0.0,0.1111111111111111,-0.9531238224996238,1,0
0.1111111111111111,0.0,-0.4668695745617363,0.1111111111111111,-0.2844958199592799,-0.05849106770536915,-0.12632858634667274,0.74923519556253,0.0,0.066276523690121,0.023947006219769564,0.034791834629782185,-0.4668695745617363,0.005775291400744047,0.1111111111111111,0.11363053313180634,0.1111111111111111,0.1111111111111111,0.1111111111111111,-1.3723900433022265,1,0
0.0,0.19444444444444442,1.4598843756034523,0.3333333333333333,1.498577642135315,-0.4855975843289521,0.12208309146701556,0.74923519556253,0.375,0.40454404768044466,0.2916156980402305,-2.476644085611099,1.4598843756034523,-0.30991652155209237,0.3333333333333333,-0.11904850696642434,0.4444444444444444,0.0,0.0,-1.3723900433022265,0,1
0.0,0.0,-0.4668695745617363,0.0,-0.2844958199592799,-0.43506183432298773,-0.7026324074066205,1.6996876816479582,0.0,0.11634909971178356,-0.059868635084055696,-0.3454658624929588,-0.4668695745617363,-1.8377883046032708,0.0,-0.2728874586092021,0.0,0.0,0.0,0.1673597344439074,1,0
0.0,0.05555555555555555,0.083631554056889,0.0,-0.0934482547099171,-2.0816009388130823,1.1388316675454002,-1.504321540361816,0.25,0.19923058516950218,0.7193085253072451,-0.23140316348409215,0.0836315540568891,-0.33850604521909705,0.3333333333333333,0.16547556492696225,0.0,0.0,0.0,-0.5135592262370264,0,1
0.1111111111111111,0.0,-0.4668695745617363,0.0,-0.2844958199592799,-0.3625331782752416,0.7280423553198458,0.74923519556253,0.0,0.5438151803952896,-0.21659427311646556,0.41324595053307717,-0.4668695745617363,0.35508346069795704,0.0,0.42055880506221127,0.0,0.0,0.1111111111111111,1.8373853869087895,1,0
0.1111111111111111,0.0,-0.4668695745617363,0.0,-0.2844958199592799,0.10311277760326307,0.5371421838163026,0.8376265013727084,0.0,0.4143095268659429,0.4118728814732875,-0.45893788208214203,-0.4668695745617363,-1.8377883046032708,0.0,0.3174923418631515,0.0,0.0,0.0,0.3871513198050401,1,0
0.1111111111111111,0.1388888888888889,0.9093832469848272,0.1111111111111111,1.6259081932793418,-2.4349041406302154,-0.6454412443315191,-0.95842191396722,0.25,0.08086949332276064,-0.23146499342530566,-0.04013205900676944,0.9093832469848272,-0.09634369408832952,0.3333333333333333,-1.4809843220475034,0.2222222222222222,0.3333333333333333,0.1111111111111111,-1.666848273078999,0,1
0.1111111111111111,0.05555555555555555,0.083631554056889,0.3333333333333333,0.2249537406391757,0.2773988829603999,-0.21448137020353725,0.8376265013727084,0.25,-0.001755321474542738,-0.11812003498176975,-2.476644085611099,0.0836315540568891,-0.08167048558631389,0.1111111111111111,0.02635924048535853,0.1111111111111111,0.0,0.1111111111111111,-1.3723900433022265,0,1
0.0,0.1111111111111111,0.6341326826755145,0.3333333333333333,-0.1046851568747772,-2.4349041406302154,-5.028059896155144,-0.95842191396722,0.25,-1.4978381506157068,-1.2558335710649353,-2.476644085611099,0.6341326826755145,-1.8377883046032708,0.3333333333333333,-1.4809843220475034,0.0,0.0,0.0,0.3170934418812415,0,1
0.0,0.0,-0.4668695745617363,0.0,-0.2844958199592799,-2.4349041406302154,-3.1211191344292053,-0.95842191396722,0.0,-0.5087624358759673,-1.2558335710649353,-2.476644085611099,-0.4668695745617363,-1.8377883046032708,0.0,-1.4809843220475034,0.0,0.0,0.0,0.5191192900072952,0,1
0.5555555555555556,0.4444444444444444,3.937139454387268,0.3333333333333333,2.160894675033103,0.0096341289758159,-0.09235143184624266,1.5769583967038283,0.5,0.066276523690121,0.08964009583713212,0.2707453360696211,3.937139454387266,-1.8377883046032708,0.3333333333333333,-0.031672403407900916,0.3333333333333333,0.4444444444444444,0.4444444444444444,-0.9531238224996238,0,1
0.0,0.05555555555555555,0.083631554056889,0.0,-0.1889714403146885,-2.4349041406302154,-1.592753275658493,0.9229385817157996,0.25,-0.12946365119646047,-0.27589318298976895,-0.6686543844723665,0.0836315540568891,-1.8377883046032708,0.0,-1.4809843220475034,0.0,0.3333333333333333,0.0,0.2439439807007004,0,1
0.1111111111111111,0.05555555555555555,0.083631554056889,0.1111111111111111,0.0211779919147679,-0.024230948184563922,-0.1988872582693858,-1.130080895470915,0.25,0.21734052622425618,-1.2558335710649353,0.16869886832993028,0.0836315540568891,-0.09634369408832952,0.1111111111111111,-1.4809843220475034,0.3333333333333333,0.0,0.0,-0.9531238224996238,1,0
0.1111111111111111,0.08333333333333333,0.3588821183662018,0.1111111111111111,0.861746587983893,-0.13783918251201502,-0.47334702756981967,-1.31171478496986,0.25,-0.09654852506560477,-0.015781955055106312,-0.12065835064596687,0.3588821183662018,-0.21466339176895882,0.3333333333333333,-0.031672403407900916,0.2222222222222222,0.1111111111111111,0.1111111111111111,-1.666848273078999,0,1
0.1111111111111111,0.05555555555555555,0.083631554056889,0.1111111111111111,-0.2150234254360083,0.5270853668270672,0.7146674463898552,-0.4950413083649336,0.25,-0.6487695245596323,0.2426020435703108,0.33828481471686156,0.0836315540568891,0.49913062057582563,0.1111111111111111,0.31621902058713014,0.1111111111111111,0.1111111111111111,0.3333333333333333,0.6417328970763176,1,0
0.3333333333333333,0.1111111111111111,0.6341326826755145,0.3333333333333333,-0.1826028511524141,0.7656684749461358,0.9295916101046986,1.0053451065944692,0.25,0.3626362666558231,0.30567126224700725,0.39765349836135255,0.6341326826755145,0.23065393891918345,0.1111111111111111,0.34402645711219737,0.1111111111111111,0.1111111111111111,0.1111111111111111,1.0629938337787594,0,1
0.0,0.0,-0.4668695745617363,0.0,-0.2844958199592799,-0.01874262151502056,0.9583084171455607,1.4469588684499963,0.0,0.789231527405292,0.11755045536250698,0.1430689883510878,-0.4668695745617363,-1.8377883046032708,0.0,-1.4809843220475034,0.0,0.0,0.0,1.3273719327921307,1,0
0.0,0.0,-0.4668695745617363,0.0,-0.2844958199592799,-2.4349041406302154,-0.9035375336996255,1.8157962335875484,0.0,-0.2035658030617731,-0.08282385252664477,-0.4567377110318541,-0.4668695745617363,-1.8377883046032708,0.0,0.050784931065047535,0.0,0.0,0.0,0.3170934418812415,1,0
0.0,0.0,-0.4668695745617363,0.0,-0.2844958199592799,-0.5105274799617376,-1.0673735805422968,1.2366750160392723,0.0,-0.2181406707131452,-0.18177752305139036,-0.499604605490829,-0.4668695745617363,-0.3294566415853505,0.0,-0.22567993666888586,0.0,0.0,0.0,1.8373853869087895,1,0
0.3333333333333333,0.3055555555555555,2.560886632840704,0.4444444444444444,2.5174767633322266,-2.4349041406302154,-0.660295692859604,-1.504321540361816,0.5,0.0,0.10854127650719715,-2.476644085611099,2.5608866328407034,-1.8377883046032708,0.5555555555555556,0.023317751353586928,0.3333333333333333,0.1111111111111111,0.1111111111111111,-1.3723900433022265,0,1
0.1111111111111111,0.0,-0.4668695745617363,0.1111111111111111,-0.2844958199592799,0.0096341289758159,0.20692139935584722,-0.3554890506588386,0.0,0.214438587242051,0.27295236848406923,0.16869886832993028,-0.4668695745617363,-0.37758127031044264,0.1111111111111111,0.19865366409457927,0.1111111111111111,0.1111111111111111,0.1111111111111111,-0.9531238224996238,1,0
0.1111111111111111,0.0,-0.4668695745617363,0.1111111111111111,-0.2844958199592799,-0.1741321066630006,-0.8381102633080662,1.5769583967038283,0.0,-1.4978381506157068,-1.2558335710649353,-0.1473461271347972,-0.4668695745617363,-0.07673021304024771,0.1111111111111111,-1.4809843220475034,0.1111111111111111,0.0,0.1111111111111111,-1.3723900433022265,1,0
0.3333333333333333,0.19444444444444442,1.4598843756034523,0.3333333333333333,0.309875208543736,-2.4349041406302154,-0.12585942475350823,-0.6416298188340922,0.25,0.039927221256524106,0.1812882605018963,0.2637189492662903,1.4598843756034523,-1.8377883046032708,0.3333333333333333,0.05978376196511155,0.2222222222222222,0.1111111111111111,0.1111111111111111,-0.3945035917891138,0,1
0.1111111111111111,0.05555555555555555,0.083631554056889,0.1111111111111111,0.0211779919147679,0.48248957089400496,0.2656703629446887,-0.3554890506588386,0.25,0.03765903596436334,0.08001860821264545,0.10861553804794595,0.0836315540568891,0.07887650101897097,0.1111111111111111,0.06867234758243834,0.3333333333333333,0.1111111111111111,0.1111111111111111,-0.9531238224996238,0,1
0.3333333333333333,0.1111111111111111,0.6341326826755145,0.3333333333333333,-0.0066075049891565,0.31371197403294093,1.1104015244953773,0.8376265013727084,0.25,0.1996891746211727,-1.2558335710649353,0.034791834629782185,0.6341326826755145,-1.8377883046032708,0.1111111111111111,0.8049270356645908,0.1111111111111111,0.1111111111111111,0.1111111111111111,-0.1828566844305228,0,1
0.0,0.05555555555555555,0.083631554056889,0.3333333333333333,-0.2080762207197047,-0.2933389242808473,-0.9763910430234779,2.314884223916934,0.25,-0.22139741587053635,-1.131420661815432,-0.5037921283630488,0.0836315540568891,-0.3332952455651344,0.0,-0.08481246015680924,0.0,0.0,0.0,0.5191192900072952,1,0
0.3333333333333333,0.3055555555555555,2.560886632840704,0.3333333333333333,3.918393009165688,-2.4349041406302154,-0.5887437779974113,-1.130080895470915,0.25,0.019125198902278005,0.07938660091459916,0.034791834629782185,2.5608866328407034,-1.8377883046032708,0.3333333333333333,-1.4809843220475034,0.2222222222222222,0.3333333333333333,0.3333333333333333,-1.666848273078999,0,1
0.1111111111111111,0.0,-0.4668695745617363,0.1111111111111111,-0.2844958199592799,0.08264609928666643,0.12060230932535139,-0.0953809513297535,0.0,0.1167995589950884,0.23146799829761128,0.10181136148574509,-0.4668695745617363,0.03372280955528098,0.1111111111111111,0.09454656118245498,0.1111111111111111,0.1111111111111111,0.1111111111111111,0.0869332819236188,1,0
0.0,0.027777777777777776,-0.1916190102524236,0.0,-0.20807660281388,-0.2649448665016757,-0.5206405524774478,-0.4950413083649336,0.125,-1.4978381506157068,-1.2558335710649353,-0.0411693946525023,-0.1916190102524235,-1.8377883046032708,0.0,0.19830385738328365,0.2222222222222222,0.0,0.0,-0.2847917733012345,1,0
0.0,0.0,-0.4668695745617363,0.0,-0.2844958199592799,-0.1388576803805532,-1.4857375387510106,0.2538723316408949,0.0,-1.4978381506157068,-1.2558335710649353,-2.476644085611099,-0.4668695745617363,-1.8377883046032708,0.0,-1.4809843220475034,0.0,0.0,0.0,-0.1828566844305228,1,0
0.0,0.05555555555555555,0.083631554056889,0.1111111111111111,-0.0934482547099171,0.2159720611693672,-0.7571882432389957,0.6575761498836257,0.25,-1.4978381506157068,-1.2558335710649353,-2.476644085611099,0.0836315540568891,-1.8377883046032708,0.1111111111111111,-1.4809843220475034,0.3333333333333333,0.0,0.0,-0.5135592262370264,1,0
0.3333333333333333,0.16666666666666666,1.18463381129414,0.3333333333333333,4.300244586254379,-2.4349041406302154,-1.3079927442121226,-1.504321540361816,0.25,-1.4978381506157068,-1.2558335710649353,-0.060200737786788555,1.18463381129414,-1.8377883046032708,0.3333333333333333,-0.42846419375793426,0.0,0.1111111111111111,0.1111111111111111,-2.102083711231995,0,1
0.1111111111111111,0.0,-0.4668695745617363,0.1111111111111111,-0.2844958199592799,0.6574683477978348,1.294821085489817,-0.4950413083649336,0.0,0.558568664766645,0.43739575281617793,0.7003547950218976,-0.4668695745617363,0.5860216664245851,0.1111111111111111,0.4894167251625484,0.1111111111111111,0.1111111111111111,0.1111111111111111,1.2431022551165405,1,0
0.3333333333333333,0.1111111111111111,0.6341326826755145,0.0,-0.0807105616274785,-0.647881397123625,-0.48615518153746146,1.0850063694144667,0.25,0.20158944894849765,0.10952527536296507,-0.3470354195148856,0.6341326826755145,-1.4883541560664815,0.0,-1.4809843220475034,0.0,0.0,0.3333333333333333,0.1673597344439074,0,1
0.5555555555555556,0.6388888888888888,5.863893404552456,0.6666666666666666,8.503362640938379,-2.4349041406302154,-1.6378921616938666,-0.95842191396722,0.75,-1.4978381506157068,-1.2558335710649353,-2.476644085611099,5.863893404552456,-0.09634369408832952,0.7777777777777777,-1.4809843220475034,0.2222222222222222,0.4444444444444444,0.5555555555555556,-1.666848273078999,0,1
0.1111111111111111,0.0,-0.4668695745617363,0.1111111111111111,-0.2844958199592799,0.31114199490191086,0.17881695579715476,-1.9271995283231864,0.0,0.26497661652982574,0.10854127650719715,-0.038891540158578077,-0.4668695745617363,0.12418304905625553,0.1111111111111111,-0.0950476137701424,0.1111111111111111,0.1111111111111111,0.1111111111111111,-1.666848273078999,1,0
0.0,0.0,-0.4668695745617363,0.0,-0.2844958199592799,0.30759826281013203,0.46454857704389113,-1.504321540361816,0.0,0.2040722315813048,0.10854127650719715,0.23029133334010166,-0.4668695745617363,0.14172056366742106,0.0,0.4043673854716937,0.0,0.0,0.0,0.0869332819236188,1,0
0.1111111111111111,0.0,-0.4668695745617363,0.1111111111111111,-0.2844958199592799,0.0096341289758159,0.7789244506219074,-0.7958621975017078,0.0,-0.017182326153538163,0.05693515131531388,0.2828878923075064,-0.4668695745617363,0.7433403574600624,0.1111111111111111,0.11363053313180634,0.1111111111111111,0.1111111111111111,0.1111111111111111,-0.9531238224996238,0,1
0.1111111111111111,0.1111111111111111,0.6341326826755145,0.1111111111111111,1.2438273906316173,-0.06289100545087231,-0.24899232135178329,-0.95842191396722,0.25,-1.4978381506157068,-1.2558335710649353,0.034791834629782185,0.6341326826755145,0.18040838650574129,0.1111111111111111,0.06684590165054824,0.1111111111111111,0.3333333333333333,0.3333333333333333,-1.666848273078999,0,1
0.1111111111111111,0.0,-0.4668695745617363,0.1111111111111111,-0.2844958199592799,0.4740311014665248,0.25203277934153984,-0.3554890506588386,0.0,0.12776328546361485,-0.015781955055106312,0.034791834629782185,-0.4668695745617363,0.07824744290209906,0.0,0.11363053313180634,0.0,0.1111111111111111,0.1111111111111111,-0.5135592262370264,1,0
0.1111111111111111,0.0,-0.4668695745617363,0.1111111111111111,-0.2844958199592799,0.053999737950916026,-0.2715648817662647,-1.7090442746462755,0.0,-0.05208651866781282,-0.17997811061554644,0.10980186295541049,-0.4668695745617363,-0.14084400333363825,0.1111111111111111,-0.028552181737845614,0.1111111111111111,0.1111111111111111,0.1111111111111111,-0.7891132362483021,1,0
0.1111111111111111,0.0,-0.4668695745617363,0.1111111111111111,-0.2844958199592799,-0.02191797797529691,0.9468806718693972,-0.3554890506588386,0.0,-0.4985281641814581,0.10854127650719715,0.04758485615594852,-0.4668695745617363,0.14915034027229246,0.1111111111111111,0.7486921089191151,0.1111111111111111,0.0,0.1111111111111111,-0.9531238224996238,1,0
0.1111111111111111,0.0,-0.4668695745617363,0.0,-0.2844958199592799,0.1772681876304262,0.30301430856180595,0.8376265013727084,0.0,-0.46527686787840006,0.1746476260898993,0.5079782972983412,-0.4668695745617363,-0.07836623565539767,0.0,0.20156923700768148,0.1111111111111111,0.0,0.1111111111111111,1.486110633212629,1,0
0.0,0.2222222222222222,1.7351349399127654,0.3333333333333333,0.2249664767720562,-0.22157809295086683,-0.7437606975025016,-0.0953809513297535,0.375,-1.4978381506157068,-0.024979145528007687,-2.476644085611099,1.7351349399127651,0.07238523783517295,0.0,-1.4809843220475034,0.2222222222222222,0.3333333333333333,0.4444444444444444,-0.0875094222424097,1,0
0.1111111111111111,0.0,-0.4668695745617363,0.1111111111111111,-0.2844958199592799,-0.027822168454001373,-0.39282579122726646,-0.0953809513297535,0.0,-0.16415642775348446,-0.14001564323410587,0.0571348501097541,-0.4668695745617363,-0.0587501541294098,0.1111111111111111,-0.17561827012726708,0.1111111111111111,0.1111111111111111,0.1111111111111111,-0.9531238224996238,1,0
0.1111111111111111,0.05555555555555555,0.083631554056889,0.3333333333333333,-0.0297667943178028,0.19858926040308056,-0.10820807348150456,-1.31171478496986,0.25,0.08006953428893196,0.03670377846036888,-2.476644085611099,0.0836315540568891,0.07824744290209906,0.1111111111111111,0.06684590165054824,0.1111111111111111,0.1111111111111111,0.1111111111111111,-0.7891132362483021,1,0
0.0,0.027777777777777776,-0.1916190102524236,0.0,-0.1316589140222559,-2.4349041406302154,-5.028059896155144,-0.6416298188340922,0.125,-1.4978381506157068,-1.2558335710649353,-2.476644085611099,-0.1916190102524235,-1.8377883046032708,0.0,-1.4809843220475034,0.2222222222222222,0.0,0.0,-0.9531238224996238,0,1
0.1111111111111111,0.0,-0.4668695745617363,0.1111111111111111,-0.2844958199592799,0.4169568938128751,0.6644892704931713,-0.95842191396722,0.0,0.3236529324331165,0.27295236848406923,0.3689107160964178,-0.4668695745617363,0.3091352594538665,0.1111111111111111,0.3057862080103784,0.1111111111111111,0.1111111111111111,0.1111111111111111,0.3170934418812415,1,0
0.0,0.027777777777777776,-0.1916190102524236,0.0,-0.2367336301369842,-2.4349041406302154,-0.8853497567752245,0.02609689719025,0.125,-1.4978381506157068,-1.2558335710649353,-2.476644085611099,-0.1916190102524235,0.026712128507652567,0.0,0.05331580804312823,0.2222222222222222,0.0,0.1111111111111111,0.2439439807007004,1,0
0.1111111111111111,0.05555555555555555,0.083631554056889,0.3333333333333333,0.2249537406391757,0.2818413856641955,-0.19649750431831253,1.4469588684499963,0.25,-0.010550617534127766,-0.065929908518657,-2.476644085611099,0.0836315540568891,-0.09785911021558791,0.1111111111111111,0.04064170361468155,0.1111111111111111,0.1111111111111111,0.1111111111111111,-1.3723900433022265,0,1
0.1111111111111111,0.0,-0.4668695745617363,0.1111111111111111,-0.2844958199592799,0.043758044823948676,-0.12438707816017627,0.1423961078279921,0.0,-0.16838295792244487,0.27295236848406923,-0.1419460658450451,-0.4668695745617363,-0.27080908240809903,0.1111111111111111,-0.17687068600338346,0.1111111111111111,0.1111111111111111,0.1111111111111111,-1.666848273078999,1,0
0.1111111111111111,0.0,-0.4668695745617363,0.1111111111111111,-0.2844958199592799,-0.13030156167666335,-0.2932067922159454,1.3790049371340838,0.0,-0.020363180020070946,-0.055789143861963854,0.08323582743865729,-0.4668695745617363,-0.038941679037892814,0.1111111111111111,-0.031672403407900916,0.1111111111111111,0.1111111111111111,0.1111111111111111,-1.666848273078999,1,0
0.1111111111111111,0.05555555555555555,0.083631554056889,0.3333333333333333,0.4796657853361687,0.23310564167099115,-0.28685318304757323,1.5769583967038283,0.25,0.08006953428893196,-0.12890246887854573,-2.476644085611099,0.0836315540568891,-0.09634369408832952,0.1111111111111111,-0.1386932439311027,0.1111111111111111,0.1111111111111111,0.1111111111111111,-1.666848273078999,0,1
0.0,0.0,-0.4668695745617363,0.0,-0.2844958199592799,-2.4349041406302154,-5.028059896155144,-0.3554890506588386,0.0,-1.4978381506157068,-1.2558335710649353,-2.476644085611099,-0.4668695745617363,-1.8377883046032708,0.0,-1.4809843220475034,0.0,0.0,0.0,1.0629938337787594,0,1
0.1111111111111111,0.1388888888888889,0.9093832469848272,0.3333333333333333,0.4796887097258397,-0.04071698307562879,-0.11331615688875653,-1.130080895470915,0.25,0.12797692730523838,0.18146760095364944,-0.8511260193184813,0.9093832469848272,-0.04917293158888652,0.3333333333333333,0.114154064813948,0.2222222222222222,0.1111111111111111,0.1111111111111111,-0.9531238224996238,0,1
0.3333333333333333,0.1111111111111111,0.6341326826755145,0.3333333333333333,1.2438273906316173,0.36798678436129895,-0.17047763908357336,-1.7090442746462755,0.25,-0.020363180020070946,-0.015781955055106312,-0.3931066564038441,0.6341326826755145,-1.8377883046032708,0.1111111111111111,-0.14399543947912402,0.1111111111111111,0.1111111111111111,0.1111111111111111,-1.666848273078999,0,1
0.3333333333333333,0.3333333333333333,2.8361371971500167,0.3333333333333333,0.2886504579082685,0.1706153525976616,0.3055678994749043,-0.4950413083649336,0.25,0.2250049321910802,0.18717177273556096,0.16869886832993028,2.836137197150016,0.19667093960107287,0.3333333333333333,0.21218812386795324,0.3333333333333333,0.3333333333333333,0.3333333333333333,0.2439439807007004,0,1
0.0,0.0,-0.4668695745617363,0.0,-0.2844958199592799,-0.5105274799617376,-1.0673735805422968,0.2538723316408949,0.0,-0.2181406707131452,-0.18177752305139036,-0.499604605490829,-0.4668695745617363,-0.3294566415853505,0.0,-0.22567993666888586,0.0,0.0,0.0,0.5191192900072952,0,1
0.1111111111111111,0.0,-0.4668695745617363,0.1111111111111111,-0.2844958199592799,-0.06208652614907963,-0.5454285623701993,1.0053451065944692,0.0,-0.2230445777928374,-0.16372745776291195,-0.1074461255133846,-0.4668695745617363,-0.05983710474261427,0.1111111111111111,-0.24913711197965666,0.1111111111111111,0.1111111111111111,0.1111111111111111,-1.666848273078999,0,1
0.0,0.027777777777777776,-0.1916190102524236,0.0,-0.1995856730302776,-2.4349041406302154,0.15689391225559918,1.3790049371340838,0.125,0.1713180967935814,0.2114934805888257,-2.476644085611099,-0.1916190102524235,0.09599887654984592,0.0,0.37605918844847325,0.2222222222222222,0.0,0.0,-0.3945035917891138,1,0
0.0,0.0,-0.4668695745617363,0.0,-0.2844958199592799,0.32889364189057896,0.5241667612013204,1.8157962335875484,0.0,-1.4978381506157068,-1.2558335710649353,0.6362136623588688,-0.4668695745617363,0.44637050066882383,0.0,-1.4809843220475034,0.0,0.1111111111111111,0.1111111111111111,1.2431022551165405,1,0
0.1111111111111111,0.2222222222222222,1.7351349399127654,0.3333333333333333,0.9381994275369115,0.07591639595647949,-0.45359774942903885,0.2538723316408949,0.25,-0.14533941959159932,0.10854127650719715,-2.476644085611099,1.7351349399127651,-0.09634369408832952,0.3333333333333333,-1.4809843220475034,0.3333333333333333,0.3333333333333333,0.1111111111111111,-0.9531238224996238,0,1
0.3333333333333333,0.3055555555555555,2.560886632840704,0.3333333333333333,0.916372445798759,-0.006852845220298006,-0.21716775709951927,0.4636163081257023,0.25,0.035695544292043226,0.044560169834700084,-0.13387036432829214,2.5608866328407034,-0.01160329552774256,0.3333333333333333,0.03885253254617039,0.2222222222222222,0.3333333333333333,0.3333333333333333,-0.6440902286753902,0,1
0.3333333333333333,0.38888888888888884,3.386638325768641,0.4444444444444444,1.855220863159056,-2.4349041406302154,-0.7408699878144791,-0.222430806752854,0.625,0.029356150555713754,0.027785748141074307,-2.476644085611099,3.386638325768641,-1.8377883046032708,0.5555555555555556,0.0324674602928818,0.6666666666666666,0.1111111111111111,0.1111111111111111,-0.9531238224996238,0,1
0.0,0.1111111111111111,0.6341326826755145,0.0,-0.1995849654476854,-2.4349041406302154,-5.028059896155144,0.02609689719025,0.25,-1.4978381506157068,-1.2558335710649353,-2.476644085611099,0.6341326826755145,-1.8377883046032708,0.3333333333333333,-1.4809843220475034,0.3333333333333333,0.0,0.0,1.3273719327921307,0,1
0.1111111111111111,0.0,-0.4668695745617363,0.1111111111111111,-0.2844958199592799,-0.04260204376723723,-0.17978844650629278,2.129787037334135,0.0,-0.020363180020070946,0.10854127650719715,-0.018873842113316566,-0.4668695745617363,0.03730458856720431,0.1111111111111111,-0.031672403407900916,0.1111111111111111,0.1111111111111111,0.1111111111111111,-1.3723900433022265,1,0
0.1111111111111111,0.05555555555555555,0.083631554056889,0.1111111111111111,0.4796657853361687,-0.12881500849105557,-0.41495361004645653,-1.130080895470915,0.25,-1.4978381506157068,-0.015781955055106312,-0.11333926044905676,0.0836315540568891,0.05170390327415423,0.1111111111111111,-0.031672403407900916,0.1111111111111111,0.1111111111111111,0.3333333333333333,-1.666848273078999,1,0
0.0,0.0,-0.4668695745617363,0.0,-0.2844958199592799,-2.4349041406302154,-0.24184887074182873,0.8376265013727084,0.0,0.1116763456848486,0.1478562353590827,-2.476644085611099,-0.4668695745617363,-1.8377883046032708,0.0,0.2558161295611148,0.0,0.0,0.0,1.0152348983243975,1,0
0.1111111111111111,0.0,-0.4668695745617363,0.1111111111111111,-0.2844958199592799,0.010276346729311395,0.10599115446328246,0.74923519556253,0.0,-0.020363180020070946,0.1812882605018963,0.03627451983353801,-0.4668695745617363,0.30933678931197806,0.1111111111111111,-0.031672403407900916,0.1111111111111111,0.1111111111111111,0.1111111111111111,0.6417328970763176,1,0
0.1111111111111111,0.1111111111111111,0.6341326826755145,0.1111111111111111,0.3268518037888158,-2.4349041406302154,-0.23977648855917028,-0.4950413083649336,0.25,0.03454179331654632,0.1820641115963835,-0.06777067707031761,0.6341326826755145,-0.03378114456250664,0.3333333333333333,0.016267069294569985,0.3333333333333333,0.1111111111111111,0.1111111111111111,-0.9531238224996238,0,1
0.1111111111111111,0.0,-0.4668695745617363,0.1111111111111111,-0.2844958199592799,0.322943102454672,0.5575384436601554,-0.6416298188340922,0.0,0.28122250121096015,0.2501755266426272,0.356674874839011,-0.4668695745617363,0.2529015249281053,0.1111111111111111,0.2897068227468416,0.1111111111111111,0.1111111111111111,0.1111111111111111,-0.1828566844305228,1,0
0.1111111111111111,0.1388888888888889,0.9093832469848272,0.1111111111111111,3.5361211852187697,-2.4349041406302154,-0.6754911822230814,-1.9271995283231864,0.25,-1.4978381506157068,-0.015781955055106312,-0.1074461255133846,0.9093832469848272,-0.09634369408832952,0.3333333333333333,-0.031672403407900916,0.2222222222222222,0.1111111111111111,0.3333333333333333,-2.102083711231995,0,1
0.3333333333333333,0.3055555555555555,2.560886632840704,0.3333333333333333,0.6495157962597452,-2.4349041406302154,0.22281720726367765,-0.222430806752854,0.25,0.3696473999131176,0.19839003656626086,0.45788174772413515,2.5608866328407034,-1.8377883046032708,0.3333333333333333,-0.8057316540023416,0.2222222222222222,0.3333333333333333,0.3333333333333333,-0.3945035917891138,0,1
0.1111111111111111,0.0,-0.4668695745617363,0.1111111111111111,-0.2844958199592799,0.0096341289758159,-0.537270192471432,-0.95842191396722,0.0,-0.2773414272638226,-0.015781955055106312,-0.1625931438033047,-0.4668695745617363,-0.22493634798497716,0.1111111111111111,-0.2837522314751988,0.1111111111111111,0.1111111111111111,0.1111111111111111,-2.102083711231995,1,0
0.1111111111111111,0.08333333333333333,0.3588821183662018,0.1111111111111111,-0.1412092504923928,-2.4349041406302154,-0.794018863812633,-0.222430806752854,0.25,-1.4978381506157068,-1.2558335710649353,-0.1643985643163983,0.3588821183662018,0.005775291400744047,0.3333333333333333,-0.031672403407900916,0.2222222222222222,0.1111111111111111,0.1111111111111111,0.2439439807007004,1,0
0.1111111111111111,0.0,-0.4668695745617363,0.1111111111111111,-0.2844958199592799,-2.4349041406302154,-5.028059896155144,0.1423961078279921,0.0,-1.4978381506157068,-1.2558335710649353,-2.476644085611099,-0.4668695745617363,-1.8377883046032708,0.1111111111111111,-1.4809843220475034,0.1111111111111111,0.1111111111111111,0.1111111111111111,0.3871513198050401,1,0
0.1111111111111111,0.0,-0.4668695745617363,0.1111111111111111,-0.2844958199592799,0.7499787905697693,1.1892568333551126,-0.95842191396722,0.0,0.49682281922212856,0.38744129150536455,0.6267182312445675,-0.4668695745617363,0.4966995812540681,0.1111111111111111,0.42469251588060974,0.1111111111111111,0.1111111111111111,0.1111111111111111,1.0629938337787594,1,0
0.1111111111111111,0.0,-0.4668695745617363,0.1111111111111111,-0.2844958199592799,0.08136281572751122,0.516722526286478,-1.31171478496986,0.0,0.500744461060229,0.3254477100920743,-0.056479831125268706,-0.4668695745617363,0.07824744290209906,0.1111111111111111,0.10441505902471358,0.1111111111111111,0.0,0.0,-1.3723900433022265,1,0
0.0,0.0,-0.4668695745617363,0.0,-0.2844958199592799,-2.4349041406302154,-5.028059896155144,-0.222430806752854,0.0,-1.4978381506157068,-1.2558335710649353,-2.476644085611099,-0.4668695745617363,-1.8377883046032708,0.1111111111111111,-1.4809843220475034,0.1111111111111111,0.0,0.0,1.199597083727945,1,0
0.1111111111111111,0.0,-0.4668695745617363,0.1111111111111111,-0.2844958199592799,0.40776928328536544,1.3394905435360744,0.3608480215924758,0.0,0.3104232686633314,0.7189350798342334,0.48853194418979096,-0.4668695745617363,0.45160844652646404,0.1111111111111111,0.12386069444290213,0.1111111111111111,0.1111111111111111,0.1111111111111111,0.9159689132265976,1,0
0.3333333333333333,0.16666666666666666,1.18463381129414,0.3333333333333333,2.0079889959270663,0.13997425265217076,-0.31656268330822224,-1.9271995283231864,0.25,-1.4978381506157068,-0.17997811061554644,-2.476644085611099,1.18463381129414,0.18040838650574129,0.1111111111111111,-0.031672403407900916,0.1111111111111111,0.1111111111111111,0.3333333333333333,-1.666848273078999,0,1
0.1111111111111111,0.0,-0.4668695745617363,0.1111111111111111,-0.2844958199592799,0.25884044009829416,0.13018208024632463,-0.95842191396722,0.0,0.27540798060406974,-1.2558335710649353,0.26511978669091996,-0.4668695745617363,0.10111237237752817,0.1111111111111111,-1.4809843220475034,0.1111111111111111,0.0,0.1111111111111111,0.2439439807007004,1,0
0.1111111111111111,0.0,-0.4668695745617363,0.1111111111111111,-0.2844958199592799,0.7531785625839265,2.513159369903881,-0.4950413083649336,0.0,1.2772538913451101,0.5217512668649608,0.7605885497259607,-0.4668695745617363,0.7161328441463779,0.1111111111111111,0.5624790264950417,0.1111111111111111,0.1111111111111111,0.1111111111111111,1.668921836399024,1,0
0.3333333333333333,0.3055555555555555,2.560886632840704,0.3333333333333333,0.4160148380463074,-2.4349041406302154,0.021206173705649995,0.4636163081257023,0.25,0.3459666543373588,-1.2558335710649353,0.4380755058960076,2.5608866328407034,-1.8377883046032708,0.3333333333333333,-1.4809843220475034,0.2222222222222222,0.3333333333333333,0.3333333333333333,-0.0875094222424097,0,1
0.1111111111111111,0.027777777777777776,-0.1916190102524236,0.0,-0.2581441931243478,0.09557420676020648,0.6671431811046105,0.5624443361818806,0.125,0.20264627302633728,0.038302808075580445,0.6009098418700706,-0.1916190102524235,0.483827131156964,0.0,0.29835735843534866,0.2222222222222222,0.0,0.1111111111111111,1.0152348983243975,0,1
0.1111111111111111,0.05555555555555555,0.083631554056889,0.3333333333333333,-0.0661561352760001,0.3582968514069958,0.1027737431453153,-1.130080895470915,0.25,0.09527771440363407,0.10854127650719715,-2.476644085611099,0.0836315540568891,0.1150977349445994,0.1111111111111111,0.11363053313180634,0.1111111111111111,0.1111111111111111,0.1111111111111111,-0.6440902286753902,1,0
0.1111111111111111,0.08333333333333333,0.3588821183662018,0.1111111111111111,-0.1316568762104289,-1.610040965661923,0.5099888257563723,-0.7958621975017078,0.25,0.24739437221879784,0.232909330105537,0.4926873395741765,0.3588821183662018,0.32381986885411657,0.3333333333333333,0.3057862080103784,0.2222222222222222,0.1111111111111111,0.1111111111111111,0.1673597344439074,0,1
0.1111111111111111,0.0,-0.4668695745617363,0.1111111111111111,-0.2844958199592799,0.20956311185220755,0.5099631886324959,-0.3554890506588386,0.0,-1.4978381506157068,0.49597082434690953,0.09001042375076007,-0.4668695745617363,0.12397299616359517,0.1111111111111111,-1.4809843220475034,0.1111111111111111,0.0,0.1111111111111111,-0.9531238224996238,1,0
0.1111111111111111,0.1388888888888889,0.9093832469848272,0.1111111111111111,-0.2080759914613655,-2.4349041406302154,0.24987154651017163,0.4636163081257023,0.25,-1.0279496654271199,0.13447144374196576,0.3026242443531959,0.9093832469848272,0.4010330618240294,0.3333333333333333,0.22508700669610765,0.2222222222222222,0.1111111111111111,0.3333333333333333,1.8373853869087895,0,1
0.1111111111111111,0.1111111111111111,0.6341326826755145,0.1111111111111111,0.0551447677567291,0.1754499360286865,0.26034620195023156,-0.4950413083649336,0.25,0.08006953428893196,-1.2558335710649353,0.20017849783525957,0.6341326826755145,0.33315489072787546,0.1111111111111111,0.25634775436706114,0.1111111111111111,0.3333333333333333,0.3333333333333333,-0.3945035917891138,1,0
0.1111111111111111,0.16666666666666666,1.18463381129414,0.3333333333333333,0.0211820675384221,0.37851806784192493,0.3510331460639733,0.5624443361818806,0.25,0.214438587242051,0.1812882605018963,-2.476644085611099,1.18463381129414,0.3091352594538665,0.3333333333333333,0.19865366409457927,0.3333333333333333,0.1111111111111111,0.1111111111111111,0.1673597344439074,0,1
0.1111111111111111,0.1388888888888889,0.9093832469848272,0.1111111111111111,-0.0297642470445282,-2.4349041406302154,-0.8460182002134989,1.4469588684499963,0.375,-1.4978381506157068,-1.2558335710649353,-0.1940527750620471,0.9093832469848272,-1.8377883046032708,0.3333333333333333,0.14493216620586116,0.4444444444444444,0.0,0.0,0.1673597344439074,0,1
0.0,0.0,-0.4668695745617363,0.0,-0.2844958199592799,0.09049015726292031,0.08508521591975649,-0.6416298188340922,0.0,0.14618403215922673,-1.131420661815432,0.3098124681238251,-0.4668695745617363,0.2252988234060426,0.0,-0.12387122594128142,0.0,0.0,0.0,1.0629938337787594,1,0
0.1111111111111111,0.0,-0.4668695745617363,0.1111111111111111,-0.2844958199592799,0.08213340020129119,0.841884762138378,1.6996876816479582,0.0,-0.020363180020070946,-0.024979145528007687,0.09910433174327209,-0.4668695745617363,-0.030269367775838486,0.1111111111111111,0.7105535314860727,0.1111111111111111,0.0,0.1111111111111111,-1.3723900433022265,1,0
0.0,0.0,-0.4668695745617363,0.0,-0.2844958199592799,0.13997425265217076,0.19394883638544505,-0.7958621975017078,0.0,-0.020363180020070946,-1.2558335710649353,0.16979797490495446,-0.4668695745617363,0.35508346069795704,0.0,0.19865366409457927,0.1111111111111111,0.1111111111111111,0.1111111111111111,-1.666848273078999,1,0
0.1111111111111111,0.05555555555555555,0.083631554056889,0.1111111111111111,-0.0661561352760001,0.20739809469992543,0.019540914553971733,0.5624443361818806,0.25,0.035695544292043226,0.016913033023074397,0.23796784272265611,0.0836315540568891,-0.030269367775838486,0.1111111111111111,-0.011697378387615939,0.3333333333333333,0.1111111111111111,0.1111111111111111,-0.6440902286753902,0,1
0.1111111111111111,0.05555555555555555,0.083631554056889,0.1111111111111111,0.0211779919147679,-0.04411808868776136,-0.10077085586842727,-1.31171478496986,0.25,-0.5634078453642654,0.3341194922899548,-0.18333644759720805,0.0836315540568891,-0.624812482164508,0.1111111111111111,-0.28445033207336795,0.3333333333333333,0.0,0.1111111111111111,-0.9531238224996238,0,1
0.1111111111111111,0.05555555555555555,0.083631554056889,0.1111111111111111,0.0211779919147679,0.8217364061401269,0.608118155975231,-1.130080895470915,0.25,-0.02975293223915765,-1.2558335710649353,0.03643885265550539,0.0836315540568891,-0.15378898118743553,0.1111111111111111,0.0021270583613964395,0.3333333333333333,0.1111111111111111,0.1111111111111111,-0.9531238224996238,0,1
0.0,0.027777777777777776,-0.1916190102524236,0.0,-0.2420405106345698,-2.4349041406302154,-5.028059896155144,-0.3554890506588386,0.125,-1.4978381506157068,-1.2558335710649353,-2.476644085611099,-0.1916190102524235,-1.8377883046032708,0.0,-1.4809843220475034,0.2222222222222222,0.0,0.0,0.3871513198050401,1,0
0.0,0.0,-0.4668695745617363,0.0,-0.2844958199592799,-0.9232746236089249,-1.2386158656751924,-0.6416298188340922,0.0,-1.4978381506157068,-1.2558335710649353,-0.08749098821305488,-0.4668695745617363,-0.4659536841973853,0.0,-0.48742917650202766,0.0,0.0,0.1111111111111111,1.8047152235915511,1,0
0.3333333333333333,0.19444444444444442,1.4598843756034523,0.3333333333333333,0.7853625215998877,-2.4349041406302154,-0.2902799908347457,0.74923519556253,0.25,0.0,0.10854127650719715,0.21961315785587668,1.4598843756034523,-1.8377883046032708,0.3333333333333333,-0.011697378387615939,0.2222222222222222,0.1111111111111111,0.1111111111111111,-0.9531238224996238,0,1
0.1111111111111111,0.0,-0.4668695745617363,0.1111111111111111,-0.2844958199592799,0.38856701644178904,0.514307297182614,1.8157962335875484,0.0,0.2534171714435722,0.2416645349056016,0.2876072932488321,-0.4668695745617363,0.21925214039343546,0.1111111111111111,0.2526518197548504,0.1111111111111111,0.1111111111111111,0.1111111111111111,0.0869332819236188,1,0
0.1111111111111111,0.08333333333333333,0.3588821183662018,0.1111111111111111,-0.2225338403936263,-1.8586914367545917,1.067510464570943,0.5624443361818806,0.25,0.5172071519175309,0.3891776951234196,0.6776797026530302,0.3588821183662018,0.5298635324565625,0.3333333333333333,0.4895215797312873,0.2222222222222222,0.1111111111111111,0.1111111111111111,1.3682240822548568,1,0
0.3333333333333333,0.25,2.010385504222078,0.3333333333333333,0.698032761115479,0.08136281572751122,-0.5996191337007027,-0.3554890506588386,0.375,-1.4978381506157068,-0.17997811061554644,-0.1940527750620471,2.0103855042220777,-0.116519535660596,0.1111111111111111,-1.4809843220475034,0.1111111111111111,0.3333333333333333,0.4444444444444444,-0.6440902286753902,0,1
0.0,0.027777777777777776,-0.1916190102524236,0.0,-0.2335495053763295,-2.4349041406302154,-5.028059896155144,0.1423961078279921,0.125,-1.4978381506157068,-1.2558335710649353,-2.476644085611099,-0.1916190102524235,-1.8377883046032708,0.0,-1.4809843220475034,0.2222222222222222,0.0,0.0,0.1673597344439074,0,1
0.0,0.027777777777777776,-0.1916190102524236,0.0,-0.2590225777575635,-2.4349041406302154,-5.028059896155144,0.6575761498836257,0.125,-1.4978381506157068,-1.2558335710649353,-2.476644085611099,-0.1916190102524235,-1.8377883046032708,0.0,-1.4809843220475034,0.2222222222222222,0.0,0.0,1.0629938337787594,0,1
0.3333333333333333,0.19444444444444442,1.4598843756034523,0.3333333333333333,2.3900697985747907,-2.4349041406302154,-1.0643240459742764,-0.7958621975017078,0.25,-1.4978381506157068,-1.2558335710649353,0.06806288418602986,1.4598843756034523,-1.8377883046032708,0.3333333333333333,-0.39632517311084764,0.2222222222222222,0.1111111111111111,0.1111111111111111,-1.666848273078999,0,1
0.1111111111111111,0.0,-0.4668695745617363,0.1111111111111111,-0.2844958199592799,0.005265286089826876,-0.3379977619255093,0.9229385817157996,0.0,-0.06749693863522563,-0.04768389148960487,-0.09425361589553392,-0.4668695745617363,-0.017795917333693467,0.1111111111111111,-0.06996156194360863,0.1111111111111111,0.1111111111111111,0.1111111111111111,0.1673597344439074,1,0
0.1111111111111111,0.16666666666666666,1.18463381129414,0.3333333333333333,-0.0147798253325259,0.08772862993864343,0.1075940141604836,-1.130080895470915,0.25,0.214438587242051,0.1812882605018963,-2.476644085611099,1.18463381129414,0.21925214039343546,0.3333333333333333,0.11373534404388194,0.3333333333333333,0.1111111111111111,0.1111111111111111,0.3170934418812415,0,1
0.0,0.027777777777777776,-0.1916190102524236,0.0,-0.2395431541881542,0.1616254477748026,-0.8688825149803978,0.1423961078279921,0.125,-1.4978381506157068,-1.2558335710649353,-2.476644085611099,-0.1916190102524235,-1.8377883046032708,0.0,-1.4809843220475034,0.2222222222222222,0.0,0.0,0.3170934418812415,1,0
0.0,0.0,-0.4668695745617363,0.0,-0.2844958199592799,-2.4349041406302154,-5.028059896155144,1.6391892378370123,0.0,-1.4978381506157068,-1.2558335710649353,-2.476644085611099,-0.4668695745617363,-1.8377883046032708,0.0,-1.4809843220475034,0.0,0.0,0.0,1.4082741704448445,0,1
0.1111111111111111,0.0,-0.4668695745617363,0.1111111111111111,-0.2844958199592799,0.30420801898878946,0.7392694063850916,-0.7958621975017078,0.0,0.47186486317693166,0.27295236848406923,0.3689107160964178,-0.4668695745617363,0.35508346069795704,0.1111111111111111,0.3057862080103784,0.1111111111111111,0.1111111111111111,0.1111111111111111,1.4475584443037126,1,0
0.3333333333333333,0.2222222222222222,1.7351349399127654,0.3333333333333333,0.479694441038171,0.0663595593112858,-0.17935246903156637,-1.31171478496986,0.25,0.05153219759664451,-1.2558335710649353,0.1684786075672701,1.7351349399127651,-0.054022482680966204,0.1111111111111111,-0.004395095027663922,0.1111111111111111,0.3333333333333333,0.3333333333333333,-0.5135592262370264,0,1
0.3333333333333333,0.1388888888888889,0.9093832469848272,0.4444444444444444,1.6259081932793418,0.1706153525976616,-0.46513032303023666,-1.7090442746462755,0.375,-0.2773414272638226,0.05693515131531388,-2.476644085611099,0.9093832469848272,-0.26533463618771924,0.1111111111111111,-0.2837522314751988,0.1111111111111111,0.1111111111111111,0.1111111111111111,-1.666848273078999,0,1
0.1111111111111111,0.08333333333333333,0.3588821183662018,0.1111111111111111,-0.1638333265972902,-2.4349041406302154,0.655908081426619,0.9229385817157996,0.25,0.3436035864739946,0.30567126224700725,0.5323671509932838,0.3588821183662018,0.35508346069795704,0.3333333333333333,0.3321612178466729,0.2222222222222222,0.1111111111111111,0.1111111111111111,0.4544096728511559,1,0
0.1111111111111111,0.05555555555555555,0.083631554056889,0.1111111111111111,-0.1669275222729985,0.36283016970125886,0.5312303448075073,1.3089470244281944,0.25,0.214438587242051,0.232909330105537,0.42873747513995886,0.0836315540568891,0.2529015249281053,0.1111111111111111,0.20294349043957083,0.3333333333333333,0.1111111111111111,0.1111111111111111,0.0021753538983214,1,0
0.1111111111111111,0.0,-0.4668695745617363,0.1111111111111111,-0.2844958199592799,0.03258139508858646,-0.6019533482504925,0.02609689719025,0.0,-0.21599673831435315,-0.23146499342530566,-0.14563129042130196,-0.4668695745617363,-0.3269296684754916,0.1111111111111111,-0.22357687107375482,0.1111111111111111,0.1111111111111111,0.1111111111111111,-2.102083711231995,0,1
0.1111111111111111,0.05555555555555555,0.083631554056889,0.3333333333333333,-0.1455516624742182,0.4123958978726874,0.18976163561156847,-0.4950413083649336,0.25,0.1754623776158648,0.12201581779487031,-2.476644085611099,0.0836315540568891,0.08483689987623327,0.1111111111111111,0.1336150799250516,0.1111111111111111,0.1111111111111111,0.1111111111111111,-0.1828566844305228,1,0
0.1111111111111111,0.05555555555555555,0.083631554056889,0.3333333333333333,0.0211779919147679,-0.006852845220298006,-0.35416378823126815,0.74923519556253,0.25,-0.04501828725518394,-0.07972466956477688,-0.1940527750620471,0.0836315540568891,0.005775291400744047,0.1111111111111111,-0.031672403407900916,0.1111111111111111,0.1111111111111111,0.1111111111111111,-0.9531238224996238,0,1
0.0,0.0,-0.4668695745617363,0.0,-0.2844958199592799,-0.15614601918580906,-0.06362207852056918,-0.7958621975017078,0.0,0.21149672770108943,0.15950328460205204,-0.4930130425863576,-0.4668695745617363,0.1675720388696863,0.0,-0.08319876730620854,0.0,0.0,0.0,0.5814972662319737,1,0
0.0,0.1111111111111111,0.6341326826755145,0.3333333333333333,1.2438273906316173,-2.4349041406302154,0.3697686995461401,-1.9271995283231864,0.25,0.1996891746211727,-0.20593892613466808,-2.476644085611099,0.6341326826755145,-0.32442777739848877,0.3333333333333333,0.5665482625190613,0.0,0.0,0.0,-1.666848273078999,0,1
0.1111111111111111,0.0,-0.4668695745617363,0.1111111111111111,-0.2844958199592799,0.7806281708752216,1.6693302740865512,-0.0953809513297535,0.0,0.70679484969058,0.5618014829009423,0.7660493836186342,-0.4668695745617363,0.7294623092469033,0.1111111111111111,0.6595231729018657,0.1111111111111111,0.1111111111111111,0.1111111111111111,1.9013142578933817,1,0
0.0,0.0,-0.4668695745617363,0.1111111111111111,-0.2844958199592799,-0.08282810616588625,-0.48928029603095685,1.0053451065944692,0.0,-0.22139741587053635,-0.1845109244123129,-0.005923136908924106,-0.4668695745617363,-0.037941028828920295,0.1111111111111111,-0.22887460301959633,0.1111111111111111,0.0,0.0,-1.666848273078999,0,1
0.3333333333333333,0.3333333333333333,2.8361371971500167,0.3333333333333333,2.7722015436314544,0.1706153525976616,-0.4776649287085658,-1.7090442746462755,0.25,-1.4978381506157068,-1.2558335710649353,-2.476644085611099,2.836137197150016,0.13446858275768922,0.3333333333333333,-1.4809843220475034,0.3333333333333333,0.3333333333333333,0.3333333333333333,-1.3723900433022265,0,1
0.0,0.1111111111111111,0.6341326826755145,0.0,-0.0934470606700971,-2.4349041406302154,-1.071834500178717,-0.6416298188340922,0.25,-0.04477867326296852,-0.10915140503354699,-0.23850058904219157,0.6341326826755145,-1.8377883046032708,0.3333333333333333,-1.4809843220475034,0.3333333333333333,0.0,0.0,0.2439439807007004,1,0
0.3333333333333333,0.25,2.010385504222078,0.3333333333333333,0.1453638884413813,0.49320600580578183,0.4478931444214867,-0.222430806752854,0.375,0.34010830410539794,-1.2558335710649353,0.21961315785587668,2.0103855042220777,0.23325537736854896,0.1111111111111111,0.10287579294346057,0.1111111111111111,0.4444444444444444,0.3333333333333333,0.2439439807007004,0,1
0.3333333333333333,0.3055555555555555,2.560886632840704,0.3333333333333333,1.3967101453479835,-2.4349041406302154,-0.6910437409392006,-0.6416298188340922,0.25,-0.0680302443123023,-0.055789143861963854,0.12143655569952808,2.5608866328407034,-1.8377883046032708,0.3333333333333333,-1.4809843220475034,0.2222222222222222,0.3333333333333333,0.3333333333333333,-0.9531238224996238,0,1
0.1111111111111111,0.1111111111111111,0.6341326826755145,0.1111111111111111,1.2438273906316173,-0.08282810616588625,-0.2848055822015288,-1.504321540361816,0.25,-1.4978381506157068,-1.2558335710649353,-0.11671725661758069,0.6341326826755145,0.07824744290209906,0.1111111111111111,0.19865366409457927,0.1111111111111111,0.3333333333333333,0.3333333333333333,-1.666848273078999,1,0
0.0,0.0,-0.4668695745617363,0.0,-0.2844958199592799,-2.4349041406302154,-5.028059896155144,-1.504321540361816,0.0,-1.4978381506157068,-1.2558335710649353,-2.476644085611099,-0.4668695745617363,-1.8377883046032708,0.0,-1.4809843220475034,0.0,0.0,0.0,0.1673597344439074,1,0
0.0,0.0,-0.4668695745617363,0.0,-0.2844958199592799,0.2358215233683933,-0.5308151347129706,-0.222430806752854,0.0,-1.4978381506157068,-0.09411286476616676,-0.6257537081600761,-0.4668695745617363,-1.8377883046032708,0.0,-0.2267394290025756,0.0,0.0,0.0,0.2439439807007004,1,0
0.1111111111111111,0.0,-0.4668695745617363,0.1111111111111111,-0.2844958199592799,0.6038174536731904,1.6357324050348383,-0.0953809513297535,0.0,0.9546901613220271,0.3088434346509004,0.5593923385526708,-0.4668695745617363,0.32391495126060277,0.1111111111111111,0.4880136329916922,0.1111111111111111,0.1111111111111111,0.1111111111111111,1.285678693674575,1,0
0.3333333333333333,0.3333333333333333,2.8361371971500167,0.3333333333333333,0.1142153926227767,0.35192960291975667,0.4507029909134518,0.1423961078279921,0.25,0.3236529324331165,0.2540452092359328,0.3026242443531959,2.836137197150016,0.23997567561776,0.3333333333333333,-1.4809843220475034,0.3333333333333333,0.3333333333333333,0.3333333333333333,0.6999923241170234,0,1
0.3333333333333333,0.3055555555555555,2.560886632840704,0.3333333333333333,0.0809894582409387,-0.2131146983687719,-0.43356694255490164,0.9229385817157996,0.25,-1.4978381506157068,-1.2558335710649353,-0.1940527750620471,2.5608866328407034,0.18040838650574129,0.3333333333333333,0.006539905894159156,0.2222222222222222,0.3333333333333333,0.3333333333333333,0.6999923241170234,0,1
0.3333333333333333,0.2222222222222222,1.7351349399127654,0.3333333333333333,0.2712808099809667,0.3376469404255859,0.15413467940451595,-0.0953809513297535,0.25,0.1140824598848333,0.10854127650719715,-2.476644085611099,1.7351349399127651,0.3399806609796267,0.1111111111111111,-1.4809843220475034,0.1111111111111111,0.3333333333333333,0.3333333333333333,-0.1828566844305228,0,1
0.1111111111111111,0.0,-0.4668695745617363,0.1111111111111111,-0.2844958199592799,0.11779445949640988,0.23714109383088752,0.8376265013727084,0.0,0.1996891746211727,0.18068916152380704,0.14591209917705136,-0.4668695745617363,0.1718659405051064,0.1111111111111111,0.18418539902762215,0.1111111111111111,0.1111111111111111,0.1111111111111111,-0.6440902286753902,1,0
0.0,0.027777777777777776,-0.1916190102524236,0.0,-0.26201942096705,-2.4349041406302154,-0.823917412110048,1.3790049371340838,0.125,-1.4978381506157068,-1.2558335710649353,-2.476644085611099,-0.1916190102524235,0.17230000890341282,0.0,-0.16467079312609492,0.2222222222222222,0.0,0.0,1.2431022551165405,1,0
0.1111111111111111,0.19444444444444442,1.4598843756034523,0.1111111111111111,0.2504387000585193,-2.4349041406302154,-0.10482445471163458,-0.7958621975017078,0.375,-1.4978381506157068,0.10298443427682366,0.0056385211519427774,1.4598843756034523,0.27340185045077775,0.3333333333333333,0.12215638704494965,0.4444444444444444,0.1111111111111111,0.3333333333333333,-0.2847917733012345,0,1
0.0,0.0,-0.4668695745617363,0.0,-0.2844958199592799,-2.4349041406302154,-5.028059896155144,-0.7958621975017078,0.0,-1.4978381506157068,-1.2558335710649353,-2.476644085611099,-0.4668695745617363,-1.8377883046032708,0.0,-1.4809843220475034,0.0,0.0,0.0,0.4544096728511559,1,0
0.0,0.0,-0.4668695745617363,0.0,-0.2844958199592799,-2.4349041406302154,-5.028059896155144,0.5624443361818806,0.0,-1.4978381506157068,-1.2558335710649353,-2.476644085611099,-0.4668695745617363,-1.8377883046032708,0.0,-1.4809843220475034,0.0,0.0,0.0,0.6999923241170234,1,0
0.1111111111111111,0.0,-0.4668695745617363,0.1111111111111111,-0.2844958199592799,0.6975468062175926,0.9554110687168929,0.3608480215924758,0.0,0.36284997966396115,0.27298825569546475,0.5808502435108827,-0.4668695745617363,0.355335356245175,0.1111111111111111,0.3491032574021598,0.1111111111111111,0.1111111111111111,0.1111111111111111,0.9662521913648202,1,0
0.0,0.0,-0.4668695745617363,0.0,-0.2844958199592799,-2.4349041406302154,-5.028059896155144,0.74923519556253,0.0,-1.4978381506157068,-1.2558335710649353,-2.476644085611099,-0.4668695745617363,-1.8377883046032708,0.0,-1.4809843220475034,0.0,0.0,0.0,-0.0875094222424097,1,0
0.1111111111111111,0.08333333333333333,0.3588821183662018,0.1111111111111111,-0.2386439228605313,-2.4349041406302154,0.7172779230791486,0.74923519556253,0.25,0.3626362666558231,0.3056712622470069,0.4669328857779944,0.3588821183662018,0.483827131156964,0.3333333333333333,0.34074996925183365,0.2222222222222222,0.1111111111111111,0.1111111111111111,1.8373853869087895,0,1
0.0,0.0,-0.4668695745617363,0.0,-0.2844958199592799,-0.19591324900479126,-0.28200043413773246,1.7585321597554342,0.0,0.12776328546361485,0.002931841927049252,-2.476644085611099,-0.4668695745617363,0.13446858275768922,0.0,-0.005687182925108412,0.1111111111111111,0.0,0.0,-0.3945035917891138,1,0
0.0,0.0,-0.4668695745617363,0.0,-0.2844958199592799,0.2147853792575757,0.14507577234328692,0.5624443361818806,0.0,0.13304132892194565,0.10601193578836506,-0.07116629926950806,-0.4668695745617363,0.1266901244106837,0.0,0.21133442806778266,0.0,0.0,0.0,0.8643003776574393,1,0
0.0,0.0,-0.4668695745617363,0.0,-0.2844958199592799,0.08136281572751122,-1.0337845739024458,-0.6416298188340922,0.0,-1.4978381506157068,-1.2558335710649353,-2.476644085611099,-0.4668695745617363,-1.8377883046032708,0.0,-1.4809843220475034,0.0,0.0,0.0,1.3273719327921307,1,0
0.1111111111111111,0.0,-0.4668695745617363,0.1111111111111111,-0.2844958199592799,-0.18483830997736975,-0.4084528412766086,-1.7090442746462755,0.0,-0.07926674806640066,-1.2558335710649353,-0.1599033775354381,-0.4668695745617363,-0.09634369408832952,0.1111111111111111,0.15873609898101454,0.1111111111111111,0.0,0.0,-1.3723900433022265,1,0
0.3333333333333333,0.1111111111111111,0.6341326826755145,0.3333333333333333,-0.1995849654476854,-0.2131146983687719,-1.6378921616938666,-0.4950413083649336,0.25,-1.4978381506157068,-1.2558335710649353,-2.476644085611099,0.6341326826755145,-1.8377883046032708,0.0,-1.4809843220475034,0.0,0.0,0.0,1.3273719327921307,0,1
0.1111111111111111,0.1388888888888889,0.9093832469848272,0.3333333333333333,0.4796887097258397,-0.02191797797529691,-0.4215188604529613,-0.0953809513297535,0.25,-0.09593924982249426,-0.1299155847603933,-2.476644085611099,0.9093832469848272,0.09868477618238311,0.3333333333333333,-0.011506929862364968,0.2222222222222222,0.1111111111111111,0.1111111111111111,-0.9531238224996238,0,1
0.0,0.0,-0.4668695745617363,0.0,-0.2844958199592799,-2.4349041406302154,-5.028059896155144,0.2538723316408949,0.0,-1.4978381506157068,-1.2558335710649353,-2.476644085611099,-0.4668695745617363,-1.8377883046032708,0.0,-1.4809843220475034,0.0,0.0,0.0,1.3273719327921307,0,1
0.1111111111111111,0.08333333333333333,0.3588821183662018,0.1111111111111111,-0.1081433734298578,-0.9507255344098884,-0.3724827596083206,1.1620705813604253,0.25,-0.09654852506560477,0.10854127650719715,0.034791834629782185,0.3588821183662018,-0.09634369408832952,0.3333333333333333,-0.031672403407900916,0.2222222222222222,0.1111111111111111,0.1111111111111111,0.0021753538983214,1,0
0.1111111111111111,0.1388888888888889,0.9093832469848272,0.3333333333333333,0.1400549146857315,0.14061657729950422,-0.1639874554561933,-1.130080895470915,0.25,0.066276523690121,0.016913033023074397,-0.9551366959425549,0.9093832469848272,0.005775291400744047,0.3333333333333333,0.11519722477629865,0.2222222222222222,0.1111111111111111,0.1111111111111111,-0.3945035917891138,0,1
0.1111111111111111,0.08333333333333333,0.3588821183662018,0.1111111111111111,0.0020755279147641,-2.4349041406302154,0.16402319286443398,-0.0953809513297535,0.25,0.214438587242051,-1.2558335710649353,0.15441249848381097,0.3588821183662018,0.18875206458508645,0.3333333333333333,0.3551900842679136,0.2222222222222222,0.1111111111111111,0.1111111111111111,-0.5135592262370264,1,0
0.3333333333333333,0.2777777777777778,2.2856360685313915,0.3333333333333333,2.2627519830329987,-2.4349041406302154,-0.6138895564621334,0.4636163081257023,0.25,-1.4978381506157068,-0.028794164538211788,0.10848346083980917,2.2856360685313906,-1.8377883046032708,0.3333333333333333,0.021699077920150803,0.3333333333333333,0.0,0.3333333333333333,-1.3723900433022265,0,1
0.3333333333333333,0.2777777777777778,2.2856360685313915,0.4444444444444444,3.5363122065179637,-2.4349041406302154,-1.532861009001251,0.4636163081257023,0.5,-0.1918179270424799,-0.2064569348266685,-2.476644085611099,2.2856360685313906,-1.8377883046032708,0.5555555555555556,-0.2343095970677861,0.2222222222222222,0.1111111111111111,0.1111111111111111,-1.666848273078999,0,1
0.3333333333333333,0.16666666666666666,1.18463381129414,0.3333333333333333,2.0079889959270663,-2.4349041406302154,-0.6778008964860062,-0.7958621975017078,0.25,-0.008721913572890243,-0.027832780947905762,0.08008376324506211,1.18463381129414,-1.8377883046032708,0.3333333333333333,-1.4809843220475034,0.0,0.0,0.0,-1.666848273078999,0,1
0.1111111111111111,0.1388888888888889,0.9093832469848272,0.3333333333333333,0.4796887097258397,0.025316925826723576,0.03311609130321688,1.6996876816479582,0.25,0.12776328546361485,0.232909330105537,-2.476644085611099,0.9093832469848272,0.07824744290209906,0.3333333333333333,0.15661152100610903,0.2222222222222222,0.1111111111111111,0.1111111111111111,-0.9531238224996238,0,1
0.0,0.027777777777777776,-0.1916190102524236,0.0,-0.2539279496957324,0.24738346427493746,0.9169320812701459,1.6391892378370123,0.125,0.4756796490799884,-1.2558335710649353,0.8781131104969889,-0.1916190102524235,-1.8377883046032708,0.0,0.3958048792670328,0.2222222222222222,0.0,0.0,0.8111528623165425,1,0
0.3333333333333333,0.3333333333333333,2.8361371971500167,0.3333333333333333,0.8617895715368965,0.1706153525976616,0.21789314332142565,-0.6416298188340922,0.25,0.22144857130416912,0.2416645349056016,-2.476644085611099,2.836137197150016,0.35508346069795704,0.3333333333333333,-1.4809843220475034,0.3333333333333333,0.3333333333333333,0.3333333333333333,-0.5135592262370264,0,1
0.1111111111111111,0.0,-0.4668695745617363,0.1111111111111111,-0.2844958199592799,-0.08282810616588625,-0.3183525341707236,0.6575761498836257,0.0,0.043918667201769915,0.10854127650719715,-0.1289553642896601,-0.4668695745617363,-0.39018706978679374,0.1111111111111111,-0.031672403407900916,0.1111111111111111,0.1111111111111111,0.1111111111111111,-0.5135592262370264,1,0
0.1111111111111111,0.0,-0.4668695745617363,0.1111111111111111,-0.2844958199592799,0.30420801898878946,0.2895959161969545,0.3608480215924758,0.0,0.1754623776158648,0.14857534644596138,0.16869886832993028,-0.4668695745617363,0.13446858275768922,0.1111111111111111,0.19865366409457927,0.1111111111111111,0.1111111111111111,0.1111111111111111,-0.7891132362483021,1,0
0.0,0.027777777777777776,-0.1916190102524236,0.0,-0.2675136396224425,-2.4349041406302154,0.8352997046387189,0.8376265013727084,0.125,-1.4978381506157068,-1.2558335710649353,-0.724479175000734,-0.1916190102524235,0.845540293476656,0.0,-1.4809843220475034,0.2222222222222222,0.0,0.0,1.668921836399024,1,0
0.1111111111111111,0.16666666666666666,1.18463381129414,0.3333333333333333,2.0079889959270663,0.2324632635633931,-0.5723638991764706,-1.31171478496986,0.25,-0.22359646317184267,-1.2558335710649353,-2.476644085611099,1.18463381129414,-0.3326514049683238,0.3333333333333333,-0.32269757252797804,0.3333333333333333,0.1111111111111111,0.1111111111111111,-1.666848273078999,0,1
0.1111111111111111,0.0,-0.4668695745617363,0.1111111111111111,-0.2844958199592799,0.2733899399151538,0.3872791170118365,1.0850063694144667,0.0,0.22144857130416912,0.03126839304430128,0.33742708388807957,-0.4668695745617363,0.2825833239152785,0.1111111111111111,0.19865366409457927,0.1111111111111111,0.1111111111111111,0.1111111111111111,0.5191192900072952,1,0
0.1111111111111111,0.05555555555555555,0.083631554056889,0.1111111111111111,-0.1316573856684801,0.30420801898878946,0.1595981637688137,0.8376265013727084,0.25,0.08006953428893196,0.10854127650719715,0.1795287835743337,0.0836315540568891,0.07824744290209906,0.1111111111111111,0.05331580804312823,0.3333333333333333,0.1111111111111111,0.1111111111111111,-0.2847917733012345,0,1
0.3333333333333333,0.1111111111111111,0.6341326826755145,0.3333333333333333,0.3268518037888158,0.18953232746223397,0.029152212851664205,-1.7090442746462755,0.25,0.24739437221879784,-1.2558335710649353,0.10848346083980917,0.6341326826755145,0.07571539291516126,0.1111111111111111,-0.031672403407900916,0.1111111111111111,0.1111111111111111,0.1111111111111111,-0.9531238224996238,0,1
0.1111111111111111,0.0,-0.4668695745617363,0.1111111111111111,-0.2844958199592799,-0.08282810616588625,-0.24866960732997528,0.2538723316408949,0.0,0.018591671476249207,-1.2558335710649353,-0.060200737786788555,-0.4668695745617363,0.005775291400744047,0.1111111111111111,0.16042040378299907,0.1111111111111111,0.1111111111111111,0.1111111111111111,-0.3945035917891138,1,0
0.3333333333333333,0.3333333333333333,2.8361371971500167,0.3333333333333333,4.300473811813412,0.15951467317198714,-0.1133819017555218,0.02609689719025,0.25,-0.06776342523130284,-1.131420661815432,-0.038891540158578077,2.836137197150016,0.22424224735877346,0.3333333333333333,-0.05351884661889676,0.3333333333333333,0.3333333333333333,0.3333333333333333,-1.666848273078999,0,1
0.0,0.027777777777777776,-0.1916190102524236,0.0,-0.029771039660052,-2.4349041406302154,-0.3500146075820022,-0.6416298188340922,0.125,-1.4978381506157068,-1.2558335710649353,-2.476644085611099,-0.1916190102524235,-1.8377883046032708,0.0,0.37740517675852714,0.2222222222222222,0.0,0.0,-1.3723900433022265,1,0
0.3333333333333333,0.38888888888888884,3.386638325768641,0.4444444444444444,5.064635417108861,-2.4349041406302154,-0.8379137703733847,0.02609689719025,0.5,0.04580841851773005,0.10854127650719715,-2.476644085611099,3.386638325768641,-1.8377883046032708,0.5555555555555556,-1.4809843220475034,0.2222222222222222,0.3333333333333333,0.3333333333333333,-1.666848273078999,0,1
0.0,0.027777777777777776,-0.1916190102524236,0.0,-0.2462860203394923,-0.31288676373097957,-1.8420440395132285,1.3790049371340838,0.125,-1.4978381506157068,-1.2558335710649353,-2.476644085611099,-0.1916190102524235,-1.8377883046032708,0.0,-1.4809843220475034,0.2222222222222222,0.0,0.0,0.5191192900072952,1,0
0.1111111111111111,0.2222222222222222,1.7351349399127654,0.3333333333333333,1.7533024224345426,-2.4349041406302154,-1.162539108570257,0.5624443361818806,0.375,0.13376996835145818,-1.2558335710649353,-2.476644085611099,1.7351349399127651,-1.8377883046032708,0.4444444444444444,-1.4809843220475034,0.0,0.4444444444444444,0.0,-1.3723900433022265,0,1
0.0,0.0,-0.4668695745617363,0.0,-0.2844958199592799,-0.5073034887176503,-0.09637623514361728,-1.130080895470915,0.0,0.24794342378015582,0.27971441169799716,-0.5910654661956495,-0.4668695745617363,-0.11679247933275104,0.0,-1.4809843220475034,0.0,0.1111111111111111,0.0,-0.1828566844305228,1,0
0.1111111111111111,0.0,-0.4668695745617363,0.1111111111111111,-0.2844958199592799,0.08136281572751122,0.07214763072735397,1.0053451065944692,0.0,0.06994916488101137,0.10854127650719715,0.16869886832993028,-0.4668695745617363,0.11258200154198865,0.1111111111111111,0.11363053313180634,0.0,0.1111111111111111,0.1111111111111111,-0.7891132362483021,1,0
0.0,0.0,-0.4668695745617363,0.0,-0.2844958199592799,-2.4349041406302154,-5.028059896155144,-0.7958621975017078,0.0,-1.4978381506157068,-1.2558335710649353,-2.476644085611099,-0.4668695745617363,-1.8377883046032708,0.0,-1.4809843220475034,0.0,0.0,0.0,1.285678693674575,1,0
0.0,0.0,-0.4668695745617363,0.0,-0.2844958199592799,0.05817268274552819,0.6554143512273469,0.4636163081257023,0.0,-1.4978381506157068,0.5863612297963795,-0.14392530832581077,-0.4668695745617363,-1.8377883046032708,0.0,-1.4809843220475034,0.0,0.0,0.0,1.8373853869087895,1,0
0.1111111111111111,0.05555555555555555,0.083631554056889,0.1111111111111111,-0.1826031907933792,-0.06208652614907963,0.04935568636988595,-0.6416298188340922,0.25,0.066276523690121,0.27295236848406923,-0.01539600861323546,0.0836315540568891,-0.08429741416826127,0.1111111111111111,0.11363053313180634,0.3333333333333333,0.1111111111111111,0.1111111111111111,0.1673597344439074,0,1
0.1111111111111111,0.0,-0.4668695745617363,0.1111111111111111,-0.2844958199592799,-0.16821050218130285,-0.6510467346955375,1.1620705813604253,0.0,-0.43060686582819924,-1.2558335710649353,-0.14335859955607017,-0.4668695745617363,0.07824744290209906,0.1111111111111111,-1.4809843220475034,0.1111111111111111,0.1111111111111111,0.1111111111111111,-2.102083711231995,1,0
0.0,0.2222222222222222,1.7351349399127654,0.3333333333333333,1.7533024224345426,-0.729412017925748,-0.9437861896128196,0.2538723316408949,0.25,-1.4978381506157068,-1.2558335710649353,-2.476644085611099,1.7351349399127651,0.004934238045837286,0.3333333333333333,0.0012332392156009556,0.0,0.3333333333333333,0.3333333333333333,-1.3723900433022265,0,1
0.0,0.027777777777777776,-0.1916190102524236,0.0,-0.2512698855774418,-2.4349041406302154,-5.028059896155144,-0.7958621975017078,0.125,-1.4978381506157068,-1.2558335710649353,-2.476644085611099,-0.1916190102524235,-1.8377883046032708,0.0,-1.4809843220475034,0.2222222222222222,0.0,0.0,0.6999923241170234,0,1
0.0,0.0,-0.4668695745617363,0.0,-0.2844958199592799,0.026234009432593384,0.5499314351301734,0.4636163081257023,0.0,0.25359526066886406,0.3383662254209425,0.5647809979641775,-0.4668695745617363,0.2286504090501567,0.0,-0.047783688003817014,0.0,0.0,0.0,0.7564222381735122,1,0
0.1111111111111111,0.0,-0.4668695745617363,0.1111111111111111,-0.2844958199592799,0.13997425265217076,0.16302797231611899,-0.0953809513297535,0.0,0.15763820015463306,0.13967441346545956,0.16869886832993028,-0.4668695745617363,0.1134598899578306,0.1111111111111111,0.14293598384450348,0.1111111111111111,0.1111111111111111,0.1111111111111111,-0.3945035917891138,1,0
0.3333333333333333,0.3333333333333333,2.8361371971500167,0.3333333333333333,0.6325347857855188,-2.4349041406302154,-0.6166965430508731,0.74923519556253,0.375,-1.4978381506157068,-1.2558335710649353,0.0809464037658137,2.836137197150016,0.12418304905625553,0.4444444444444444,-1.4809843220475034,0.2222222222222222,0.3333333333333333,0.3333333333333333,-0.2847917733012345,1,0
0.0,0.05555555555555555,0.083631554056889,0.1111111111111111,-0.0934482547099171,0.1677776276391612,-0.8562398140221283,-0.3554890506588386,0.25,-1.4978381506157068,-1.2558335710649353,-2.476644085611099,0.0836315540568891,-1.8377883046032708,0.1111111111111111,-1.4809843220475034,0.3333333333333333,0.0,0.0,-0.5135592262370264,1,0
0.3333333333333333,0.3333333333333333,2.8361371971500167,0.3333333333333333,0.3705279127646692,0.11779445949640988,0.0860101484033496,0.1423961078279921,0.25,0.14813617228388773,0.1412512015314614,0.05090380957037403,2.836137197150016,0.09053966174801081,0.3333333333333333,0.11363053313180634,0.3333333333333333,0.3333333333333333,0.3333333333333333,0.0869332819236188,0,1
0.1111111111111111,0.16666666666666666,1.18463381129414,0.3333333333333333,2.0079889959270663,-2.4349041406302154,-0.6910437409392006,0.6575761498836257,0.375,-0.020363180020070946,-0.015781955055106312,-2.476644085611099,1.18463381129414,-0.05042906437089462,0.4444444444444444,-0.031672403407900916,0.2222222222222222,0.1111111111111111,0.1111111111111111,-1.666848273078999,0,1
0.1111111111111111,0.16666666666666666,1.18463381129414,0.3333333333333333,-0.1316563667489812,-2.4349041406302154,-1.070995784401508,0.4636163081257023,0.375,-1.4978381506157068,-1.2558335710649353,-2.0186247226964618,1.18463381129414,-1.8377883046032708,0.4444444444444444,0.14833599979593173,0.2222222222222222,0.0,0.1111111111111111,1.0629938337787594,0,1
0.0,0.0,-0.4668695745617363,0.0,-0.2844958199592799,-0.7215101355434785,1.1021058348677182,-0.6416298188340922,0.0,0.7762396513015173,0.23019726812492006,0.25232871258353157,-0.4668695745617363,0.5619554417770158,0.0,-1.4809843220475034,0.0,0.0,0.0,1.0629938337787594,1,0
0.1111111111111111,0.1388888888888889,0.9093832469848272,0.1111111111111111,-0.1612381831491223,-1.1346975320108106,0.8608937442669415,-0.222430806752854,0.25,-1.0054177432868876,0.3588633179710675,0.5647477978303261,0.9093832469848272,0.6295554148173989,0.3333333333333333,0.4030786993189654,0.2222222222222222,0.1111111111111111,0.3333333333333333,1.1095988810204689,0,1
0.1111111111111111,0.08333333333333333,0.3588821183662018,0.1111111111111111,0.288639711684214,-2.4349041406302154,-0.704235815277989,1.0850063694144667,0.25,-0.12839880850339674,-0.18497056585990598,0.06566547769940452,0.3588821183662018,-1.4321078212029634,0.3333333333333333,-0.04801010900383921,0.2222222222222222,0.1111111111111111,0.1111111111111111,-1.1433092459291831,0,1
0.1111111111111111,0.0,-0.4668695745617363,0.1111111111111111,-0.2844958199592799,0.5081452849150417,0.7450999294475514,1.0053451065944692,0.0,0.2985926356523543,0.28999105002565684,0.43553251837854445,-0.4668695745617363,0.31024168502232874,0.1111111111111111,0.3332312389949168,0.1111111111111111,0.1111111111111111,0.1111111111111111,0.8643003776574393,1,0
0.1111111111111111,0.05555555555555555,0.083631554056889,0.1111111111111111,0.0211779919147679,-0.07478792655941158,0.4203524879249378,0.02609689719025,0.25,-0.13196909953491012,0.4927089927907456,-0.04409138201426307,0.0836315540568891,0.019182604190464664,0.1111111111111111,-0.3286551869204631,0.1111111111111111,0.1111111111111111,0.3333333333333333,-0.9531238224996238,0,1
0.1111111111111111,0.0,-0.4668695745617363,0.1111111111111111,-0.2844958199592799,0.31971162338110404,0.36761054475459626,-0.7958621975017078,0.0,0.21178552648323645,0.10573880884669949,0.19135401979127187,-0.4668695745617363,0.16810176962144419,0.1111111111111111,0.28674218217918074,0.1111111111111111,0.1111111111111111,0.1111111111111111,0.0869332819236188,1,0
0.3333333333333333,0.25,2.010385504222078,0.3333333333333333,2.0080272027337704,-0.04260204376723723,-0.5127802940355883,0.02609689719025,0.25,-1.4978381506157068,-0.015781955055106312,-2.476644085611099,2.0103855042220777,0.05170390327415423,0.3333333333333333,-0.031672403407900916,0.2222222222222222,0.1111111111111111,0.3333333333333333,-1.3723900433022265,0,1
0.1111111111111111,0.05555555555555555,0.083631554056889,0.3333333333333333,-0.1455516624742182,0.3628837547106614,0.516341759753734,-1.504321540361816,0.25,0.12776328546361485,0.27295236848406923,0.33742708388807957,0.0836315540568891,0.3121414185984073,0.1111111111111111,0.19865366409457927,0.1111111111111111,0.1111111111111111,0.1111111111111111,-0.1828566844305228,0,1
0.3333333333333333,0.19444444444444442,1.4598843756034523,0.1111111111111111,2.3900697985747907,0.0096341289758159,-0.22490377837556208,-0.7958621975017078,0.375,0.19191458288873467,-0.14001564323410587,0.20017849783525957,1.4598843756034523,-1.8377883046032708,0.1111111111111111,-1.4809843220475034,0.1111111111111111,0.4444444444444444,0.3333333333333333,-1.666848273078999,0,1
0.1111111111111111,0.0,-0.4668695745617363,0.1111111111111111,-0.2844958199592799,0.40650860048090914,0.6853694400178262,1.5129114345882186,0.0,0.29185262718417543,0.2779778473858904,0.4717633163120872,-0.4668695745617363,0.33647785214048076,0.1111111111111111,0.2711570126632358,0.1111111111111111,0.1111111111111111,0.1111111111111111,0.3170934418812415,1,0
0.0,0.0,-0.4668695745617363,0.0,-0.2844958199592799,-0.2896495098213908,0.5351661048233629,-0.222430806752854,0.0,0.4827454549732312,0.20247563716727848,0.5910322583744911,-0.4668695745617363,-0.020204480265315877,0.0,-1.4809843220475034,0.0,0.0,0.0,1.0629938337787594,1,0
0.3333333333333333,0.3333333333333333,2.8361371971500167,0.3333333333333333,1.243878333889583,-2.4349041406302154,-0.9133725801173161,0.1423961078279921,0.375,0.066276523690121,-1.2558335710649353,-0.060200737786788555,2.836137197150016,-1.8377883046032708,0.3333333333333333,-1.4809843220475034,0.2222222222222222,0.4444444444444444,0.3333333333333333,-0.7891132362483021,0,1
0.1111111111111111,0.05555555555555555,0.083631554056889,0.1111111111111111,0.4796657853361687,-0.12269395516060319,-0.3055723505586457,-0.222430806752854,0.25,-0.06197608529062502,0.07991342808235943,-0.09768755612109054,0.0836315540568891,0.023445601714410378,0.1111111111111111,-0.09963313046765077,0.3333333333333333,0.1111111111111111,0.1111111111111111,-1.666848273078999,0,1
0.1111111111111111,0.0,-0.4668695745617363,0.1111111111111111,-0.2844958199592799,0.13997425265217076,-0.05761178653492708,1.6391892378370123,0.0,-0.020363180020070946,-0.01399774665372392,0.16869886832993028,-0.4668695745617363,0.07824744290209906,0.1111111111111111,-0.04553281838202407,0.0,0.1111111111111111,0.1111111111111111,-0.3945035917891138,1,0
0.0,0.0,-0.4668695745617363,0.0,-0.2844958199592799,-0.6239603043475997,-1.2440367513868231,0.9229385817157996,0.0,-0.2935727326746497,-0.24508800356437474,-0.6161416518684838,-0.4668695745617363,-0.41836559799896317,0.0,-0.20941773189656443,0.0,0.0,0.0,0.8111528623165425,0,1
0.3333333333333333,0.3333333333333333,2.8361371971500167,0.3333333333333333,2.7722015436314544,-0.08282810616588625,-0.2889071379793501,1.3790049371340838,0.25,0.04580841851773005,0.00787151142008286,-2.476644085611099,2.836137197150016,0.2340713374766228,0.3333333333333333,-1.4809843220475034,0.3333333333333333,0.3333333333333333,0.3333333333333333,-1.3723900433022265,0,1
0.3333333333333333,0.19444444444444442,1.4598843756034523,0.3333333333333333,0.126993221942705,-2.4349041406302154,-0.7701840433154586,0.5624443361818806,0.25,-1.4978381506157068,-1.2558335710649353,0.16269967152135997,1.4598843756034523,-1.8377883046032708,0.3333333333333333,-0.08373528687271306,0.2222222222222222,0.0,0.1111111111111111,0.0021753538983214,0,1
0.0,0.0,-0.4668695745617363,0.0,-0.2844958199592799,-0.2916939568416265,0.9558948417343863,1.3089470244281944,0.0,0.26793795442497165,0.4898911972877406,-2.476644085611099,-0.4668695745617363,-1.8377883046032708,0.0,0.6763282002141258,0.1111111111111111,0.0,0.0,0.7564222381735122,1,0
0.3333333333333333,0.05555555555555555,0.083631554056889,0.1111111111111111,0.4796657853361687,0.0096341289758159,-0.21716775709951927,0.9229385817157996,0.25,-0.020363180020070946,-1.2558335710649353,0.16869886832993028,0.0836315540568891,-0.05042906437089462,0.1111111111111111,0.03885253254617039,0.1111111111111111,0.0,0.1111111111111111,-1.666848273078999,0,1
0.1111111111111111,0.19444444444444442,1.4598843756034523,0.3333333333333333,0.7853625215998877,-0.2131146983687719,-0.4552487516460558,0.8376265013727084,0.375,-0.020363180020070946,-0.015781955055106312,-0.1940527750620471,1.4598843756034523,-0.09634369408832952,0.3333333333333333,-0.031672403407900916,0.4444444444444444,0.1111111111111111,0.1111111111111111,-0.9531238224996238,0,1
0.3333333333333333,0.2222222222222222,1.7351349399127654,0.3333333333333333,0.9381994275369115,0.2324632635633931,-0.1151594861562758,1.3089470244281944,0.25,0.03154610356751331,0.09763173650770275,-0.060200737786788555,1.7351349399127651,-1.8377883046032708,0.3333333333333333,0.035380040281312794,0.3333333333333333,0.1111111111111111,0.1111111111111111,-0.9531238224996238,0,1
0.1111111111111111,0.0,-0.4668695745617363,0.1111111111111111,-0.2844958199592799,0.3348530150164412,0.4757388778975263,0.9229385817157996,0.0,0.24800434258577472,0.2089482041426418,0.33742708388807957,-0.4668695745617363,0.21925214039343546,0.1111111111111111,0.23098125874457032,0.0,0.1111111111111111,0.1111111111111111,0.0869332819236188,1,0
0.1111111111111111,0.027777777777777776,-0.1916190102524236,0.0,-0.1316589140222559,0.0014962850062296442,0.5102707685995909,-1.130080895470915,0.125,0.47186486317693166,-0.10380197272567432,0.11837381180396105,-0.1916190102524235,0.483827131156964,0.0,-0.11094310805350578,0.2222222222222222,0.1111111111111111,0.1111111111111111,-0.9531238224996238,0,1
0.3333333333333333,0.25,2.010385504222078,0.3333333333333333,6.592614789361209,-0.2131146983687719,-0.353312973572868,-0.6416298188340922,0.25,-1.4978381506157068,-0.015781955055106312,0.034791834629782185,2.0103855042220777,-0.09634369408832952,0.3333333333333333,0.11363053313180634,0.2222222222222222,0.1111111111111111,0.3333333333333333,-2.102083711231995,0,1
0.3333333333333333,0.19444444444444442,1.4598843756034523,0.3333333333333333,0.7853625215998877,-2.4349041406302154,-0.25393330656605906,0.1423961078279921,0.25,-0.07234525507737063,-1.2558335710649353,0.29150192929081603,1.4598843756034523,-1.8377883046032708,0.3333333333333333,0.19865366409457927,0.2222222222222222,0.1111111111111111,0.1111111111111111,-0.9531238224996238,0,1
0.1111111111111111,0.0,-0.4668695745617363,0.1111111111111111,-0.2844958199592799,-0.18074528557693115,-0.9963044491650136,-0.4950413083649336,0.0,-0.4291569927107801,-0.5432063233629901,-0.17481992779125646,-0.4668695745617363,-0.5665251365008932,0.1111111111111111,-0.4631300898850235,0.1111111111111111,0.1111111111111111,0.1111111111111111,-0.5135592262370264,1,0
0.0,0.0,-0.4668695745617363,0.0,-0.2844958199592799,1.1053867612069872,1.4353189503925328,-0.222430806752854,0.0,0.6416033724158484,-1.2558335710649353,0.4554410466834606,-0.4668695745617363,0.4825637791908985,0.0,0.30043311104165377,0.0,0.0,0.0,1.285678693674575,1,0
0.1111111111111111,0.05555555555555555,0.083631554056889,0.3333333333333333,0.2249537406391757,0.24118543223036681,-0.4370958712965287,1.5769583967038283,0.25,-0.5477528973075421,-1.2558335710649353,-0.9720835455266508,0.0836315540568891,0.06252491453117898,0.1111111111111111,-1.4809843220475034,0.1111111111111111,0.1111111111111111,0.1111111111111111,-1.3723900433022265,0,1
0.1111111111111111,0.19444444444444442,1.4598843756034523,0.3333333333333333,0.0126913453136904,0.4405692628934085,0.41404061355346167,-0.222430806752854,0.25,0.356343818966518,0.1723992891279564,-2.0186247226964618,1.4598843756034523,0.3552094399375331,0.3333333333333333,-1.4809843220475034,0.2222222222222222,0.3333333333333333,0.1111111111111111,0.3871513198050401,0,1
0.1111111111111111,0.08333333333333333,0.3588821183662018,0.2222222222222222,-0.029765379172273,0.150515689149979,0.9497343742493898,-0.6416298188340922,0.125,0.7769383709062632,0.09877196196547983,-0.1940527750620471,0.3588821183662018,-0.16214899472576216,0.2222222222222222,0.08635102536032951,0.2222222222222222,0.1111111111111111,0.1111111111111111,-0.3945035917891138,0,1
0.0,0.0,-0.4668695745617363,0.0,-0.2844958199592799,0.5162949236288303,0.44402418650183634,-1.130080895470915,0.0,-1.4978381506157068,-0.03308651856516118,0.1233364524343845,-0.4668695745617363,0.4880757730499001,0.0,-1.4809843220475034,0.1111111111111111,0.1111111111111111,0.1111111111111111,1.0629938337787594,1,0
0.1111111111111111,0.0,-0.4668695745617363,0.1111111111111111,-0.2844958199592799,-0.19560885671213027,-0.5844431808858424,-1.9271995283231864,0.0,0.047992227807580876,-0.18822144181412054,-0.1940527750620471,-0.4668695745617363,-0.9017324931156265,0.1111111111111111,-0.015543114615442104,0.1111111111111111,0.0,0.0,-0.9531238224996238,1,0
0.0,0.0,-0.4668695745617363,0.0,-0.2844958199592799,-2.4349041406302154,-5.028059896155144,-0.7958621975017078,0.0,-1.4978381506157068,-1.2558335710649353,-2.476644085611099,-0.4668695745617363,-1.8377883046032708,0.0,-1.4809843220475034,0.0,0.0,0.0,1.0629938337787594,0,1
0.1111111111111111,0.0,-0.4668695745617363,0.1111111111111111,-0.2844958199592799,-0.043169723408355946,0.8736250210937907,-0.222430806752854,0.0,-0.278053093363775,0.6470861309345056,-0.1572353323627636,-0.4668695745617363,-0.4121194582348165,0.1111111111111111,-0.009800629153445282,0.1111111111111111,0.1111111111111111,0.1111111111111111,-0.9531238224996238,1,0
0.1111111111111111,0.0,-0.4668695745617363,0.1111111111111111,-0.2844958199592799,0.2324632635633931,0.711593066262855,0.5624443361818806,0.0,0.066276523690121,0.546835951604776,0.1722032154742507,-0.4668695745617363,0.03251748289939617,0.1111111111111111,0.0921213430019922,0.1111111111111111,0.1111111111111111,0.1111111111111111,-0.9531238224996238,1,0
0.1111111111111111,0.0,-0.4668695745617363,0.1111111111111111,-0.2844958199592799,0.14370318797513737,0.4432306595184482,2.314884223916934,0.0,0.24739437221879784,0.33588111491225797,0.1795287835743337,-0.4668695745617363,0.18867079311683255,0.1111111111111111,0.23098125874457032,0.1111111111111111,0.1111111111111111,0.1111111111111111,-0.2847917733012345,1,0
0.1111111111111111,0.0,-0.4668695745617363,0.1111111111111111,-0.2844958199592799,0.04027036021255999,0.7792829607184433,1.5769583967038283,0.0,-0.024461393026417897,-0.005502675510889944,0.10848346083980917,-0.4668695745617363,0.7689951840530072,0.1111111111111111,-0.024462792278651634,0.1111111111111111,0.1111111111111111,0.1111111111111111,-0.7891132362483021,1,0
0.0,0.027777777777777776,-0.1916190102524236,0.0,-0.2572030669556937,-2.4349041406302154,-5.028059896155144,0.02609689719025,0.125,-1.4978381506157068,-1.2558335710649353,-2.476644085611099,-0.1916190102524235,-1.8377883046032708,0.0,-1.4809843220475034,0.2222222222222222,0.0,0.0,0.9662521913648202,0,1
0.0,0.0,-0.4668695745617363,0.0,-0.2844958199592799,1.2025084876210335,1.8459052636914013,0.2538723316408949,0.0,0.6362480173940595,0.49672552763116873,0.7646926135743174,-0.4668695745617363,0.7375583099079474,0.0,0.6675263227636592,0.0,0.0,0.0,1.8373853869087895,1,0
0.0,0.0,-0.4668695745617363,0.0,-0.2844958199592799,-0.23230994787292963,-0.9015879404031287,1.0850063694144667,0.0,-0.22139741587053635,-1.2558335710649353,-0.21377332503343166,-0.4668695745617363,-0.3332952455651344,0.0,-0.22887460301959633,0.0,0.0,0.0,-0.9531238224996238,1,0
0.0,0.0,-0.4668695745617363,0.0,-0.2844958199592799,-0.5729083411369763,-0.5232001018153101,-0.6416298188340922,0.0,-0.14959731612145427,0.12766757480169946,-0.39371011069353196,-0.4668695745617363,-0.2486671474714884,0.0,0.010861835359376126,0.0,0.0,0.0,0.3871513198050401,1,0
0.1111111111111111,0.1111111111111111,0.6341326826755145,0.1111111111111111,-0.0661545757179635,-0.06208652614907963,-0.03866711379239824,1.0850063694144667,0.25,0.09302658345236761,0.05633625223715458,-0.038891540158578077,0.6341326826755145,0.19421794044129942,0.1111111111111111,0.07955596859360854,0.1111111111111111,0.3333333333333333,0.3333333333333333,0.0869332819236188,0,1
0.1111111111111111,0.2222222222222222,1.7351349399127654,0.3333333333333333,0.1857773707858456,0.3348530150164412,0.45903397363275916,0.5624443361818806,0.25,0.4241497408825051,-1.2558335710649353,-2.476644085611099,1.7351349399127651,0.32848391785588393,0.3333333333333333,0.3057862080103784,0.3333333333333333,0.3333333333333333,0.1111111111111111,0.0021753538983214,0,1
0.3333333333333333,0.16666666666666666,1.18463381129414,0.1111111111111111,0.132336652495905,-0.005839429151027558,0.3704970739766773,-0.222430806752854,0.25,0.4241497408825051,0.27295236848406923,0.39765349836135255,1.18463381129414,-1.8377883046032708,0.1111111111111111,-1.4809843220475034,0.1111111111111111,0.3333333333333333,0.3333333333333333,-0.1828566844305228,0,1
0.1111111111111111,0.0,-0.4668695745617363,0.1111111111111111,-0.2844958199592799,0.36400698231355433,0.5438455817574468,0.8376265013727084,0.0,0.32838949388922595,0.27295236848406923,0.17100278394743545,-0.4668695745617363,0.30973936628971593,0.1111111111111111,0.19865366409457927,0.1111111111111111,0.1111111111111111,0.1111111111111111,0.0869332819236188,1,0
0.1111111111111111,0.1111111111111111,0.6341326826755145,0.1111111111111111,-0.0066075049891565,0.30420801898878946,0.27220164386391876,0.02609689719025,0.25,0.3236529324331165,0.1812882605018963,0.16869886832993028,0.6341326826755145,0.08075431047294637,0.1111111111111111,-1.4809843220475034,0.3333333333333333,0.3333333333333333,0.1111111111111111,-0.1828566844305228,0,1
0.0,0.0,-0.4668695745617363,0.0,-0.2844958199592799,0.3998435201298191,0.023883278332515738,0.6575761498836257,0.0,-1.4978381506157068,-1.2558335710649353,-2.476644085611099,-0.4668695745617363,0.23270993283522226,0.0,0.10907339582883313,0.0,0.0,0.0,1.0152348983243975,1,0
0.1111111111111111,0.05555555555555555,0.083631554056889,0.1111111111111111,-0.1753251978386217,0.43294696797123206,0.7241954578058545,-1.130080895470915,0.25,0.3662056136683476,-1.0586437752988482,0.4234333219519439,0.0836315540568891,0.3103921856477208,0.1111111111111111,0.46341517645066976,0.1111111111111111,0.3333333333333333,0.1111111111111111,0.0869332819236188,0,1
0.1111111111111111,0.0,-0.4668695745617363,0.1111111111111111,-0.2844958199592799,0.36336561843166226,0.7144227737833012,-0.222430806752854,0.0,0.4740137547625252,0.23358099068921864,0.3378892156293813,-0.4668695745617363,0.3099404139227915,0.1111111111111111,0.3060377416570077,0.1111111111111111,0.1111111111111111,0.1111111111111111,0.1673597344439074,1,0
0.3333333333333333,0.19444444444444442,1.4598843756034523,0.3333333333333333,1.498577642135315,-0.2131146983687719,-0.402320433799515,1.2366750160392723,0.25,0.018591671476249207,0.016913033023074397,-0.22882628365535493,1.4598843756034523,-0.09634369408832952,0.3333333333333333,0.006539905894159156,0.2222222222222222,0.1111111111111111,0.1111111111111111,-1.3723900433022265,0,1
0.0,0.027777777777777776,-0.1916190102524236,0.0,-0.2526542937416511,-2.4349041406302154,-5.028059896155144,1.0850063694144667,0.125,-1.4978381506157068,-1.2558335710649353,-2.476644085611099,-0.1916190102524235,-1.8377883046032708,0.0,-1.4809843220475034,0.2222222222222222,0.0,0.0,0.7564222381735122,0,1
0.1111111111111111,0.0,-0.4668695745617363,0.1111111111111111,-0.2844958199592799,-0.06208652614907963,-0.5114592828193004,1.3089470244281944,0.0,-0.09654852506560477,-0.055789143861963854,-0.1074461255133846,-0.4668695745617363,-0.26533463618771924,0.1111111111111111,-0.1386932439311027,0.1111111111111111,0.1111111111111111,0.1111111111111111,-0.9531238224996238,1,0
0.1111111111111111,0.08333333333333333,0.3588821183662018,0.1111111111111111,-0.0760795837316874,-1.3632990487359211,0.43443849050689803,-0.7958621975017078,0.25,0.214438587242051,0.1812882605018963,0.2637189492662903,0.3588821183662018,0.18040838650574129,0.3333333333333333,0.45117298070474154,0.2222222222222222,0.1111111111111111,0.1111111111111111,-0.1828566844305228,0,1
0.0,0.0,-0.4668695745617363,0.0,-0.2844958199592799,0.3895548545190453,-0.1623571051540555,-0.7958621975017078,0.0,-1.4978381506157068,-1.2558335710649353,-0.06530254847913172,-0.4668695745617363,-1.8377883046032708,0.0,0.03060688014818684,0.0,0.0,0.0,1.0629938337787594,1,0
0.4444444444444444,0.4444444444444444,3.937139454387268,0.3333333333333333,0.9382116543671184,-2.4349041406302154,-1.3708374898582583,0.4636163081257023,0.375,-1.4978381506157068,0.05693515131531388,-2.476644085611099,3.937139454387266,-1.8377883046032708,0.3333333333333333,-1.4809843220475034,0.4444444444444444,0.4444444444444444,0.4444444444444444,-0.2847917733012345,0,1
0.0,0.0,-0.4668695745617363,0.0,-0.2844958199592799,0.45055438633744394,-0.26137352653786355,0.6575761498836257,0.0,-1.4978381506157068,-1.2558335710649353,-0.7937141918942113,-0.4668695745617363,-1.8377883046032708,0.0,-1.4809843220475034,0.0,0.0,0.0,0.6999923241170234,1,0
0.0,0.0,-0.4668695745617363,0.0,-0.2844958199592799,0.30420801898878946,0.9126904084197974,0.2538723316408949,0.0,-1.4978381506157068,0.5360373388483075,0.33109053001490035,-0.4668695745617363,0.6002798085416851,0.0,-1.4809843220475034,0.0,0.0,0.0,1.155113830650042,1,0
0.1111111111111111,0.0,-0.4668695745617363,0.1111111111111111,-0.2844958199592799,-0.06919490848682809,-0.001219853835365164,0.1423961078279921,0.0,-0.020363180020070946,-0.09383566025207715,0.45971192070069744,-0.4668695745617363,-0.15410544507910598,0.1111111111111111,-0.11464518712119652,0.1111111111111111,0.1111111111111111,0.1111111111111111,-0.9531238224996238,1,0
0.3333333333333333,0.3333333333333333,2.8361371971500167,0.3333333333333333,0.4209139661584085,0.25571528866671944,0.2467499735453131,1.4469588684499963,0.25,0.21228998779878952,0.22698051738498706,0.21961315785587668,2.836137197150016,0.1538601831392337,0.3333333333333333,-1.4809843220475034,0.3333333333333333,0.3333333333333333,0.3333333333333333,0.0021753538983214,0,1
0.0,0.0,-0.4668695745617363,0.0,-0.2844958199592799,-2.4349041406302154,-5.028059896155144,0.3608480215924758,0.0,-1.4978381506157068,-1.2558335710649353,-2.476644085611099,-0.4668695745617363,-1.8377883046032708,0.1111111111111111,-1.4809843220475034,0.1111111111111111,0.0,0.0,-2.102083711231995,0,1
0.3333333333333333,0.3333333333333333,2.8361371971500167,0.3333333333333333,-0.055236449094993,-2.4349041406302154,-0.06039766094675669,0.5624443361818806,0.25,0.31492470755012675,-1.2558335710649353,0.3026242443531959,2.836137197150016,-1.8377883046032708,0.3333333333333333,0.06684590165054824,0.3333333333333333,0.3333333333333333,0.3333333333333333,1.486110633212629,0,1
0.1111111111111111,0.25,2.010385504222078,0.3333333333333333,0.0976019639631105,0.36315154591040283,0.5157829056445609,-1.130080895470915,0.375,0.47199312515539443,0.27309587429798743,-1.8846626467418335,2.0103855042220777,0.30953815817158364,0.3333333333333333,-0.9779561629179789,0.4444444444444444,0.3333333333333333,0.1111111111111111,0.3871513198050401,0,1
0.0,0.1111111111111111,0.6341326826755145,0.0,-0.2165670986119306,-2.4349041406302154,-5.028059896155144,0.9229385817157996,0.25,-1.4978381506157068,-1.2558335710649353,-2.476644085611099,0.6341326826755145,-1.8377883046032708,0.3333333333333333,-1.4809843220475034,0.3333333333333333,0.0,0.0,1.668921836399024,0,1
0.1111111111111111,0.08333333333333333,0.3588821183662018,0.1111111111111111,0.4796785209384036,-2.4349041406302154,-0.3810966059981804,-1.31171478496986,0.25,0.0,0.028627766357029766,0.0056385211519427774,0.3588821183662018,-0.0029380372141079303,0.3333333333333333,-0.021247724963580926,0.2222222222222222,0.1111111111111111,0.1111111111111111,-1.3723900433022265,1,0
0.1111111111111111,0.0,-0.4668695745617363,0.1111111111111111,-0.2844958199592799,-0.19047778834714044,-0.7901690772058958,1.3790049371340838,0.0,-0.2773414272638226,-0.23146499342530566,-0.12384542807743885,-0.4668695745617363,-0.27080908240809903,0.1111111111111111,-0.3633075946028502,0.1111111111111111,0.1111111111111111,0.1111111111111111,-2.102083711231995,1,0
0.0,0.027777777777777776,-0.1916190102524236,0.0,-0.2208130328678629,-2.4349041406302154,-0.9507388422563658,1.6996876816479582,0.125,-0.09654852506560477,-1.2558335710649353,-2.476644085611099,-0.1916190102524235,-0.5010189380442357,0.0,0.10670298601867687,0.2222222222222222,0.0,0.0,-0.0875094222424097,1,0
0.3333333333333333,0.05555555555555555,0.083631554056889,0.1111111111111111,-0.0661561352760001,-0.0819722428977582,-0.24834705057621564,0.2538723316408949,0.25,0.018591671476249207,0.03126839304430128,0.16869886832993028,0.0836315540568891,-1.8377883046032708,0.1111111111111111,0.006539905894159156,0.1111111111111111,0.1111111111111111,0.1111111111111111,-0.6440902286753902,1,0
0.3333333333333333,0.05555555555555555,0.083631554056889,0.1111111111111111,-0.2080762207197047,0.3734251912084697,0.5226091441601467,-0.6416298188340922,0.25,0.3236529324331165,0.2748800826993697,0.33742708388807957,0.0836315540568891,-1.8377883046032708,0.1111111111111111,0.30803922647500964,0.0,0.1111111111111111,0.1111111111111111,0.5191192900072952,1,0
0.1111111111111111,0.05555555555555555,0.083631554056889,0.1111111111111111,-0.1889714403146885,0.3467885169152568,0.6602738729898877,-0.6416298188340922,0.25,0.3629923364445079,0.232909330105537,0.46800254638615246,0.0836315540568891,0.2682383588659233,0.1111111111111111,0.3057862080103784,0.1111111111111111,0.3333333333333333,0.1111111111111111,0.2439439807007004,1,0
0.0,0.05555555555555555,0.083631554056889,0.0,-0.0934482547099171,-1.112886433874374,0.7238800573268599,-0.7958621975017078,0.25,0.42966430123782484,0.26670765957627485,0.5211941589504376,0.0836315540568891,0.22557983063314627,0.3333333333333333,0.45641384533953855,0.0,0.0,0.0,-0.5135592262370264,0,1
0.1111111111111111,0.0,-0.4668695745617363,0.1111111111111111,-0.2844958199592799,0.660030664784649,1.2026254242576417,2.177710748592142,0.0,0.4786003622367501,0.3265161054322891,0.7274890168735264,-0.4668695745617363,0.6104107014165182,0.1111111111111111,0.41769963712290153,0.1111111111111111,0.1111111111111111,0.1111111111111111,1.5239621819167464,1,0
0.0,0.0,-0.4668695745617363,0.0,-0.2844958199592799,-0.5660967913891942,-0.4280441096177104,0.3608480215924758,0.0,-1.4978381506157068,-0.2952291583938945,0.3402557360423794,-0.4668695745617363,-0.37301201909082315,0.0,-0.2619287655770087,0.0,0.0,0.0,1.3273719327921307,1,0
0.0,0.0,-0.4668695745617363,0.0,-0.2844958199592799,-2.4349041406302154,-1.8012328682280123,-0.4950413083649336,0.0,-1.4978381506157068,-1.2558335710649353,-0.27604912372276585,-0.4668695745617363,-1.8377883046032708,0.0,-1.4809843220475034,0.0,0.0,0.0,-2.102083711231995,1,0
0.0,0.027777777777777776,-0.1916190102524236,0.0,-0.17532597761764,-2.4349041406302154,-2.0927409781117787,-0.4950413083649336,0.125,-1.4978381506157068,-1.2558335710649353,-2.476644085611099,-0.1916190102524235,-1.8377883046032708,0.0,-0.17687068600338346,0.2222222222222222,0.0,0.0,-0.6440902286753902,0,1
0.0,0.027777777777777776,-0.1916190102524236,0.0,-0.265390872387256,-2.4349041406302154,-5.028059896155144,0.6575761498836257,0.125,-1.4978381506157068,-1.2558335710649353,-2.476644085611099,-0.1916190102524235,-1.8377883046032708,0.0,-1.4809843220475034,0.2222222222222222,0.0,0.0,1.486110633212629,0,1
0.1111111111111111,0.1111111111111111,0.6341326826755145,0.1111111111111111,1.2438273906316173,-0.08282810616588625,-0.13844010994670872,-1.504321540361816,0.25,-1.4978381506157068,-1.2558335710649353,0.3026242443531959,0.6341326826755145,0.10076700106530087,0.1111111111111111,0.05331580804312823,0.1111111111111111,0.3333333333333333,0.3333333333333333,-1.666848273078999,1,0
0.1111111111111111,0.0,-0.4668695745617363,0.0,-0.2844958199592799,-2.4349041406302154,-1.1777928667376498,-1.7090442746462755,0.0,-1.4978381506157068,-1.2558335710649353,-0.1940527750620471,-0.4668695745617363,-0.4659536841973853,0.0,-0.08373528687271306,0.0,0.0,0.1111111111111111,-0.9531238224996238,0,1
0.0,0.0,-0.4668695745617363,0.0,-0.2844958199592799,-2.4349041406302154,-0.6407573755460482,-0.95842191396722,0.0,0.15064760227911717,-0.09135989841847457,-0.028731110584263763,-0.4668695745617363,-1.8377883046032708,0.0,-1.4809843220475034,0.0,0.0,0.0,0.0869332819236188,1,0
0.1111111111111111,0.1111111111111111,0.6341326826755145,0.1111111111111111,0.7344033012376314,0.0096341289758159,0.04081710084951129,-1.504321540361816,0.25,0.066276523690121,0.2461372458968274,-0.019651690928768447,0.6341326826755145,0.19667093960107287,0.1111111111111111,-1.4809843220475034,0.1111111111111111,0.3333333333333333,0.3333333333333333,-1.3723900433022265,0,1
0.1111111111111111,0.0,-0.4668695745617363,0.1111111111111111,-0.2844958199592799,-0.08282810616588625,-0.49148832941334936,-0.4950413083649336,0.0,-0.22693802280839556,-0.14001564323410587,-0.1074461255133846,-0.4668695745617363,0.005775291400744047,0.1111111111111111,-0.17687068600338346,0.0,0.1111111111111111,0.1111111111111111,-0.6440902286753902,1,0
0.1111111111111111,0.16666666666666666,1.18463381129414,0.3333333333333333,-0.1669269193601973,0.30420801898878946,0.487459671867676,-1.130080895470915,0.25,0.3033943049726788,0.19839003656626086,0.16869886832993028,1.18463381129414,0.3091352594538665,0.3333333333333333,0.26416456912840275,0.3333333333333333,0.1111111111111111,0.1111111111111111,1.4475584443037126,0,1
0.1111111111111111,0.0,-0.4668695745617363,0.1111111111111111,-0.2844958199592799,0.5074624299325249,0.7010551015282895,1.0053451065944692,0.0,0.08033651992370812,-1.2558335710649353,0.5761687351037486,-0.4668695745617363,0.5221458312047668,0.1111111111111111,0.05331580804312823,0.1111111111111111,0.1111111111111111,0.1111111111111111,0.5814972662319737,1,0
0.1111111111111111,0.0,-0.4668695745617363,0.1111111111111111,-0.2844958199592799,0.08136281572751122,0.11967827393080173,1.2366750160392723,0.0,0.1631431493008054,0.13361543138497342,0.08804880821545209,-0.4668695745617363,0.1134598899578306,0.1111111111111111,0.16042040378299907,0.1111111111111111,0.1111111111111111,0.1111111111111111,-0.6440902286753902,1,0
0.1111111111111111,0.08333333333333333,0.3588821183662018,0.3333333333333333,-0.1753249379098068,-0.4357030916305518,-2.0927409781117787,-1.130080895470915,0.25,-1.4978381506157068,-1.2558335710649353,-2.476644085611099,0.3588821183662018,-1.8377883046032708,0.0,-1.4809843220475034,0.2222222222222222,0.0,0.1111111111111111,0.5814972662319737,0,1
0.3333333333333333,0.2222222222222222,1.7351349399127654,0.3333333333333333,2.7721506012225148,-2.4349041406302154,-0.44431907057553993,-1.9271995283231864,0.25,-0.020363180020070946,-0.015781955055106312,0.05090380957037403,1.7351349399127651,-0.09634369408832952,0.3333333333333333,-0.031672403407900916,0.3333333333333333,0.1111111111111111,0.1111111111111111,-1.666848273078999,0,1
0.1111111111111111,0.0,-0.4668695745617363,0.1111111111111111,-0.2844958199592799,0.2159720611693672,0.5304105480278947,-0.3554890506588386,0.0,0.2603700582259767,0.35275609204122216,0.2637189492662903,-0.4668695745617363,0.22649094658022392,0.1111111111111111,0.2426354096288557,0.1111111111111111,0.1111111111111111,0.1111111111111111,-0.2847917733012345,1,0
0.0,0.0,-0.4668695745617363,0.0,-0.2844958199592799,-0.5729083411369763,-1.1957637383854534,0.4636163081257023,0.0,-0.25962352200296185,-0.21659427311646556,-0.5636925919375713,-0.4668695745617363,-0.37835093031791756,0.0,-0.2663720580178166,0.0,0.0,0.0,0.3871513198050401,0,1
0.1111111111111111,0.1388888888888889,0.9093832469848272,0.3333333333333333,-0.093446821860342,0.35693521657921984,0.48679623291950613,1.5769583967038283,0.25,0.35509233762685,0.17520533721866213,-2.476644085611099,0.9093832469848272,0.35924920509891195,0.3333333333333333,0.2712064830174694,0.2222222222222222,0.1111111111111111,0.1111111111111111,0.5191192900072952,0,1
0.4444444444444444,0.5277777777777778,4.762891147315205,0.4444444444444444,0.9254771347776436,0.32895319016094393,0.6247507697233096,-1.31171478496986,0.5,0.30582503807381917,0.2799907094430656,0.36284943562907873,4.762891147315205,0.33315489072787546,0.4444444444444444,0.2882981420238792,0.3333333333333333,0.5555555555555556,0.5555555555555556,-0.0875094222424097,0,1
0.0,0.0,-0.4668695745617363,0.0,-0.2844958199592799,0.4176473974166618,-0.11718890891604564,0.3608480215924758,0.0,-1.4978381506157068,-1.2558335710649353,-0.2803068003213725,-0.4668695745617363,0.09268997915793745,0.0,-1.4809843220475034,0.0,0.0,0.0,0.5191192900072952,1,0
0.5555555555555556,0.6666666666666666,6.139143968861769,0.5555555555555556,0.9382157300315282,0.45533257435354596,0.9065933880855237,0.02609689719025,0.625,0.4241497408825051,0.27295236848406923,0.4926873395741765,6.139143968861768,0.42758709717101306,0.4444444444444444,0.45117298070474154,0.4444444444444444,0.6666666666666666,0.6666666666666666,0.1673597344439074,0,1
0.1111111111111111,0.08333333333333333,0.3588821183662018,0.1111111111111111,0.1740148978517919,-2.4349041406302154,-0.6997560252793735,0.6575761498836257,0.25,-0.020363180020070946,-0.1165413978294205,-0.0657499299039619,0.3588821183662018,-0.22493634798497716,0.3333333333333333,-0.17687068600338346,0.2222222222222222,0.1111111111111111,0.1111111111111111,-0.9531238224996238,0,1
0.1111111111111111,0.05555555555555555,0.083631554056889,0.1111111111111111,0.2249537406391757,-0.0926168696506475,-0.0631343662792039,1.2366750160392723,0.25,-1.4978381506157068,0.10854127650719715,-0.08297964862498919,0.0836315540568891,0.2825833239152785,0.1111111111111111,0.05331580804312823,0.1111111111111111,0.1111111111111111,0.3333333333333333,-1.3723900433022265,1,0
0.1111111111111111,0.0,-0.4668695745617363,0.1111111111111111,-0.2844958199592799,0.5320629547956942,0.950922618062173,-0.222430806752854,0.0,0.3955971410661783,0.35275609204122216,0.5315972218020605,-0.4668695745617363,0.44872801915153265,0.1111111111111111,0.3936085075620369,0.1111111111111111,0.1111111111111111,0.1111111111111111,1.285678693674575,1,0
0.0,0.0,-0.4668695745617363,0.1111111111111111,-0.2844958199592799,-0.2131146983687719,-1.6378921616938666,-1.130080895470915,0.0,-1.4978381506157068,-1.2558335710649353,-2.476644085611099,-0.4668695745617363,-1.8377883046032708,0.1111111111111111,-1.4809843220475034,0.1111111111111111,0.0,0.0,-0.9531238224996238,1,0
0.0,0.027777777777777776,-0.1916190102524236,0.0,-0.20807660281388,-2.4349041406302154,-5.028059896155144,0.9229385817157996,0.125,-1.4978381506157068,-1.2558335710649353,-2.476644085611099,-0.1916190102524235,-1.8377883046032708,0.0,-1.4809843220475034,0.2222222222222222,0.0,0.0,-0.2847917733012345,0,1
0.3333333333333333,0.16666666666666666,1.18463381129414,0.1111111111111111,0.3705232340905594,0.0096341289758159,0.08112751748607913,-1.504321540361816,0.25,-1.4978381506157068,-1.2558335710649353,0.33742708388807957,1.18463381129414,0.06532490766478248,0.1111111111111111,0.2882981420238792,0.1111111111111111,0.3333333333333333,0.3333333333333333,-0.6440902286753902,0,1
0.0,0.05555555555555555,0.083631554056889,0.0,-0.2462859248152321,-1.3203566303377625,0.948719779427197,0.5624443361818806,0.25,0.6065028672136528,0.41445291328806366,0.35767059194377515,0.0836315540568891,0.4532641354333503,0.3333333333333333,0.3480085176122906,0.0,0.0,0.0,1.486110633212629,0,1
0.0,0.0,-0.4668695745617363,0.0,-0.2844958199592799,-0.5828964244887175,-1.2163208703955142,0.4636163081257023,0.0,-0.26626552996092573,-0.2221689412940948,-0.5739540108794664,-0.4668695745617363,-0.38617961722740235,0.0,-0.2728874586092021,0.0,0.0,0.0,0.2439439807007004,0,1
0.3333333333333333,0.1111111111111111,0.6341326826755145,0.1111111111111111,1.2438273906316173,-0.0574994220439325,-0.27006362658371985,0.4636163081257023,0.25,-1.4978381506157068,-0.04492081912399398,0.25670861931193345,0.6341326826755145,-0.16877390843147166,0.1111111111111111,-0.07843085670165796,0.1111111111111111,0.1111111111111111,0.3333333333333333,-1.666848273078999,0,1
0.0,0.0,-0.4668695745617363,0.0,-0.2844958199592799,-0.7648988974320066,-1.233239016889461,-1.9271995283231864,0.0,-1.4978381506157068,-1.2558335710649353,-0.02495062278230895,-0.4668695745617363,-1.8377883046032708,0.0,-1.4809843220475034,0.0,0.0,0.0,-1.666848273078999,1,0
0.1111111111111111,0.0,-0.4668695745617363,0.1111111111111111,-0.2844958199592799,0.5494421237049821,0.5831621484635054,0.3608480215924758,0.0,0.13010168860569205,0.11121230626217653,0.17023659578816655,-0.4668695745617363,-0.08963485714009167,0.0,0.45152926668025395,0.0,0.1111111111111111,0.1111111111111111,0.5191192900072952,1,0
0.1111111111111111,0.0,-0.4668695745617363,0.1111111111111111,-0.2844958199592799,-0.061284054283687765,-0.158052481720776,-0.4950413083649336,0.0,0.05153219759664451,0.03126839304430128,0.0,-0.4668695745617363,0.1022602043091449,0.1111111111111111,-0.011697378387615939,0.1111111111111111,0.1111111111111111,0.1111111111111111,-0.9531238224996238,1,0
0.0,0.027777777777777776,-0.1916190102524236,0.0,-0.2572030669556937,-2.4349041406302154,-5.028059896155144,0.8376265013727084,0.125,-1.4978381506157068,-1.2558335710649353,-2.476644085611099,-0.1916190102524235,-1.8377883046032708,0.0,-1.4809843220475034,0.2222222222222222,0.0,0.0,0.9662521913648202,0,1
0.1111111111111111,0.05555555555555555,0.083631554056889,0.1111111111111111,0.0211779919147679,-0.10500025033056164,-0.30154125422486494,0.6575761498836257,0.25,0.20719101239677884,0.0013089566649129294,-0.09254993777625764,0.0836315540568891,-0.14939970561179475,0.1111111111111111,-1.4809843220475034,0.1111111111111111,0.3333333333333333,0.1111111111111111,-0.9531238224996238,1,0
0.3333333333333333,0.3611111111111111,3.111387761459329,0.4444444444444444,1.7023839572220312,0.08136281572751122,-0.15833389603012424,-0.7958621975017078,0.375,0.22823604885022128,0.07938660091459916,-2.476644085611099,3.1113877614593286,-1.8377883046032708,0.4444444444444444,0.11363053313180634,0.2222222222222222,0.3333333333333333,0.3333333333333333,-0.9531238224996238,0,1
0.0,0.027777777777777776,-0.1916190102524236,0.0,-0.2420405106345698,-2.4349041406302154,-5.028059896155144,0.4636163081257023,0.125,-1.4978381506157068,-1.2558335710649353,-2.476644085611099,-0.1916190102524235,-1.8377883046032708,0.0,-1.4809843220475034,0.2222222222222222,0.0,0.0,0.3871513198050401,0,1
0.1111111111111111,0.16666666666666666,1.18463381129414,0.3333333333333333,-0.1753246779797541,0.34179283691229695,0.09167747521833144,-1.31171478496986,0.25,0.11589768959023583,0.12774819006790825,-2.476644085611099,1.18463381129414,0.07824744290209906,0.3333333333333333,0.11141732005898379,0.3333333333333333,0.1111111111111111,0.1111111111111111,1.561142456786503,0,1
0.0,0.1111111111111111,0.6341326826755145,0.0,-0.0493592245867171,-1.5862085507944117,-1.8602039288275516,-0.0953809513297535,0.25,-1.4978381506157068,-1.2558335710649353,-0.31175358898650224,0.6341326826755145,-1.8377883046032708,0.3333333333333333,-1.4809843220475034,0.3333333333333333,0.0,0.0,0.0021753538983214,0,1
0.1111111111111111,0.0,-0.4668695745617363,0.1111111111111111,-0.2844958199592799,-0.09461089181504942,-0.3731638629568178,1.8157962335875484,0.0,-0.020363180020070946,-0.04282395079970484,-0.060200737786788555,-0.4668695745617363,-0.10662293519913023,0.1111111111111111,-0.02608899450096146,0.1111111111111111,0.1111111111111111,0.1111111111111111,-0.7891132362483021,1,0
0.0,0.027777777777777776,-0.1916190102524236,0.0,-0.2420405106345698,-2.4349041406302154,-0.8480100357389969,1.2366750160392723,0.125,-1.4978381506157068,-1.2558335710649353,0.20137737837090833,-0.1916190102524235,-1.8377883046032708,0.0,-1.4809843220475034,0.2222222222222222,0.0,0.0,0.3871513198050401,1,0
0.0,0.027777777777777776,-0.1916190102524236,0.0,-0.2551036324917042,-2.4349041406302154,-5.028059896155144,-0.95842191396722,0.125,-1.4978381506157068,-1.2558335710649353,-2.476644085611099,-0.1916190102524235,-1.8377883046032708,0.0,-1.4809843220475034,0.2222222222222222,0.0,0.0,0.8643003776574393,0,1
0.1111111111111111,0.1388888888888889,0.9093832469848272,0.3333333333333333,0.6707300661132101,0.08136281572751122,-0.4552487516460558,-1.504321540361816,0.25,-0.020363180020070946,-0.015781955055106312,-2.476644085611099,0.9093832469848272,-0.22493634798497716,0.3333333333333333,-0.053751546627400455,0.2222222222222222,0.1111111111111111,0.1111111111111111,-1.1433092459291831,0,1
0.0,0.0,-0.4668695745617363,0.0,-0.2844958199592799,-0.022095309346311764,0.7406278285626579,-0.95842191396722,0.0,-0.02975293223915765,-0.15690802732181308,0.3595912959155551,-0.4668695745617363,0.7433763626676516,0.0,-1.4809843220475034,0.0,0.0,0.0,0.3871513198050401,1,0
0.3333333333333333,0.3333333333333333,2.8361371971500167,0.3333333333333333,0.3268599550361241,0.4123958978726874,0.6805328711065662,0.2538723316408949,0.25,0.3320388515893662,0.2799907094430656,0.35038271872316956,2.836137197150016,0.32381986885411657,0.3333333333333333,0.32577647222926504,0.3333333333333333,0.3333333333333333,0.3333333333333333,0.1673597344439074,0,1
0.1111111111111111,0.0,-0.4668695745617363,0.1111111111111111,-0.2844958199592799,-0.12317937477455922,-0.4841950599803084,0.8376265013727084,0.0,-0.09502857932352267,-0.0741781924091074,-0.10567322902293409,-0.4668695745617363,-0.18939766386057297,0.1111111111111111,-0.032722876490078684,0.1111111111111111,0.1111111111111111,0.1111111111111111,-1.666848273078999,0,1
0.3333333333333333,0.25,2.010385504222078,0.3333333333333333,2.0080272027337704,-0.03420494965608872,-0.3060119961713659,-1.9271995283231864,0.25,-1.4978381506157068,-0.010481671689235427,-2.476644085611099,2.0103855042220777,0.2231103298502092,0.3333333333333333,0.004785890356522094,0.2222222222222222,0.1111111111111111,0.3333333333333333,-1.3723900433022265,0,1
0.0,0.1388888888888889,0.9093832469848272,0.0,0.0094249242564235,-2.4349041406302154,0.44317394259933685,0.5624443361818806,0.375,0.3308017359199472,0.14020155007693494,0.5746255996406899,0.9093832469848272,0.1330536278021515,0.3333333333333333,0.20136232030227635,0.4444444444444444,0.1111111111111111,0.0,0.0021753538983214,0,1
0.1111111111111111,0.05555555555555555,0.083631554056889,0.1111111111111111,-0.1826031907933792,0.27033223006329665,0.6624561983528002,-0.4950413083649336,0.25,0.49224552210794104,0.2089482041426418,0.3026242443531959,0.0836315540568891,0.2529015249281053,0.1111111111111111,0.3057862080103784,0.1111111111111111,0.3333333333333333,0.1111111111111111,0.1673597344439074,0,1
0.1111111111111111,0.0,-0.4668695745617363,0.1111111111111111,-0.2844958199592799,0.021931732114335037,-0.24001527869306294,1.1620705813604253,0.0,-0.020363180020070946,-0.015781955055106312,0.0,-0.4668695745617363,-0.006262768286539617,0.1111111111111111,-0.031672403407900916,0.1111111111111111,0.1111111111111111,0.1111111111111111,-0.9531238224996238,1,0
0.5555555555555556,0.5277777777777778,4.762891147315205,0.3333333333333333,2.619405392844175,-2.4349041406302154,-5.028059896155144,-0.6416298188340922,0.5,-1.4978381506157068,-1.2558335710649353,-2.476644085611099,4.762891147315205,-1.8377883046032708,0.3333333333333333,-1.4809843220475034,0.4444444444444444,0.5555555555555556,0.5555555555555556,-0.9531238224996238,0,1
0.0,0.08333333333333333,0.3588821183662018,0.0,-0.1316568762104289,-0.8503464935991912,1.4794994719578434,1.0053451065944692,0.25,-1.4978381506157068,0.7693253383585811,0.7175207168009958,0.3588821183662018,0.6070584963614388,0.3333333333333333,-1.0447610796921547,0.2222222222222222,0.1111111111111111,0.1111111111111111,0.1673597344439074,0,1
0.1111111111111111,0.1388888888888889,0.9093832469848272,0.3333333333333333,3.5361211852187697,-0.20706779262344316,-1.6255079082735364,1.0053451065944692,0.25,-1.4978381506157068,-1.2558335710649353,-2.476644085611099,0.9093832469848272,-1.8377883046032708,0.3333333333333333,-1.4809843220475034,0.2222222222222222,0.1111111111111111,0.1111111111111111,-2.102083711231995,0,1
0.3333333333333333,0.1111111111111111,0.6341326826755145,0.3333333333333333,0.3268518037888158,-0.2929268929199516,-1.036431064615869,-0.4950413083649336,0.25,-0.22139741587053635,-1.2558335710649353,-2.476644085611099,0.6341326826755145,-1.8377883046032708,0.0,0.02651810382968338,0.0,0.0,0.0,-0.9531238224996238,0,1
0.1111111111111111,0.0,-0.4668695745617363,0.1111111111111111,-0.2844958199592799,0.20739809469992543,0.4271570015958182,0.4636163081257023,0.0,0.066276523690121,0.43533071906682486,-0.303377027112511,-0.4668695745617363,0.005775291400744047,0.1111111111111111,0.19865366409457927,0.1111111111111111,0.1111111111111111,0.1111111111111111,-1.3723900433022265,1,0
0.3333333333333333,0.3055555555555555,2.560886632840704,0.3333333333333333,0.5561155686401189,0.46327250199540776,0.48352239361960164,0.1423961078279921,0.25,-1.4978381506157068,-1.2558335710649353,-2.476644085611099,2.5608866328407034,0.42758709717101306,0.3333333333333333,0.4195369149043385,0.2222222222222222,0.3333333333333333,0.3333333333333333,-0.2847917733012345,0,1
0.0,0.027777777777777776,-0.1916190102524236,0.0,-0.215023741216749,-0.4357030916305518,0.2357010026209398,-0.7958621975017078,0.125,0.214438587242051,0.10854127650719715,-0.49629238595325237,-0.1916190102524235,0.4323568792924019,0.0,0.19865366409457927,0.2222222222222222,0.1111111111111111,0.1111111111111111,-0.1828566844305228,1,0
0.1111111111111111,0.05555555555555555,0.083631554056889,0.1111111111111111,0.0211779919147679,-0.08282810616588625,-0.22428155840436637,1.6996876816479582,0.25,0.066276523690121,0.10854127650719715,-0.05844450172187581,0.0836315540568891,-0.09634369408832952,0.1111111111111111,-0.031672403407900916,0.3333333333333333,0.1111111111111111,0.1111111111111111,-0.9531238224996238,0,1
0.3333333333333333,0.2222222222222222,1.7351349399127654,0.3333333333333333,2.7721506012225148,0.1607225259841257,-0.3346827978395721,1.4469588684499963,0.25,0.066276523690121,0.016913033023074397,-0.1074461255133846,1.7351349399127651,-1.8377883046032708,0.1111111111111111,-1.4809843220475034,0.1111111111111111,0.3333333333333333,0.3333333333333333,-1.666848273078999,0,1
0.3333333333333333,0.05555555555555555,0.083631554056889,0.1111111111111111,-0.1669275222729985,0.01267330515405439,-0.271731898281311,0.3608480215924758,0.25,-0.020363180020070946,-1.2558335710649353,0.3307536368157761,0.0836315540568891,-1.8377883046032708,0.1111111111111111,-1.4809843220475034,0.1111111111111111,0.1111111111111111,0.1111111111111111,0.0021753538983214,1,0
0.0,0.027777777777777776,-0.1916190102524236,0.0,0.0975849826884444,-2.4349041406302154,-5.028059896155144,-0.7958621975017078,0.125,-1.4978381506157068,-1.2558335710649353,-2.476644085611099,-0.1916190102524235,-1.8377883046032708,0.0,-1.4809843220475034,0.2222222222222222,0.0,0.0,-1.666848273078999,0,1
0.0,0.1111111111111111,0.6341326826755145,0.0,-0.1316566214801296,-2.4349041406302154,-0.14980413328403547,1.8715489758828685,0.25,-0.2773414272638226,-0.015781955055106312,-2.476644085611099,0.6341326826755145,0.4344857140621355,0.0,-1.4809843220475034,0.0,0.3333333333333333,0.3333333333333333,0.5191192900072952,1,0
0.1111111111111111,0.05555555555555555,0.083631554056889,0.1111111111111111,-0.2462859248152321,0.5270853668270672,1.0727785288941238,-0.3554890506588386,0.25,-0.5923513323386387,0.2759421561366649,0.795545529464054,0.0836315540568891,0.6603648913759984,0.1111111111111111,0.3103093611694005,0.1111111111111111,0.1111111111111111,0.3333333333333333,1.486110633212629,0,1
0.1111111111111111,0.08333333333333333,0.3588821183662018,0.1111111111111111,0.861746587983893,-2.0816009388130823,0.2348917558809188,1.3089470244281944,0.25,0.12776328546361485,-0.015423691688263465,0.03791418142094069,0.3588821183662018,0.5148314913968784,0.3333333333333333,-0.1064055331039316,0.2222222222222222,0.1111111111111111,0.1111111111111111,-1.666848273078999,0,1
0.1111111111111111,0.1388888888888889,0.9093832469848272,0.3333333333333333,0.1931230931641269,0.09397087625544337,0.004747109458457148,-0.6416298188340922,0.25,0.13073502213574434,0.12564033518978174,-2.476644085611099,0.9093832469848272,0.1022602043091449,0.3333333333333333,0.19865366409457927,0.2222222222222222,0.1111111111111111,0.1111111111111111,-0.5135592262370264,0,1
0.3333333333333333,0.4444444444444444,3.937139454387268,0.4444444444444444,5.828797022404309,-2.4349041406302154,-5.028059896155144,-1.504321540361816,0.625,-1.4978381506157068,-1.2558335710649353,-2.476644085611099,3.937139454387266,-1.8377883046032708,0.5555555555555556,-1.4809843220475034,0.6666666666666666,0.0,0.3333333333333333,-1.666848273078999,0,1
0.1111111111111111,0.05555555555555555,0.083631554056889,0.3333333333333333,-0.248951725253653,0.30491459967153045,0.9067482597857456,-0.4950413083649336,0.25,0.620087484288594,0.27295236848406923,-2.476644085611099,0.0836315540568891,0.07824744290209906,0.0,0.5362240682264986,0.0,0.1111111111111111,0.1111111111111111,1.5976789290256574,1,0
0.0,0.0,-0.4668695745617363,0.0,-0.2844958199592799,0.13587612997095738,0.8889998801157007,1.6996876816479582,0.0,-0.7930054228328264,0.13228442066958604,0.5811663165587653,-0.4668695745617363,0.7609486921091106,0.0,-0.9273654190816489,0.0,0.1111111111111111,0.1111111111111111,1.8373853869087895,1,0
0.0,0.05555555555555555,0.083631554056889,0.3333333333333333,-0.2117152319262978,0.8055934999075154,0.8767110197269392,-1.31171478496986,0.25,0.07479556282933351,0.3565579731828387,-2.476644085611099,0.0836315540568891,0.47435100730084245,0.0,0.112579533758308,0.0,0.0,0.0,0.5814972662319737,1,0
0.0,0.08333333333333333,0.3588821183662018,0.3333333333333333,0.0020755279147641,0.24173255425619858,0.22538380967230054,0.1423961078279921,0.25,-1.4978381506157068,0.3493650072827895,-2.476644085611099,0.3588821183662018,0.31004087763739585,0.0,-1.4809843220475034,0.2222222222222222,0.0,0.0,-0.5135592262370264,1,0
0.1111111111111111,0.0,-0.4668695745617363,0.1111111111111111,-0.2844958199592799,0.1991246497051848,0.41041513210684943,0.6575761498836257,0.0,0.1754623776158648,0.1556123075256298,0.37486279801674366,-0.4668695745617363,0.13446858275768922,0.1111111111111111,0.32192791380229946,0.1111111111111111,0.1111111111111111,0.1111111111111111,0.1673597344439074,1,0
0.3333333333333333,0.05555555555555555,0.083631554056889,0.1111111111111111,0.0211779919147679,0.0096341289758159,-0.13632665295051544,0.3608480215924758,0.25,0.010054481087972354,-0.004489559629042367,0.3026242443531959,0.0836315540568891,-1.8377883046032708,0.1111111111111111,-0.031672403407900916,0.1111111111111111,0.1111111111111111,0.1111111111111111,-0.9531238224996238,1,0
0.3333333333333333,0.05555555555555555,0.083631554056889,0.1111111111111111,0.097594534469716,0.004286319022765226,-0.1329997304374345,-1.31171478496986,0.25,0.05153219759664451,-1.2558335710649353,0.20017849783525957,0.0836315540568891,-1.8377883046032708,0.1111111111111111,0.20553002657306216,0.1111111111111111,0.1111111111111111,0.1111111111111111,-1.1433092459291831,1,0
0.0,0.0,-0.4668695745617363,0.0,-0.2844958199592799,0.18630116344591463,1.6193879185165885,2.030369648628645,0.0,0.5023636694844008,0.694851696073546,1.186415312349923,-0.4668695745617363,-0.1268206354590579,0.0,0.2749810878976646,0.0,0.0,0.1111111111111111,1.155113830650042,1,0
0.1111111111111111,0.05555555555555555,0.083631554056889,0.1111111111111111,0.0211779919147679,-0.0809056069839912,-0.12989164219267443,1.8715489758828685,0.25,0.03254933667716632,0.13423839040405586,0.03528680271000362,0.0836315540568891,-0.05042906437089462,0.1111111111111111,0.05498625378660191,0.3333333333333333,0.1111111111111111,0.1111111111111111,-0.9531238224996238,0,1
0.1111111111111111,0.1388888888888889,0.9093832469848272,0.3333333333333333,1.6259081932793418,-0.12220926715146689,-0.40548174938693815,-2.160312568658551,0.25,-0.28977413430248194,-0.04303253872230458,-2.476644085611099,0.9093832469848272,0.07824744290209906,0.3333333333333333,0.11363053313180634,0.2222222222222222,0.1111111111111111,0.1111111111111111,-1.666848273078999,0,1
0.1111111111111111,0.0,-0.4668695745617363,0.1111111111111111,-0.2844958199592799,0.9403086634282667,0.8137178305723554,0.74923519556253,0.0,-0.020363180020070946,-0.0649839780700351,-0.11230678732209605,-0.4668695745617363,-0.20171409462498122,0.0,-0.031672403407900916,0.0,0.1111111111111111,0.1111111111111111,-1.666848273078999,1,0
0.3333333333333333,0.16666666666666666,1.18463381129414,0.1111111111111111,-0.0147798253325259,0.32895319016094393,0.7264545213043443,0.6575761498836257,0.25,-1.4978381506157068,-1.2558335710649353,0.5008445526281978,1.18463381129414,0.5168514726665366,0.1111111111111111,0.4673162399666395,0.1111111111111111,0.3333333333333333,0.3333333333333333,0.3170934418812415,0,1
0.1111111111111111,0.0,-0.4668695745617363,0.0,-0.2844958199592799,0.6519546778979629,0.17869009687091786,-1.31171478496986,0.0,-1.4978381506157068,-1.2558335710649353,-0.22882628365535493,-0.4668695745617363,-1.8377883046032708,0.0,-1.4809843220475034,0.0,0.0,0.1111111111111111,-1.666848273078999,1,0
0.1111111111111111,0.0,-0.4668695745617363,0.1111111111111111,-0.2844958199592799,-0.08282810616588625,-0.32556073441332944,-0.4950413083649336,0.0,-0.020363180020070946,-0.055789143861963854,-0.1074461255133846,-0.4668695745617363,-0.05042906437089462,0.1111111111111111,0.05331580804312823,0.1111111111111111,0.1111111111111111,0.1111111111111111,-0.7891132362483021,1,0
0.1111111111111111,0.05555555555555555,0.083631554056889,0.3333333333333333,-0.0297667943178028,0.30420801898878946,0.3072416201744602,0.5624443361818806,0.25,0.214438587242051,-1.2558335710649353,0.034791834629782185,0.0836315540568891,-0.09634369408832952,0.1111111111111111,0.4043673854716937,0.1111111111111111,0.1111111111111111,0.1111111111111111,-0.7891132362483021,0,1
0.0,0.0,-0.4668695745617363,0.0,-0.2844958199592799,-0.0006537233266234794,-0.18974842163304373,0.02609689719025,0.0,0.1496851548145183,-0.0935588831930745,-0.2130733435602571,-0.4668695745617363,-0.046472596792858374,0.0,0.11363053313180634,0.0,0.0,0.0,1.3273719327921307,0,1
0.0,0.0,-0.4668695745617363,0.0,-0.2844958199592799,-0.018567128777685005,0.6001646065755226,0.5624443361818806,0.0,0.1095921936279005,0.13025582910048622,0.021311489296875236,-0.4668695745617363,0.6794885602993717,0.0,-1.4809843220475034,0.1111111111111111,0.0,0.0,1.8373853869087895,1,0
0.1111111111111111,0.05555555555555555,0.083631554056889,0.3333333333333333,0.4796657853361687,0.09397087625544337,-0.490209096668358,0.74923519556253,0.25,-0.020363180020070946,-0.1382332066676206,-2.476644085611099,0.0836315540568891,-0.030269367775838486,0.1111111111111111,-0.29374359768613245,0.1111111111111111,0.1111111111111111,0.1111111111111111,-1.666848273078999,0,1
0.3333333333333333,0.16666666666666666,1.18463381129414,0.3333333333333333,0.6325256156628638,-0.2929268929199516,-1.8012328682280123,0.74923519556253,0.25,-1.4978381506157068,-1.2558335710649353,-2.476644085611099,1.18463381129414,-1.8377883046032708,0.0,-1.4809843220475034,0.3333333333333333,0.0,0.0,-0.9531238224996238,1,0
0.1111111111111111,0.027777777777777776,-0.1916190102524236,0.1111111111111111,0.4796275810763299,0.5621750926978308,0.13688295107400164,-1.130080895470915,0.125,-0.16838295792244487,-0.18589339507626995,-0.1473461271347972,-0.1916190102524235,-0.06114766292860823,0.0,-0.25452403087362385,0.2222222222222222,0.1111111111111111,0.1111111111111111,-2.102083711231995,0,1
0.0,0.0,-0.4668695745617363,0.0,-0.2844958199592799,0.18077976037818289,0.3283535916903464,0.02609689719025,0.0,0.35947702152708216,-1.2558335710649353,0.16682195459724505,-0.4668695745617363,0.2635110955490019,0.0,0.20841894286237111,0.0,0.0,0.0,0.9159689132265976,1,0
0.3333333333333333,0.3333333333333333,2.8361371971500167,0.3333333333333333,0.7344259431887474,0.1706153525976616,0.2896316812765634,-0.0953809513297535,0.25,0.2759431547214016,0.18717177273556096,0.16869886832993028,2.836137197150016,0.09053966174801081,0.3333333333333333,0.19872355549491127,0.3333333333333333,0.3333333333333333,0.3333333333333333,-0.3945035917891138,0,1
0.0,0.05555555555555555,0.083631554056889,0.0,-0.1571302457764458,-2.4349041406302154,-0.41133419229413304,-0.7958621975017078,0.25,0.12787013306297937,-0.30040711036179746,-0.36814866897427173,0.0836315540568891,0.22753815812639652,0.3333333333333333,-1.4809843220475034,0.0,0.0,0.0,-0.0875094222424097,1,0
0.0,0.1111111111111111,0.6341326826755145,0.0,-0.1389346438933157,-2.4349041406302154,-1.470235976700075,-1.130080895470915,0.375,0.0340454167710367,-1.2558335710649353,-2.476644085611099,0.6341326826755145,-1.8377883046032708,0.0,-1.4809843220475034,0.2222222222222222,0.4444444444444444,0.0,0.5814972662319737,1,0
0.3333333333333333,0.08333333333333333,0.3588821183662018,0.0,-0.2026175609485213,0.45274982892121496,0.4204405457239915,0.02609689719025,0.25,0.3795207013604932,-0.27136798817519453,0.16648962484742727,0.3588821183662018,-0.9804707359834501,0.0,0.3001316733929302,0.2222222222222222,0.0,0.0,0.9662521913648202,0,1
0.1111111111111111,0.0,-0.4668695745617363,0.1111111111111111,-0.2844958199592799,-0.08282810616588625,-0.18709733753227867,-0.3554890506588386,0.0,-0.020363180020070946,0.10854127650719715,-0.060200737786788555,-0.4668695745617363,-0.09634369408832952,0.1111111111111111,0.11363053313180634,0.1111111111111111,0.1111111111111111,0.1111111111111111,0.0021753538983214,1,0
0.1111111111111111,0.0,-0.4668695745617363,0.1111111111111111,-0.2844958199592799,0.5329482696925635,1.0718796584401418,0.3608480215924758,0.0,0.3236529324331165,0.3973473314367822,0.7953968943269203,-0.4668695745617363,0.31658448527850985,0.1111111111111111,0.45117298070474154,0.1111111111111111,0.1111111111111111,0.1111111111111111,-0.2847917733012345,1,0
0.1111111111111111,0.0,-0.4668695745617363,0.1111111111111111,-0.2844958199592799,0.17448881626611276,-0.06343914431360566,0.2538723316408949,0.0,0.015181398750347182,0.030854026056428695,0.04197808421722694,-0.4668695745617363,0.04789643880933675,0.1111111111111111,0.009143733731478516,0.1111111111111111,0.1111111111111111,0.1111111111111111,-0.6440902286753902,1,0
0.1111111111111111,0.1388888888888889,0.9093832469848272,0.3333333333333333,1.6259081932793418,-2.4349041406302154,-1.3079927442121215,1.7585321597554342,0.375,-1.4978381506157068,-1.2558335710649353,-2.476644085611099,0.9093832469848272,-1.8377883046032708,0.4444444444444444,0.07329717990281231,0.0,0.0,0.1111111111111111,-1.666848273078999,0,1
0.0,0.0,-0.4668695745617363,0.0,-0.2844958199592799,-0.5154248908491185,-0.013148076562743853,-1.504321540361816,0.0,-1.4978381506157068,-0.015781955055106312,-0.5729134080294558,-0.4668695745617363,-1.8377883046032708,0.0,0.45117298070474154,0.0,0.0,0.0,-0.7891132362483021,1,0
0.3333333333333333,0.3055555555555555,2.560886632840704,0.3333333333333333,3.918393009165688,-0.24696193764719315,-0.44431907057553993,-1.9271995283231864,0.375,-0.12946365119646047,0.11729434608643115,-0.038891540158578077,2.5608866328407034,-0.5010189380442357,0.4444444444444444,-0.1064055331039316,0.3333333333333333,0.1111111111111111,0.3333333333333333,-1.666848273078999,0,1
0.0,0.0,-0.4668695745617363,0.0,-0.2844958199592799,0.19814242076861333,-0.42508925450657975,0.74923519556253,0.0,-1.4978381506157068,-1.2558335710649353,-0.05215527813029519,-0.4668695745617363,-0.3513313165914255,0.0,-0.08239655204119443,0.0,0.0,0.0,1.8373853869087895,1,0
0.3333333333333333,0.19444444444444442,1.4598843756034523,0.3333333333333333,2.3900697985747907,-2.4349041406302154,-0.6504544425346577,1.6996876816479582,0.25,-0.020363180020070946,-1.2558335710649353,-0.038891540158578077,1.4598843756034523,-0.09634369408832952,0.3333333333333333,-0.06182096594394337,0.2222222222222222,0.1111111111111111,0.1111111111111111,-1.666848273078999,0,1
0.3333333333333333,0.25,2.010385504222078,0.4444444444444444,2.0080272027337704,0.30420801898878946,0.08459788969717065,-1.31171478496986,0.375,0.17296815730366835,0.2656267287362194,-2.476644085611099,2.0103855042220777,-1.8377883046032708,0.1111111111111111,0.023317751353586928,0.1111111111111111,0.3333333333333333,0.3333333333333333,-1.3723900433022265,0,1
0.0,0.05555555555555555,0.083631554056889,0.3333333333333333,0.2249537406391757,0.22947545901410685,-0.10456489139630201,0.4636163081257023,0.25,-0.10431464588128041,-0.013112249607646235,-1.5405755223677324,0.0836315540568891,0.28409085157385816,0.0,-1.4809843220475034,0.0,0.1111111111111111,0.1111111111111111,-1.3723900433022265,0,1
0.0,0.027777777777777776,-0.1916190102524236,0.0,-0.2420405106345698,-2.4349041406302154,-1.7846016805521125,-0.222430806752854,0.125,-1.4978381506157068,-0.055789143861963854,-2.476644085611099,-0.1916190102524235,-1.8377883046032708,0.0,-1.4809843220475034,0.2222222222222222,0.0,0.0,0.3871513198050401,1,0
0.0,0.0,-0.4668695745617363,0.0,-0.2844958199592799,-0.8847477038648844,-1.6306941165555182,-1.130080895470915,0.0,-0.4669945916971359,-0.18177752305139036,-0.8840658037777406,-0.4668695745617363,-0.6227714713644112,0.0,-0.4697903012166485,0.0,0.0,0.0,-0.2847917733012345,1,0
0.0,0.0,-0.4668695745617363,0.0,-0.2844958199592799,-2.4349041406302154,-5.028059896155144,-0.0953809513297535,0.0,-1.4978381506157068,-1.2558335710649353,-2.476644085611099,-0.4668695745617363,-1.8377883046032708,0.0,-1.4809843220475034,0.0,0.0,0.0,1.0629938337787594,1,0
0.0,0.0,-0.4668695745617363,0.0,-0.2844958199592799,-2.4349041406302154,-2.4256378033318726,-0.7958621975017078,0.0,-1.4978381506157068,-0.3552825791201095,-2.476644085611099,-0.4668695745617363,-1.8377883046032708,0.1111111111111111,-0.42846419375793426,0.1111111111111111,0.0,0.0,0.3170934418812415,0,1
0.3333333333333333,0.16666666666666666,1.18463381129414,0.0,1.243852861836087,-2.4349041406302154,-1.2744822128635878,1.1620705813604253,0.25,-1.4978381506157068,-1.2558335710649353,-0.011954403204065225,1.18463381129414,-1.8377883046032708,0.3333333333333333,-1.4809843220475034,0.3333333333333333,0.1111111111111111,0.1111111111111111,-1.3723900433022265,0,1
0.0,0.0,-0.4668695745617363,0.0,-0.2844958199592799,-0.3412673407433161,-0.7190081431085188,0.5624443361818806,0.0,-0.1055838215095548,-0.08730803590223243,-0.3257124644745118,-0.4668695745617363,-0.1967900838952974,0.0,-0.11526860224910948,0.0,0.0,0.0,0.3871513198050401,1,0
0.3333333333333333,0.1111111111111111,0.6341326826755145,0.3333333333333333,0.0211810486223196,-0.2929268929199516,-1.3449792621981862,1.3089470244281944,0.25,-0.07343775025371661,-1.2558335710649353,-2.476644085611099,0.6341326826755145,-1.8377883046032708,0.0,-1.4809843220475034,0.0,0.0,0.0,-0.2847917733012345,1,0
0.3333333333333333,0.16666666666666666,1.18463381129414,0.1111111111111111,0.2249650616147337,0.0096341289758159,0.05615901511641034,0.1423961078279921,0.25,0.066276523690121,0.10854127650719715,0.2637189492662903,1.18463381129414,0.005775291400744047,0.1111111111111111,0.11363053313180634,0.1111111111111111,0.3333333333333333,0.3333333333333333,-0.3945035917891138,0,1
0.1111111111111111,0.1111111111111111,0.6341326826755145,0.1111111111111111,1.2438273906316173,-2.4349041406302154,0.4814914097155206,-1.504321540361816,0.25,0.3236529324331165,0.44885318982764166,-0.1940527750620471,0.6341326826755145,-1.8377883046032708,0.3333333333333333,0.32192791380229946,0.0,0.3333333333333333,0.1111111111111111,-1.666848273078999,0,1
0.0,0.0,-0.4668695745617363,0.0,-0.2844958199592799,-2.4349041406302154,-5.028059896155144,-0.6416298188340922,0.0,-1.4978381506157068,-1.2558335710649353,-2.476644085611099,-0.4668695745617363,-1.8377883046032708,0.0,-1.4809843220475034,0.0,0.0,0.0,0.5191192900072952,1,0
0.1111111111111111,0.05555555555555555,0.083631554056889,0.1111111111111111,1.24375098211194,0.053999737950916026,-0.45712487955087855,-0.95842191396722,0.25,-0.0601670252462973,0.022938228606256113,-0.15109242520006672,0.0836315540568891,-0.28265489746020966,0.1111111111111111,-1.4809843220475034,0.1111111111111111,0.3333333333333333,0.1111111111111111,-2.102083711231995,1,0
0.3333333333333333,0.38888888888888884,3.386638325768641,0.3333333333333333,0.7853732200763186,-2.4349041406302154,-0.6910437409392006,0.2538723316408949,0.5,-1.4978381506157068,-1.2558335710649353,0.10848346083980917,3.386638325768641,0.03730458856720431,0.3333333333333333,-1.4809843220475034,0.2222222222222222,0.4444444444444444,0.5555555555555556,-0.2847917733012345,0,1
0.0,0.1388888888888889,0.9093832469848272,0.3333333333333333,-0.1571296089506977,-0.006008110210854344,-0.056223234171866115,0.3608480215924758,0.25,0.1812825069391218,0.11505928987542202,-1.8846626467418335,0.9093832469848272,0.010269113513309428,0.3333333333333333,0.19074728850501263,0.2222222222222222,0.0,0.0,1.0629938337787594,0,1
0.1111111111111111,0.0,-0.4668695745617363,0.1111111111111111,-0.2844958199592799,0.0096341289758159,-0.037200491331884605,-0.6416298188340922,0.0,0.2759431547214016,-0.015781955055106312,-0.11025147038747765,-0.4668695745617363,-0.09634369408832952,0.1111111111111111,0.11363053313180634,0.1111111111111111,0.1111111111111111,0.1111111111111111,1.3273719327921307,1,0
0.1111111111111111,0.0,-0.4668695745617363,0.1111111111111111,-0.2844958199592799,0.38886368660414455,0.5680716631915533,0.8376265013727084,0.0,0.5297208167707709,-1.2558335710649353,0.1223245339350631,-0.4668695745617363,0.2053396192356298,0.1111111111111111,0.17248092749006577,0.1111111111111111,0.1111111111111111,0.1111111111111111,-0.9531238224996238,1,0
0.3333333333333333,0.16666666666666666,1.18463381129414,0.1111111111111111,0.0211820675384221,0.13997425265217076,0.42564445006208146,-0.4950413083649336,0.25,0.42476361658772355,0.29646620882685504,0.39765349836135255,1.18463381129414,-1.8377883046032708,0.1111111111111111,-1.4809843220475034,0.1111111111111111,0.3333333333333333,0.3333333333333333,0.1673597344439074,0,1
0.1111111111111111,0.16666666666666666,1.18463381129414,0.1111111111111111,-0.0552370222405545,-2.4349041406302154,0.6460880579481927,1.9258553163226204,0.25,-0.9187068137756446,0.2764708454355412,0.43822162123638037,1.18463381129414,0.564786405921726,0.3333333333333333,0.344759279908375,0.3333333333333333,0.1111111111111111,0.3333333333333333,0.5191192900072952,0,1
0.0,0.027777777777777776,-0.1916190102524236,0.0,-0.2208130328678629,-2.4349041406302154,0.283812388164067,1.4469588684499963,0.125,-1.4978381506157068,-1.2558335710649353,-2.476644085611099,-0.1916190102524235,0.4848332734233406,0.0,0.41206396452967514,0.2222222222222222,0.0,0.1111111111111111,-0.0875094222424097,1,0
0.1111111111111111,0.0,-0.4668695745617363,0.1111111111111111,-0.2844958199592799,0.2324632635633931,0.07724460959138428,0.5624443361818806,0.0,0.06641895157795596,0.043661113063807704,0.12459700769017,-0.4668695745617363,0.13557478761417843,0.1111111111111111,0.03750056845010685,0.1111111111111111,0.1111111111111111,0.1111111111111111,-0.3945035917891138,1,0
0.1111111111111111,0.05555555555555555,0.083631554056889,0.1111111111111111,-0.0934482547099171,0.18509269963583025,0.27575378302788134,0.74923519556253,0.25,0.30721491817628616,0.14857534644596138,0.26912457671560036,0.0836315540568891,0.21701027590787064,0.1111111111111111,-1.4809843220475034,0.1111111111111111,0.3333333333333333,0.1111111111111111,-0.5135592262370264,1,0
0.0,0.0,-0.4668695745617363,0.0,-0.2844958199592799,-0.3235777349303374,-1.0920008048054988,-1.504321540361816,0.0,-0.26626552996092573,-0.2221689412940948,-0.5739540108794664,-0.4668695745617363,-0.38617961722740235,0.0,-0.2728874586092021,0.0,0.0,0.0,-1.666848273078999,1,0
0.0,0.027777777777777776,-0.1916190102524236,0.0,-0.1995856730302776,-2.4349041406302154,-5.028059896155144,-0.6416298188340922,0.125,-1.4978381506157068,-1.2558335710649353,-2.476644085611099,-0.1916190102524235,-1.8377883046032708,0.0,-1.4809843220475034,0.2222222222222222,0.0,0.0,-0.3945035917891138,1,0
0.3333333333333333,0.1111111111111111,0.6341326826755145,0.0,-0.1753248079449351,-2.4349041406302154,-0.1436502217653478,-0.6416298188340922,0.25,0.21950882589047852,-0.14037426450664803,0.13475606556178468,0.6341326826755145,-1.4883541560664815,0.0,0.22053928007937335,0.0,0.0,0.3333333333333333,0.9662521913648202,0,1
0.1111111111111111,0.0,-0.4668695745617363,0.0,-0.2844958199592799,0.03288054900149542,-0.4415066709223584,-1.9271995283231864,0.0,-0.020363180020070946,-0.015781955055106312,-0.20890431497177575,-0.4668695745617363,-1.0703754552372704,0.1111111111111111,-0.031672403407900916,0.1111111111111111,0.1111111111111111,0.1111111111111111,-0.9531238224996238,1,0
0.1111111111111111,0.0,-0.4668695745617363,0.1111111111111111,-0.2844958199592799,-0.08282810616588625,-0.15133418564170553,-1.31171478496986,0.0,0.066276523690121,0.05693515131531388,-0.060200737786788555,-0.4668695745617363,0.07824744290209906,0.1111111111111111,0.05331580804312823,0.1111111111111111,0.1111111111111111,0.1111111111111111,-1.3723900433022265,1,0
0.1111111111111111,0.1388888888888889,0.9093832469848272,0.3333333333333333,0.0628645737533742,0.2603917005075929,0.2450306381453696,-0.95842191396722,0.25,0.22282341027703087,0.1812882605018963,-2.476644085611099,0.9093832469848272,0.25365639484073876,0.3333333333333333,0.18418539902762215,0.2222222222222222,0.1111111111111111,0.1111111111111111,-0.1828566844305228,0,1
0.1111111111111111,0.08333333333333333,0.3588821183662018,0.1111111111111111,-0.1995850440685558,-2.4349041406302154,0.6923154129280004,0.2538723316408949,0.25,0.3236529324331165,0.1812882605018963,0.597890366091483,0.3588821183662018,0.483827131156964,0.3333333333333333,0.3057862080103784,0.2222222222222222,0.1111111111111111,0.1111111111111111,0.9159689132265976,1,0
0.1111111111111111,0.05555555555555555,0.083631554056889,0.3333333333333333,-0.2420403927034826,0.08200509761303978,-0.609840454725032,0.02609689719025,0.25,-1.4978381506157068,-1.2558335710649353,-1.8846626467418335,0.0836315540568891,-1.1912583035430961,0.1111111111111111,0.1361728149184142,0.1111111111111111,0.0,0.1111111111111111,1.3273719327921307,0,1
0.3333333333333333,0.2222222222222222,1.7351349399127654,0.3333333333333333,1.7533024224345426,0.08136281572751122,-0.30768531786183584,-0.95842191396722,0.25,0.12776328546361485,-0.015781955055106312,0.034791834629782185,1.7351349399127651,-1.8377883046032708,0.1111111111111111,-1.4809843220475034,0.1111111111111111,0.3333333333333333,0.3333333333333333,-1.3723900433022265,0,1
0.3333333333333333,0.2777777777777778,2.2856360685313915,0.3333333333333333,0.9891493082481057,-2.4349041406302154,0.08196010996520661,-1.130080895470915,0.25,-1.0816946295191,0.1812882605018963,0.33742708388807957,2.2856360685313906,0.13557478761417843,0.3333333333333333,0.19865366409457927,0.3333333333333333,0.1111111111111111,0.3333333333333333,-0.7891132362483021,0,1
0.1111111111111111,0.16666666666666666,1.18463381129414,0.1111111111111111,0.4796912569651514,-0.04260204376723723,-0.3822799551434473,-0.3554890506588386,0.25,-1.4978381506157068,-1.2558335710649353,-0.08297964862498919,1.18463381129414,0.05170390327415423,0.1111111111111111,0.09153975395147536,0.3333333333333333,0.3333333333333333,0.3333333333333333,-0.7891132362483021,0,1
0.1111111111111111,0.0,-0.4668695745617363,0.1111111111111111,-0.2844958199592799,-0.07166869324800133,-0.20474868880428235,-1.504321540361816,0.0,0.3379193856536766,-0.2221689412940948,-0.13387036432829214,-0.4668695745617363,-0.36121742511938004,0.1111111111111111,-1.4809843220475034,0.1111111111111111,0.1111111111111111,0.1111111111111111,-0.7891132362483021,1,0
0.3333333333333333,0.3055555555555555,2.560886632840704,0.3333333333333333,0.916372445798759,-0.04260204376723723,-0.32556073441332944,0.4636163081257023,0.25,-0.020363180020070946,0.11729434608643115,-0.060200737786788555,2.5608866328407034,-0.09634369408832952,0.3333333333333333,-1.4809843220475034,0.2222222222222222,0.3333333333333333,0.3333333333333333,-0.6440902286753902,0,1
0.0,0.0,-0.4668695745617363,0.0,-0.2844958199592799,-2.4349041406302154,-5.028059896155144,0.02609689719025,0.0,-1.4978381506157068,-1.2558335710649353,-2.476644085611099,-0.4668695745617363,-1.8377883046032708,0.0,-1.4809843220475034,0.0,0.0,0.0,0.5191192900072952,1,0
0.1111111111111111,0.0,-0.4668695745617363,0.1111111111111111,-0.2844958199592799,0.04027036021255999,0.17252941211318346,1.2366750160392723,0.0,0.12776328546361485,0.10854127650719715,0.356674874839011,-0.4668695745617363,0.07824744290209906,0.1111111111111111,0.11363053313180634,0.1111111111111111,0.1111111111111111,0.1111111111111111,-0.9531238224996238,1,0
0.1111111111111111,0.05555555555555555,0.083631554056889,0.1111111111111111,-0.1316573856684801,0.27033223006329665,0.5071112774810032,1.1620705813604253,0.25,0.26497661652982574,0.232909330105537,0.33742708388807957,0.0836315540568891,0.2825833239152785,0.1111111111111111,0.2536760545241782,0.3333333333333333,0.1111111111111111,0.1111111111111111,-0.2847917733012345,1,0
0.0,0.0,-0.4668695745617363,0.0,-0.2844958199592799,-2.4349041406302154,-5.028059896155144,-0.95842191396722,0.0,-1.4978381506157068,-1.2558335710649353,-2.476644085611099,-0.4668695745617363,-1.8377883046032708,0.0,-1.4809843220475034,0.0,0.0,0.0,0.1673597344439074,1,0
0.3333333333333333,0.19444444444444442,1.4598843756034523,0.3333333333333333,1.052820420542206,-2.4349041406302154,-0.09146034504576037,1.3790049371340838,0.25,0.12776328546361485,0.10854127650719715,0.33742708388807957,1.4598843756034523,-1.8377883046032708,0.3333333333333333,0.03885253254617039,0.2222222222222222,0.1111111111111111,0.1111111111111111,-1.1433092459291831,0,1
0.1111111111111111,0.1388888888888889,0.9093832469848272,0.3333333333333333,-0.0722192733357296,0.010436700975060591,0.2727888781893319,-0.7958621975017078,0.25,-0.020363180020070946,0.27295236848406923,-1.331595678324506,0.9093832469848272,0.3091352594538665,0.3333333333333333,0.3057862080103784,0.2222222222222222,0.1111111111111111,0.1111111111111111,0.3871513198050401,0,1
0.3333333333333333,0.2222222222222222,1.7351349399127654,0.3333333333333333,0.9381994275369115,0.29646318216372547,-0.06858051115189785,1.2366750160392723,0.25,-1.4978381506157068,-1.2558335710649353,-2.476644085611099,1.7351349399127651,0.25832379377896764,0.1111111111111111,0.09130666610954445,0.1111111111111111,0.3333333333333333,0.3333333333333333,-0.9531238224996238,0,1
0.0,0.05555555555555555,0.083631554056889,0.0,0.0211779919147679,-2.4349041406302154,-0.9346281542617632,-1.504321540361816,0.25,0.027314555425689977,-1.2558335710649353,-0.027732043806187833,0.0836315540568891,-1.8377883046032708,0.3333333333333333,-1.4809843220475034,0.0,0.1111111111111111,0.0,-0.9531238224996238,0,1
0.1111111111111111,0.0,-0.4668695745617363,0.1111111111111111,-0.2844958199592799,0.611451783628661,0.9764455385533345,0.8376265013727084,0.0,0.3955971410661783,0.3333354774730562,0.597890366091483,-0.4668695745617363,0.4347920624914409,0.1111111111111111,0.344026457112197,0.1111111111111111,0.1111111111111111,0.1111111111111111,1.285678693674575,1,0
0.1111111111111111,0.0,-0.4668695745617363,0.1111111111111111,-0.2844958199592799,0.2709746259929604,0.64454174005544,1.5769583967038283,0.0,0.302782280107225,0.2554750986168332,0.5493194936230215,-0.4668695745617363,0.2682976330476441,0.1111111111111111,0.27434856336185637,0.1111111111111111,0.1111111111111111,0.1111111111111111,-0.0875094222424097,1,0
0.0,0.0,-0.4668695745617363,0.0,-0.2844958199592799,-0.05888858374261785,-0.5132613161829338,0.3608480215924758,0.0,-0.07453585518598009,-0.061249333332234875,-0.2777456159316628,-0.4668695745617363,-0.16019500465693898,0.0,-0.08481246015680924,0.0,0.0,0.0,-0.0875094222424097,1,0
0.0,0.1111111111111111,0.6341326826755145,0.3333333333333333,-0.1389346438933157,-2.4349041406302154,-0.40272749804704056,-0.222430806752854,0.25,-1.4978381506157068,-1.2558335710649353,-2.476644085611099,0.6341326826755145,0.3673396710512519,0.3333333333333333,-0.37161676141537997,0.0,0.0,0.0,0.5814972662319737,0,1
0.0,0.0,-0.4668695745617363,0.0,-0.2844958199592799,0.21537926757628734,0.430489843160456,1.1620705813604253,0.0,0.3927991934023552,0.06153922196064836,0.27571975013643923,-0.4668695745617363,0.1147710162253566,0.0,0.2686685014395808,0.0,0.0,0.0,1.668921836399024,1,0
0.1111111111111111,0.0,-0.4668695745617363,0.1111111111111111,-0.2844958199592799,0.23374673918345623,0.10594395271994907,-0.7958621975017078,0.0,0.12776328546361485,0.10854127650719715,0.034791834629782185,-0.4668695745617363,0.07824744290209906,0.1111111111111111,0.11363053313180634,0.1111111111111111,0.1111111111111111,0.1111111111111111,-0.6440902286753902,1,0
0.1111111111111111,0.05555555555555555,0.083631554056889,0.3333333333333333,-0.0297667943178028,0.2540661033438065,0.5632164404877932,-0.7958621975017078,0.25,-0.10494829216908912,0.42305402106045265,-2.476644085611099,0.0836315540568891,0.002904185811775181,0.1111111111111111,0.45117298070474154,0.1111111111111111,0.1111111111111111,0.1111111111111111,-0.7891132362483021,1,0
0.0,0.0,-0.4668695745617363,0.0,-0.2844958199592799,-2.4349041406302154,-5.028059896155144,1.3089470244281944,0.0,-1.4978381506157068,-1.2558335710649353,-2.476644085611099,-0.4668695745617363,-1.8377883046032708,0.0,-1.4809843220475034,0.0,0.0,0.0,1.3273719327921307,0,1
0.3333333333333333,0.25,2.010385504222078,0.3333333333333333,3.154231403870239,0.2030238374723125,-0.5824368548706343,-1.31171478496986,0.25,-1.4978381506157068,-1.2558335710649353,-2.476644085611099,2.0103855042220777,-0.3992343640411307,0.0,-0.031672403407900916,0.2222222222222222,0.3333333333333333,0.3333333333333333,-1.666848273078999,0,1
0.1111111111111111,0.05555555555555555,0.083631554056889,0.1111111111111111,0.0211779919147679,-0.14712391368290242,-0.4542576562091414,-0.4950413083649336,0.25,-0.23494424259429336,-1.2558335710649353,-0.16834448601303065,0.0836315540568891,-0.5302379076360083,0.1111111111111111,0.20928456144339183,0.3333333333333333,0.1111111111111111,0.1111111111111111,-0.9531238224996238,0,1
0.3333333333333333,0.16666666666666666,1.18463381129414,0.0,-0.0297639640110196,-2.4349041406302154,-0.9822291090588086,-1.130080895470915,0.25,-1.4978381506157068,-1.2558335710649353,0.13426768242517784,1.18463381129414,-1.8377883046032708,0.3333333333333333,-1.4809843220475034,0.0,0.0,0.3333333333333333,0.3871513198050401,0,1
0.3333333333333333,0.16666666666666666,1.18463381129414,0.3333333333333333,1.243852861836087,0.05678770888577281,-0.7810920500663378,-1.130080895470915,0.25,0.009497807110272313,-1.2558335710649353,-0.7261270144852363,1.18463381129414,-1.8377883046032708,0.1111111111111111,-1.4809843220475034,0.1111111111111111,0.3333333333333333,0.0,-1.3723900433022265,0,1
0.1111111111111111,0.0,-0.4668695745617363,0.1111111111111111,-0.2844958199592799,0.151240808810489,0.009078017294976672,-1.504321540361816,0.0,0.12776328546361485,-1.2558335710649353,0.16869886832993028,-0.4668695745617363,0.07824744290209906,0.1111111111111111,0.11363053313180634,0.1111111111111111,0.1111111111111111,0.1111111111111111,-1.1433092459291831,1,0
0.1111111111111111,0.0,-0.4668695745617363,0.1111111111111111,-0.2844958199592799,0.12303294640457062,0.11879924381756,0.2538723316408949,0.0,0.14588966808566228,0.11340819720802857,0.13033440821269368,-0.4668695745617363,0.12376276808084535,0.1111111111111111,0.12840410916361136,0.1111111111111111,0.1111111111111111,0.1111111111111111,-0.9531238224996238,1,0
0.1111111111111111,0.05555555555555555,0.083631554056889,0.1111111111111111,-0.2567067863620423,0.7671046945852307,2.303570016427226,-0.222430806752854,0.25,0.5438151803952896,0.8927970817358583,0.8395970655921139,0.0836315540568891,1.1944021625590555,0.1111111111111111,0.274153556109928,0.3333333333333333,0.1111111111111111,0.1111111111111111,1.9939076019519075,1,0
0.1111111111111111,0.0,-0.4668695745617363,0.1111111111111111,-0.2844958199592799,0.11537430863826155,0.2495676500651563,1.6996876816479582,0.0,0.09922213452261994,0.1812882605018963,0.1768544033270234,-0.4668695745617363,0.3091352594538665,0.1111111111111111,0.0927013241183302,0.1111111111111111,0.1111111111111111,0.1111111111111111,-0.5135592262370264,1,0
0.1111111111111111,0.0,-0.4668695745617363,0.1111111111111111,-0.2844958199592799,0.0096341289758159,-0.21563134404748377,-1.31171478496986,0.0,-0.016132469034368106,0.14857534644596138,0.034791834629782185,-0.4668695745617363,-0.09634369408832952,0.1111111111111111,-0.5128287882829697,0.0,0.1111111111111111,0.1111111111111111,0.0869332819236188,1,0
0.0,0.05555555555555555,0.083631554056889,0.3333333333333333,0.0211779919147679,0.45030952051354295,0.405667908162347,0.5624443361818806,0.25,-0.03655696739820171,0.38042129320546536,-0.7957473745059924,0.0836315540568891,0.17136667433253946,0.1111111111111111,-0.013803803568860972,0.1111111111111111,0.1111111111111111,0.1111111111111111,-0.9531238224996238,0,1
0.1111111111111111,0.08333333333333333,0.3588821183662018,0.1111111111111111,0.1740148978517919,-2.4349041406302154,-0.049741748329829465,0.4636163081257023,0.25,0.12776328546361485,-1.2558335710649353,0.0472670195448528,0.3588821183662018,0.07824744290209906,0.3333333333333333,0.3057862080103784,0.2222222222222222,0.1111111111111111,0.1111111111111111,-0.9531238224996238,0,1
0.1111111111111111,0.0,-0.4668695745617363,0.1111111111111111,-0.2844958199592799,0.3348530150164412,0.6104130039316475,-0.7958621975017078,0.0,0.3011257616335053,0.2237050635851947,0.38070954644942445,-0.4668695745617363,0.3418025466936434,0.1111111111111111,0.2993978021609803,0.1111111111111111,0.1111111111111111,0.1111111111111111,0.0021753538983214,1,0
0.1111111111111111,0.05555555555555555,0.083631554056889,0.1111111111111111,-0.2080762207197047,0.4123958978726874,0.7957844158320478,-0.95842191396722,0.25,0.5108517606774385,0.30727917842602115,0.4967911202162103,0.0836315540568891,0.3791038555333524,0.1111111111111111,-1.4809843220475034,0.1111111111111111,0.3333333333333333,0.1111111111111111,0.5191192900072952,1,0
0.1111111111111111,0.0,-0.4668695745617363,0.1111111111111111,-0.2844958199592799,-0.19288221400154745,-0.6482380554464904,0.3608480215924758,0.0,-0.07343775025371661,-0.1845109244123129,-0.1214522424138239,-0.4668695745617363,-0.09634369408832952,0.1111111111111111,-1.4809843220475034,0.1111111111111111,0.0,0.0,-2.102083711231995,0,1
0.1111111111111111,0.1111111111111111,0.6341326826755145,0.1111111111111111,0.3268518037888158,-0.05968509296264265,0.15645670605328674,0.3608480215924758,0.25,0.10760500091082818,-0.08075179618569549,0.5664037311873185,0.6341326826755145,-0.09634369408832952,0.1111111111111111,-1.4809843220475034,0.3333333333333333,0.3333333333333333,0.1111111111111111,-0.9531238224996238,0,1
0.0,0.0,-0.4668695745617363,0.0,-0.2844958199592799,-0.04545051618266507,0.0058462237024166,-0.0953809513297535,0.0,-1.4978381506157068,-0.07972466956477688,-0.38010210665738503,-0.4668695745617363,0.41372934308019005,0.0,0.056368202368968154,0.0,0.0,0.0,1.285678693674575,1,0
0.3333333333333333,0.05555555555555555,0.083631554056889,0.1111111111111111,0.2249537406391757,-0.04260204376723723,-0.22358225940047374,0.8376265013727084,0.25,-0.017182326153538163,-0.015781955055106312,0.17974180171952955,0.0836315540568891,-0.09634369408832952,0.1111111111111111,-0.1064055331039316,0.1111111111111111,0.1111111111111111,0.1111111111111111,-1.3723900433022265,0,1
0.0,0.027777777777777776,-0.1916190102524236,0.0,-0.2481055259427889,-0.31332519656396846,-1.1260270411684936,0.3608480215924758,0.125,-0.4568893040027248,-1.2558335710649353,-0.2388783948372242,-0.1916190102524235,-0.5764763020576268,0.0,-0.28940318693090666,0.2222222222222222,0.0,0.0,0.5814972662319737,1,0
0.0,0.0,-0.4668695745617363,0.0,-0.2844958199592799,-2.4349041406302154,-0.13680329564580224,-1.504321540361816,0.0,-1.4978381506157068,0.2416645349056016,0.29535118989975695,-0.4668695745617363,-1.8377883046032708,0.0,-0.009989534196517125,0.0,0.0,0.0,0.0021753538983214,1,0
0.1111111111111111,0.05555555555555555,0.083631554056889,0.1111111111111111,-0.2040541577179534,0.4261094569684939,0.7189626850076584,0.9229385817157996,0.25,0.25834845200376205,0.02637354662169581,0.40305957253974706,0.0836315540568891,0.29847984234923974,0.1111111111111111,0.49375898534313617,0.3333333333333333,0.1111111111111111,0.1111111111111111,0.4544096728511559,0,1
0.1111111111111111,0.1388888888888889,0.9093832469848272,0.1111111111111111,0.0628645737533742,-2.4349041406302154,1.086696606835317,-0.6416298188340922,0.25,0.8313016961771357,0.1812882605018963,0.16869886832993028,0.9093832469848272,0.07824744290209906,0.3333333333333333,-1.4809843220475034,0.2222222222222222,0.3333333333333333,0.1111111111111111,-0.1828566844305228,0,1
0.1111111111111111,0.0,-0.4668695745617363,0.1111111111111111,-0.2844958199592799,0.03733478133298129,-0.20648701560982222,1.6391892378370123,0.0,0.025080608993885607,0.03126839304430128,0.013303725308661663,-0.4668695745617363,-0.08429741416826127,0.1111111111111111,-0.011697378387615939,0.1111111111111111,0.1111111111111111,0.1111111111111111,-0.9531238224996238,1,0
0.1111111111111111,0.0,-0.4668695745617363,0.1111111111111111,-0.2844958199592799,0.43048133551638956,1.0949790228136222,0.1423961078279921,0.0,0.7131989853465474,0.27825682919794725,0.49289374373641753,-0.4668695745617363,0.3552933911311837,0.1111111111111111,0.3057862080103784,0.1111111111111111,0.1111111111111111,0.1111111111111111,0.7564222381735122,1,0
0.1111111111111111,0.0,-0.4668695745617363,0.1111111111111111,-0.2844958199592799,0.6116248877915788,1.091740226899512,-0.95842191396722,0.0,0.49224552210794104,0.3333354774730562,0.586027172631468,-0.4668695745617363,0.4848583755950094,0.1111111111111111,0.46164672323856204,0.1111111111111111,0.1111111111111111,0.1111111111111111,1.4475584443037126,1,0
0.1111111111111111,0.05555555555555555,0.083631554056889,0.1111111111111111,0.2249537406391757,-0.08282810616588625,-0.07885980372584772,-0.222430806752854,0.25,0.12776328546361485,0.21400316754995638,-0.060200737786788555,0.0836315540568891,0.07824744290209906,0.1111111111111111,-1.4809843220475034,0.1111111111111111,0.3333333333333333,0.1111111111111111,-1.3723900433022265,1,0
0.1111111111111111,0.08333333333333333,0.3588821183662018,0.1111111111111111,-0.1848180168137657,0.37851806784192493,0.7920281928684139,-0.7958621975017078,0.25,0.36714978944344134,0.30435037402510495,0.5411482272708016,0.3588821183662018,0.35990938149621166,0.3333333333333333,0.3356463042842657,0.2222222222222222,0.1111111111111111,0.1111111111111111,0.6999923241170234,1,0
0.1111111111111111,0.05555555555555555,0.083631554056889,0.0,0.097594534469716,-1.9890851365132343,-0.7923662126528624,0.8376265013727084,0.25,-1.4978381506157068,-1.2558335710649353,-0.009490907584873259,0.0836315540568891,-1.8377883046032708,0.3333333333333333,0.09739763844794347,0.0,0.0,0.1111111111111111,-1.1433092459291831,0,1
0.0,0.0,-0.4668695745617363,0.0,-0.2844958199592799,-0.5729083411369763,-1.3160352058055094,0.3608480215924758,0.0,-0.25962352200296185,-1.0586437752988482,-0.5636925919375713,-0.4668695745617363,-0.37835093031791756,0.0,-0.2676590500063353,0.0,0.0,0.0,0.3170934418812415,0,1
0.1111111111111111,0.0,-0.4668695745617363,0.1111111111111111,-0.2844958199592799,-0.04260204376723723,-0.2021121377056024,1.6996876816479582,0.0,-1.4978381506157068,-0.06032768875422031,0.21003870833293808,-0.4668695745617363,0.13727488481979017,0.1111111111111111,-0.22887460301959633,0.1111111111111111,0.1111111111111111,0.1111111111111111,-1.3723900433022265,1,0
0.1111111111111111,0.16666666666666666,1.18463381129414,0.3333333333333333,0.2886468757888082,0.45533257435354596,0.2375281393045306,-1.130080895470915,0.25,0.12776328546361485,-1.2558335710649353,-2.476644085611099,1.18463381129414,0.204424964019951,0.3333333333333333,0.24822835716826347,0.3333333333333333,0.1111111111111111,0.1111111111111111,-0.5135592262370264,0,1
0.0,0.027777777777777776,-0.1916190102524236,0.0,-0.1316589140222559,-2.4349041406302154,-0.5403961378567067,0.02609689719025,0.125,-0.12946365119646047,0.24484068043060625,-0.49629238595325237,-0.1916190102524235,-1.8377883046032708,0.0,-1.4809843220475034,0.2222222222222222,0.1111111111111111,0.0,-0.9531238224996238,1,0
0.3333333333333333,0.16666666666666666,1.18463381129414,0.1111111111111111,0.6325256156628638,0.13997425265217076,0.0860101484033496,-0.7958621975017078,0.25,0.24739437221879784,0.0013089566649129294,0.39765349836135255,1.18463381129414,-1.8377883046032708,0.1111111111111111,-1.4809843220475034,0.1111111111111111,0.3333333333333333,0.3333333333333333,-0.9531238224996238,0,1
0.3333333333333333,0.38888888888888884,3.386638325768641,0.3333333333333333,3.28165110422991,-2.4349041406302154,-0.602779158021517,0.8376265013727084,0.375,0.0,-0.015781955055106312,-0.13387036432829214,3.386638325768641,0.005775291400744047,0.4444444444444444,-1.4809843220475034,0.4444444444444444,0.3333333333333333,0.3333333333333333,-1.3723900433022265,0,1
0.0,0.0,-0.4668695745617363,0.0,-0.2844958199592799,-0.5154248908491185,-1.0774532643588968,1.7585321597554342,0.0,-0.22139741587053635,-0.1845109244123129,-0.504636039758671,-0.4668695745617363,-0.3332952455651344,0.0,-0.22887460301959633,0.0,0.0,0.0,-0.9531238224996238,0,1
0.3333333333333333,0.05555555555555555,0.083631554056889,0.1111111111111111,0.2249537406391757,0.0096341289758159,-0.12125254029080404,0.2538723316408949,0.25,0.018591671476249207,0.06851168927575109,0.10848346083980917,0.0836315540568891,0.005775291400744047,0.1111111111111111,-0.003843770042378133,0.1111111111111111,0.1111111111111111,0.1111111111111111,-1.3723900433022265,0,1
0.1111111111111111,0.0,-0.4668695745617363,0.1111111111111111,-0.2844958199592799,0.05455926907629866,0.7358519910218112,0.9229385817157996,0.0,0.695915895802482,-0.01596135525714468,0.10940689443048357,-0.4668695745617363,-0.09634369408832952,0.1111111111111111,-0.03293360381684463,0.1111111111111111,0.1111111111111111,0.0,-0.7891132362483021,1,0
0.4444444444444444,0.19444444444444442,1.4598843756034523,0.1111111111111111,2.3900697985747907,-0.13179501838479385,-0.3662878134610376,1.3790049371340838,0.375,-1.4978381506157068,-0.08945764108225514,0.18091095283478892,1.4598843756034523,-1.8377883046032708,0.1111111111111111,0.09153975395147536,0.1111111111111111,0.3333333333333333,0.3333333333333333,-1.666848273078999,0,1
0.1111111111111111,0.0,-0.4668695745617363,0.1111111111111111,-0.2844958199592799,0.4123958978726874,1.5085071416186988,0.5624443361818806,0.0,0.9466692425054704,0.24588702761207146,0.44857565069185484,-0.4668695745617363,0.18867079311683255,0.1111111111111111,0.21218812386795324,0.1111111111111111,0.1111111111111111,0.0,0.4544096728511559,1,0
0.3333333333333333,0.3055555555555555,2.560886632840704,0.3333333333333333,2.5174767633322266,-2.4349041406302154,-0.32892126286558143,0.02609689719025,0.25,0.1775047851717382,0.007556892781777171,0.228917944366141,2.5608866328407034,-1.8377883046032708,0.3333333333333333,-1.4809843220475034,0.2222222222222222,0.3333333333333333,0.3333333333333333,-1.3723900433022265,0,1
0.1111111111111111,0.0,-0.4668695745617363,0.1111111111111111,-0.2844958199592799,0.007052355485223839,0.031744633402112685,1.3089470244281944,0.0,0.214438587242051,0.05693515131531388,0.03791418142094069,-0.4668695745617363,0.08150153470574284,0.1111111111111111,0.11363053313180634,0.1111111111111111,0.1111111111111111,0.1111111111111111,-0.9531238224996238,1,0
0.0,0.0,-0.4668695745617363,0.1111111111111111,-0.2844958199592799,-0.2131146983687719,-1.6378921616938666,1.1620705813604253,0.0,-1.4978381506157068,-1.2558335710649353,-2.476644085611099,-0.4668695745617363,-1.8377883046032708,0.1111111111111111,-1.4809843220475034,0.1111111111111111,0.0,0.0,-0.9531238224996238,1,0
