PAY_1,LIMIT_BAL_sq,cpi_risk_norm,rate_x_delinquency,unemp_x_delinquency,PAY_4,avg_payment,PAY_AMT5,PAY_AMT6,PAY_3,PAY_AMT4,PAY_5,total_delinquency,limit_x_bill,PAY_AMT1,max_delinquency,LIMIT_BAL,PAY_6,PAY_AMT3,PAY_2,PAY_AMT2,true,pred
0.0,0.2440087145969499,-0.0934470606700971,0.6341326826755145,0.6341326826755145,0.0,-0.5450498004453485,-1.4809843220475034,-1.2558335710649353,0.3333333333333333,-0.18804113191678618,0.0,0.1111111111111111,-0.17368280894569962,-1.7661756344547435,0.25,0.2439439807007004,0.0,0.2975316401404072,0.3333333333333333,-2.476644085611099,0,1
0.3333333333333333,0.39215686274509803,-0.1995852013098598,0.0836315540568891,0.083631554056889,0.1111111111111111,-0.07755055680925535,-1.4809843220475034,-1.2558335710649353,0.1111111111111111,-1.4978381506157068,0.1111111111111111,0.05555555555555555,1.438977157903644,0.24173255425619858,0.25,0.3871513198050401,0.1111111111111111,0.18040838650574129,0.1111111111111111,0.2199904243904509,0,1
0.1111111111111111,0.11328976034858387,-0.2844958199592799,-0.4668695745617363,-0.4668695745617363,0.1111111111111111,0.757509272893091,0.2846185206312057,0.30567126224700725,0.1111111111111111,0.2759431547214016,0.1111111111111111,0.0,2.143079676059353,0.5270853668270672,0.0,0.0869332819236188,0.1111111111111111,0.3091352594538665,0.1111111111111111,0.4926873395741765,1,0
0.0,0.5577342047930284,-0.2844958199592799,-0.4668695745617363,-0.4668695745617363,0.1111111111111111,-0.6905718076246504,0.06180671916679205,0.04710436391588156,0.0,-0.17052796553103527,0.0,0.0,-0.19271805516149745,-2.4349041406302154,0.0,0.5191192900072952,0.0,-1.8377883046032708,0.0,-0.2997212096546743,1,0
0.1111111111111111,0.17647058823529413,-0.2844958199592799,-0.4668695745617363,-0.4668695745617363,0.1111111111111111,0.38641451131496085,0.16042040378299907,0.05693515131531388,0.1111111111111111,0.18992595533910941,0.1111111111111111,0.0,2.0838895774535717,0.39541899694300553,0.0,0.1673597344439074,0.1111111111111111,0.2529015249281053,0.1111111111111111,0.2718751554032957,1,0
0.0,0.17647058823529413,-0.0807105616274785,0.6341326826755145,0.6341326826755145,0.3333333333333333,-0.650898611958964,0.11737112025250039,-1.2558335710649353,0.0,-0.40720384079033006,0.0,0.1111111111111111,-0.20274787084185744,-2.4349041406302154,0.25,0.1673597344439074,0.0,-1.8377883046032708,0.3333333333333333,0.07573644878978295,0,1
0.1111111111111111,-0.25925925925925924,0.4796887097258397,0.9093832469848272,0.9093832469848272,0.3333333333333333,-0.5024036294373325,-0.19615414354798336,-0.15928541157707074,0.4444444444444444,-0.1903938010314825,0.1111111111111111,0.1388888888888889,-0.13452023633530943,0.2505142518560576,0.375,-0.9531238224996238,0.1111111111111111,-1.8377883046032708,0.1111111111111111,-2.476644085611099,0,1
0.1111111111111111,0.17647058823529413,-0.2844958199592799,-0.4668695745617363,-0.4668695745617363,0.1111111111111111,0.36141449630092887,0.23495795030387784,0.21325393916057353,0.1111111111111111,0.2438839229005706,0.1111111111111111,0.0,1.8601226474731336,0.16481545962970515,0.0,0.1673597344439074,0.1111111111111111,0.2139407496668845,0.1111111111111111,0.20593320357301978,1,0
0.0,2.5098039215686274,-0.1995849654476854,0.6341326826755145,0.6341326826755145,0.0,-4.231166616082292,-1.4809843220475034,-1.2558335710649353,0.3333333333333333,-1.4978381506157068,0.0,0.1111111111111111,-0.20597632664844875,-1.5640211033661209,0.25,1.3273719327921307,0.0,-1.8377883046032708,0.3333333333333333,-2.476644085611099,0,1
0.0,1.6470588235294117,-0.2844958199592799,-0.4668695745617363,-0.4668695745617363,0.1111111111111111,-0.649123719868043,-0.1789748063130828,-0.14181595809853542,0.0,-1.4978381506157068,0.1111111111111111,0.0,-0.1920859030069537,0.0096341289758159,0.0,1.0629938337787594,0.0,-1.8377883046032708,0.0,-0.06351905625755919,1,0
0.1111111111111111,-0.25925925925925924,-0.2844958199592799,-0.4668695745617363,-0.4668695745617363,0.1111111111111111,-0.23053023776812961,0.007237426191509312,-0.015781955055106312,0.1111111111111111,-0.020363180020070946,0.1111111111111111,0.0,0.023852544287982627,0.09434158572956174,0.0,-0.9531238224996238,0.1111111111111111,-0.09634369408832952,0.1111111111111111,-0.034586040962693326,1,0
0.0,-0.09586056644880174,-0.2844958199592799,-0.4668695745617363,-0.4668695745617363,0.0,0.05289396051336311,-1.4809843220475034,-1.2558335710649353,0.0,-1.4978381506157068,0.0,0.0,-0.18651599544054037,0.396675588752636,0.0,-0.2847917733012345,0.0,0.36617670021222426,0.0,-2.476644085611099,1,0
0.0,3.1721132897603486,-0.2844958199592799,-0.4668695745617363,-0.4668695745617363,0.0,1.8757801877297058,1.0737893961039806,0.33371963233296775,0.0,-0.9664272818553127,0.0,0.0,1.6532209894425616,-0.04411808868776136,0.0,1.486110633212629,0.0,-1.2573907469345689,0.0,-2.476644085611099,1,0
0.2222222222222222,0.5577342047930284,-0.2462860203394923,-0.1916190102524235,-0.1916190102524236,0.0,1.0409821233285375,0.33687966201807745,-1.2558335710649353,0.0,-1.4978381506157068,0.0,0.027777777777777776,-0.029936386578464057,-2.4349041406302154,0.125,0.5191192900072952,0.0,0.6133827888783597,0.0,0.9808760608028969,1,0
0.1111111111111111,-0.25925925925925924,-0.2844958199592799,-0.4668695745617363,-0.4668695745617363,0.1111111111111111,-0.11298753047536485,-0.031672403407900916,0.10854127650719715,0.1111111111111111,-0.020363180020070946,0.1111111111111111,0.0,-0.01802629155653781,0.051328588941306034,0.0,-0.9531238224996238,0.1111111111111111,0.005775291400744047,0.1111111111111111,0.07950741572558931,1,0
0.0,-0.13725490196078433,-0.2844958199592799,-0.4668695745617363,-0.4668695745617363,0.1111111111111111,0.6975112675956032,-0.1037293645278738,0.5388576644625616,0.1111111111111111,0.14322199774777064,0.1111111111111111,0.0,-0.11909696815844621,0.2711884731247592,0.0,-0.3945035917891138,0.1111111111111111,0.12386790403924361,0.1111111111111111,0.10848346083980917,1,0
0.1111111111111111,-0.17429193899782136,-0.2844958199592799,-0.4668695745617363,-0.4668695745617363,0.1111111111111111,-0.6569989910468251,-1.4809843220475034,-1.2558335710649353,0.1111111111111111,-1.4978381506157068,0.1111111111111111,0.0,-0.0024780862215718546,-0.04260204376723723,0.0,-0.5135592262370264,0.0,-0.09584057324942366,0.1111111111111111,-0.015011832835351221,1,0
0.2222222222222222,5.132897603485839,-0.269211854259697,-0.1916190102524235,-0.1916190102524236,0.0,1.5693596679336443,0.16308747552679556,0.29700063922122183,0.0,0.8364170640772323,0.0,0.027777777777777776,0.7663289381337076,-0.3564556978799671,0.125,1.8373853869087895,0.0,0.8993054942573515,0.0,0.628407104351693,1,0
0.2222222222222222,0.2440087145969499,-0.0456848708478014,0.9093832469848272,0.9093832469848272,0.1111111111111111,0.4131806162585744,0.2589858554836899,0.2237522791285938,0.1111111111111111,-1.4978381506157068,0.3333333333333333,0.1388888888888889,2.177011314030293,-2.4349041406302154,0.25,0.2439439807007004,0.1111111111111111,0.4276185991964999,0.3333333333333333,0.42394216408510343,0,1
0.3333333333333333,-0.05010893246187364,1.9386106998017067,8.34114848333627,8.341148483336271,0.8888888888888888,-5.028059896155144,-1.4809843220475034,-1.2558335710649353,0.8888888888888888,-1.4978381506157068,0.8888888888888888,0.8888888888888888,-0.2308661977790056,-2.4349041406302154,0.875,-0.1828566844305228,0.8888888888888888,-1.8377883046032708,0.3333333333333333,-2.476644085611099,0,1
0.0,0.17647058823529413,-0.2844958199592799,-0.4668695745617363,-0.4668695745617363,0.0,-5.028059896155144,-1.4809843220475034,-1.2558335710649353,0.0,-1.4978381506157068,0.0,0.0,-0.23333009790892031,-2.4349041406302154,0.0,0.1673597344439074,0.0,-1.8377883046032708,0.0,-2.476644085611099,1,0
0.0,0.5577342047930284,-0.2080762207197047,0.0836315540568891,0.083631554056889,0.1111111111111111,-0.6951479867601055,0.10550766064125434,-1.2558335710649353,0.3333333333333333,-1.4978381506157068,0.1111111111111111,0.05555555555555555,-0.20999522152702077,0.04749416873223237,0.25,0.5191192900072952,0.0,-1.8377883046032708,0.0,-2.476644085611099,1,0
0.2222222222222222,-0.30501089324618735,0.861746587983893,0.3588821183662018,0.3588821183662018,0.1111111111111111,-0.5334144116126683,-0.10760598866112799,-0.013820297418117232,0.1111111111111111,-0.06171670931500967,0.1111111111111111,0.08333333333333333,-0.17995654576134515,-2.4349041406302154,0.25,-1.666848273078999,0.1111111111111111,0.005775291400744047,0.3333333333333333,-0.1074461255133846,0,1
0.2222222222222222,-0.25925925925925924,0.1740148978517919,0.3588821183662018,0.3588821183662018,0.1111111111111111,1.1497850234934615,0.45326014383919727,0.1812882605018963,0.1111111111111111,0.8160348500118819,0.1111111111111111,0.08333333333333333,0.1658553217754018,-2.4349041406302154,0.25,-0.9531238224996238,0.1111111111111111,0.1102628909490476,0.3333333333333333,0.10848346083980917,0,1
0.1111111111111111,-0.29411764705882354,-0.2844958199592799,-0.4668695745617363,-0.4668695745617363,0.1111111111111111,-0.2150177760354202,-0.09761462245019431,-0.015781955055106312,0.1111111111111111,-0.13486887909161116,0.1111111111111111,0.0,-0.16707806332472214,0.269688548340856,0.0,-1.3723900433022265,0.1111111111111111,-0.24006037123132573,0.1111111111111111,-0.11855058508097212,1,0
0.2222222222222222,0.8387799564270153,-0.1183661480500896,0.9093832469848272,0.9093832469848272,0.1111111111111111,-0.4452953844476404,-0.31854339646043844,0.07261259370218677,0.1111111111111111,-1.4978381506157068,0.3333333333333333,0.1388888888888889,0.26124185544123724,-2.4349041406302154,0.25,0.6999923241170234,0.1111111111111111,0.18040838650574129,0.3333333333333333,-0.13387036432829214,0,1
0.3333333333333333,0.11328976034858387,-0.1753251978386217,0.0836315540568891,0.083631554056889,0.0,-0.6948313704203604,-0.10760598866112799,-0.08075179618569549,0.0,-0.0977723078940348,0.0,0.05555555555555555,-0.2158528329873918,-0.3295205844026337,0.25,0.0869332819236188,0.0,-0.1875829443115877,0.0,-0.3136442443991265,1,0
0.0,0.5577342047930284,-0.2844958199592799,-0.4668695745617363,-0.4668695745617363,0.0,-0.7965978846761278,-0.22887460301959633,-0.1845109244123129,0.0,-0.22139741587053635,0.0,0.0,-0.1968544208341422,-0.2888353563911394,0.0,0.5191192900072952,0.0,-0.3332952455651344,0.0,-0.12571885385223677,1,0
0.0,0.17647058823529413,-0.2844958199592799,-0.4668695745617363,-0.4668695745617363,0.0,-5.028059896155144,-1.4809843220475034,-1.2558335710649353,0.0,-1.4978381506157068,0.0,0.0,-0.23333009790892031,-2.4349041406302154,0.0,0.1673597344439074,0.0,-1.8377883046032708,0.0,-2.476644085611099,1,0
0.0,3.1721132897603486,-0.2844958199592799,-0.4668695745617363,-0.4668695745617363,0.0,-0.4363457368166084,-1.4809843220475034,0.20092761070071893,0.0,-1.4978381506157068,0.0,0.0,-0.15789991090138927,-2.4349041406302154,0.0,1.486110633212629,0.0,0.16544191247502313,0.0,-2.476644085611099,1,0
0.3333333333333333,-0.17429193899782136,0.0975993105394455,0.6341326826755145,0.6341326826755145,0.1111111111111111,-0.04652465216166876,0.11363053313180634,0.1812882605018963,0.1111111111111111,0.12776328546361485,0.1111111111111111,0.1111111111111111,0.4307183637712106,-2.4349041406302154,0.25,-0.5135592262370264,0.1111111111111111,0.07824744290209906,0.3333333333333333,0.055743076375645205,0,1
0.0,-0.25925925925925924,-0.2844958199592799,-0.4668695745617363,-0.4668695745617363,0.0,-1.6378921616938666,-1.4809843220475034,-1.2558335710649353,0.0,-1.4978381506157068,0.0,0.0,-0.18275045918138785,-0.2131146983687719,0.0,-0.9531238224996238,0.0,-1.8377883046032708,0.0,-2.476644085611099,1,0
0.0,1.159041394335512,-0.2844958199592799,-0.4668695745617363,-0.4668695745617363,0.1111111111111111,0.5822663569787954,-0.031672403407900916,0.27738356734502706,0.0,0.214438587242051,0.1111111111111111,0.0,0.09016704745123214,0.03792404477441859,0.0,0.8643003776574393,0.1111111111111111,0.07824744290209906,0.0,0.7108036730246189,1,0
0.1111111111111111,-0.30501089324618735,0.4796657853361687,0.0836315540568891,0.083631554056889,0.1111111111111111,-0.4373103516761162,-0.1535158427037196,-1.2558335710649353,0.1111111111111111,0.14588966808566228,0.1111111111111111,0.05555555555555555,-0.19047515940687204,-0.14922410356796711,0.25,-1.666848273078999,0.3333333333333333,-0.19492155453371052,0.1111111111111111,-0.053015672188814825,1,0
0.2222222222222222,-0.29411764705882354,1.498577642135315,1.4598843756034523,1.4598843756034523,0.3333333333333333,-0.40079616864682605,0.20060187478420244,-1.2558335710649353,0.3333333333333333,-0.0476719142218868,0.1111111111111111,0.19444444444444442,-0.10662963350107765,-0.06208652614907963,0.25,-1.3723900433022265,0.1111111111111111,-1.313637081798087,0.3333333333333333,-0.1940527750620471,0,1
0.1111111111111111,-0.29411764705882354,-0.2844958199592799,-0.4668695745617363,-0.4668695745617363,0.1111111111111111,0.7477544378954062,-0.031672403407900916,-0.01668075456567136,0.1111111111111111,0.7138069025753654,0.0,0.0,-0.1019019317972534,-0.08282810616588625,0.0,-1.3723900433022265,0.1111111111111111,-0.09634369408832952,0.1111111111111111,-0.06552616346685829,1,0
0.3333333333333333,5.132897603485839,-0.2539278885601141,0.0836315540568891,0.083631554056889,0.1111111111111111,2.126304305517543,0.017099196669504834,0.11899487881785094,0.1111111111111111,0.43460796580625094,0.1111111111111111,0.05555555555555555,13.161762509892933,0.7980526631950502,0.25,1.8373853869087895,0.0,0.38588522734452146,0.0,1.63640910674151,1,0
0.0,-0.30501089324618735,-0.2844958199592799,-0.4668695745617363,-0.4668695745617363,0.0,-0.9963044491650136,-0.035478982298581895,-1.2558335710649353,0.0,-0.20762968716860375,0.0,0.0,-0.2318059641315872,-0.4947213291085484,0.0,-1.666848273078999,0.0,-0.3170677375367942,0.0,-0.4833659008213198,1,0
0.1111111111111111,-0.25925925925925924,-0.2844958199592799,-0.4668695745617363,-0.4668695745617363,0.1111111111111111,-0.22646189219682383,-0.020253038243862632,-0.002313897994419707,0.1111111111111111,-0.011778499179202916,0.1111111111111111,0.0,0.0881790035888323,-0.02369570739551127,0.0,-0.9531238224996238,0.1111111111111111,0.008115419874778342,0.1111111111111111,0.032804513559662594,1,0
0.2222222222222222,-0.30501089324618735,0.861746587983893,0.3588821183662018,0.3588821183662018,0.0,0.14086071569503353,-0.0682081747173619,-0.07844897203268514,0.0,-0.020363180020070946,0.1111111111111111,0.08333333333333333,-0.18528952070920507,-2.4349041406302154,0.25,-1.666848273078999,0.1111111111111111,0.5225042402305945,0.3333333333333333,-0.3783677660251823,0,1
0.1111111111111111,0.3159041394335512,-0.2844958199592799,-0.4668695745617363,-0.4668695745617363,0.0,0.2792090457855628,0.274153556109928,-1.2558335710649353,0.0,0.47318346748340206,0.0,0.0,-0.05979387857701058,0.12573256715338607,0.0,0.3170934418812415,0.0,-0.22916569983464,0.0,-0.504636039758671,1,0
0.3333333333333333,-0.09586056644880174,0.6325347857855188,2.836137197150016,2.8361371971500167,0.3333333333333333,-0.3346827978395721,0.16864486108146495,-1.2558335710649353,0.3333333333333333,-1.4978381506157068,0.3333333333333333,0.3333333333333333,0.2406098028382138,0.0096341289758159,0.25,-0.2847917733012345,0.3333333333333333,-0.01160329552774256,0.3333333333333333,-0.13387036432829214,0,1
0.1111111111111111,-0.17429193899782136,-0.2844958199592799,-0.4668695745617363,-0.4668695745617363,0.1111111111111111,1.2258115334558424,0.11519722477629865,0.1824210687319908,0.1111111111111111,0.12914815757780418,0.1111111111111111,0.0,0.3097453472108152,1.1190788506094993,0.0,-0.5135592262370264,0.1111111111111111,0.18482117078294227,0.1111111111111111,0.16979797490495446,1,0
0.1111111111111111,-0.25925925925925924,-0.2844958199592799,-0.4668695745617363,-0.4668695745617363,0.0,0.06500553073846307,-1.4809843220475034,-1.2558335710649353,0.1111111111111111,-1.4978381506157068,0.0,0.0,-0.12038889801444495,0.5270853668270672,0.0,-0.9531238224996238,0.0,0.07824744290209906,0.1111111111111111,-0.14082037095110164,1,0
0.0,1.7799564270152506,-0.2844958199592799,-0.4668695745617363,-0.4668695745617363,0.0,0.38344154516105805,0.20342236012512438,0.3225308677172867,0.0,0.17868724336576913,0.0,0.0,-0.09927775371949371,0.24860886393122,0.0,1.1095988810204689,0.0,0.18515109682036698,0.0,0.0104722896034069,1,0
0.1111111111111111,-0.09586056644880174,-0.2844958199592799,-0.4668695745617363,-0.4668695745617363,0.1111111111111111,0.9861057151624717,0.28368844135924903,0.6461596890355495,0.1111111111111111,0.12776328546361485,0.1111111111111111,0.0,0.2692657079855251,0.08136281572751122,0.0,-0.2847917733012345,0.1111111111111111,0.07824744290209906,0.1111111111111111,0.034791834629782185,1,0
0.3333333333333333,0.39215686274509803,-0.1146745826604397,0.6341326826755145,0.6341326826755145,0.3333333333333333,-0.5757926869969202,-1.4809843220475034,-1.2558335710649353,0.1111111111111111,-1.4978381506157068,0.1111111111111111,0.1111111111111111,0.11192950756840432,-0.08282810616588625,0.25,0.3871513198050401,0.1111111111111111,-1.8377883046032708,0.1111111111111111,0.21961315785587668,0,1
0.1111111111111111,-0.09586056644880174,-0.2844958199592799,-0.4668695745617363,-0.4668695745617363,0.1111111111111111,0.2697737800062164,0.11363053313180634,0.10854127650719715,0.1111111111111111,0.12776328546361485,0.1111111111111111,0.0,0.9539810653008198,0.2481498860704566,0.0,-0.2847917733012345,0.1111111111111111,0.24353148867454516,0.1111111111111111,0.25535628738857397,1,0
0.1111111111111111,2.5098039215686274,-0.2844958199592799,-0.4668695745617363,-0.4668695745617363,0.0,0.006010933531714253,0.32963059030568115,-0.061249333332234875,0.1111111111111111,0.14696702787393595,0.0,0.0,-0.031308206529584236,-0.18016479727277124,0.0,1.3273719327921307,0.0,-0.020204480265315877,0.1111111111111111,-0.18622478088858616,1,0
0.1111111111111111,-0.29411764705882354,0.2249537406391757,0.0836315540568891,0.083631554056889,0.1111111111111111,-0.2567850406009787,-1.4809843220475034,0.05693515131531388,0.1111111111111111,0.12776328546361485,0.1111111111111111,0.05555555555555555,-0.15684541142154595,-0.08282810616588625,0.25,-1.3723900433022265,0.3333333333333333,0.022032598257449288,0.1111111111111111,-0.060200737786788555,1,0
0.1111111111111111,1.5185185185185186,-0.2844958199592799,-0.4668695745617363,-0.4668695745617363,0.1111111111111111,0.6792238932008211,0.11363053313180634,0.10854127650719715,0.1111111111111111,0.10760500091082818,0.1111111111111111,0.0,7.063554686138944,0.5488416372394338,0.0,1.0152348983243975,0.1111111111111111,0.3465395667932836,0.1111111111111111,0.5983105583578366,1,0
0.3333333333333333,-0.3115468409586057,4.300244586254379,1.18463381129414,1.18463381129414,0.1111111111111111,-0.7232900808057157,-1.4809843220475034,-1.2558335710649353,0.3333333333333333,-1.4978381506157068,0.1111111111111111,0.16666666666666666,-0.22167236599120962,0.13997425265217076,0.25,-2.102083711231995,0.1111111111111111,-0.09634369408832952,0.3333333333333333,-2.476644085611099,0,1
0.2222222222222222,1.3943355119825709,-0.2572030669556937,-0.1916190102524235,-0.1916190102524236,0.1111111111111111,1.2023462707578552,0.4487892222296892,0.6836802390836514,0.0,0.29249669602588063,0.0,0.027777777777777776,-0.03516383691469929,0.3088049825494304,0.125,0.9662521913648202,0.0,-1.8377883046032708,0.0,0.3307536368157761,1,0
0.2222222222222222,-0.23529411764705882,-0.1571313071385413,-0.1916190102524235,-0.1916190102524236,0.1111111111111111,0.9355211651627895,0.05331580804312823,0.10854127650719715,0.1111111111111111,0.6754927875721165,0.0,0.027777777777777776,-0.013527807228435908,0.6274931589922003,0.125,-0.7891132362483021,0.1111111111111111,0.1820826766643028,0.0,0.16869886832993028,1,0
0.1111111111111111,-0.25925925925925924,0.0211779919147679,0.0836315540568891,0.083631554056889,0.1111111111111111,-0.22490377837556208,0.11363053313180634,-0.015781955055106312,0.1111111111111111,-1.4978381506157068,0.3333333333333333,0.05555555555555555,-0.16998422108401653,0.0096341289758159,0.25,-0.9531238224996238,0.1111111111111111,0.07824744290209906,0.1111111111111111,-0.060200737786788555,1,0
0.2222222222222222,0.39215686274509803,-0.0722192733357296,0.9093832469848272,0.9093832469848272,0.1111111111111111,-1.5733736971041308,-1.4809843220475034,-1.2558335710649353,0.3333333333333333,-1.4978381506157068,0.1111111111111111,0.1388888888888889,0.10024166131577243,-0.2131146983687719,0.25,0.3871513198050401,0.0,-0.6671070807379125,0.3333333333333333,-2.476644085611099,0,1
0.1111111111111111,-0.3115468409586057,1.24375098211194,0.0836315540568891,0.083631554056889,0.1111111111111111,-0.5254019068435359,-0.17687068600338346,-0.18177752305139036,0.1111111111111111,-1.4978381506157068,0.3333333333333333,0.05555555555555555,-0.2215536508031319,-0.12881500849105557,0.25,-2.102083711231995,0.1111111111111111,0.07824744290209906,0.1111111111111111,-0.13387036432829214,1,0
0.0,-0.25925925925925924,-0.2844958199592799,-0.4668695745617363,-0.4668695745617363,0.1111111111111111,-0.8341914451960472,-0.16075689160850876,-0.1845109244123129,0.0,-1.4978381506157068,0.1111111111111111,0.0,-0.22711061667189314,-0.27065710253046665,0.0,-0.9531238224996238,0.0,-1.8377883046032708,0.0,-0.03560608231555398,1,0
0.1111111111111111,0.17647058823529413,-0.2844958199592799,-0.4668695745617363,-0.4668695745617363,0.1111111111111111,0.6183393579878068,0.2993978021609803,0.27295236848406923,0.1111111111111111,0.31492470755012675,0.1111111111111111,0.0,2.8660957386971693,0.3323293432228687,0.0,0.1673597344439074,0.1111111111111111,0.29008675168904885,0.1111111111111111,0.3784416058114561,1,0
0.1111111111111111,3.5294117647058822,-0.2844958199592799,-0.4668695745617363,-0.4668695745617363,0.1111111111111111,1.5433002711255852,0.6816248233933566,0.470118235455667,0.1111111111111111,0.49224552210794104,0.1111111111111111,0.0,17.049625686283292,0.5857128759064493,0.0,1.561142456786503,0.1111111111111111,0.5860216664245851,0.1111111111111111,1.024398316315675,1,0
0.3333333333333333,-0.30501089324618735,2.7721506012225148,1.7351349399127651,1.7351349399127654,0.1111111111111111,-0.660295692859604,0.06684590165054824,-1.2558335710649353,0.1111111111111111,-1.4978381506157068,0.3333333333333333,0.2222222222222222,-0.17740752908148794,-2.4349041406302154,0.25,-1.666848273078999,0.3333333333333333,0.005775291400744047,0.3333333333333333,-0.1074461255133846,0,1
0.3333333333333333,-0.29411764705882354,2.7722015436314544,2.836137197150016,2.8361371971500167,0.3333333333333333,-0.3814908206885813,-0.03146293855160058,-0.9065623779158363,0.3333333333333333,0.1754623776158648,0.3333333333333333,0.3333333333333333,-0.10922867481993621,-0.2131146983687719,0.25,-1.3723900433022265,0.3333333333333333,-1.8377883046032708,0.3333333333333333,0.06641653765401391,0,1
0.3333333333333333,-0.17429193899782136,0.6707420062875338,2.2856360685313906,2.2856360685313915,0.3333333333333333,0.300239688319546,0.18418539902762215,0.3144271790189087,0.3333333333333333,-1.4978381506157068,0.3333333333333333,0.2777777777777778,0.4639148137639932,0.2773988829603999,0.25,-0.5135592262370264,0.1111111111111111,0.1134598899578306,0.3333333333333333,0.14591209917705136,0,1
0.2222222222222222,10.66884531590414,-0.2737324574657663,-0.1916190102524235,-0.1916190102524236,0.0,-5.028059896155144,-1.4809843220475034,-1.2558335710649353,0.0,-1.4978381506157068,0.0,0.027777777777777776,-0.23333009790892031,-2.4349041406302154,0.125,2.43337711773284,0.0,-1.8377883046032708,0.0,-2.476644085611099,0,1
0.0,-0.30501089324618735,0.4796657853361687,0.0836315540568891,0.083631554056889,0.1111111111111111,-1.5345473448067248,-1.4809843220475034,-1.2558335710649353,0.3333333333333333,-1.4978381506157068,0.1111111111111111,0.05555555555555555,-0.23177709419067105,-0.1626704783002936,0.25,-1.666848273078999,0.0,-1.8377883046032708,0.0,-2.476644085611099,1,0
0.1111111111111111,-0.13725490196078433,-0.2844958199592799,-0.4668695745617363,-0.4668695745617363,0.1111111111111111,0.300239688319546,0.16864486108146495,0.1812882605018963,0.1111111111111111,0.214438587242051,0.1111111111111111,0.0,0.8192525174090721,0.2481498860704566,0.0,-0.3945035917891138,0.1111111111111111,0.18040838650574129,0.1111111111111111,0.16869886832993028,1,0
0.1111111111111111,0.7407407407407407,-0.2844958199592799,-0.4668695745617363,-0.4668695745617363,0.1111111111111111,0.7693957905944278,0.46140713546779055,0.2799907094430656,0.1111111111111111,0.3236529324331165,0.1111111111111111,0.0,4.929504332979926,0.36283016970125886,0.0,0.6417328970763176,0.1111111111111111,0.3752560712052453,0.1111111111111111,0.33742708388807957,1,0
0.1111111111111111,-0.20697167755991286,-0.0661561352760001,0.0836315540568891,0.083631554056889,0.1111111111111111,0.1341293189228295,0.08943258073734779,0.10719070664972187,0.1111111111111111,-1.4978381506157068,0.3333333333333333,0.05555555555555555,0.4569730862464596,0.06703248366894908,0.25,-0.6440902286753902,0.1111111111111111,0.3529744837312432,0.1111111111111111,0.11085280978749044,1,0
0.0,2.5098039215686274,-0.2844958199592799,-0.4668695745617363,-0.4668695745617363,0.0,0.6215835489450211,0.3057862080103784,0.28669696074197043,0.0,0.3236529324331165,0.0,0.0,0.12255563685596386,0.09953799120194902,0.0,1.3273719327921307,0.0,0.2529015249281053,0.0,0.5131031692505524,1,0
0.1111111111111111,-0.25925925925925924,-0.2844958199592799,-0.4668695745617363,-0.4668695745617363,0.1111111111111111,-0.33404014502269297,-0.1386932439311027,-0.10735048804702164,0.1111111111111111,-0.12946365119646047,0.1111111111111111,0.0,-0.022802275747756392,-0.012312336475528375,0.0,-0.9531238224996238,0.1111111111111111,-0.04237391369570947,0.1111111111111111,0.0809464037658137,1,0
0.0,-0.29411764705882354,1.498577642135315,1.4598843756034523,1.4598843756034523,0.3333333333333333,-1.0828356361830347,-0.24620309161875784,-0.19686166059755505,0.3333333333333333,-0.24569901810638894,0.1111111111111111,0.19444444444444442,-0.18682883609339926,-2.4349041406302154,0.375,-1.3723900433022265,0.1111111111111111,-0.6720016705797187,0.4444444444444444,-0.1482068947908121,0,1
0.1111111111111111,-0.25925925925925924,-0.2844958199592799,-0.4668695745617363,-0.4668695745617363,0.1111111111111111,-0.5446712551415699,-0.25696334947661975,-0.14001564323410587,0.1111111111111111,-0.16838295792244487,0.1111111111111111,0.0,-0.06698199610753554,-0.024230948184563922,0.0,-0.9531238224996238,0.1111111111111111,-0.27080908240809903,0.1111111111111111,-0.038891540158578077,1,0
0.0,1.3943355119825709,-0.2844958199592799,-0.4668695745617363,-0.4668695745617363,0.0,0.5056419933648467,0.2335421134143391,0.20991966580956267,0.0,0.26970627842843103,0.0,0.0,-0.06570723888880595,0.19832123113362407,0.0,0.9662521913648202,0.0,0.32978753671742406,0.0,0.37908285920187135,1,0
0.2222222222222222,0.39215686274509803,-0.2420405106345698,-0.1916190102524235,-0.1916190102524236,0.0,-0.4552487516460558,-0.031672403407900916,0.10854127650719715,0.0,0.12776328546361485,0.0,0.027777777777777776,-0.23246997277265918,-2.4349041406302154,0.125,0.3871513198050401,0.0,-1.8377883046032708,0.0,-0.1940527750620471,1,0
0.1111111111111111,0.5577342047930284,-0.2844958199592799,-0.4668695745617363,-0.4668695745617363,0.1111111111111111,1.0015820714727937,0.3373132392364718,0.3102776052607857,0.1111111111111111,0.36295675613235856,0.1111111111111111,0.0,4.527472486448549,0.8217492689856853,0.0,0.5191192900072952,0.1111111111111111,0.3366134795080822,0.1111111111111111,0.38076749455651904,1,0
0.3333333333333333,-0.30501089324618735,0.4796657853361687,0.0836315540568891,0.083631554056889,0.1111111111111111,-0.28344402564916354,-0.06279104414039147,0.10854127650719715,0.1111111111111111,-0.11468542767022451,0.1111111111111111,0.05555555555555555,-0.17669374468021568,-0.06714785871571029,0.25,-1.666848273078999,0.1111111111111111,-0.030269367775838486,0.1111111111111111,-0.08297964862498919,0,1
0.1111111111111111,-0.29411764705882354,-0.2844958199592799,-0.4668695745617363,-0.4668695745617363,0.1111111111111111,0.1075940141604836,-1.4809843220475034,-1.2558335710649353,0.1111111111111111,-1.4978381506157068,0.1111111111111111,0.0,-0.14785068267455115,0.5745895413616111,0.0,-1.3723900433022265,0.0,-0.10688536464147705,0.1111111111111111,-0.060200737786788555,1,0
0.1111111111111111,-0.25925925925925924,0.6325256156628638,1.18463381129414,1.18463381129414,0.3333333333333333,0.9344291012844071,-0.031672403407900916,0.27295236848406923,0.1111111111111111,0.12776328546361485,0.3333333333333333,0.16666666666666666,-0.020357041527916772,0.8583985892333822,0.25,-0.9531238224996238,0.3333333333333333,-1.8377883046032708,0.1111111111111111,0.6530789337202222,0,1
0.0,0.6470588235294118,-0.2844958199592799,-0.4668695745617363,-0.4668695745617363,0.0,1.2866882672270719,-0.005687182925108412,0.27295236848406923,0.0,0.05456350937976096,0.1111111111111111,0.0,0.7717067112657477,0.3647003527839023,0.0,0.5814972662319737,0.1111111111111111,0.9587978162159532,0.0,0.2683112057194897,1,0
0.3333333333333333,-0.09586056644880174,0.0211810486223196,0.6341326826755145,0.6341326826755145,0.1111111111111111,0.28586575620272703,0.2185142480175868,0.20379951016410267,0.1111111111111111,0.25406944149657135,0.1111111111111111,0.1111111111111111,1.259546990806417,-2.4349041406302154,0.25,-0.2847917733012345,0.1111111111111111,0.2498592335544538,0.3333333333333333,0.27460302385729995,0,1
0.2222222222222222,0.9411764705882353,-0.2526542937416511,-0.1916190102524235,-0.1916190102524236,0.0,0.13100068389753539,0.3232829551964475,0.3333354774730562,0.0,-1.4978381506157068,0.0,0.027777777777777776,-0.1881914475288824,-0.696009428330851,0.125,0.7564222381735122,0.0,-1.8377883046032708,0.0,0.017853675089789346,1,0
0.0,0.8387799564270153,-0.2844958199592799,-0.4668695745617363,-0.4668695745617363,0.0,-0.20278910554807467,-1.4809843220475034,0.13314678911561498,0.0,0.2830399071466619,0.0,0.0,-0.1800834739498559,0.06283747218401088,0.0,0.6999923241170234,0.1111111111111111,-1.8377883046032708,0.0,-2.476644085611099,1,0
0.2222222222222222,-0.23529411764705882,0.60705576978589,1.4598843756034523,1.4598843756034523,0.3333333333333333,-0.11740473814974728,0.3057862080103784,-0.015781955055106312,0.3333333333333333,-0.020363180020070946,0.1111111111111111,0.19444444444444442,-0.07243741942548819,-2.4349041406302154,0.25,-0.7891132362483021,0.1111111111111111,-1.8377883046032708,0.3333333333333333,0.16869886832993028,0,1
0.1111111111111111,1.7799564270152506,-0.2844958199592799,-0.4668695745617363,-0.4668695745617363,0.1111111111111111,1.2009126299718649,0.5986575069612913,0.41445291328806366,0.1111111111111111,0.46535165651756244,0.1111111111111111,0.0,12.787932115818238,0.61362120221367,0.0,1.1095988810204689,0.1111111111111111,0.47089929258657703,0.1111111111111111,0.5608737646357244,1,0
0.3333333333333333,0.0,-0.0297646715936118,0.6341326826755145,0.6341326826755145,0.1111111111111111,0.26755887628083247,0.24833870910986947,0.10854127650719715,0.1111111111111111,0.272386000952281,0.1111111111111111,0.1111111111111111,1.541457484034425,-2.4349041406302154,0.25,-0.0875094222424097,0.1111111111111111,0.19334175121249722,0.3333333333333333,0.33742708388807957,0,1
0.1111111111111111,-0.25925925925925924,-0.2844958199592799,-0.4668695745617363,-0.4668695745617363,0.0,-0.2566217529609218,-0.3312611711923831,0.20178334479930826,0.1111111111111111,-1.4978381506157068,0.0,0.0,-0.2116365772196256,0.27033223006329665,0.0,-0.9531238224996238,0.0,-1.8377883046032708,0.1111111111111111,-2.476644085611099,1,0
0.2222222222222222,-0.29411764705882354,0.9891280815368592,0.9093832469848272,0.9093832469848272,0.1111111111111111,-0.2989254434999257,-0.011697378387615939,0.05693515131531388,0.3333333333333333,-0.020363180020070946,0.1111111111111111,0.1388888888888889,-0.10827148695128448,0.0096341289758159,0.25,-1.3723900433022265,0.1111111111111111,0.07824744290209906,0.3333333333333333,-2.476644085611099,0,1
0.0,0.5577342047930284,-0.2844958199592799,-0.4668695745617363,-0.4668695745617363,0.0,0.07033401112928495,-0.036978175257168934,-0.26053029706890873,0.1111111111111111,-0.5108694033197995,0.1111111111111111,0.0,-0.15803430545393007,-0.09161540606706751,0.0,0.5191192900072952,0.0,0.3314537720242779,0.0,0.3393374357004491,1,0
0.3333333333333333,-0.29411764705882354,3.026926323930682,3.1113877614593286,3.111387761459329,0.3333333333333333,0.22279254580123545,-1.4809843220475034,0.4805240422790004,0.3333333333333333,-1.4978381506157068,0.4444444444444444,0.3611111111111111,-0.23069596467912057,-2.4349041406302154,0.375,-1.3723900433022265,0.3333333333333333,-0.14386638314896705,0.3333333333333333,-2.476644085611099,0,1
0.0,-0.09586056644880174,-0.2844958199592799,-0.4668695745617363,-0.4668695745617363,0.0,-0.45723540580071587,-0.13115135523840257,-0.10089754224503887,0.0,0.0866461738814739,0.0,0.0,-0.21706089068745305,-0.19989679268035127,0.0,-0.2847917733012345,0.0,-0.09533845464392833,0.0,-0.18047314591531022,1,0
0.2222222222222222,7.529411764705882,-0.1953393236596071,1.4598843756034523,1.4598843756034523,0.3333333333333333,-0.08513008977797318,0.11363053313180634,0.1812882605018963,0.3333333333333333,0.066276523690121,0.1111111111111111,0.19444444444444442,3.3673388883081703,-2.4349041406302154,0.25,2.140314080450793,0.1111111111111111,-1.8377883046032708,0.3333333333333333,0.2637189492662903,0,1
0.1111111111111111,-0.23529411764705882,-0.2844958199592799,-0.4668695745617363,-0.4668695745617363,0.1111111111111111,-0.26392732643442585,0.11363053313180634,-0.1026345547097686,0.1111111111111111,-0.06564077290971382,0.1111111111111111,0.0,0.022813973051403414,0.004776175070544459,0.0,-0.7891132362483021,0.1111111111111111,-0.21749787014544092,0.1111111111111111,0.034791834629782185,1,0
0.0,-0.25925925925925924,-0.2844958199592799,-0.4668695745617363,-0.4668695745617363,0.1111111111111111,0.2339198511431092,0.1552404113136291,0.18283662347702082,0.0,0.21839244898306953,0.0,0.0,-0.20587254418843112,0.07761207039063552,0.0,-0.9531238224996238,0.0,-1.8377883046032708,0.0,0.3984783081391995,1,0
0.0,-0.30501089324618735,0.4796657853361687,0.0836315540568891,0.083631554056889,0.1111111111111111,-1.1667231846444055,-0.012460906204679907,-1.2558335710649353,0.0,-1.4978381506157068,0.1111111111111111,0.05555555555555555,-0.23136893295702862,-2.4349041406302154,0.25,-1.666848273078999,0.0,-1.8377883046032708,0.3333333333333333,-0.21167781400179753,0,1
0.3333333333333333,2.5098039215686274,-0.1995849654476854,0.6341326826755145,0.6341326826755145,0.0,-5.028059896155144,-1.4809843220475034,-1.2558335710649353,0.0,-1.4978381506157068,0.0,0.1111111111111111,-0.21093100581878638,-2.4349041406302154,0.25,1.3273719327921307,0.0,-1.8377883046032708,0.3333333333333333,-2.476644085611099,0,1
0.2222222222222222,-0.30501089324618735,4.300473811813412,2.836137197150016,2.8361371971500167,0.3333333333333333,0.07620860033444504,0.3057862080103784,-0.0346731798337947,0.3333333333333333,0.3236529324331165,0.3333333333333333,0.3333333333333333,-0.19873992663052947,-0.2131146983687719,0.375,-1.666848273078999,0.4444444444444444,-1.8377883046032708,0.3333333333333333,-0.060200737786788555,0,1
0.2222222222222222,0.39215686274509803,-0.2420405106345698,-0.1916190102524235,-0.1916190102524236,0.0,-5.028059896155144,-1.4809843220475034,-1.2558335710649353,0.0,-1.4978381506157068,0.0,0.027777777777777776,-0.23333009790892031,-2.4349041406302154,0.125,0.3871513198050401,0.0,-1.8377883046032708,0.0,-2.476644085611099,1,0
0.3333333333333333,-0.05010893246187364,-0.1455516624742182,0.0836315540568891,0.083631554056889,0.1111111111111111,0.07620860033444504,-0.031672403407900916,0.27295236848406923,0.1111111111111111,-0.12946365119646047,0.1111111111111111,0.05555555555555555,0.2559019118869493,0.13997425265217076,0.25,-0.1828566844305228,0.1111111111111111,0.07824744290209906,0.1111111111111111,0.0,0,1
0.3333333333333333,0.11328976034858387,0.3705279127646692,2.836137197150016,2.8361371971500167,0.3333333333333333,0.422287058427118,-1.4809843220475034,0.21400316754995638,0.3333333333333333,0.2534171714435722,0.3333333333333333,0.3333333333333333,2.2140758383482417,0.47132720481592627,0.25,0.0869332819236188,0.3333333333333333,0.21925214039343546,0.3333333333333333,0.21961315785587668,0,1
0.2222222222222222,-0.23529411764705882,0.0975977185029357,0.3588821183662018,0.3588821183662018,0.1111111111111111,-1.6133511214249472,-1.4809843220475034,-1.2558335710649353,0.1111111111111111,-1.4978381506157068,0.0,0.08333333333333333,-0.10097535602112484,-2.4349041406302154,0.25,-0.7891132362483021,0.0,-1.8377883046032708,0.3333333333333333,-0.1817426619124658,0,1
0.3333333333333333,-0.29411764705882354,3.536375884529138,3.661888890077954,3.6618888900779543,0.3333333333333333,-0.15133418564170553,-1.4809843220475034,-0.015781955055106312,0.3333333333333333,-1.4978381506157068,0.5555555555555556,0.41666666666666663,-0.11589763117157208,0.13997425265217076,0.5,-1.3723900433022265,0.4444444444444444,0.21925214039343546,0.3333333333333333,0.034791834629782185,0,1
0.2222222222222222,0.11328976034858387,-0.0115692646576344,0.9093832469848272,0.9093832469848272,0.1111111111111111,0.5685411528165828,0.3057862080103784,0.27295236848406923,0.3333333333333333,0.3320388515893662,0.1111111111111111,0.1388888888888889,2.694313866033518,0.4123958978726874,0.25,0.0869332819236188,0.1111111111111111,0.35508346069795704,0.3333333333333333,-2.476644085611099,0,1
0.1111111111111111,-0.09586056644880174,0.3268579172039191,1.7351349399127651,1.7351349399127654,0.3333333333333333,-0.22490377837556208,0.11363053313180634,-1.2558335710649353,0.3333333333333333,-1.4978381506157068,0.3333333333333333,0.2222222222222222,-0.0033685745715551323,0.18953232746223397,0.25,-0.2847917733012345,0.3333333333333333,-0.09634369408832952,0.1111111111111111,0.034791834629782185,0,1
0.0,0.17647058823529413,-0.2844958199592799,-0.4668695745617363,-0.4668695745617363,0.0,0.7243252849199471,0.13179631348480716,0.19520828654665148,0.0,0.21923027754021632,0.0,0.0,-0.03034205902409646,0.5560626821572658,0.0,0.1673597344439074,0.0,0.35415768402366693,0.0,0.575301608427886,1,0
0.2222222222222222,0.0,-0.0934474586850288,0.3588821183662018,0.3588821183662018,0.1111111111111111,0.6094871959838606,0.4290728839133621,0.2618486501379135,0.1111111111111111,0.3011257616335053,0.1111111111111111,0.08333333333333333,1.9103675442133188,-2.4349041406302154,0.25,-0.0875094222424097,0.1111111111111111,0.34215650631874583,0.3333333333333333,0.4031137305813003,1,0
0.2222222222222222,-0.30501089324618735,1.6259081932793418,0.9093832469848272,0.9093832469848272,0.1111111111111111,-0.2926893565317833,0.006539905894159156,0.14857534644596138,0.1111111111111111,-1.4978381506157068,0.3333333333333333,0.1388888888888889,-0.17791424632032696,-2.4349041406302154,0.25,-1.666848273078999,0.1111111111111111,0.12376276808084535,0.3333333333333333,-0.043881809452999555,0,1
0.0,5.132897603485839,-0.2844958199592799,-0.4668695745617363,-0.4668695745617363,0.0,0.5591454334317952,-1.4809843220475034,-1.2558335710649353,0.0,0.36508116564535387,0.0,0.0,0.22317584282805952,-0.31818782496718123,0.0,1.8373853869087895,0.0,0.4086526016896813,0.0,0.6677770566671215,1,0
0.0,0.5577342047930284,-0.1316566214801296,0.6341326826755145,0.6341326826755145,0.0,-3.039732444499388,-1.4809843220475034,-1.2558335710649353,0.3333333333333333,-1.4978381506157068,0.0,0.1111111111111111,-0.21518683331591182,-2.4349041406302154,0.25,0.5191192900072952,0.0,-0.7063671058027888,0.3333333333333333,-1.3757132662584144,0,1
0.2222222222222222,-0.3115468409586057,2.00787438314755,0.3588821183662018,0.3588821183662018,0.1111111111111111,-0.7206517656209128,-0.2802961560058283,-0.015781955055106312,0.1111111111111111,-0.28164738747805435,0.1111111111111111,0.08333333333333333,-0.22052254593058274,-2.0816009388130823,0.25,-2.102083711231995,0.1111111111111111,-0.06467616788376504,0.3333333333333333,-0.11230678732209605,0,1
0.2222222222222222,0.11328976034858387,0.0976013574630238,1.4598843756034523,1.4598843756034523,0.3333333333333333,-1.181084203433356,-1.4809843220475034,-1.2558335710649353,0.3333333333333333,-1.4978381506157068,0.0,0.19444444444444442,-0.18761255543775293,0.0096341289758159,0.25,0.0869332819236188,0.0,-1.8377883046032708,0.3333333333333333,-2.476644085611099,0,1
0.2222222222222222,0.8387799564270153,-0.2512698855774418,-0.1916190102524235,-0.1916190102524236,0.0,-5.028059896155144,-1.4809843220475034,-1.2558335710649353,0.0,-1.4978381506157068,0.0,0.027777777777777776,-0.23333009790892031,-2.4349041406302154,0.125,0.6999923241170234,0.0,-1.8377883046032708,0.0,-2.476644085611099,1,0
0.0,-0.29411764705882354,0.2249537406391757,0.0836315540568891,0.083631554056889,0.1111111111111111,-0.4758434306326321,-1.4809843220475034,-0.018674100402803866,0.0,-1.4978381506157068,0.1111111111111111,0.05555555555555555,-0.21956884236514504,-2.4349041406302154,0.25,-1.3723900433022265,0.1111111111111111,0.2139407496668845,0.3333333333333333,-0.08180262161684389,1,0
0.1111111111111111,1.5185185185185186,-0.1263860589496875,1.18463381129414,1.18463381129414,0.3333333333333333,-0.5249119834713413,-1.4809843220475034,-0.055789143861963854,0.1111111111111111,-0.04287136549723655,0.3333333333333333,0.16666666666666666,0.14085320630559325,-0.15453537925888908,0.25,1.0152348983243975,0.3333333333333333,-0.09634369408832952,0.1111111111111111,-0.060200737786788555,1,0
0.0,-0.29411764705882354,1.7533024224345426,1.7351349399127651,1.7351349399127654,0.3333333333333333,-1.9788579444882053,-0.6186091650643002,-0.517973284904083,0.3333333333333333,-1.4978381506157068,0.3333333333333333,0.2222222222222222,-0.23287240979387858,-0.5455826219529935,0.25,-1.3723900433022265,0.3333333333333333,-1.8377883046032708,0.0,-0.8921574195960921,0,1
0.0,-0.3115468409586057,-0.2844958199592799,-0.4668695745617363,-0.4668695745617363,0.0,-0.5534330453880661,-1.4809843220475034,-1.2558335710649353,0.0,0.019125198902278005,0.0,0.0,-0.2319523048665761,-0.37610881610861485,0.0,-2.102083711231995,0.0,0.1792297309204131,0.0,-0.5123298419798108,1,0
0.0,0.11328976034858387,-0.2844958199592799,-0.4668695745617363,-0.4668695745617363,0.0,1.136796497630734,0.23098125874457032,0.10854127650719715,0.0,0.8111288595264408,0.0,0.0,0.11919079546642372,-0.09107446653479219,0.0,0.0869332819236188,0.1111111111111111,0.3712698683521392,0.0,0.2895985300192899,1,0
0.1111111111111111,0.3159041394335512,-0.2844958199592799,-0.4668695745617363,-0.4668695745617363,0.1111111111111111,0.7659218601633497,0.37635904418299726,0.27295236848406923,0.1111111111111111,0.24739437221879784,0.1111111111111111,0.0,4.189021458330222,0.38856701644178904,0.0,0.3170934418812415,0.1111111111111111,0.39393321331111475,0.1111111111111111,0.5315972218020605,1,0
0.4444444444444444,-0.30501089324618735,3.154231403870239,2.0103855042220777,2.010385504222078,0.3333333333333333,-0.4715373574182541,-0.24913711197965666,0.10854127650719715,0.3333333333333333,-0.21599673831435315,0.1111111111111111,0.25,-0.18257823505109483,-2.4349041406302154,0.375,-1.666848273078999,0.1111111111111111,-1.8377883046032708,0.3333333333333333,0.1795287835743337,0,1
0.0,0.0,-0.2844958199592799,-0.4668695745617363,-0.4668695745617363,0.1111111111111111,1.0899067452683302,0.3057862080103784,0.232909330105537,0.1111111111111111,0.3236529324331165,0.1111111111111111,0.0,0.5775528743012727,0.9299389832772492,0.0,-0.0875094222424097,0.1111111111111111,0.42758709717101306,0.1111111111111111,0.33742708388807957,1,0
0.0,0.054466230936819175,-0.2844958199592799,-0.4668695745617363,-0.4668695745617363,0.0,-0.3124044854302929,-1.4809843220475034,0.10881017526490083,0.0,-0.04358461395942979,0.0,0.0,-0.2255715501664999,0.13997425265217076,0.0,0.0021753538983214,0.0,-0.09634369408832952,0.0,-0.39330356884437706,1,0
0.1111111111111111,-0.29411764705882354,1.7533024224345426,1.7351349399127651,1.7351349399127654,0.3333333333333333,-0.353312973572868,0.11363053313180634,-1.2558335710649353,0.3333333333333333,-0.020363180020070946,0.3333333333333333,0.2222222222222222,-0.18570365503407152,0.13997425265217076,0.25,-1.3723900433022265,0.3333333333333333,-1.8377883046032708,0.1111111111111111,-0.1940527750620471,0,1
0.2222222222222222,1.3943355119825709,-0.2572030669556937,-0.1916190102524235,-0.1916190102524236,0.1111111111111111,0.9298907432432457,-0.02937971352558223,0.27295236848406923,0.1111111111111111,-0.037712321184419764,0.1111111111111111,0.027777777777777776,0.9858554711026823,0.9615980916882605,0.125,0.9662521913648202,0.1111111111111111,-0.06556606627182392,0.0,0.034791834629782185,1,0
0.1111111111111111,1.159041394335512,-0.2844958199592799,-0.4668695745617363,-0.4668695745617363,0.1111111111111111,1.9121431464457619,0.5752018820197092,0.8428372211067278,0.1111111111111111,0.6201088676968384,0.1111111111111111,0.0,2.4129494128949087,0.7338225244622574,0.0,0.8643003776574393,0.1111111111111111,0.6456163668549717,0.1111111111111111,0.7784856885019996,1,0
0.1111111111111111,0.9411764705882353,-0.2844958199592799,-0.4668695745617363,-0.4668695745617363,0.1111111111111111,0.9606094123210508,0.4046032247727056,0.35076636680614964,0.1111111111111111,0.4241497408825051,0.1111111111111111,0.0,7.610694570957834,0.5307939763978908,0.0,0.7564222381735122,0.1111111111111111,0.42783900320732504,0.1111111111111111,0.5370577548417982,1,0
0.2222222222222222,-0.25925925925925924,0.1740148978517919,0.3588821183662018,0.3588821183662018,0.1111111111111111,-0.40059319825406237,0.19865366409457927,0.10854127650719715,0.1111111111111111,-0.28827338803362773,0.1111111111111111,0.08333333333333333,-0.1917250287455015,-2.4349041406302154,0.25,-0.9531238224996238,0.1111111111111111,-0.5010189380442357,0.3333333333333333,-0.1836561294138805,0,1
0.1111111111111111,0.7407407407407407,-0.2844958199592799,-0.4668695745617363,-0.4668695745617363,0.1111111111111111,1.8272989532069055,0.47091710672943515,0.875795442924334,0.1111111111111111,0.36284997966396115,0.1111111111111111,0.0,6.612605462391923,0.5270853668270672,0.0,0.6417328970763176,0.1111111111111111,0.48685849286680244,0.1111111111111111,0.49342979186808666,1,0
0.2222222222222222,-0.25925925925925924,1.2438732394109595,2.2856360685313906,2.2856360685313915,0.3333333333333333,-0.004725587036236798,-0.03870476143310599,0.0032546655521961104,0.3333333333333333,-0.03267480749045036,0.3333333333333333,0.2777777777777778,0.06214254782206161,0.42047010155206693,0.25,-0.9531238224996238,0.3333333333333333,0.030698616631191496,0.2222222222222222,-2.476644085611099,0,1
0.1111111111111111,-0.20697167755991286,-0.2844958199592799,-0.4668695745617363,-0.4668695745617363,0.1111111111111111,-0.15133418564170553,-0.031672403407900916,-0.015781955055106312,0.1111111111111111,-0.020363180020070946,0.1111111111111111,0.0,-0.14218421013334928,0.08136281572751122,0.0,-0.6440902286753902,0.1111111111111111,0.07824744290209906,0.1111111111111111,0.034791834629782185,1,0
0.1111111111111111,-0.25925925925925924,-0.2844958199592799,-0.4668695745617363,-0.4668695745617363,0.1111111111111111,-0.0784231002725856,-0.02224715056121111,-0.007546225712777239,0.1111111111111111,-0.00530978777127908,0.1111111111111111,0.0,0.057957650783221584,0.005428157925765442,0.0,-0.9531238224996238,0.1111111111111111,-0.08143302588283054,0.1111111111111111,0.2956512045689566,1,0
0.0,0.11328976034858387,-0.2844958199592799,-0.4668695745617363,-0.4668695745617363,0.0,0.9081264286359849,0.14348228372656133,-0.15888698769050652,0.0,0.21936959706675893,0.0,0.0,-0.01597926341830058,0.8236345326520305,0.0,0.0869332819236188,0.0,0.2504324671835559,0.0,0.6313915283609538,1,0
0.2222222222222222,-0.09586056644880174,0.0976002657677195,0.9093832469848272,0.9093832469848272,0.3333333333333333,0.3045896042969509,0.45117298070474154,-0.04178463181474268,0.3333333333333333,0.42026576641823576,0.0,0.1388888888888889,-0.17159322253249115,-0.724647628070405,0.25,-0.2847917733012345,0.1111111111111111,-1.8377883046032708,0.0,-2.476644085611099,0,1
0.2222222222222222,1.5185185185185186,-0.1527376857846195,0.9093832469848272,0.9093832469848272,0.1111111111111111,0.13177288105305968,0.10243392013942088,0.1380836507292882,0.3333333333333333,0.3835010400313833,0.1111111111111111,0.1388888888888889,0.6994793455483048,-0.10500025033056164,0.25,1.0152348983243975,0.1111111111111111,0.11400702161742059,0.3333333333333333,-2.476644085611099,0,1
0.2222222222222222,-0.29411764705882354,0.4796785209384036,0.3588821183662018,0.3588821183662018,0.1111111111111111,-0.38972420897950666,-0.04463918961361936,0.008185579544304504,0.1111111111111111,-0.04192405291530618,0.1111111111111111,0.08333333333333333,-0.10930707164225169,-2.4349041406302154,0.25,-1.3723900433022265,0.1111111111111111,0.05531678203400171,0.3333333333333333,0.002194083094437453,0,1
0.0,1.2745098039215685,-0.2278886360321305,0.0836315540568891,0.083631554056889,0.0,1.054542487681199,0.19865366409457927,0.1812882605018963,0.3333333333333333,0.12776328546361485,0.1111111111111111,0.05555555555555555,0.8464427752972857,0.04433566587405043,0.25,0.9159689132265976,0.1111111111111111,0.8820489057472813,0.0,-2.476644085611099,1,0
0.0,-0.25925925925925924,-0.2844958199592799,-0.4668695745617363,-0.4668695745617363,0.1111111111111111,-0.2567850406009787,-0.053751546627400455,-0.015781955055106312,0.1111111111111111,0.018591671476249207,0.1111111111111111,0.0,-0.10137455761793124,-0.08282810616588625,0.0,-0.9531238224996238,0.1111111111111111,0.005775291400744047,0.1111111111111111,0.034791834629782185,1,0
0.0,0.11328976034858387,0.3705279127646692,2.836137197150016,2.8361371971500167,0.3333333333333333,0.003205276774789403,0.11363053313180634,0.1812882605018963,0.4444444444444444,0.12776328546361485,0.3333333333333333,0.3333333333333333,0.06647677214150254,0.13997425265217076,0.625,0.0869332819236188,0.6666666666666666,0.07824744290209906,0.0,-2.476644085611099,0,1
0.0,0.0,-0.1571302457764458,0.0836315540568891,0.083631554056889,0.0,-0.34495772558977633,-1.4809843220475034,0.17881914410368577,0.0,-0.5108694033197995,0.0,0.05555555555555555,-0.20380510798851176,-0.5670610812666722,0.25,-0.0875094222424097,0.3333333333333333,0.1935012850511174,0.0,-0.3985778397275008,1,0
0.1111111111111111,1.6470588235294117,-0.2844958199592799,-0.4668695745617363,-0.4668695745617363,0.0,1.0718686890677462,0.3057862080103784,0.27295236848406923,0.1111111111111111,0.4779362787432158,0.0,0.0,0.9385605347907673,0.8803671307111754,0.0,1.0629938337787594,0.1111111111111111,0.3113932332565499,0.1111111111111111,0.33742708388807957,1,0
0.2222222222222222,0.0,0.4160148380463074,2.5608866328407034,2.560886632840704,0.3333333333333333,0.13746831277704066,0.14293598384450348,-1.2558335710649353,0.3333333333333333,0.3320388515893662,0.3333333333333333,0.3055555555555555,0.7785742729005827,-2.4349041406302154,0.25,-0.0875094222424097,0.3333333333333333,-1.8377883046032708,0.3333333333333333,0.45788174772413515,0,1
0.1111111111111111,1.5185185185185186,-0.2844958199592799,-0.4668695745617363,-0.4668695745617363,0.1111111111111111,0.5342028937211194,0.19865366409457927,0.17972642431954644,0.1111111111111111,0.3236529324331165,0.1111111111111111,0.0,6.233038660832949,0.38856701644178904,0.0,1.0152348983243975,0.1111111111111111,0.2529015249281053,0.1111111111111111,0.356674874839011,1,0
0.1111111111111111,0.7407407407407407,-0.2844958199592799,-0.4668695745617363,-0.4668695745617363,0.1111111111111111,0.8272054012916439,0.3015489596095801,0.30567126224700725,0.1111111111111111,0.31492470755012675,0.1111111111111111,0.0,5.8857603994006995,0.49675913479274253,0.0,0.6417328970763176,0.1111111111111111,0.42400176759450015,0.1111111111111111,0.5315972218020605,1,0
0.2222222222222222,7.015250544662309,-0.2449683115562402,0.3588821183662018,0.3588821183662018,0.1111111111111111,1.631883971609298,0.5845592421512802,0.49094906603426125,0.1111111111111111,0.5838316461715314,0.1111111111111111,0.08333333333333333,39.118521311491726,-2.4349041406302154,0.25,2.082866912739321,0.1111111111111111,0.8894874506905643,0.3333333333333333,1.007460595605875,1,0
0.3333333333333333,-0.17429193899782136,0.0975993105394455,0.6341326826755145,0.6341326826755145,0.0,0.06980871900860178,0.10021048611729469,0.11479959865018789,0.0,0.12776328546361485,0.0,0.1111111111111111,-0.22097774525761446,-2.4349041406302154,0.25,-0.5135592262370264,0.0,0.044894797107469984,0.3333333333333333,0.37320699507208765,0,1
0.2222222222222222,-0.25925925925925924,0.4796887097258397,0.9093832469848272,0.9093832469848272,0.1111111111111111,0.7135562822115953,0.3679215067788623,0.44967299456374094,0.1111111111111111,-1.4978381506157068,0.3333333333333333,0.1388888888888889,-0.04942235230287556,-2.4349041406302154,0.25,-0.9531238224996238,0.1111111111111111,0.483827131156964,0.3333333333333333,0.33742708388807957,0,1
0.3333333333333333,-0.29411764705882354,2.2627519830329987,2.2856360685313906,2.2856360685313915,0.3333333333333333,1.2266542306686041,-1.4809843220475034,0.18688213270627943,0.3333333333333333,0.039766003408195714,0.3333333333333333,0.2777777777777778,-0.027725098431565807,0.9110169982361035,0.25,-1.3723900433022265,0.3333333333333333,0.34697370995366633,0.0,0.960842101011953,0,1
0.3333333333333333,-0.30501089324618735,2.7721506012225148,1.7351349399127651,1.7351349399127654,0.3333333333333333,-0.6309128637305025,0.03885253254617039,-1.2558335710649353,0.3333333333333333,-0.020363180020070946,0.1111111111111111,0.2222222222222222,-0.20371949368096726,-0.08282810616588625,0.25,-1.666848273078999,0.1111111111111111,-1.8377883046032708,0.3333333333333333,-0.31175358898650224,0,1
0.2222222222222222,0.2440087145969499,-0.0456848708478014,0.9093832469848272,0.9093832469848272,0.0,-5.028059896155144,-1.4809843220475034,-1.2558335710649353,0.3333333333333333,-1.4978381506157068,0.0,0.1388888888888889,0.047930821648473614,-2.4349041406302154,0.25,0.2439439807007004,0.0,-1.8377883046032708,0.3333333333333333,-2.476644085611099,0,1
0.1111111111111111,3.1721132897603486,-0.2844958199592799,-0.4668695745617363,-0.4668695745617363,0.0,-0.052374696707980596,-0.3758981148351963,0.2184340260758331,0.0,-0.4248654346694974,0.0,0.0,3.4339886312163705,0.2324632635633931,0.0,1.486110633212629,0.0,-0.09634369408832952,0.1111111111111111,0.034791834629782185,1,0
0.2222222222222222,0.2440087145969499,-0.2367336301369842,-0.1916190102524235,-0.1916190102524236,0.0,-1.414434245665154,-1.4809843220475034,0.04507190186257559,0.0,-1.4978381506157068,0.0,0.027777777777777776,-0.23333009790892031,-2.4349041406302154,0.125,0.2439439807007004,0.0,-1.8377883046032708,0.0,-2.476644085611099,1,0
0.2222222222222222,-0.30501089324618735,0.0975849826884444,-0.1916190102524235,-0.1916190102524236,0.0,-2.871569959132393,-1.4809843220475034,-1.2558335710649353,0.0,-1.4978381506157068,0.0,0.027777777777777776,-0.2332554342686199,-0.8213949444894436,0.125,-1.666848273078999,0.0,-1.8377883046032708,0.0,-2.476644085611099,0,1
0.1111111111111111,-0.2788671023965142,-0.2844958199592799,-0.4668695745617363,-0.4668695745617363,0.1111111111111111,-0.395136393596439,-1.4809843220475034,-1.2558335710649353,0.1111111111111111,0.066276523690121,0.1111111111111111,0.0,-0.06884211626622068,0.0096341289758159,0.0,-1.1433092459291831,0.1111111111111111,-0.0790706519217759,0.1111111111111111,0.034791834629782185,1,0
0.1111111111111111,0.11328976034858387,0.1521866685233528,1.7351349399127651,1.7351349399127654,0.3333333333333333,0.6923154129280004,0.2589858554836899,0.27295236848406923,0.3333333333333333,0.4241497408825051,0.3333333333333333,0.2222222222222222,2.0183276837845505,0.5577332855671004,0.25,0.0869332819236188,0.3333333333333333,-1.8377883046032708,0.1111111111111111,0.39765349836135255,0,1
0.3333333333333333,-0.25925925925925924,0.0211779919147679,0.0836315540568891,0.083631554056889,0.1111111111111111,-0.3497326538202877,-0.10760598866112799,-0.07542378996310348,0.1111111111111111,-0.10273869574514555,0.1111111111111111,0.05555555555555555,0.03349535343278529,-0.0004878267878984854,0.25,-0.9531238224996238,0.1111111111111111,-0.029495572980572354,0.1111111111111111,-0.018291654946366694,0,1
0.0,-0.23529411764705882,-0.2844958199592799,-0.4668695745617363,-0.4668695745617363,0.0,-1.2953246743486406,-0.19206298176002123,-1.2558335710649353,0.0,-1.4978381506157068,0.0,0.0,-0.2120853056978313,-0.15001522434378067,0.0,-0.7891132362483021,0.0,-1.8377883046032708,0.0,-2.476644085611099,1,0
0.3333333333333333,0.054466230936819175,-0.0493592245867171,0.6341326826755145,0.6341326826755145,0.1111111111111111,1.63961442073625,0.9892262215246455,0.21838539041987984,0.1111111111111111,0.19800285038346174,0.1111111111111111,0.1111111111111111,2.6028138237241225,-2.4349041406302154,0.25,0.0021753538983214,0.0,0.13446858275768922,0.3333333333333333,0.20017849783525957,0,1
0.1111111111111111,-0.25925925925925924,-0.2844958199592799,-0.4668695745617363,-0.4668695745617363,0.1111111111111111,0.15096712107701382,0.2589858554836899,0.10854127650719715,0.1111111111111111,0.29743561498149257,0.1111111111111111,0.0,-0.0335725058610958,0.022086380077491564,0.0,-0.9531238224996238,0.1111111111111111,-0.27080908240809903,0.1111111111111111,0.03495690639527149,1,0
0.1111111111111111,1.159041394335512,-0.2844958199592799,-0.4668695745617363,-0.4668695745617363,0.1111111111111111,0.7693957905944278,0.3057862080103784,0.19286853421519484,0.1111111111111111,0.3236529324331165,0.1111111111111111,0.0,8.231394318594731,0.5270853668270672,0.0,0.8643003776574393,0.1111111111111111,0.3091352594538665,0.1111111111111111,0.5664037311873185,1,0
0.0,2.0588235294117645,-0.2844958199592799,-0.4668695745617363,-0.4668695745617363,0.0,-5.028059896155144,-1.4809843220475034,-1.2558335710649353,0.0,-1.4978381506157068,0.0,0.0,-0.23333009790892031,-2.4349041406302154,0.0,1.199597083727945,0.0,-1.8377883046032708,0.0,-2.476644085611099,1,0
0.1111111111111111,0.8387799564270153,-0.2844958199592799,-0.4668695745617363,-0.4668695745617363,0.1111111111111111,0.12189379548264592,0.1253530818337242,0.11678102861398539,0.1111111111111111,0.1355292538194705,0.1111111111111111,0.0,2.1808393188684976,0.23898758815481372,0.0,0.6999923241170234,0.1111111111111111,0.07862506612869025,0.1111111111111111,0.03313656497630993,1,0
0.1111111111111111,-0.25925925925925924,0.0211779919147679,0.0836315540568891,0.083631554056889,0.1111111111111111,-0.22257346340321077,-0.031672403407900916,0.0013089566649129294,0.3333333333333333,0.018591671476249207,0.1111111111111111,0.05555555555555555,0.019778398315588273,0.24274617508114593,0.25,-0.9531238224996238,0.1111111111111111,-0.0723423737244373,0.1111111111111111,-2.476644085611099,1,0
0.1111111111111111,0.2440087145969499,-0.2844958199592799,-0.4668695745617363,-0.4668695745617363,0.0,-1.624862480191563,-1.4809843220475034,-1.2558335710649353,0.1111111111111111,-1.4978381506157068,0.0,0.0,0.24248634899776506,-0.20675266233542738,0.0,0.2439439807007004,0.0,-1.8377883046032708,0.1111111111111111,-2.476644085611099,1,0
0.1111111111111111,-0.25925925925925924,0.0211779919147679,0.0836315540568891,0.083631554056889,0.0,0.3942166787497102,-0.10670500358470443,-0.11342517568166595,0.0,-1.4978381506157068,0.3333333333333333,0.05555555555555555,-0.11126624556373538,-0.201442160542091,0.25,-0.9531238224996238,0.1111111111111111,0.6380079015675219,0.1111111111111111,-0.22265056867457275,1,0
0.1111111111111111,0.9411764705882353,-0.2844958199592799,-0.4668695745617363,-0.4668695745617363,0.1111111111111111,0.9334427938965334,0.3592929107363523,0.31697277634271875,0.1111111111111111,0.36808981498195387,0.1111111111111111,0.0,7.108345652833982,0.45533257435354596,0.0,0.7564222381735122,0.1111111111111111,0.5390177383335322,0.1111111111111111,0.5494586203254689,1,0
0.0,0.17647058823529413,-0.2844958199592799,-0.4668695745617363,-0.4668695745617363,0.0,0.5218037763182933,-0.42846419375793426,-0.30128481327064616,0.0,0.05137949822158888,0.0,0.0,-0.10765252537319378,0.3370668709443834,0.0,0.1673597344439074,0.0,-1.8377883046032708,0.0,0.7782247915930556,1,0
0.0,-0.20697167755991286,-0.2844958199592799,-0.4668695745617363,-0.4668695745617363,0.0,-0.17126649565907667,0.13275552428340434,-1.2558335710649353,0.0,-0.04192405291530618,0.0,0.0,-0.21643296947252627,0.07236578058149083,0.0,-0.6440902286753902,0.0,0.12741668212857143,0.0,-0.11750172346436627,1,0
0.1111111111111111,0.39215686274509803,-0.2844958199592799,-0.4668695745617363,-0.4668695745617363,0.1111111111111111,1.867355287167458,0.31753200888343697,0.1812882605018963,0.1111111111111111,0.33647441079358265,0.1111111111111111,0.0,4.343888532162607,1.447695180639514,0.0,0.3871513198050401,0.1111111111111111,0.3091352594538665,0.0,0.44857565069185484,1,0
0.2222222222222222,-0.25925925925925924,1.0910363334739357,2.0103855042220777,2.010385504222078,0.3333333333333333,-0.20196179438965411,-0.031672403407900916,0.2237050635851947,0.3333333333333333,-1.4978381506157068,0.3333333333333333,0.25,-0.10835560798602298,-2.4349041406302154,0.25,-0.9531238224996238,0.1111111111111111,-0.15252708390055125,0.3333333333333333,0.19001494244369144,0,1
0.1111111111111111,-0.29411764705882354,0.2249537406391757,0.0836315540568891,0.083631554056889,0.3333333333333333,-0.30980505208547404,0.05331580804312823,-1.2558335710649353,0.1111111111111111,-0.020363180020070946,0.1111111111111111,0.05555555555555555,-0.18145828044658813,-0.08801167735396759,0.25,-1.3723900433022265,0.1111111111111111,-1.8377883046032708,0.1111111111111111,0.21961315785587668,1,0
0.2222222222222222,-0.25925925925925924,1.3967101453479835,2.5608866328407034,2.560886632840704,0.3333333333333333,-0.48442536145988135,-1.4809843220475034,-0.03849868398505948,0.3333333333333333,0.07465860767532255,0.3333333333333333,0.3055555555555555,-0.09231039168545707,-2.4349041406302154,0.25,-0.9531238224996238,0.3333333333333333,-1.8377883046032708,0.3333333333333333,0.20017849783525957,0,1
0.1111111111111111,-0.25925925925925924,0.9381994275369115,1.7351349399127651,1.7351349399127654,0.3333333333333333,0.9462178707028631,0.11363053313180634,-1.2558335710649353,0.3333333333333333,0.1167995589950884,0.3333333333333333,0.2222222222222222,0.0742654342188441,0.989335083590372,0.25,-0.9531238224996238,0.3333333333333333,0.2465214461162724,0.1111111111111111,-2.476644085611099,0,1
0.1111111111111111,3.3485838779956425,-0.2099399224492042,0.6341326826755145,0.6341326826755145,0.1111111111111111,0.8510441523031891,0.6425129411565718,-1.2558335710649353,0.1111111111111111,-1.4978381506157068,0.3333333333333333,0.1111111111111111,1.6746297927835103,0.21274082392153607,0.25,1.5239621819167464,0.3333333333333333,0.5499537582139596,0.1111111111111111,-0.04788659947767968,1,0
0.0,-0.29411764705882354,0.2249537406391757,0.0836315540568891,0.083631554056889,0.0,-0.920011416573317,-1.4809843220475034,-1.2558335710649353,0.3333333333333333,-1.4978381506157068,0.0,0.05555555555555555,-0.2302778482934381,-0.013691814979758318,0.25,-1.3723900433022265,0.0,-0.07006330343676226,0.0,-2.476644085611099,1,0
0.1111111111111111,0.0,-0.1571302457764458,0.0836315540568891,0.083631554056889,0.1111111111111111,0.43366215148648424,-1.4809843220475034,0.3973473314367822,0.1111111111111111,0.3236529324331165,0.1111111111111111,0.05555555555555555,0.214717447897223,0.13997425265217076,0.25,-0.0875094222424097,0.3333333333333333,0.07824744290209906,0.1111111111111111,0.16869886832993028,1,0
0.0,-0.30501089324618735,0.4796657853361687,0.0836315540568891,0.083631554056889,0.1111111111111111,-1.2744822128635878,-1.4809843220475034,-1.2558335710649353,0.3333333333333333,-1.4978381506157068,0.1111111111111111,0.05555555555555555,-0.23091298699359386,-0.0358669194180388,0.25,-1.666848273078999,0.1111111111111111,-1.8377883046032708,0.0,-2.476644085611099,1,0
0.1111111111111111,0.9411764705882353,-0.2844958199592799,-0.4668695745617363,-0.4668695745617363,0.1111111111111111,1.1439180917958176,0.564321791648821,0.5217512668649608,0.1111111111111111,0.38372718829020314,0.1111111111111111,0.0,7.2788654610977535,0.49320600580578183,0.0,0.7564222381735122,0.1111111111111111,0.39393321331111475,0.1111111111111111,0.4713671374376505,1,0
0.3333333333333333,-0.23529411764705882,1.243878333889583,2.836137197150016,2.8361371971500167,0.3333333333333333,-0.4125729071515308,-0.031672403407900916,-1.2558335710649353,0.3333333333333333,0.12776328546361485,0.3333333333333333,0.3333333333333333,-0.03773674595945268,-0.04260204376723723,0.25,-0.7891132362483021,0.3333333333333333,-0.09634369408832952,0.3333333333333333,-0.31175358898650224,0,1
0.1111111111111111,-0.17429193899782136,-0.2844958199592799,-0.4668695745617363,-0.4668695745617363,0.1111111111111111,-0.17176898525745374,-0.15998279834580836,-0.2049073722195121,0.1111111111111111,0.15122299849801982,0.1111111111111111,0.0,0.2817514596741679,0.08709768911788164,0.0,-0.5135592262370264,0.1111111111111111,-0.023389270876992854,0.1111111111111111,0.06746516148703824,1,0
0.1111111111111111,-0.25925925925925924,-0.2844958199592799,-0.4668695745617363,-0.4668695745617363,0.1111111111111111,-0.740022176188871,-1.4809843220475034,-1.2558335710649353,0.1111111111111111,-1.4978381506157068,0.0,0.0,-0.10525457812554442,-0.024230948184563922,0.0,-0.9531238224996238,0.0,-1.8377883046032708,0.1111111111111111,0.05090380957037403,1,0
0.1111111111111111,-0.3115468409586057,-0.2844958199592799,-0.4668695745617363,-0.4668695745617363,0.1111111111111111,-0.9054928865120108,-1.4809843220475034,-1.2558335710649353,0.1111111111111111,-1.4978381506157068,0.0,0.0,-0.2268229127779354,0.0096341289758159,0.0,-2.102083711231995,0.0,-1.8377883046032708,0.1111111111111111,-0.18237925388542992,1,0
0.3333333333333333,-0.23529411764705882,1.243878333889583,2.836137197150016,2.8361371971500167,0.3333333333333333,-0.5127802940355883,0.05331580804312823,-1.2558335710649353,0.3333333333333333,-1.4978381506157068,0.3333333333333333,0.3333333333333333,-0.18057724949104287,0.08136281572751122,0.25,-0.7891132362483021,0.3333333333333333,0.005775291400744047,0.3333333333333333,-2.476644085611099,0,1
0.3333333333333333,-0.25925925925925924,0.9381994275369115,1.7351349399127651,1.7351349399127654,0.3333333333333333,0.23659884965294414,0.4586320272271614,-0.05895403495379969,0.3333333333333333,-0.11972545981448468,0.1111111111111111,0.2222222222222222,0.01763555183896546,0.2159720611693672,0.25,-0.9531238224996238,0.1111111111111111,-1.8377883046032708,0.3333333333333333,-0.060200737786788555,0,1
0.0,-0.25925925925925924,0.7853625215998877,1.4598843756034523,1.4598843756034523,0.3333333333333333,0.0005592544606783007,-1.4809843220475034,-0.030732519091018897,0.4444444444444444,0.4680482714898197,0.0,0.19444444444444442,-0.18439305926799768,-0.15213444409308702,0.375,-0.9531238224996238,0.3333333333333333,-1.8377883046032708,0.0,-2.476644085611099,0,1
0.0,2.5098039215686274,-0.2844958199592799,-0.4668695745617363,-0.4668695745617363,0.0,-1.6359212824839382,-1.4809843220475034,-1.2558335710649353,0.0,-1.4978381506157068,0.0,0.0,-0.22445109780439124,-2.4349041406302154,0.0,1.3273719327921307,0.0,-0.0955893889171222,0.0,-2.476644085611099,1,0
0.1111111111111111,-0.30501089324618735,2.7721506012225148,1.7351349399127651,1.7351349399127654,0.3333333333333333,-0.537270192471432,-0.031672403407900916,-1.2558335710649353,0.3333333333333333,-1.4978381506157068,0.3333333333333333,0.2222222222222222,-0.2080922942145634,0.08136281572751122,0.25,-1.666848273078999,0.3333333333333333,0.05170390327415423,0.1111111111111111,-2.476644085611099,0,1
0.2222222222222222,-0.23529411764705882,-0.1571313071385413,-0.1916190102524235,-0.1916190102524236,0.0,-1.0337845739024458,-1.4809843220475034,-0.015781955055106312,0.0,-0.16838295792244487,0.0,0.027777777777777776,-0.23391844739448783,-2.4349041406302154,0.125,-0.7891132362483021,0.0,-1.8377883046032708,0.0,-0.1940527750620471,1,0
0.0,0.39215686274509803,-0.2844958199592799,-0.4668695745617363,-0.4668695745617363,0.0,-5.028059896155144,-1.4809843220475034,-1.2558335710649353,0.0,-1.4978381506157068,0.0,0.0,-0.23333009790892031,-2.4349041406302154,0.0,0.3871513198050401,0.0,-1.8377883046032708,0.0,-2.476644085611099,1,0
0.1111111111111111,-0.25925925925925924,0.0211779919147679,0.0836315540568891,0.083631554056889,0.1111111111111111,0.18763719886365174,0.21601951442088205,0.13212718028528841,0.3333333333333333,0.37394923536609265,0.1111111111111111,0.05555555555555555,-0.09824241790732754,0.11000851135105805,0.25,-0.9531238224996238,0.1111111111111111,-0.27080908240809903,0.1111111111111111,-0.28505450115469494,1,0
0.0,-0.29411764705882354,2.2627519830329987,2.2856360685313906,2.2856360685313915,0.3333333333333333,-0.4672591174961469,-1.4809843220475034,0.10854127650719715,0.3333333333333333,-0.22030631418898516,0.3333333333333333,0.2777777777777778,-0.18833554835466226,-0.08282810616588625,0.25,-1.3723900433022265,0.3333333333333333,0.07824744290209906,0.3333333333333333,-2.476644085611099,0,1
0.4444444444444444,-0.17429193899782136,0.3841706584134897,1.4598843756034523,1.4598843756034523,0.1111111111111111,-0.020649574460975,-1.4809843220475034,0.13165463094556504,0.1111111111111111,0.34788430945442445,0.1111111111111111,0.19444444444444442,0.2619506622664895,-2.4349041406302154,0.375,-0.5135592262370264,0.3333333333333333,0.005775291400744047,0.3333333333333333,0.06626646218845192,0,1
0.3333333333333333,0.11328976034858387,0.1521866685233528,1.7351349399127651,1.7351349399127654,0.3333333333333333,0.9798325765605369,0.5362240682264986,0.30567126224700725,0.1111111111111111,0.24739437221879784,0.3333333333333333,0.2222222222222222,2.2817863027063083,0.36283016970125886,0.25,0.0869332819236188,0.3333333333333333,0.07824744290209906,0.1111111111111111,0.7953968943269203,0,1
0.3333333333333333,-0.23529411764705882,-0.0297667943178028,0.0836315540568891,0.083631554056889,0.1111111111111111,-0.15133418564170553,0.06684590165054824,-0.015781955055106312,0.1111111111111111,0.066276523690121,0.1111111111111111,0.05555555555555555,0.12092498295180212,-0.04260204376723723,0.25,-0.7891132362483021,0.1111111111111111,0.07824744290209906,0.1111111111111111,-0.018873842113316566,0,1
0.4444444444444444,-0.20697167755991286,0.4796930764321994,1.4598843756034523,1.4598843756034523,0.1111111111111111,-0.3907231322684398,0.006539905894159156,0.016913033023074397,0.3333333333333333,-0.013633642563090373,0.1111111111111111,0.19444444444444442,0.2891045838497568,0.004122867719024505,0.375,-0.6440902286753902,0.1111111111111111,-0.05723625494433617,0.3333333333333333,-1.1841463773998737,0,1
0.1111111111111111,-0.23529411764705882,-0.2844958199592799,-0.4668695745617363,-0.4668695745617363,0.1111111111111111,0.2767026720074467,0.2222952882438676,0.2762595565504045,0.1111111111111111,0.20249561753178008,0.0,0.0,-0.13745003758069896,0.2915512823293786,0.0,-0.7891132362483021,0.0,-0.09634369408832952,0.0,-0.17857797170304815,1,0
0.2222222222222222,-0.29411764705882354,1.498577642135315,1.4598843756034523,1.4598843756034523,0.3333333333333333,-0.05435630423986578,0.3057862080103784,-1.2558335710649353,0.3333333333333333,-0.020363180020070946,0.1111111111111111,0.19444444444444442,-0.17492521192029906,-2.4349041406302154,0.25,-1.3723900433022265,0.1111111111111111,-1.8377883046032708,0.3333333333333333,0.33742708388807957,0,1
0.1111111111111111,-0.25925925925925924,-0.2844958199592799,-0.4668695745617363,-0.4668695745617363,0.1111111111111111,-0.5589525415758648,-0.0858951930695726,-0.8614539795327611,0.1111111111111111,-0.22693802280839556,0.1111111111111111,0.0,-0.003006455916097967,0.031081436990667958,0.0,-0.9531238224996238,0.0,-0.3081599746763361,0.1111111111111111,-0.08297964862498919,1,0
0.1111111111111111,-0.30501089324618735,-0.2844958199592799,-0.4668695745617363,-0.4668695745617363,0.1111111111111111,-0.6980043700042273,-0.24854701584890848,-1.2558335710649353,0.1111111111111111,-0.24205366622281366,0.1111111111111111,0.0,-0.1821377195733222,-0.08282810616588625,0.0,-1.666848273078999,0.1111111111111111,-0.3626619187952092,0.1111111111111111,-0.038891540158578077,1,0
0.2222222222222222,-0.29411764705882354,0.4796785209384036,0.3588821183662018,0.3588821183662018,0.1111111111111111,-0.3989716719293771,0.006539905894159156,0.02423419010055063,0.1111111111111111,-0.003327795218722929,0.1111111111111111,0.08333333333333333,-0.10245892255389472,-2.4349041406302154,0.25,-1.3723900433022265,0.1111111111111111,-0.05042906437089462,0.3333333333333333,0.0,0,1
0.1111111111111111,-0.13725490196078433,-0.2844958199592799,-0.4668695745617363,-0.4668695745617363,0.1111111111111111,0.35593687299495896,0.38197634948561937,-1.2558335710649353,0.1111111111111111,-1.1536510563699378,0.1111111111111111,0.0,-0.15574412272711435,0.4004638446238767,0.0,-0.3945035917891138,0.0,0.32764230286163326,0.0,-0.15341913292680842,1,0
0.0,-0.30501089324618735,-0.2844958199592799,-0.4668695745617363,-0.4668695745617363,0.1111111111111111,0.003205276774789403,0.11363053313180634,0.10854127650719715,0.1111111111111111,0.12776328546361485,0.1111111111111111,0.0,-0.18575044424865977,0.0096341289758159,0.0,-1.666848273078999,0.1111111111111111,0.07824744290209906,0.1111111111111111,0.034791834629782185,1,0
0.2222222222222222,3.0,-0.2649010031927661,-0.1916190102524235,-0.1916190102524236,0.0,-5.028059896155144,-1.4809843220475034,-1.2558335710649353,0.0,-1.4978381506157068,0.0,0.027777777777777776,-0.23333009790892031,-2.4349041406302154,0.125,1.4475584443037126,0.0,-1.8377883046032708,0.0,-2.476644085611099,0,1
0.2222222222222222,-0.30501089324618735,0.861746587983893,0.3588821183662018,0.3588821183662018,0.1111111111111111,-0.23730950928018305,-0.05120593414667927,-1.2558335710649353,0.0,0.384663378636705,0.0,0.08333333333333333,-0.20897382292771066,-2.4349041406302154,0.25,-1.666848273078999,0.0,-1.8377883046032708,0.3333333333333333,-0.27604912372276585,0,1
0.2222222222222222,-0.13725490196078433,-0.1995856730302776,-0.1916190102524235,-0.1916190102524236,0.0,-5.028059896155144,-1.4809843220475034,-1.2558335710649353,0.0,-1.4978381506157068,0.0,0.027777777777777776,-0.23333009790892031,-2.4349041406302154,0.125,-0.3945035917891138,0.0,-1.8377883046032708,0.0,-2.476644085611099,0,1
0.3333333333333333,0.11328976034858387,0.2067719795836819,2.0103855042220777,2.010385504222078,0.3333333333333333,0.5893307527171857,0.3057862080103784,0.30567126224700725,0.4444444444444444,0.3626362666558231,0.1111111111111111,0.25,2.6225232826118328,0.5883814700359237,0.375,0.0869332819236188,0.1111111111111111,-1.8377883046032708,0.3333333333333333,-2.476644085611099,0,1
0.1111111111111111,-0.29411764705882354,-0.2844958199592799,-0.4668695745617363,-0.4668695745617363,0.1111111111111111,-0.15826353123490386,0.11363053313180634,0.05693515131531388,0.1111111111111111,0.018591671476249207,0.1111111111111111,0.0,-0.1035945565228645,-0.07604414078640814,0.0,-1.3723900433022265,0.1111111111111111,-0.09634369408832952,0.1111111111111111,0.06157998457994166,1,0
0.0,2.0588235294117645,-0.1918658202470713,0.6341326826755145,0.6341326826755145,0.3333333333333333,0.20032365802919402,-0.17561827012726708,-1.2558335710649353,0.3333333333333333,-1.2013715244496062,0.0,0.1111111111111111,-0.13543934574740793,0.6669735514087551,0.25,1.199597083727945,0.0,-0.4899778975685686,0.0,-2.476644085611099,1,0
0.3333333333333333,-0.29411764705882354,2.7722015436314544,2.836137197150016,2.8361371971500167,0.3333333333333333,-0.2093690741262723,0.16042040378299907,-0.015602733984602518,0.3333333333333333,-1.4978381506157068,0.3333333333333333,0.3333333333333333,-0.11264229645447263,0.0096341289758159,0.25,-1.3723900433022265,0.3333333333333333,0.10237470054395734,0.3333333333333333,-0.1940527750620471,0,1
0.1111111111111111,-0.17429193899782136,-0.2844958199592799,-0.4668695745617363,-0.4668695745617363,0.1111111111111111,0.9868919296517793,0.046930427269706046,0.040019164319600904,0.1111111111111111,0.7910755365707707,0.0,0.0,0.45961219705227946,0.1772681876304262,0.0,-0.5135592262370264,0.1111111111111111,-0.18830726508760562,0.1111111111111111,-0.02121290414330778,1,0
0.3333333333333333,-0.09586056644880174,0.4796963514947189,2.2856360685313906,2.2856360685313915,0.3333333333333333,-0.23068721309096074,-0.11809712648701261,0.1812882605018963,0.3333333333333333,-1.4978381506157068,0.3333333333333333,0.2777777777777778,0.030247485079715867,0.15708527213281365,0.25,-0.2847917733012345,0.1111111111111111,-0.1525270839005515,0.3333333333333333,-0.2676949205590814,0,1
0.3333333333333333,-0.25925925925925924,0.9381994275369115,1.7351349399127651,1.7351349399127654,0.1111111111111111,-0.38495025148573936,-0.1271490900706133,-0.09634604924643074,0.3333333333333333,-0.02014964483939455,0.1111111111111111,0.2222222222222222,-0.0974223622580276,0.1802129145795076,0.25,-0.9531238224996238,0.3333333333333333,-0.09634369408832952,0.3333333333333333,-2.476644085611099,0,1
0.4444444444444444,-0.29411764705882354,3.026926323930682,3.1113877614593286,3.111387761459329,0.3333333333333333,-0.32556073441332944,-1.4809843220475034,0.12564033518978174,0.3333333333333333,-0.020363180020070946,0.3333333333333333,0.3611111111111111,-0.10908756053976837,-0.024230948184563922,0.375,-1.3723900433022265,0.3333333333333333,-0.05042906437089462,0.3333333333333333,-0.1625931438033047,0,1
0.1111111111111111,-0.30501089324618735,0.4796657853361687,0.0836315540568891,0.083631554056889,0.3333333333333333,-0.4274098149399247,-0.031672403407900916,-0.015781955055106312,0.1111111111111111,-0.18710726377043052,0.1111111111111111,0.05555555555555555,-0.19361700539071483,-0.04260204376723723,0.25,-1.666848273078999,0.1111111111111111,-1.8377883046032708,0.1111111111111111,0.05090380957037403,1,0
0.2222222222222222,-0.25925925925925924,1.3967101453479835,2.5608866328407034,2.560886632840704,0.3333333333333333,-0.3922243496178539,0.12386069444290213,-1.2558335710649353,0.3333333333333333,-1.4978381506157068,0.3333333333333333,0.3055555555555555,-0.04981806959646792,-0.024230948184563922,0.25,-0.9531238224996238,0.3333333333333333,0.1538601831392337,0.3333333333333333,-2.476644085611099,0,1
0.2222222222222222,-0.30501089324618735,2.3900697985747907,1.4598843756034523,1.4598843756034523,0.3333333333333333,-0.315669569631199,0.11363053313180634,-0.07718227738103715,0.3333333333333333,-0.020363180020070946,0.1111111111111111,0.19444444444444442,-0.17608797367857804,-2.4349041406302154,0.25,-1.666848273078999,0.1111111111111111,-1.8377883046032708,0.3333333333333333,0.23796784272265611,0,1
0.2222222222222222,-0.17429193899782136,0.0020755279147641,0.3588821183662018,0.3588821183662018,0.1111111111111111,-0.5079892022103587,-1.4809843220475034,-1.2558335710649353,0.1111111111111111,0.24982388389979515,0.0,0.08333333333333333,-0.06041109800349426,-2.4349041406302154,0.25,-0.5135592262370264,0.0,-1.8377883046032708,0.3333333333333333,0.034791834629782185,0,1
0.1111111111111111,-0.17429193899782136,-0.2844958199592799,-0.4668695745617363,-0.4668695745617363,0.1111111111111111,0.2900964515332164,0.21218812386795324,0.17912208069407212,0.1111111111111111,0.1996891746211725,0.1111111111111111,0.0,0.709691589389799,0.1290755331518779,0.0,-0.5135592262370264,0.1111111111111111,0.15848363368338322,0.1111111111111111,0.25535628738857397,1,0
0.1111111111111111,-0.17429193899782136,-0.2844958199592799,-0.4668695745617363,-0.4668695745617363,0.1111111111111111,-0.15833389603012424,-1.4809843220475034,-1.2558335710649353,0.1111111111111111,-1.4978381506157068,0.1111111111111111,0.0,0.5949305877024007,0.1706153525976616,0.0,-0.5135592262370264,0.1111111111111111,0.07824744290209906,0.1111111111111111,0.2718751554032957,1,0
0.1111111111111111,-0.2788671023965142,-0.2844958199592799,-0.4668695745617363,-0.4668695745617363,0.1111111111111111,-0.041964188832330676,-0.031672403407900916,0.11540496140680959,0.1111111111111111,0.15763820015463306,0.1111111111111111,0.0,-0.16161517364273947,0.0096341289758159,0.0,-1.1433092459291831,0.1111111111111111,0.1167250062941798,0.1111111111111111,-0.060200737786788555,1,0
0.3333333333333333,1.6470588235294117,-0.0807098823455483,1.7351349399127651,1.7351349399127654,0.3333333333333333,-0.0817367596394866,0.21080734478507798,-1.2558335710649353,0.1111111111111111,-1.4978381506157068,0.3333333333333333,0.2222222222222222,1.5537291999542064,-0.0019839855468523357,0.25,1.0629938337787594,0.3333333333333333,-0.003460088052991548,0.1111111111111111,0.2637189492662903,0,1
0.2222222222222222,-0.29411764705882354,2.2627519830329987,2.2856360685313906,2.2856360685313915,0.3333333333333333,-0.7571882432389957,-0.031672403407900916,-0.015781955055106312,0.3333333333333333,-1.4978381506157068,0.3333333333333333,0.2777777777777778,-0.13178232064549208,-2.4349041406302154,0.375,-1.3723900433022265,0.1111111111111111,0.05170390327415423,0.4444444444444444,-2.476644085611099,0,1
0.1111111111111111,0.054466230936819175,-0.2844958199592799,-0.4668695745617363,-0.4668695745617363,0.1111111111111111,0.30905005421099513,0.18418539902762215,0.13361543138497342,0.1111111111111111,0.13304132892194565,0.1111111111111111,0.0,1.4001677443118752,0.2773988829603999,0.0,0.0021753538983214,0.1111111111111111,0.16320372109900366,0.1111111111111111,0.3026242443531959,1,0
0.1111111111111111,0.5577342047930284,-0.2080762207197047,0.0836315540568891,0.083631554056889,0.3333333333333333,0.09518907257766777,0.3442011710692899,-0.07146792985167084,0.1111111111111111,-0.8919399915533109,0.1111111111111111,0.05555555555555555,-0.09837307927785328,0.13997425265217076,0.25,0.5191192900072952,0.1111111111111111,-1.3861512193837573,0.1111111111111111,0.2662689743947536,1,0
0.0,-0.30501089324618735,0.4796657853361687,0.0836315540568891,0.083631554056889,0.0,-0.6400285059143982,-1.4809843220475034,-0.3552825791201095,0.0,-1.4978381506157068,0.3333333333333333,0.05555555555555555,-0.22889358440226779,-0.2131146983687719,0.25,-1.666848273078999,0.1111111111111111,0.09363981902557966,0.1111111111111111,-0.11750172346436627,1,0
0.0,0.8387799564270153,-0.2844958199592799,-0.4668695745617363,-0.4668695745617363,0.1111111111111111,-0.8436358829003556,-1.4809843220475034,-1.2558335710649353,0.0,-1.4978381506157068,0.1111111111111111,0.0,-0.1864716950139621,-0.4243516626005816,0.0,0.6999923241170234,0.1111111111111111,-0.9564465226122669,0.0,0.14401941297414983,1,0
0.1111111111111111,-0.25925925925925924,-0.2844958199592799,-0.4668695745617363,-0.4668695745617363,0.1111111111111111,0.4840558288883328,-0.031672403407900916,-0.07972466956477688,0.1111111111111111,-0.020363180020070946,0.1111111111111111,0.0,-0.05721101438021716,-0.1253728761915619,0.0,-0.9531238224996238,0.1111111111111111,0.6495517507384837,0.1111111111111111,-0.058882686310977865,1,0
0.2222222222222222,0.39215686274509803,-0.0722192733357296,0.9093832469848272,0.9093832469848272,0.1111111111111111,-0.6181045130470487,-1.4809843220475034,-0.04832760964709939,0.1111111111111111,0.08377733802751197,0.1111111111111111,0.1388888888888889,0.24532954042040606,-2.4349041406302154,0.25,0.3871513198050401,0.3333333333333333,-0.20948245849068803,0.3333333333333333,-0.04096166680425481,0,1
0.2222222222222222,-0.25925925925925924,0.1740148978517919,0.3588821183662018,0.3588821183662018,0.1111111111111111,-0.23139406311489316,-0.02084928412935526,0.0001641425694612701,0.1111111111111111,0.066276523690121,0.1111111111111111,0.08333333333333333,-0.02756581599892488,-0.08282810616588625,0.25,-0.9531238224996238,0.1111111111111111,0.04761210323873997,0.3333333333333333,-0.060200737786788555,0,1
0.3333333333333333,0.3159041394335512,-0.1945904884170285,0.0836315540568891,0.083631554056889,0.1111111111111111,0.01603558033628082,-0.03125368263783486,-0.012583040711655105,0.0,-0.5173177953394423,0.1111111111111111,0.05555555555555555,-0.15510002439012252,-0.11931638017893806,0.25,0.3170934418812415,0.1111111111111111,0.07824744290209906,0.0,0.43797805975704646,0,1
0.0,1.3943355119825709,-0.2844958199592799,-0.4668695745617363,-0.4668695745617363,0.0,-1.1745178157923617,-1.4809843220475034,-1.2558335710649353,0.0,0.024388519504153473,0.0,0.0,-0.21925351292427614,-2.4349041406302154,0.0,0.9662521913648202,0.0,-0.1566515622489695,0.0,-2.476644085611099,1,0
0.2222222222222222,0.5577342047930284,-0.2462860203394923,-0.1916190102524235,-0.1916190102524236,0.0,-2.554147037625043,-1.4809843220475034,-0.26695408000006476,0.0,-1.4978381506157068,0.0,0.027777777777777776,-0.23333009790892031,-2.4349041406302154,0.125,0.5191192900072952,0.0,-1.8377883046032708,0.0,-2.476644085611099,1,0
0.1111111111111111,-0.30501089324618735,1.2438273906316173,0.6341326826755145,0.6341326826755145,0.3333333333333333,-0.9444781775959908,-1.4809843220475034,-1.2558335710649353,0.3333333333333333,-0.16838295792244487,0.0,0.1111111111111111,-0.22908970089745695,-0.5393205797814064,0.25,-1.666848273078999,0.0,-1.8377883046032708,0.0,0.034791834629782185,0,1
0.2222222222222222,-0.29411764705882354,3.791100664828365,3.937139454387266,3.937139454387268,0.4444444444444444,-0.4891642875396221,0.151860300008783,0.03126839304430128,0.5555555555555556,-1.4978381506157068,0.3333333333333333,0.4444444444444444,-0.10308087067759744,0.0096341289758159,0.5,-1.3723900433022265,0.3333333333333333,-1.8377883046032708,0.5555555555555556,-2.476644085611099,0,1
0.2222222222222222,0.47276688453159044,-0.1638333265972902,0.3588821183662018,0.3588821183662018,0.3333333333333333,-0.06039766094675669,0.06684590165054824,0.07938660091459916,0.0,0.08006953428893196,0.0,0.08333333333333333,-0.19594028899806373,0.0096341289758159,0.25,0.4544096728511559,0.0,-1.8377883046032708,0.0,0.2637189492662903,0,1
0.1111111111111111,1.5185185185185186,-0.2317925662894157,0.0836315540568891,0.083631554056889,0.1111111111111111,0.8827963971725157,0.4043673854716937,-1.2558335710649353,0.1111111111111111,0.558568664766645,0.1111111111111111,0.05555555555555555,8.273472257480051,0.40401946166367503,0.25,1.0152348983243975,0.3333333333333333,0.394652265165458,0.1111111111111111,0.5127147479364129,1,0
0.1111111111111111,0.11328976034858387,-0.2844958199592799,-0.4668695745617363,-0.4668695745617363,0.1111111111111111,1.4557335129175324,0.9043173535772745,0.14214604287236868,0.1111111111111111,0.3010307147583054,0.1111111111111111,0.0,2.1863094260357094,0.3304383245690315,0.0,0.0869332819236188,0.0,0.23427491545775686,0.1111111111111111,0.33603679754304344,1,0
0.0,2.5098039215686274,-0.2844958199592799,-0.4668695745617363,-0.4668695745617363,0.0,-5.028059896155144,-1.4809843220475034,-1.2558335710649353,0.0,-1.4978381506157068,0.0,0.0,-0.23333009790892031,-2.4349041406302154,0.0,1.3273719327921307,0.0,-1.8377883046032708,0.0,-2.476644085611099,1,0
0.2222222222222222,4.098039215686274,-0.2335492789487679,0.3588821183662018,0.3588821183662018,0.1111111111111111,1.2325662855513282,0.6075726407181999,0.43846938855231643,0.1111111111111111,0.5513191242342087,0.1111111111111111,0.08333333333333333,26.325687776566568,-2.4349041406302154,0.25,1.668921836399024,0.1111111111111111,0.5809296451057236,0.3333333333333333,0.6790215616716487,1,0
0.2222222222222222,-0.17429193899782136,-0.1889720373345985,-0.1916190102524235,-0.1916190102524236,0.0,-1.0934443963169291,-1.4809843220475034,-1.2558335710649353,0.0,0.15614596232898256,0.0,0.027777777777777776,-0.23034753435771851,-2.4349041406302154,0.125,-0.5135592262370264,0.0,-1.8377883046032708,0.0,-2.476644085611099,1,0
0.1111111111111111,1.7799564270152506,-0.2351927652352168,0.0836315540568891,0.083631554056889,0.1111111111111111,1.1864397034001661,0.45075304454978676,0.38900856890195773,0.1111111111111111,-0.5892742221902805,0.3333333333333333,0.05555555555555555,12.163468076316194,0.5577332855671004,0.25,1.1095988810204689,0.1111111111111111,0.7593908946548219,0.1111111111111111,0.6067795525816582,1,0
0.2222222222222222,0.9411764705882353,-0.0616051364358781,1.4598843756034523,1.4598843756034523,0.1111111111111111,1.7021179993577902,-1.4809843220475034,0.8710147678100988,0.3333333333333333,0.41295659635638515,0.1111111111111111,0.19444444444444442,3.4737495084643677,0.4014158596269659,0.25,0.7564222381735122,0.3333333333333333,0.07824744290209906,0.3333333333333333,-2.476644085611099,0,1
0.1111111111111111,-0.25925925925925924,-0.2844958199592799,-0.4668695745617363,-0.4668695745617363,0.1111111111111111,0.08620470644284951,-0.031672403407900916,0.232909330105537,0.1111111111111111,0.12776328546361485,0.1111111111111111,0.0,-0.005759055455174451,0.13997425265217076,0.0,-0.9531238224996238,0.1111111111111111,0.07875081492481575,0.1111111111111111,-0.038891540158578077,1,0
0.2222222222222222,0.11328976034858387,-0.1207398867782926,0.3588821183662018,0.3588821183662018,0.1111111111111111,0.6161373917939135,0.4553267454815638,0.27295236848406923,0.1111111111111111,0.32788699403238525,0.1111111111111111,0.08333333333333333,2.729139476657657,-1.9890851365132343,0.25,0.0869332819236188,0.1111111111111111,0.3091352594538665,0.3333333333333333,0.33742708388807957,0,1
0.2222222222222222,-0.2788671023965142,0.288639711684214,0.3588821183662018,0.3588821183662018,0.1111111111111111,-0.021850872518402033,-0.031672403407900916,0.1812882605018963,0.1111111111111111,0.214438587242051,0.1111111111111111,0.08333333333333333,-0.14874913514616653,-2.4349041406302154,0.25,-1.1433092459291831,0.1111111111111111,0.07824744290209906,0.3333333333333333,0.11554113470970193,0,1
0.1111111111111111,4.498910675381263,-0.2844958199592799,-0.4668695745617363,-0.4668695745617363,0.1111111111111111,0.8995152296312822,0.4043673854716937,0.3572998073251172,0.1111111111111111,0.3955971410661783,0.1111111111111111,0.0,12.303945226753475,0.38856701644178904,0.0,1.7378785539272517,0.1111111111111111,0.45727239579997386,0.1111111111111111,0.4926873395741765,1,0
0.0,0.5577342047930284,-0.2844958199592799,-0.4668695745617363,-0.4668695745617363,0.0,0.7197100937713959,0.06763061217710553,0.5764370861118309,0.0,-0.1055838215095548,0.0,0.0,-0.18204613217455365,0.015210520943539288,0.0,0.5191192900072952,0.0,0.1266901244106837,0.0,-0.04367236974281401,1,0
0.1111111111111111,-0.29411764705882354,-0.2844958199592799,-0.4668695745617363,-0.4668695745617363,0.1111111111111111,-0.28446493039492793,-0.09704145532817755,0.0916223345060399,0.1111111111111111,-0.0669649595905562,0.1111111111111111,0.0,-0.1070514830687752,-0.09796198604729224,0.0,-1.3723900433022265,0.1111111111111111,-0.011243718495857454,0.1111111111111111,-0.04325388820269269,1,0
0.2222222222222222,-0.25925925925925924,-0.1316589140222559,-0.1916190102524235,-0.1916190102524236,0.0,-5.028059896155144,-1.4809843220475034,-1.2558335710649353,0.0,-1.4978381506157068,0.0,0.027777777777777776,-0.23333009790892031,-2.4349041406302154,0.125,-0.9531238224996238,0.0,-1.8377883046032708,0.0,-2.476644085611099,0,1
0.0,0.0,-0.0297646715936118,0.6341326826755145,0.6341326826755145,0.0,-0.46044872205127785,-0.08212982722947638,0.0487389591243768,0.3333333333333333,-0.04074578290611767,0.0,0.1111111111111111,-0.20636159103239907,-0.04260204376723723,0.25,-0.0875094222424097,0.0,-0.06668287561589309,0.3333333333333333,-2.476644085611099,0,1
0.1111111111111111,-0.30501089324618735,0.4796657853361687,0.0836315540568891,0.083631554056889,0.1111111111111111,-0.2907095919698475,-0.12616034180112537,0.13747391804205747,0.3333333333333333,-0.12453913011636841,0.1111111111111111,0.05555555555555555,-0.18520490191686453,-0.021563608316092907,0.25,-1.666848273078999,0.1111111111111111,-0.034371227055806544,0.1111111111111111,-0.1940527750620471,1,0
0.3333333333333333,-0.09586056644880174,0.6325347857855188,2.836137197150016,2.8361371971500167,0.3333333333333333,0.15083480994301704,0.20553002657306216,-1.2558335710649353,0.3333333333333333,0.35904257655150684,0.3333333333333333,0.3333333333333333,0.9136801210546487,0.1706153525976616,0.25,-0.2847917733012345,0.3333333333333333,-1.8377883046032708,0.3333333333333333,0.13390092072414314,0,1
0.2222222222222222,0.0,-0.2208130328678629,-0.1916190102524235,-0.1916190102524236,0.0,-1.065708456530478,-1.4809843220475034,-1.2558335710649353,0.0,-1.4978381506157068,0.0,0.027777777777777776,-0.2262161462610938,-2.4349041406302154,0.125,-0.0875094222424097,0.0,-1.8377883046032708,0.0,0.09251550751761975,1,0
0.3333333333333333,-0.29411764705882354,0.2249537406391757,0.0836315540568891,0.083631554056889,0.1111111111111111,-0.6148706482498757,-1.4809843220475034,-1.2558335710649353,0.1111111111111111,-1.4978381506157068,0.1111111111111111,0.05555555555555555,-0.14564138555806094,-0.006008110210854344,0.25,-1.3723900433022265,0.0,-0.07051747194991384,0.1111111111111111,-0.018873842113316566,0,1
0.2222222222222222,1.0479302832244008,-0.2539279496957324,-0.1916190102524235,-0.1916190102524236,0.0,-5.028059896155144,-1.4809843220475034,-1.2558335710649353,0.0,-1.4978381506157068,0.0,0.027777777777777776,-0.23333009790892031,-2.4349041406302154,0.125,0.8111528623165425,0.0,-1.8377883046032708,0.0,-2.476644085611099,1,0
0.0,1.6470588235294117,-0.233549335555847,0.0836315540568891,0.083631554056889,0.1111111111111111,1.2042070820196198,0.7893686229407841,0.4108270646053488,0.3333333333333333,0.19723192140987378,0.0,0.05555555555555555,0.3622318953116211,0.5270853668270672,0.25,1.0629938337787594,0.0,-1.8377883046032708,0.0,-2.476644085611099,1,0
0.2222222222222222,0.5577342047930284,-0.0170272226207668,1.4598843756034523,1.4598843756034523,0.0,-0.5073927468707112,0.17902974580555658,-1.2558335710649353,0.3333333333333333,-1.4978381506157068,0.3333333333333333,0.19444444444444442,-0.1888455010179143,-0.3976112996289958,0.25,0.5191192900072952,0.3333333333333333,0.10792224508343672,0.0,-2.476644085611099,0,1
0.3333333333333333,-0.09586056644880174,-0.1316573856684801,0.0836315540568891,0.083631554056889,0.1111111111111111,1.5631146158865783,0.11363053313180634,0.18676614569920824,0.1111111111111111,-0.020363180020070946,0.1111111111111111,0.05555555555555555,1.5675793052299392,1.283848024418114,0.25,-0.2847917733012345,0.1111111111111111,0.46850019335317594,0.0,0.39957486119276137,1,0
0.1111111111111111,-0.25925925925925924,-0.2844958199592799,-0.4668695745617363,-0.4668695745617363,0.1111111111111111,-0.26665675894397495,-0.07843085670165796,-0.03890615268944402,0.1111111111111111,-0.020363180020070946,0.1111111111111111,0.0,0.05020880931404024,0.0096341289758159,0.0,-0.9531238224996238,0.1111111111111111,-0.030657157785564992,0.1111111111111111,0.03528680271000362,1,0
0.1111111111111111,-0.25925925925925924,0.0211779919147679,0.0836315540568891,0.083631554056889,0.0,1.0522413702111653,0.07227821476081255,0.06142263222793808,0.1111111111111111,-1.4978381506157068,0.3333333333333333,0.05555555555555555,0.11171920498155812,0.01489446152430385,0.25,-0.9531238224996238,0.1111111111111111,0.8967274531550865,0.1111111111111111,0.017853675089789346,1,0
0.2222222222222222,-0.23529411764705882,0.3523267441444129,0.9093832469848272,0.9093832469848272,0.1111111111111111,0.2336474618791863,0.19865366409457927,0.27295236848406923,0.3333333333333333,0.214438587242051,0.1111111111111111,0.1388888888888889,0.08877631271123587,0.13997425265217076,0.25,-0.7891132362483021,0.1111111111111111,0.18040838650574129,0.3333333333333333,-2.476644085611099,0,1
0.2222222222222222,2.5098039215686274,-0.2632681063313813,-0.1916190102524235,-0.1916190102524236,0.0,-0.24794407555882716,-1.4809843220475034,-1.2558335710649353,0.0,-1.4978381506157068,0.0,0.027777777777777776,-0.1608824744525911,-2.4349041406302154,0.125,1.3273719327921307,0.0,-1.8377883046032708,0.0,0.5012069340167656,1,0
0.2222222222222222,-0.13725490196078433,0.309875208543736,1.4598843756034523,1.4598843756034523,0.3333333333333333,0.46182459082024946,0.3057862080103784,0.27295236848406923,0.3333333333333333,0.214438587242051,0.1111111111111111,0.19444444444444442,0.9428059093782509,0.45533257435354596,0.25,-0.3945035917891138,0.1111111111111111,-1.8377883046032708,0.3333333333333333,0.16869886832993028,0,1
0.2222222222222222,-0.13725490196078433,0.6495157962597452,2.5608866328407034,2.560886632840704,0.3333333333333333,0.030211570385128454,-1.4809843220475034,0.10854127650719715,0.3333333333333333,0.3011257616335053,0.3333333333333333,0.3055555555555555,0.13119272676591945,-2.4349041406302154,0.25,-0.3945035917891138,0.3333333333333333,-1.8377883046032708,0.3333333333333333,0.39765349836135255,0,1
0.1111111111111111,-0.17429193899782136,-0.2844958199592799,-0.4668695745617363,-0.4668695745617363,0.1111111111111111,-0.009653776925479437,-0.2837522314751988,-0.14001564323410587,0.1111111111111111,-0.16838295792244487,0.1111111111111111,0.0,0.42657303846172984,0.20687631454243124,0.0,-0.5135592262370264,0.1111111111111111,0.20480647378947592,0.1111111111111111,0.21676984313247286,1,0
0.0,0.8387799564270153,-0.2844958199592799,-0.4668695745617363,-0.4668695745617363,0.0,1.0380258961336843,0.4909146555647359,0.3041091646661807,0.0,0.38037520412757464,0.0,0.0,0.20882524228351282,0.19969158683998878,0.0,0.6999923241170234,0.0,0.3620022280794215,0.0,0.8414702812658875,1,0
0.3333333333333333,-0.30501089324618735,4.300473811813412,2.836137197150016,2.8361371971500167,0.3333333333333333,-0.5381439700842905,0.10724407230306736,-1.2558335710649353,0.3333333333333333,-1.4978381506157068,0.3333333333333333,0.3333333333333333,-0.164213966082797,-0.04260204376723723,0.25,-1.666848273078999,0.3333333333333333,0.03024184189440318,0.3333333333333333,-2.476644085611099,0,1
0.0,0.2440087145969499,-0.1889714403146885,0.0836315540568891,0.083631554056889,0.0,-0.31602667050072675,0.3315685166615628,-1.2558335710649353,0.0,-1.4978381506157068,0.1111111111111111,0.05555555555555555,-0.12998765561147035,-2.4349041406302154,0.25,0.2439439807007004,0.0,-0.20401956914178188,0.3333333333333333,-0.1625931438033047,1,0
0.2222222222222222,-0.23529411764705882,0.60705576978589,1.4598843756034523,1.4598843756034523,0.3333333333333333,-0.3922243496178539,-0.011697378387615939,-0.015781955055106312,0.3333333333333333,0.066276523690121,0.1111111111111111,0.19444444444444442,-0.022723381167838896,-2.4349041406302154,0.25,-0.7891132362483021,0.1111111111111111,-1.8377883046032708,0.3333333333333333,0.16869886832993028,0,1
0.0,0.39215686274509803,-0.1146745826604397,0.6341326826755145,0.6341326826755145,0.0,-5.028059896155144,-1.4809843220475034,-1.2558335710649353,0.3333333333333333,-1.4978381506157068,0.0,0.1111111111111111,-0.2250961916565871,-2.4349041406302154,0.25,0.3871513198050401,0.0,-1.8377883046032708,0.3333333333333333,-2.476644085611099,0,1
0.0,0.5577342047930284,-0.2844958199592799,-0.4668695745617363,-0.4668695745617363,0.0,-5.028059896155144,-1.4809843220475034,-1.2558335710649353,0.0,-1.4978381506157068,0.0,0.0,-0.23333009790892031,-2.4349041406302154,0.0,0.5191192900072952,0.0,-1.8377883046032708,0.0,-2.476644085611099,1,0
0.1111111111111111,0.17647058823529413,-0.0807105616274785,0.6341326826755145,0.6341326826755145,0.1111111111111111,1.1193445439862577,-1.4809843220475034,0.27295236848406923,0.3333333333333333,0.6179382730367919,0.1111111111111111,0.1111111111111111,0.46203478330122777,0.5270853668270672,0.25,0.1673597344439074,0.3333333333333333,0.7607303389978436,0.1111111111111111,-1.4707608717611047,1,0
0.3333333333333333,3.1721132897603486,-0.2462859248152321,0.0836315540568891,0.083631554056889,0.1111111111111111,-0.17652559386127104,-0.031672403407900916,0.012525788285051761,0.1111111111111111,0.214438587242051,0.1111111111111111,0.05555555555555555,1.372893863146525,-0.05730145932103819,0.25,1.486110633212629,0.1111111111111111,-0.09086383791019664,0.1111111111111111,-0.10041091545176654,0,1
0.0,0.054466230936819175,-0.2844958199592799,-0.4668695745617363,-0.4668695745617363,0.0,-0.8225723092754195,-0.04553281838202407,-0.015423691688263465,0.1111111111111111,-1.4978381506157068,0.0,0.0,-0.2235267619374717,-0.2121523322644971,0.0,0.0021753538983214,0.0,-0.2703064631855168,0.1111111111111111,-2.476644085611099,1,0
0.3333333333333333,1.5185185185185186,-0.2317925662894157,0.0836315540568891,0.083631554056889,0.1111111111111111,-0.28487340690033336,0.34068618200076517,-0.12294100215379163,0.0,-0.25962352200296185,0.0,0.05555555555555555,-0.13438559290396765,-0.5689983788915405,0.25,1.0152348983243975,0.0,-1.8377883046032708,0.0,-0.3351884823183917,0,1
0.1111111111111111,-0.05010893246187364,-0.1455516624742182,0.0836315540568891,0.083631554056889,0.3333333333333333,0.6346140476603745,0.2672619317513289,0.27295236848406923,0.1111111111111111,0.47186486317693166,0.1111111111111111,0.05555555555555555,0.2250210302586846,0.30420801898878946,0.25,-0.1828566844305228,0.1111111111111111,-1.8377883046032708,0.1111111111111111,0.44857565069185484,1,0
0.2222222222222222,-0.13725490196078433,0.2249650616147337,1.18463381129414,1.18463381129414,0.1111111111111111,-0.5038252582901732,0.029357261941373242,0.01928845081540143,0.3333333333333333,0.014093073420951698,0.1111111111111111,0.16666666666666666,0.24688627732067037,-2.4349041406302154,0.375,-0.3945035917891138,0.1111111111111111,0.05600566865192716,0.4444444444444444,-1.5606053597818246,0,1
0.2222222222222222,0.39215686274509803,-0.0297639640110196,1.18463381129414,1.18463381129414,0.0,-1.675105594024645,-1.4809843220475034,-0.09439049805771137,0.0,-1.4978381506157068,0.4444444444444444,0.16666666666666666,-0.22997023409540024,-2.4349041406302154,0.375,0.3871513198050401,0.3333333333333333,-0.3992343640411307,0.0,-2.476644085611099,0,1
0.1111111111111111,-0.17429193899782136,-0.2844958199592799,-0.4668695745617363,-0.4668695745617363,0.1111111111111111,0.30699779935237365,0.18366048248811315,0.1812882605018963,0.1111111111111111,0.214438587242051,0.1111111111111111,0.0,0.6737514994947761,0.18953232746223397,0.0,-0.5135592262370264,0.1111111111111111,0.18040838650574129,0.1111111111111111,0.23796784272265611,1,0
0.0,-0.2788671023965142,0.097594534469716,0.0836315540568891,0.083631554056889,0.0,-0.13336772854041914,-0.016515666362733553,-0.04918950752030197,0.0,-0.04622040096392105,0.1111111111111111,0.05555555555555555,-0.15651216270700496,-2.4349041406302154,0.25,-1.1433092459291831,0.1111111111111111,0.38079998945365606,0.3333333333333333,-0.5636925919375713,1,0
0.0,2.0588235294117645,-0.2844958199592799,-0.4668695745617363,-0.4668695745617363,0.0,0.7958343550782488,0.09316415725953443,0.09561874471129156,0.0,0.6315470471264694,0.0,0.0,0.536958999706323,0.0233208938130201,0.0,1.199597083727945,0.0,0.16659796492864015,0.0,0.5681828660324588,1,0
0.1111111111111111,-0.25925925925925924,-0.2844958199592799,-0.4668695745617363,-0.4668695745617363,0.1111111111111111,-0.04397402686417557,-0.06182096594394337,0.1812882605018963,0.1111111111111111,-0.08758678929803386,0.1111111111111111,0.0,0.019632804217002406,-0.015077236328412898,0.0,-0.9531238224996238,0.1111111111111111,-0.19492155453371052,0.1111111111111111,0.2678222202354302,1,0
0.0,2.5098039215686274,-0.2844958199592799,-0.4668695745617363,-0.4668695745617363,0.0,-5.028059896155144,-1.4809843220475034,-1.2558335710649353,0.0,-1.4978381506157068,0.0,0.0,-0.23333009790892031,-2.4349041406302154,0.0,1.3273719327921307,0.0,-1.8377883046032708,0.0,-2.476644085611099,1,0
0.1111111111111111,-0.30501089324618735,0.4796657853361687,0.0836315540568891,0.083631554056889,0.1111111111111111,-1.0324652861512962,-1.4809843220475034,-1.2558335710649353,0.3333333333333333,-1.4978381506157068,0.1111111111111111,0.05555555555555555,-0.21841379584969714,0.060787813026504996,0.25,-1.666848273078999,0.0,-0.5569519559542916,0.1111111111111111,-2.476644085611099,1,0
0.2222222222222222,-0.29411764705882354,0.4796785209384036,0.3588821183662018,0.3588821183662018,0.1111111111111111,-0.46513032303023666,-0.004579192482353702,-0.0284089929586498,0.1111111111111111,-0.011778499179202916,0.1111111111111111,0.08333333333333333,-0.10113065639294977,-2.4349041406302154,0.25,-1.3723900433022265,0.1111111111111111,-0.09634369408832952,0.3333333333333333,0.0,0,1
0.2222222222222222,5.132897603485839,-0.2539278885601141,0.0836315540568891,0.083631554056889,0.1111111111111111,2.1184121190825413,0.2983138944268734,0.8110253114012994,0.1111111111111111,0.35038956720215075,0.1111111111111111,0.05555555555555555,7.922664645770803,-0.19621792968431917,0.125,1.8373853869087895,0.1111111111111111,0.27834781275570547,0.2222222222222222,1.515922128521648,0,1
0.1111111111111111,-0.30501089324618735,3.5363122065179637,2.2856360685313906,2.2856360685313915,0.4444444444444444,-0.31656268330822224,0.03885253254617039,-1.2558335710649353,0.4444444444444444,-1.4978381506157068,0.3333333333333333,0.2777777777777778,-0.18736616542476145,0.30420801898878946,0.375,-1.666848273078999,0.3333333333333333,-1.8377883046032708,0.1111111111111111,-0.1940527750620471,0,1
0.1111111111111111,0.9411764705882353,-0.2844958199592799,-0.4668695745617363,-0.4668695745617363,0.1111111111111111,0.5230114608966848,0.25909069258539974,0.232909330105537,0.1111111111111111,0.2759431547214016,0.1111111111111111,0.0,4.1860047983832835,0.323428064557037,0.0,0.7564222381735122,0.1111111111111111,0.25912409361742555,0.1111111111111111,0.33176328759158996,1,0
0.0,1.7799564270152506,-0.2844958199592799,-0.4668695745617363,-0.4668695745617363,0.0,-1.8243691188850175,-0.25574014463392186,-0.17555695391141726,0.0,-1.4978381506157068,0.0,0.0,-0.2096288719319466,-2.4349041406302154,0.0,1.1095988810204689,0.0,-1.8377883046032708,0.0,-2.476644085611099,1,0
0.1111111111111111,-0.20697167755991286,-0.2844958199592799,-0.4668695745617363,-0.4668695745617363,0.1111111111111111,-0.013543755734125175,0.05331580804312823,0.05693515131531388,0.1111111111111111,0.018591671476249207,0.1111111111111111,0.0,0.3084651146584636,0.2324632635633931,0.0,-0.6440902286753902,0.1111111111111111,0.005775291400744047,0.1111111111111111,0.034791834629782185,1,0
0.2222222222222222,-0.25925925925925924,1.2438732394109595,2.2856360685313906,2.2856360685313915,0.3333333333333333,-0.740022176188871,-0.1064055331039316,-0.07972466956477688,0.4444444444444444,-0.04287136549723655,0.1111111111111111,0.2777777777777778,-0.08434253687139438,-0.06208652614907963,0.5,-0.9531238224996238,0.1111111111111111,-1.8377883046032708,0.5555555555555556,-2.476644085611099,0,1
0.2222222222222222,4.917211328976035,-0.2377081717682121,0.3588821183662018,0.3588821183662018,0.3333333333333333,0.1425001855184951,-1.4809843220475034,0.14850356484644558,0.0,0.3153352653466343,0.1111111111111111,0.08333333333333333,0.507373532237271,-2.4349041406302154,0.25,1.8047152235915511,0.1111111111111111,-1.8377883046032708,0.0,0.4715432755901649,1,0
0.2222222222222222,-0.23529411764705882,0.3523267441444129,0.9093832469848272,0.9093832469848272,0.1111111111111111,0.5567028338463358,0.2589858554836899,0.3333354774730562,0.1111111111111111,-1.4978381506157068,0.3333333333333333,0.1388888888888889,0.3346914649503984,0.31681855183423063,0.25,-0.7891132362483021,0.1111111111111111,0.442866495718539,0.3333333333333333,0.16869886832993028,0,1
0.1111111111111111,3.9041394335511983,-0.2844958199592799,-0.4668695745617363,-0.4668695745617363,0.1111111111111111,1.0158696814353412,0.32493582651498576,0.2700214131527996,0.1111111111111111,0.3781993782464736,0.1111111111111111,0.0,21.232715367270448,0.6396851926361523,0.0,1.6335973378751631,0.1111111111111111,0.47497829121629737,0.1111111111111111,0.6945781907212136,1,0
0.2222222222222222,-0.30501089324618735,1.6259081932793418,0.9093832469848272,0.9093832469848272,0.1111111111111111,-0.4870796040978054,-1.4809843220475034,-0.015781955055106312,0.1111111111111111,0.066276523690121,0.1111111111111111,0.1388888888888889,-0.188124250252612,-1.4880007338279437,0.25,-1.666848273078999,0.3333333333333333,0.022032598257449288,0.3333333333333333,-0.038891540158578077,0,1
0.2222222222222222,0.11328976034858387,-0.2299105088989508,-0.1916190102524235,-0.1916190102524236,0.1111111111111111,-0.5757926869969202,-1.4809843220475034,0.10854127650719715,0.0,-1.4978381506157068,0.1111111111111111,0.027777777777777776,-0.2237761384960752,-2.4349041406302154,0.125,0.0869332819236188,0.1111111111111111,-1.8377883046032708,0.0,0.16869886832993028,1,0
0.2222222222222222,-0.23529411764705882,0.3523267441444129,0.9093832469848272,0.9093832469848272,0.1111111111111111,-0.3822799551434473,-1.4809843220475034,0.08964009583713212,0.1111111111111111,0.10524323791544427,0.1111111111111111,0.1388888888888889,-0.040657587568006144,-2.4349041406302154,0.25,-0.7891132362483021,0.3333333333333333,-0.01160329552774256,0.3333333333333333,-0.018873842113316566,0,1
0.0,-0.25925925925925924,-0.2844958199592799,-0.4668695745617363,-0.4668695745617363,0.1111111111111111,-0.8932054379188138,-0.33213707658246494,-0.3277839820425376,0.1111111111111111,-0.3302759480715859,0.1111111111111111,0.0,-0.17735601116968058,-0.17756548909525025,0.0,-0.9531238224996238,0.1111111111111111,-0.4648648554779333,0.1111111111111111,-0.16319385511743364,1,0
0.3333333333333333,0.7407407407407407,-0.1455510309127367,0.6341326826755145,0.6341326826755145,0.1111111111111111,0.6783299217269537,0.3547919585064962,0.3201462223973949,0.1111111111111111,0.3703360350780464,0.1111111111111111,0.1111111111111111,6.132610340416424,-1.9173243051832538,0.25,0.6417328970763176,0.1111111111111111,0.3640778410488459,0.3333333333333333,0.49380039328860975,0,1
0.0,0.054466230936819175,-0.2844958199592799,-0.4668695745617363,-0.4668695745617363,0.1111111111111111,0.04765675861369156,0.2653886661751719,-0.21659427311646556,0.0,0.12776328546361485,0.1111111111111111,0.0,-0.16224135270605922,-0.5729083411369763,0.0,0.0021753538983214,0.0,0.07824744290209906,0.0,0.26847404018890436,1,0
0.1111111111111111,0.0,-0.1571302457764458,0.0836315540568891,0.083631554056889,0.1111111111111111,0.12876988522256091,-0.19569560995306062,0.3333354774730562,0.1111111111111111,0.066276523690121,0.1111111111111111,0.05555555555555555,0.07011786900015429,0.0096341289758159,0.25,-0.0875094222424097,0.3333333333333333,0.07824744290209906,0.1111111111111111,-0.049161422146484765,1,0
0.2222222222222222,-0.25925925925925924,0.1740148978517919,0.3588821183662018,0.3588821183662018,0.1111111111111111,-1.6057866225682307,-1.4809843220475034,-1.2558335710649353,0.1111111111111111,-1.4978381506157068,0.0,0.08333333333333333,-0.18557772236076478,-2.4349041406302154,0.25,-0.9531238224996238,0.0,-1.8377883046032708,0.3333333333333333,-0.17794865507134214,0,1
0.2222222222222222,-0.29411764705882354,2.2627519830329987,2.2856360685313906,2.2856360685313915,0.4444444444444444,-0.6598451745581841,0.11363053313180634,-1.2558335710649353,0.3333333333333333,-1.4978381506157068,0.3333333333333333,0.2777777777777778,-0.1492618254762296,-2.4349041406302154,0.375,-1.3723900433022265,0.1111111111111111,-1.8377883046032708,0.3333333333333333,0.09541429936025897,0,1
0.1111111111111111,-0.25925925925925924,-0.2844958199592799,-0.4668695745617363,-0.4668695745617363,0.1111111111111111,-0.41765519112613586,-1.4809843220475034,-1.2558335710649353,0.1111111111111111,-1.4978381506157068,0.1111111111111111,0.0,0.08638458743361148,0.08136281572751122,0.0,-0.9531238224996238,0.0,-0.00749880872921027,0.1111111111111111,0.09883240487051116,1,0
0.0,-0.25925925925925924,-0.2844958199592799,-0.4668695745617363,-0.4668695745617363,0.0,-1.873218969294285,-1.4809843220475034,-1.2558335710649353,0.0,-1.4978381506157068,0.0,0.0,-0.23144110780931904,-0.3281393778419977,0.0,-0.9531238224996238,0.0,-1.8377883046032708,0.0,-2.476644085611099,1,0
0.2222222222222222,2.6688453159041394,-0.2638418267707287,-0.1916190102524235,-0.1916190102524236,0.0,-5.028059896155144,-1.4809843220475034,-1.2558335710649353,0.0,-1.4978381506157068,0.0,0.027777777777777776,-0.23333009790892031,-2.4349041406302154,0.125,1.3682240822548568,0.0,-1.8377883046032708,0.0,-2.476644085611099,0,1
0.1111111111111111,0.9411764705882353,-0.0297636102182493,1.7351349399127651,1.7351349399127654,0.3333333333333333,0.6269457978251336,0.11384010261592441,-1.2558335710649353,0.1111111111111111,0.15763820015463306,0.4444444444444444,0.2222222222222222,3.7850610499698853,0.38856701644178904,0.375,0.7564222381735122,0.4444444444444444,0.5594659976634546,0.1111111111111111,0.4240946640332317,0,1
0.0,-0.13725490196078433,-0.2844958199592799,-0.4668695745617363,-0.4668695745617363,0.0,-0.6214792406700255,-1.4809843220475034,-1.2558335710649353,0.0,-1.4978381506157068,0.0,0.0,-0.1895443526911265,-0.7184029574279608,0.0,-0.3945035917891138,0.0,-0.24364852373056853,0.0,0.25553559283774613,1,0
0.1111111111111111,-0.09586056644880174,-0.2844958199592799,-0.4668695745617363,-0.4668695745617363,0.1111111111111111,0.22344991033072584,0.19865366409457927,0.1812882605018963,0.1111111111111111,0.214438587242051,0.1111111111111111,0.0,0.6822551903673948,0.150515689149979,0.0,-0.2847917733012345,0.1111111111111111,0.07824744290209906,0.1111111111111111,0.12647886847422787,1,0
0.1111111111111111,-0.17429193899782136,-0.2844958199592799,-0.4668695745617363,-0.4668695745617363,0.1111111111111111,0.05666772811172043,0.11363053313180634,0.10854127650719715,0.1111111111111111,0.12776328546361485,0.1111111111111111,0.0,0.3713458370042956,0.08136281572751122,0.0,-0.5135592262370264,0.1111111111111111,0.07950399314438782,0.1111111111111111,0.10848346083980917,1,0
0.2222222222222222,0.5577342047930284,-0.093446821860342,0.9093832469848272,0.9093832469848272,0.1111111111111111,1.9434153022857323,0.3679838853211465,0.2849598405137579,0.3333333333333333,1.1147066353792472,0.0,0.1388888888888889,6.869621106913355,0.3126488641947435,0.25,0.5191192900072952,0.1111111111111111,0.34900422611190063,0.3333333333333333,-2.476644085611099,0,1
0.3333333333333333,-0.25925925925925924,0.3268518037888158,0.6341326826755145,0.6341326826755145,0.1111111111111111,-0.5060824340335689,-0.1064055331039316,-0.015066141993938723,0.1111111111111111,-0.003920466634580242,0.1111111111111111,0.1111111111111111,0.018556403402670944,-2.4349041406302154,0.25,-0.9531238224996238,0.1111111111111111,-0.1886702074924367,0.3333333333333333,0.04758485615594852,0,1
0.3333333333333333,-0.25925925925925924,1.7023839572220312,3.1113877614593286,3.111387761459329,0.4444444444444444,-0.06350011676499775,0.11363053313180634,0.10854127650719715,0.3333333333333333,0.018591671476249207,0.3333333333333333,0.3611111111111111,0.09321382173309245,-2.4349041406302154,0.375,-0.9531238224996238,0.3333333333333333,0.03730458856720431,0.3333333333333333,0.2594804437169419,0,1
0.0,2.5098039215686274,-0.2844958199592799,-0.4668695745617363,-0.4668695745617363,0.0,-5.028059896155144,-1.4809843220475034,-1.2558335710649353,0.0,-1.4978381506157068,0.0,0.0,-0.23333009790892031,-2.4349041406302154,0.0,1.3273719327921307,0.0,-1.8377883046032708,0.0,-2.476644085611099,1,0
0.0,0.39215686274509803,-0.2844958199592799,-0.4668695745617363,-0.4668695745617363,0.0,0.6855071097242851,-1.4809843220475034,0.16704098413972915,0.0,-1.4978381506157068,0.0,0.0,-0.0576226599170736,0.6960481664772368,0.0,0.3871513198050401,0.0,0.29663282875022295,0.0,0.5392528137287013,1,0
0.5555555555555556,-0.29411764705882354,4.300550225426821,4.487640583005892,4.487640583005893,0.3333333333333333,-0.6158531964356745,0.11363053313180634,-1.2558335710649353,0.4444444444444444,-1.4978381506157068,0.4444444444444444,0.5,-0.09978372432192972,-0.719952793840549,0.5,-1.3723900433022265,0.3333333333333333,0.13446858275768922,0.5555555555555556,-2.476644085611099,0,1
0.2222222222222222,1.5185185185185186,-0.0473311784448913,2.0103855042220777,2.010385504222078,0.3333333333333333,0.71276414583404,0.3671715138948441,0.3333354774730562,0.3333333333333333,-1.4978381506157068,0.3333333333333333,0.25,7.469545447757852,0.4123958978726874,0.25,1.0152348983243975,0.1111111111111111,0.5751543653927822,0.3333333333333333,-2.476644085611099,0,1
0.1111111111111111,-0.30501089324618735,-0.2844958199592799,-0.4668695745617363,-0.4668695745617363,0.1111111111111111,-0.4520605207621747,-0.22995039530624575,-0.1845109244123129,0.1111111111111111,0.12776328546361485,0.1111111111111111,0.0,-0.17786148401451465,-0.1265979840853157,0.0,-1.666848273078999,0.1111111111111111,-0.202096878991036,0.1111111111111111,-0.11127753062753284,1,0
0.3333333333333333,-0.25925925925925924,0.3268518037888158,0.6341326826755145,0.6341326826755145,0.1111111111111111,-0.2984904783494785,-0.011697378387615939,0.03140630306814073,0.1111111111111111,0.066276523690121,0.1111111111111111,0.1111111111111111,0.07486896531127271,-2.4349041406302154,0.25,-0.9531238224996238,0.1111111111111111,-0.05042906437089462,0.3333333333333333,0.10901145317231987,0,1
0.2222222222222222,-0.25925925925925924,0.1740148978517919,0.3588821183662018,0.3588821183662018,0.1111111111111111,-0.5137426881645986,-0.031672403407900916,-0.08465673382266095,0.1111111111111111,-0.020363180020070946,0.1111111111111111,0.08333333333333333,-0.08509041766840389,-1.9173243051832538,0.25,-0.9531238224996238,0.1111111111111111,-0.15033385167146385,0.3333333333333333,0.034791834629782185,0,1
0.3333333333333333,-0.23529411764705882,-0.0297667943178028,0.0836315540568891,0.083631554056889,0.1111111111111111,-0.15868583225664065,-0.021447229530358713,-0.0019815092194356396,0.1111111111111111,-0.016132469034368106,0.1111111111111111,0.05555555555555555,0.20736009278201692,0.018354147473292056,0.25,-0.7891132362483021,0.1111111111111111,0.025161917861290132,0.1111111111111111,0.11760366895698081,0,1
0.2222222222222222,-0.29411764705882354,1.243852861836087,1.18463381129414,1.18463381129414,0.1111111111111111,-0.7061650460213944,-0.03399042739279907,-0.019038917372292397,0.3333333333333333,0.0019336068950664943,0.1111111111111111,0.16666666666666666,-0.10435687229033208,-2.4349041406302154,0.375,-1.3723900433022265,0.1111111111111111,-0.09135711293377474,0.4444444444444444,-1.9449000722341456,0,1
0.1111111111111111,-0.09586056644880174,-0.2844958199592799,-0.4668695745617363,-0.4668695745617363,0.1111111111111111,-0.8388968188915573,-0.20220812076731515,-0.16250504744989117,0.1111111111111111,-0.24205366622281366,0.0,0.0,-0.1868370490938323,-0.17670370090685472,0.0,-0.2847917733012345,0.0,-1.8377883046032708,0.1111111111111111,-0.1940527750620471,1,0
0.1111111111111111,2.5098039215686274,-0.2844958199592799,-0.4668695745617363,-0.4668695745617363,0.1111111111111111,0.9786213005585442,0.3799831845042932,0.30992743791734495,0.1111111111111111,0.4030415636668088,0.1111111111111111,0.0,13.249749627926192,0.638209119137205,0.0,1.3273719327921307,0.1111111111111111,0.37734116683533264,0.1111111111111111,0.6040788725843649,1,0
0.2222222222222222,1.6470588235294117,-0.2590225777575635,-0.1916190102524235,-0.1916190102524236,0.0,-1.0831201349820065,-0.22887460301959633,-0.12622845462244348,0.0,-0.22139741587053635,0.1111111111111111,0.027777777777777776,-0.21630678792041852,-2.4349041406302154,0.125,1.0629938337787594,0.0,-0.09634369408832952,0.0,-2.476644085611099,1,0
0.2222222222222222,-0.30501089324618735,2.3900697985747907,1.4598843756034523,1.4598843756034523,0.3333333333333333,-0.6675460048333411,-0.20315520606063805,-0.13930054313604165,0.3333333333333333,-0.1484276388262529,0.1111111111111111,0.19444444444444442,-0.1785050845939045,-2.4349041406302154,0.25,-1.666848273078999,0.1111111111111111,-1.8377883046032708,0.3333333333333333,0.1529146459748972,0,1
0.1111111111111111,-0.09586056644880174,-0.2844958199592799,-0.4668695745617363,-0.4668695745617363,0.1111111111111111,-0.2729858672934792,-0.17687068600338346,-0.23146499342530566,0.1111111111111111,-0.020363180020070946,0.1111111111111111,0.0,0.5934029696218536,0.1486435532685795,0.0,-0.2847917733012345,0.1111111111111111,-0.09634369408832952,0.1111111111111111,0.038404497313681465,1,0
0.0,1.5185185185185186,-0.2844958199592799,-0.4668695745617363,-0.4668695745617363,0.0,-0.0972739692706438,0.24877953729658128,0.1768681478600174,0.0,-0.14803916375906678,0.0,0.0,-0.15489046843967927,-0.4051106091944457,0.0,1.0152348983243975,0.0,-0.2468306114300373,0.0,0.021655288632532486,1,0
0.1111111111111111,-0.29411764705882354,-0.2844958199592799,-0.4668695745617363,-0.4668695745617363,0.1111111111111111,-0.8103993418836994,-1.4809843220475034,-1.2558335710649353,0.1111111111111111,-1.4978381506157068,0.1111111111111111,0.0,-0.15941010746586629,-0.00922997645810883,0.0,-1.3723900433022265,0.0,-1.8377883046032708,0.1111111111111111,-0.03478979744880234,1,0
0.1111111111111111,-0.13725490196078433,0.0551447677567291,0.6341326826755145,0.6341326826755145,0.1111111111111111,-0.2855726903951195,-1.4809843220475034,0.0850983607360946,0.1111111111111111,0.066276523690121,0.3333333333333333,0.1111111111111111,0.11807133861951906,-0.08282810616588625,0.25,-0.3945035917891138,0.3333333333333333,0.005775291400744047,0.1111111111111111,-0.060200737786788555,1,0
0.1111111111111111,-0.05010893246187364,-0.2844958199592799,-0.4668695745617363,-0.4668695745617363,0.1111111111111111,0.35246580126750404,0.15455148118326137,0.37235388042488066,0.1111111111111111,0.16673593377072146,0.1111111111111111,0.0,0.8847029133752444,0.04216421648155949,0.0,-0.1828566844305228,0.1111111111111111,0.1134598899578306,0.1111111111111111,0.0809464037658137,1,0
0.0,2.355119825708061,-0.2844958199592799,-0.4668695745617363,-0.4668695745617363,0.0,-0.3090977194553841,-1.4809843220475034,0.02279365357854673,0.0,-0.25702342352210616,0.0,0.0,-0.14100477349540322,0.1200825547637397,0.0,1.285678693674575,0.1111111111111111,-1.8377883046032708,0.0,0.178888903842196,1,0
0.2222222222222222,1.6470588235294117,-0.2080760933541306,0.3588821183662018,0.3588821183662018,0.1111111111111111,0.9426538990720016,0.45117298070474154,0.21559114483901468,0.1111111111111111,0.4241497408825051,0.1111111111111111,0.08333333333333333,9.32861832444836,0.5270853668270672,0.25,1.0629938337787594,0.1111111111111111,0.42758709717101306,0.3333333333333333,0.5664037311873185,0,1
0.3333333333333333,0.054466230936819175,-0.0493592245867171,0.6341326826755145,0.6341326826755145,0.1111111111111111,0.2277441798847106,0.27293063649791044,0.13416063866482975,0.1111111111111111,0.24119702560576337,0.1111111111111111,0.1111111111111111,1.8296800414134327,-1.0421817297109623,0.25,0.0021753538983214,0.1111111111111111,0.21364645487968173,0.3333333333333333,0.2070133954846282,0,1
0.0,-0.29411764705882354,-0.2844958199592799,-0.4668695745617363,-0.4668695745617363,0.0,-1.6020365476889518,-1.4809843220475034,-1.2558335710649353,0.0,-0.15675299925015765,0.0,0.0,-0.23234453785695444,-0.6405164088259279,0.0,-1.3723900433022265,0.0,-1.8377883046032708,0.0,-0.633150833521768,1,0
0.2222222222222222,-0.25925925925925924,0.1740148978517919,0.3588821183662018,0.3588821183662018,0.1111111111111111,-0.6860270503528969,-0.031882077624412315,-1.2558335710649353,0.1111111111111111,-1.4978381506157068,0.1111111111111111,0.08333333333333333,0.13511754545771296,-2.4349041406302154,0.25,-0.9531238224996238,0.1111111111111111,-0.023955493780625076,0.3333333333333333,0.017853675089789346,0,1
0.0,0.0,-0.2844958199592799,-0.4668695745617363,-0.4668695745617363,0.0,-1.0743570431475347,-1.4809843220475034,-1.2558335710649353,0.0,0.024561751968611396,0.0,0.0,-0.22514397638637937,-2.4349041406302154,0.0,-0.0875094222424097,0.0,-0.37001122821452725,0.0,-0.27604912372276585,1,0
0.1111111111111111,0.8387799564270153,-0.2180439511956038,0.0836315540568891,0.083631554056889,0.1111111111111111,0.2353577637238828,0.19865366409457927,0.16890900987517174,0.1111111111111111,-1.4978381506157068,0.3333333333333333,0.05555555555555555,2.4134999328027233,0.0976588803573525,0.25,0.6999923241170234,0.1111111111111111,0.35508346069795704,0.1111111111111111,0.1232101319848419,1,0
0.0,2.0588235294117645,-0.2844958199592799,-0.4668695745617363,-0.4668695745617363,0.0,1.0395439883352753,0.09339519146367445,0.4931094518409319,0.0,0.5266976098715213,0.0,0.0,0.18811180631256189,0.5368402175445685,0.0,1.199597083727945,0.0,-1.8377883046032708,0.0,0.7081900088901337,1,0
0.2222222222222222,0.6470588235294118,-0.0297637618438426,1.4598843756034523,1.4598843756034523,0.3333333333333333,-0.3597686010969941,-0.011697378387615939,0.004219667270185835,0.3333333333333333,0.012083310553986181,0.1111111111111111,0.19444444444444442,0.6365035515004902,-2.4349041406302154,0.25,0.5814972662319737,0.1111111111111111,-1.8377883046032708,0.3333333333333333,0.22429830629969633,0,1
0.0,0.2440087145969499,-0.2844958199592799,-0.4668695745617363,-0.4668695745617363,0.0,1.2716351760492888,0.006539905894159156,0.7337347140145948,0.0,0.5149814631065435,0.0,0.0,-0.11707781444592112,-0.2131146983687719,0.0,0.2439439807007004,0.0,-0.09634369408832952,0.0,-0.1940527750620471,1,0
0.2222222222222222,-0.25925925925925924,0.1740148978517919,0.3588821183662018,0.3588821183662018,0.1111111111111111,-0.4710857119243633,-0.11155560202483687,-0.04746983077586487,0.1111111111111111,-0.1100862081376974,0.1111111111111111,0.08333333333333333,0.0509193582908994,-2.4349041406302154,0.25,-0.9531238224996238,0.1111111111111111,0.022032598257449288,0.3333333333333333,0.047743659875301776,0,1
0.1111111111111111,-0.25925925925925924,-0.2844958199592799,-0.4668695745617363,-0.4668695745617363,0.1111111111111111,-0.4343139325768407,-0.031672403407900916,-0.015781955055106312,0.1111111111111111,-0.11204520320124457,0.1111111111111111,0.0,-0.05406643072956333,-0.11859720634246156,0.0,-0.9531238224996238,0.1111111111111111,-0.18614051716160288,0.1111111111111111,-0.060200737786788555,1,0
0.1111111111111111,0.6470588235294118,-0.2844958199592799,-0.4668695745617363,-0.4668695745617363,0.1111111111111111,0.7976296631113244,0.3374936322617383,0.2900563190762661,0.1111111111111111,0.34403164778013556,0.1111111111111111,0.0,5.332034185992106,0.4572960632549125,0.0,0.5814972662319737,0.1111111111111111,0.35508346069795704,0.1111111111111111,0.5315972218020605,1,0
0.1111111111111111,2.20479302832244,-0.2844958199592799,-0.4668695745617363,-0.4668695745617363,0.1111111111111111,1.9989026088625292,0.43959528381392954,0.931407765302455,0.1111111111111111,0.4331265772230196,0.1111111111111111,0.0,11.863239356698072,0.5270853668270672,0.0,1.2431022551165405,0.1111111111111111,0.42783900320732504,0.1111111111111111,0.653383746041454,1,0
0.1111111111111111,-0.2788671023965142,-0.2844958199592799,-0.4668695745617363,-0.4668695745617363,0.1111111111111111,-0.632351435141434,-0.3088966837270661,-0.24573249218212043,0.1111111111111111,-0.20814314591629246,0.1111111111111111,0.0,-0.1338801200591336,-0.12881500849105557,0.0,-1.1433092459291831,0.1111111111111111,-0.3838053755925958,0.1111111111111111,0.0369313612660919,1,0
0.3333333333333333,-0.25925925925925924,2.0080577690960792,3.661888890077954,3.6618888900779543,0.4444444444444444,-0.11082267868121463,0.11363053313180634,-1.2558335710649353,0.5555555555555556,0.13819223942991316,0.3333333333333333,0.41666666666666663,0.11320750021154692,0.36283016970125886,0.5,-0.9531238224996238,0.3333333333333333,-1.8377883046032708,0.3333333333333333,-2.476644085611099,0,1
0.3333333333333333,0.0,0.1612836896806392,1.4598843756034523,1.4598843756034523,0.3333333333333333,-0.5934797739975977,0.2094174170755434,-1.2558335710649353,0.4444444444444444,-1.4978381506157068,0.1111111111111111,0.19444444444444442,-0.2048175469509858,-0.04241303968704692,0.375,-0.0875094222424097,0.0,-1.2573907469345689,0.0,-2.476644085611099,0,1
0.1111111111111111,0.7407407407407407,-0.2844958199592799,-0.4668695745617363,-0.4668695745617363,0.1111111111111111,0.5670376122921608,-0.004947872781388551,0.3973473314367822,0.1111111111111111,0.3236529324331165,0.1111111111111111,0.0,0.7438800702833732,0.13997425265217076,0.0,0.6417328970763176,0.1111111111111111,0.35508346069795704,0.1111111111111111,0.16869886832993028,1,0
0.1111111111111111,-0.30501089324618735,-0.2844958199592799,-0.4668695745617363,-0.4668695745617363,0.0,0.043001031711074424,-0.2837522314751988,0.20012163769313637,0.0,0.12776328546361485,0.1111111111111111,0.0,-0.21832818154215264,0.0096341289758159,0.0,-1.666848273078999,0.1111111111111111,0.2815170403090649,0.1111111111111111,-0.34598822012232755,1,0
0.2222222222222222,-0.20697167755991286,0.916372445798759,2.5608866328407034,2.560886632840704,0.3333333333333333,-0.5127802940355883,0.11363053313180634,-1.2558335710649353,0.3333333333333333,-1.4978381506157068,0.3333333333333333,0.3055555555555555,-0.04804007944211328,-0.08282810616588625,0.25,-0.6440902286753902,0.3333333333333333,0.07824744290209906,0.3333333333333333,-2.476644085611099,0,1
0.0,4.098039215686274,-0.2844958199592799,-0.4668695745617363,-0.4668695745617363,0.0,-0.4066071458867924,-0.21739129166283935,0.18981475736928755,0.0,-1.4978381506157068,0.0,0.0,-0.15221178590450024,-0.3771772238460933,0.0,1.668921836399024,0.0,-1.8377883046032708,0.0,0.0809464037658137,1,0
0.1111111111111111,0.6470588235294118,-0.2117152319262978,0.0836315540568891,0.083631554056889,0.1111111111111111,0.057484147476601556,-0.31608981251207946,0.30695473037167503,0.1111111111111111,-1.114660594938363,0.3333333333333333,0.05555555555555555,-0.11104150800643103,-0.18987948039188884,0.25,0.5814972662319737,0.0,0.04069001726851605,0.1111111111111111,0.257298528389013,1,0
0.1111111111111111,0.2440087145969499,-0.1889714403146885,0.0836315540568891,0.083631554056889,0.1111111111111111,-0.715896460409307,-1.4809843220475034,-0.015781955055106312,0.1111111111111111,-0.16838295792244487,0.1111111111111111,0.05555555555555555,0.08953539305429037,-0.15453537925888908,0.25,0.2439439807007004,0.3333333333333333,-0.39180806223249853,0.1111111111111111,-0.18237925388542992,1,0
0.2222222222222222,-0.09586056644880174,-0.20807660281388,-0.1916190102524235,-0.1916190102524236,0.0,-5.028059896155144,-1.4809843220475034,-1.2558335710649353,0.0,-1.4978381506157068,0.0,0.027777777777777776,-0.23333009790892031,-2.4349041406302154,0.125,-0.2847917733012345,0.0,-1.8377883046032708,0.0,-2.476644085611099,0,1
0.1111111111111111,-0.05010893246187364,-0.2844958199592799,-0.4668695745617363,-0.4668695745617363,0.1111111111111111,-0.00982243190043095,0.11363053313180634,0.10854127650719715,0.1111111111111111,0.12776328546361485,0.1111111111111111,0.0,0.6356601012438963,-0.030360099362461087,0.0,-0.1828566844305228,0.1111111111111111,0.07824744290209906,0.1111111111111111,0.034791834629782185,1,0
0.1111111111111111,-0.23529411764705882,-0.2844958199592799,-0.4668695745617363,-0.4668695745617363,0.1111111111111111,0.20061010924509606,0.19154423969583573,0.157670700350545,0.1111111111111111,0.23155067604930119,0.1111111111111111,0.0,0.314218694780016,0.061472485274025074,0.0,-0.7891132362483021,0.1111111111111111,0.13547442390327438,0.1111111111111111,0.11268396089000897,1,0
0.1111111111111111,-0.20697167755991286,0.1521835494072796,0.6341326826755145,0.6341326826755145,0.3333333333333333,0.13100068389753539,0.10043389299267505,0.10018713266464359,0.3333333333333333,0.1129400668601307,0.1111111111111111,0.1111111111111111,0.46284762146529873,0.40655538067346964,0.25,-0.6440902286753902,0.1111111111111111,-1.8377883046032708,0.1111111111111111,0.03970846005909461,1,0
0.0,4.705882352941177,-0.2844958199592799,-0.4668695745617363,-0.4668695745617363,0.0,2.3936086944001977,0.8573698084209732,0.9356207946216297,0.0,0.3604873073673766,0.0,0.0,2.950709802340456,-1.9173243051832538,0.0,1.7715522582507326,0.0,0.6440728991434305,0.0,1.4603256896850394,1,0
0.0,3.5294117647058822,-0.2844958199592799,-0.4668695745617363,-0.4668695745617363,0.1111111111111111,1.668782946034424,0.4707643179126623,0.2735257046064468,0.0,0.3236529324331165,0.1111111111111111,0.0,4.865275185290267,0.1035931218795526,0.0,1.561142456786503,0.1111111111111111,0.3092864219511139,0.0,1.3873645673005333,1,0
0.1111111111111111,-0.25925925925925924,-0.2844958199592799,-0.4668695745617363,-0.4668695745617363,0.1111111111111111,-1.0726742800912639,-1.4809843220475034,-1.2558335710649353,0.1111111111111111,-1.4978381506157068,0.0,0.0,-0.10626004848159044,-0.11502526551304132,0.0,-0.9531238224996238,0.0,-1.8377883046032708,0.1111111111111111,-0.1940527750620471,1,0
0.3333333333333333,-0.29411764705882354,0.2249537406391757,0.0836315540568891,0.083631554056889,0.0,-1.8012328682280123,-1.4809843220475034,-1.2558335710649353,0.0,-1.4978381506157068,0.0,0.05555555555555555,-0.2324565333174051,-0.2929268929199516,0.25,-1.3723900433022265,0.0,-1.8377883046032708,0.0,-2.476644085611099,0,1
0.1111111111111111,-0.17429193899782136,-0.2844958199592799,-0.4668695745617363,-0.4668695745617363,0.1111111111111111,-0.04581186044354961,0.08575319356172201,0.10473377249251282,0.1111111111111111,0.06050019776789523,0.1111111111111111,0.0,0.36807656507434006,0.08136281572751122,0.0,-0.5135592262370264,0.1111111111111111,-0.009275161793371506,0.1111111111111111,0.04471325895204173,1,0
0.1111111111111111,-0.23529411764705882,-0.2844958199592799,-0.4668695745617363,-0.4668695745617363,0.1111111111111111,-0.2567850406009787,-0.031672403407900916,-0.015781955055106312,0.1111111111111111,-0.12946365119646047,0.1111111111111111,0.0,0.1246133667826441,0.0096341289758159,0.0,-0.7891132362483021,0.1111111111111111,-0.01160329552774256,0.1111111111111111,0.05090380957037403,1,0
0.3333333333333333,1.6470588235294117,-0.233549335555847,0.0836315540568891,0.083631554056889,0.1111111111111111,0.9342535650308812,0.39083030464541124,0.30585063256892686,0.1111111111111111,0.3955971410661783,0.1111111111111111,0.05555555555555555,11.313334677278858,0.5720272761527729,0.25,1.0629938337787594,0.1111111111111111,0.42758709717101306,0.1111111111111111,0.5315972218020605,0,1
0.1111111111111111,-0.23529411764705882,-0.0297667943178028,0.0836315540568891,0.083631554056889,0.3333333333333333,-0.3832676981197954,-0.031672403407900916,0.044560169834700084,0.1111111111111111,-0.09654852506560477,0.1111111111111111,0.05555555555555555,-0.1251648822056635,-0.08282810616588625,0.25,-0.7891132362483021,0.1111111111111111,-1.8377883046032708,0.1111111111111111,0.04932751301282032,1,0
0.1111111111111111,-0.30501089324618735,0.4796657853361687,0.0836315540568891,0.083631554056889,0.3333333333333333,-0.2634322729740883,0.12275948962466958,-1.2558335710649353,0.1111111111111111,0.09125917284980617,0.1111111111111111,0.05555555555555555,-0.19410679887108576,-0.08261392671528767,0.25,-1.666848273078999,0.1111111111111111,-1.8377883046032708,0.1111111111111111,0.13911932807499858,1,0
0.3333333333333333,-0.30501089324618735,2.0079889959270663,1.18463381129414,1.18463381129414,0.0,0.08065949331215154,-0.07712544467242505,-0.06688085054270765,0.0,-1.3496048375326566,0.3333333333333333,0.16666666666666666,-0.18717452874799032,-2.4349041406302154,0.25,-1.666848273078999,0.1111111111111111,0.515353646362968,0.3333333333333333,-0.3626050635543782,0,1
0.1111111111111111,0.054466230936819175,0.1857773707858456,1.7351349399127651,1.7351349399127654,0.4444444444444444,0.5940213865060694,0.26921851233687344,0.27295236848406923,0.4444444444444444,-1.4978381506157068,0.3333333333333333,0.2222222222222222,2.0204924315956614,0.6597540644413262,0.375,0.0021753538983214,0.1111111111111111,-1.8377883046032708,0.1111111111111111,0.33742708388807957,0,1
0.0,0.8387799564270153,-0.2844958199592799,-0.4668695745617363,-0.4668695745617363,0.0,-5.028059896155144,-1.4809843220475034,-1.2558335710649353,0.0,-1.4978381506157068,0.0,0.0,-0.23333009790892031,-2.4349041406302154,0.0,0.6999923241170234,0.0,-1.8377883046032708,0.0,-2.476644085611099,1,0
0.1111111111111111,8.333333333333334,-0.2844958199592799,-0.4668695745617363,-0.4668695745617363,0.1111111111111111,1.2555505870150938,0.47190753074823016,0.28643080330718096,0.1111111111111111,0.43736449256029597,0.1111111111111111,0.0,40.34756198326539,0.6755580203172455,0.0,2.223906638893516,0.1111111111111111,0.7290244014774278,0.1111111111111111,0.6366946978213068,1,0
0.3333333333333333,3.9041394335511983,-0.2497595437519207,0.0836315540568891,0.083631554056889,0.1111111111111111,1.143475230005126,0.47494471565738927,0.43006921587535435,0.1111111111111111,0.49414217124898024,0.1111111111111111,0.05555555555555555,19.923716407583836,0.5720272761527729,0.25,1.6335973378751631,0.1111111111111111,0.491277090930023,0.1111111111111111,0.6017420617855448,0,1
0.1111111111111111,0.7407407407407407,-0.2844958199592799,-0.4668695745617363,-0.4668695745617363,0.1111111111111111,1.68341293386614,0.5062066625999129,0.3572998073251172,0.1111111111111111,0.9787350564448721,0.1111111111111111,0.0,5.511378987660589,0.5270853668270672,0.0,0.6417328970763176,0.1111111111111111,0.35508346069795704,0.1111111111111111,0.4926873395741765,1,0
0.3333333333333333,0.5577342047930284,-0.2080762207197047,0.0836315540568891,0.083631554056889,0.1111111111111111,0.5688930516209877,0.19872355549491127,0.1812882605018963,0.1111111111111111,0.3236529324331165,0.1111111111111111,0.05555555555555555,3.9485903504711275,0.45577440228353866,0.25,0.5191192900072952,0.1111111111111111,0.2529015249281053,0.1111111111111111,0.3505732374012529,0,1
0.1111111111111111,-0.25925925925925924,-0.2844958199592799,-0.4668695745617363,-0.4668695745617363,0.1111111111111111,-0.17119474256175288,-0.016126104438052926,0.011912147047364584,0.1111111111111111,0.011531899507590097,0.1111111111111111,0.0,0.05372919995420629,-0.0051655882901636635,0.0,-0.9531238224996238,0.1111111111111111,0.0464715426655191,0.1111111111111111,0.05728913035152748,1,0
0.1111111111111111,-0.25925925925925924,-0.2844958199592799,-0.4668695745617363,-0.4668695745617363,0.1111111111111111,0.758918817046337,0.11363053313180634,0.05693515131531388,0.1111111111111111,0.0,0.1111111111111111,0.0,0.09243234229794768,0.025316925826723576,0.0,-0.9531238224996238,0.1111111111111111,0.7469156587988368,0.1111111111111111,0.10848346083980917,1,0
0.0,2.355119825708061,-0.2844958199592799,-0.4668695745617363,-0.4668695745617363,0.1111111111111111,1.1443508258915747,0.4495727313762759,0.41155811764194117,0.0,-0.046703144883761,0.1111111111111111,0.0,0.7316825202462904,-0.23265115791362534,0.0,1.285678693674575,0.0,-1.8377883046032708,0.0,1.0614196019913393,1,0
0.2222222222222222,-0.29411764705882354,0.4796785209384036,0.3588821183662018,0.3588821183662018,0.1111111111111111,-0.4396742343516611,-0.02104840994986472,-0.11005868524940783,0.1111111111111111,0.066276523690121,0.1111111111111111,0.08333333333333333,-0.10317420022797301,-2.4349041406302154,0.25,-1.3723900433022265,0.1111111111111111,-0.09634369408832952,0.3333333333333333,0.034791834629782185,0,1
0.1111111111111111,0.2440087145969499,-0.1889714403146885,0.0836315540568891,0.083631554056889,0.1111111111111111,-0.40763189674269557,-1.4809843220475034,-0.015781955055106312,0.1111111111111111,0.0820638490124016,0.1111111111111111,0.05555555555555555,0.1741223289082683,-0.13936814149278817,0.25,0.2439439807007004,0.3333333333333333,-0.032409633836191595,0.1111111111111111,-0.11102071667620021,1,0
0.0,-0.13725490196078433,-0.2844958199592799,-0.4668695745617363,-0.4668695745617363,0.0,-0.9519047513928122,-0.2663720580178166,0.013594638070886957,0.0,-0.25962352200296185,0.0,0.0,-0.22321914773943385,-2.4349041406302154,0.0,-0.3945035917891138,0.0,-0.09634369408832952,0.0,-2.476644085611099,1,0
0.1111111111111111,1.159041394335512,-0.2844958199592799,-0.4668695745617363,-0.4668695745617363,0.1111111111111111,0.696544981626419,0.3060377416570077,0.30585063256892686,0.1111111111111111,0.3239093538855156,0.1111111111111111,0.0,5.5037374129546395,0.37337333432966896,0.0,0.8643003776574393,0.1111111111111111,0.35508346069795704,0.1111111111111111,0.39765349836135255,1,0
0.2222222222222222,0.5577342047930284,-0.1698664210999171,0.3588821183662018,0.3588821183662018,0.1111111111111111,0.7119143749564804,0.44693530431317774,-1.2558335710649353,0.1111111111111111,0.3626362666558231,0.1111111111111111,0.08333333333333333,4.091830055599524,0.41340488180506557,0.25,0.5191192900072952,0.1111111111111111,0.33315489072787546,0.3333333333333333,0.4341057656854379,0,1
0.1111111111111111,-0.29411764705882354,-0.2844958199592799,-0.4668695745617363,-0.4668695745617363,0.1111111111111111,-0.22904082605813766,0.16042040378299907,0.08964009583713212,0.1111111111111111,-0.07870470972534525,0.1111111111111111,0.0,-0.13848338236245714,-0.11955646263367715,0.0,-1.3723900433022265,0.1111111111111111,-0.17661424232303088,0.1111111111111111,-0.10215572367307334,1,0
0.0,1.3943355119825709,-0.2844958199592799,-0.4668695745617363,-0.4668695745617363,0.1111111111111111,1.7912647647087856,0.3442710159296509,0.240979621554806,0.1111111111111111,0.34430360498996365,0.1111111111111111,0.0,5.075939641913181,1.401456547314179,0.0,0.9662521913648202,0.1111111111111111,0.3553773143737125,0.0,0.3716619977556528,1,0
0.1111111111111111,-0.3115468409586057,-0.2844958199592799,-0.4668695745617363,-0.4668695745617363,0.0,-0.4776649287085658,0.10287579294346057,-1.2558335710649353,0.1111111111111111,-1.4978381506157068,0.0,0.0,-0.226422217908323,-0.024230948184563922,0.0,-2.102083711231995,0.0,-0.15252708390055125,0.1111111111111111,-0.1074461255133846,1,0
0.0,0.8387799564270153,-0.2844958199592799,-0.4668695745617363,-0.4668695745617363,0.0,-4.110490448896882,-1.4809843220475034,-1.2558335710649353,0.0,-1.4978381506157068,0.0,0.0,-0.23394831285060802,-1.4880007338279437,0.0,0.6999923241170234,0.0,-1.8377883046032708,0.0,-2.476644085611099,1,0
0.1111111111111111,-0.29411764705882354,-0.2844958199592799,-0.4668695745617363,-0.4668695745617363,0.1111111111111111,-0.004056395189917627,0.3057862080103784,-0.015781955055106312,0.1111111111111111,-0.06910086214624117,0.1111111111111111,0.0,-0.10441137674775139,0.0096341289758159,0.0,-1.3723900433022265,0.1111111111111111,-0.00485753283318338,0.1111111111111111,-0.03174656624508933,1,0
0.3333333333333333,-0.29411764705882354,0.7344033012376314,0.6341326826755145,0.6341326826755145,0.1111111111111111,-0.5938872977327593,-1.4809843220475034,-0.015781955055106312,0.1111111111111111,-0.12946365119646047,0.1111111111111111,0.1111111111111111,-0.2106659498957198,-0.2131146983687719,0.25,-1.3723900433022265,0.3333333333333333,-0.05573139401720503,0.1111111111111111,-0.16560768234201723,0,1
0.0,1.6470588235294117,-0.2844958199592799,-0.4668695745617363,-0.4668695745617363,0.0,-5.028059896155144,-1.4809843220475034,-1.2558335710649353,0.0,-1.4978381506157068,0.0,0.0,-0.23333009790892031,-2.4349041406302154,0.0,1.0629938337787594,0.0,-1.8377883046032708,0.0,-2.476644085611099,1,0
0.0,-0.29411764705882354,0.9891280815368592,0.9093832469848272,0.9093832469848272,0.1111111111111111,-0.5076312645113519,-1.4809843220475034,0.0013089566649129294,0.1111111111111111,-1.4978381506157068,0.4444444444444444,0.1388888888888889,-0.18127684780065806,-0.1593917029163177,0.375,-1.3723900433022265,0.3333333333333333,0.04618559430064315,0.1111111111111111,-0.060200737786788555,0,1
0.2222222222222222,0.8387799564270153,-0.2512698855774418,-0.1916190102524235,-0.1916190102524236,0.0,-2.906414132772981,-1.4809843220475034,-0.36505314820420554,0.0,-1.4978381506157068,0.0,0.027777777777777776,-0.23333009790892031,-2.4349041406302154,0.125,0.6999923241170234,0.0,-1.8377883046032708,0.0,-2.476644085611099,1,0
0.1111111111111111,0.11328976034858387,-0.2844958199592799,-0.4668695745617363,-0.4668695745617363,0.1111111111111111,0.9654323689153941,-0.031672403407900916,-0.10147468064324724,0.1111111111111111,0.7457841230725359,0.1111111111111111,0.0,1.9270877198222012,0.3406465500697549,0.0,0.0869332819236188,0.1111111111111111,0.14915034027229246,0.1111111111111111,0.3689107160964178,1,0
0.2222222222222222,0.5577342047930284,-0.2462860203394923,-0.1916190102524235,-0.1916190102524236,0.0,-0.1393967909142752,0.3688241852320678,-1.2558335710649353,0.0,-1.4978381506157068,0.0,0.027777777777777776,-0.18518200506717242,0.131285026097367,0.125,0.5191192900072952,0.0,-1.8377883046032708,0.0,-2.476644085611099,1,0
0.0,0.6470588235294118,-0.2844958199592799,-0.4668695745617363,-0.4668695745617363,0.0,-5.028059896155144,-1.4809843220475034,-1.2558335710649353,0.0,-1.4978381506157068,0.0,0.0,-0.23333009790892031,-2.4349041406302154,0.0,0.5814972662319737,0.0,-1.8377883046032708,0.0,-2.476644085611099,1,0
0.3333333333333333,0.0,0.0976009025892222,1.18463381129414,1.18463381129414,0.1111111111111111,0.49316425878172565,-0.031672403407900916,0.10854127650719715,0.3333333333333333,0.44423812695990667,0.1111111111111111,0.16666666666666666,0.3937070995166775,0.25571528866671944,0.25,-0.0875094222424097,0.1111111111111111,0.4593917602828005,0.3333333333333333,-2.476644085611099,0,1
0.0,0.8387799564270153,-0.2844958199592799,-0.4668695745617363,-0.4668695745617363,0.0,-5.028059896155144,-1.4809843220475034,-1.2558335710649353,0.0,-1.4978381506157068,0.0,0.0,-0.2135586681997601,-2.4349041406302154,0.0,0.6999923241170234,0.0,-1.8377883046032708,0.0,-2.476644085611099,1,0
0.2222222222222222,-0.29411764705882354,1.498577642135315,1.4598843756034523,1.4598843756034523,0.1111111111111111,-0.3060119961713659,0.16042040378299907,-0.17166893429764887,0.1111111111111111,-1.4978381506157068,0.3333333333333333,0.19444444444444442,-0.14367623854535322,-2.4349041406302154,0.25,-1.3723900433022265,0.3333333333333333,-0.22493634798497716,0.3333333333333333,0.2637189492662903,0,1
0.1111111111111111,-0.05010893246187364,-0.2844958199592799,-0.4668695745617363,-0.4668695745617363,0.1111111111111111,0.8634386247026499,0.12074236796650738,0.1812882605018963,0.1111111111111111,0.13210084404868222,0.1111111111111111,0.0,0.7159202791424631,0.902355136885753,0.0,-0.1828566844305228,0.1111111111111111,0.05170390327415423,0.1111111111111111,0.16869886832993028,1,0
0.1111111111111111,-0.25925925925925924,-0.2844958199592799,-0.4668695745617363,-0.4668695745617363,0.1111111111111111,-0.25190385000087095,0.05331580804312823,-0.015781955055106312,0.1111111111111111,-0.020363180020070946,0.1111111111111111,0.0,-0.0355374039950025,0.0096341289758159,0.0,-0.9531238224996238,0.1111111111111111,-0.0230124943395663,0.1111111111111111,-0.10190590049916318,1,0
0.1111111111111111,0.47276688453159044,-0.2844958199592799,-0.4668695745617363,-0.4668695745617363,0.1111111111111111,-0.032994685627783446,-1.4809843220475034,-1.2558335710649353,0.1111111111111111,-1.4978381506157068,0.1111111111111111,0.0,1.29663515861046,0.30420801898878946,0.0,0.4544096728511559,0.0,-0.09634369408832952,0.1111111111111111,0.3604550640722583,1,0
0.1111111111111111,-0.20697167755991286,0.3705232340905594,1.18463381129414,1.18463381129414,0.3333333333333333,0.21389526667295827,-1.4809843220475034,0.16890900987517174,0.1111111111111111,0.214438587242051,0.3333333333333333,0.16666666666666666,0.4807482292273308,0.0682402104790375,0.25,-0.6440902286753902,0.3333333333333333,0.14435081490704424,0.1111111111111111,0.38070954644942445,1,0
0.1111111111111111,-0.25925925925925924,0.0211779919147679,0.0836315540568891,0.083631554056889,0.3333333333333333,-0.4129863278055807,-0.031672403407900916,-0.015781955055106312,0.1111111111111111,-0.28902244472125804,0.1111111111111111,0.05555555555555555,-0.14611798846197882,-0.07772676298045061,0.25,-0.9531238224996238,0.1111111111111111,-1.8377883046032708,0.1111111111111111,0.11990873271450468,1,0
0.4444444444444444,-0.25925925925925924,0.7853625215998877,1.4598843756034523,1.4598843756034523,0.0,-2.3254641829600615,-1.4809843220475034,-1.2558335710649353,0.3333333333333333,-1.4978381506157068,0.0,0.19444444444444442,-0.2225088476413756,-2.4349041406302154,0.375,-0.9531238224996238,0.0,-1.8377883046032708,0.3333333333333333,-0.5402922922717568,0,1
0.3333333333333333,0.054466230936819175,-0.1669275222729985,0.0836315540568891,0.083631554056889,0.1111111111111111,-0.2653319920356426,0.02315644489723045,0.031130376976603844,0.0,0.03553110332609445,0.0,0.05555555555555555,-0.20267768701997502,-0.08261392671528767,0.25,0.0021753538983214,0.0,-1.8377883046032708,0.0,0.1211824086625698,0,1
0.1111111111111111,-0.30501089324618735,-0.2844958199592799,-0.4668695745617363,-0.4668695745617363,0.0,-1.6378921616938666,-1.4809843220475034,-1.2558335710649353,0.1111111111111111,-1.4978381506157068,0.0,0.0,-0.21511416070601938,-0.2131146983687719,0.0,-1.666848273078999,0.0,-1.8377883046032708,0.1111111111111111,-2.476644085611099,1,0
0.2222222222222222,0.6470588235294118,-0.2481055259427889,-0.1916190102524235,-0.1916190102524236,0.1111111111111111,1.5071389326906117,0.24189725012584634,0.2089482041426418,0.1111111111111111,0.2759431547214016,0.1111111111111111,0.027777777777777776,1.9420510599748133,0.050197223013887536,0.125,0.5814972662319737,0.1111111111111111,1.0642120865980003,0.1111111111111111,0.16869886832993028,0,1
0.2222222222222222,-0.25925925925925924,0.1740148978517919,0.3588821183662018,0.3588821183662018,0.1111111111111111,0.11457289071794292,0.21218812386795324,0.10854127650719715,0.1111111111111111,0.12776328546361485,0.1111111111111111,0.08333333333333333,0.17628832111338424,0.08136281572751122,0.25,-0.9531238224996238,0.1111111111111111,0.07824744290209906,0.3333333333333333,0.10848346083980917,0,1
0.2222222222222222,0.0,-0.2208130328678629,-0.1916190102524235,-0.1916190102524236,0.0,-1.6398689270624869,-1.4809843220475034,-0.01632069449067146,0.0,-1.4978381506157068,0.0,0.027777777777777776,-0.23333009790892031,-2.4349041406302154,0.125,-0.0875094222424097,0.0,-1.8377883046032708,0.0,-2.476644085611099,1,0
0.2222222222222222,-0.09586056644880174,-0.20807660281388,-0.1916190102524235,-0.1916190102524236,0.0,-5.028059896155144,-1.4809843220475034,-1.2558335710649353,0.0,-1.4978381506157068,0.0,0.027777777777777776,-0.23333009790892031,-2.4349041406302154,0.125,-0.2847917733012345,0.0,-1.8377883046032708,0.0,-2.476644085611099,0,1
0.2222222222222222,-0.09586056644880174,0.2504387000585193,1.4598843756034523,1.4598843756034523,0.3333333333333333,-0.48442536145988135,-0.04620554702745469,0.1812882605018963,0.3333333333333333,-0.9334613164360495,0.1111111111111111,0.19444444444444442,-0.20147858895674986,-2.4349041406302154,0.25,-0.2847917733012345,0.0,-1.8377883046032708,0.3333333333333333,-0.0009185191675057272,0,1
0.3333333333333333,-0.17429193899782136,0.2886468757888082,1.18463381129414,1.18463381129414,0.1111111111111111,0.49253283832304495,0.22428431919137498,0.3561746162832491,0.3333333333333333,0.214438587242051,0.1111111111111111,0.16666666666666666,0.7311290137928632,0.45533257435354596,0.25,-0.5135592262370264,0.1111111111111111,0.16302380427722835,0.3333333333333333,-2.476644085611099,0,1
0.2222222222222222,0.39215686274509803,0.1825125826125307,2.5608866328407034,2.560886632840704,0.3333333333333333,0.8629424635639573,0.5362240682264986,0.3333354774730562,0.3333333333333333,-1.4978381506157068,0.3333333333333333,0.3055555555555555,5.216624357270497,-2.4349041406302154,0.25,0.3871513198050401,0.3333333333333333,0.35508346069795704,0.3333333333333333,0.7216763735214582,0,1
0.3333333333333333,-0.29411764705882354,1.7533024224345426,1.7351349399127651,1.7351349399127654,0.3333333333333333,-0.6222046451207646,-0.4614975599638623,-0.5937170139633319,0.3333333333333333,-0.43353643856768437,0.1111111111111111,0.2222222222222222,-0.19831882369923495,0.061472485274025074,0.25,-1.3723900433022265,0.1111111111111111,-1.8377883046032708,0.3333333333333333,0.034791834629782185,0,1
0.2222222222222222,0.6470588235294118,-0.1753249379098068,0.3588821183662018,0.3588821183662018,0.1111111111111111,-0.43442071428968276,-0.290120380915469,-0.015781955055106312,0.1111111111111111,-0.020363180020070946,0.1111111111111111,0.08333333333333333,0.21583142941050565,-1.082715219742881,0.25,0.5814972662319737,0.1111111111111111,-0.028147121773653583,0.3333333333333333,0.11163883188325695,0,1
0.0,0.7407407407407407,-0.2844958199592799,-0.4668695745617363,-0.4668695745617363,0.0,1.5777156252777895,0.6062046962267913,0.6141164593420568,0.0,0.6305210184127961,0.0,0.0,0.4016990955744371,-2.4349041406302154,0.0,0.6417328970763176,0.0,-1.8377883046032708,0.0,1.124556041502445,1,0
0.0,0.5577342047930284,-0.2844958199592799,-0.4668695745617363,-0.4668695745617363,0.0,0.18004200684877775,-1.1901688271439377,0.017062421202481703,0.0,-1.1536510563699378,0.1111111111111111,0.0,-0.10373890622744536,-0.3782491929492808,0.0,0.5191192900072952,0.1111111111111111,0.5281147673949012,0.0,0.026431289036103117,1,0
0.2222222222222222,0.0,-0.2208130328678629,-0.1916190102524235,-0.1916190102524236,0.1111111111111111,1.5965749255745683,0.2979658577876806,0.37627151444352924,0.1111111111111111,0.27292878161339956,0.1111111111111111,0.027777777777777776,1.393972902076147,1.2870630582451554,0.125,-0.0875094222424097,0.1111111111111111,0.2529015249281053,0.0,0.36284943562907873,1,0
0.0,-0.2788671023965142,-0.2844958199592799,-0.4668695745617363,-0.4668695745617363,0.0,-0.5324230069028941,-1.4809843220475034,0.05196415790145149,0.0,0.0735597974702508,0.0,0.0,-0.22792245932076,-0.294578195306492,0.0,-1.1433092459291831,0.1111111111111111,-0.16019500465693898,0.0,-0.2777456159316628,1,0
0.0,2.5098039215686274,-0.2844958199592799,-0.4668695745617363,-0.4668695745617363,0.0,-5.028059896155144,-1.4809843220475034,-1.2558335710649353,0.0,-1.4978381506157068,0.0,0.0,-0.23333009790892031,-2.4349041406302154,0.0,1.3273719327921307,0.0,-1.8377883046032708,0.0,-2.476644085611099,1,0
0.4444444444444444,-0.25925925925925924,1.0910363334739357,2.0103855042220777,2.010385504222078,0.3333333333333333,-0.3767756702361193,-0.0182777031574547,0.006767924974320478,0.3333333333333333,-0.010959128576550377,0.1111111111111111,0.25,0.006141084414711688,-2.4349041406302154,0.375,-0.9531238224996238,0.1111111111111111,-1.8377883046032708,0.3333333333333333,0.22064960600352257,0,1
0.3333333333333333,3.0,-0.0885476522941423,2.2856360685313906,2.2856360685313915,0.0,-0.1257924288077436,0.011715638068930676,-1.0070077525659287,0.3333333333333333,-1.053138211366556,0.3333333333333333,0.2777777777777778,-0.1403148814590271,-2.2119946385717246,0.25,1.4475584443037126,0.3333333333333333,0.39176366794257056,0.3333333333333333,-0.020236281700726423,0,1
0.2222222222222222,0.054466230936819175,-0.2257116711161392,-0.1916190102524235,-0.1916190102524236,0.0,0.43719145573291396,0.009143733731478516,0.38900856890195773,0.0,0.323224878916145,0.0,0.027777777777777776,-0.1863355583098143,0.38523547384837065,0.125,0.0021753538983214,0.0,-0.11272903631207819,0.0,-2.113672328199152,1,0
0.0,2.5098039215686274,-0.1995849654476854,0.6341326826755145,0.6341326826755145,0.0,-5.028059896155144,-1.4809843220475034,-1.2558335710649353,0.3333333333333333,-1.4978381506157068,0.0,0.1111111111111111,-0.22159297365369013,-2.4349041406302154,0.25,1.3273719327921307,0.0,-1.8377883046032708,0.3333333333333333,-2.476644085611099,0,1
0.1111111111111111,1.159041394335512,-0.2844958199592799,-0.4668695745617363,-0.4668695745617363,0.1111111111111111,0.9139588043846211,0.4043673854716937,0.33044083340340535,0.1111111111111111,0.4106060458237249,0.1111111111111111,0.0,7.756718732111836,0.49424046097786556,0.0,0.8643003776574393,0.1111111111111111,0.39750813433987614,0.1111111111111111,0.5315972218020605,1,0
0.0,-0.23529411764705882,-0.2844958199592799,-0.4668695745617363,-0.4668695745617363,0.0,0.5643037091141819,0.15455148118326137,0.11899487881785094,0.0,0.27151467623001785,0.0,0.0,-0.1893771061368535,0.33432644091558694,0.0,-0.7891132362483021,0.0,0.2755992516923847,0.0,0.55576181667126,1,0
0.0,2.5098039215686274,-0.2844958199592799,-0.4668695745617363,-0.4668695745617363,0.0,-0.6525297880733817,0.16042040378299907,-1.2558335710649353,0.0,0.12257078842195747,0.0,0.0,-0.1938449783724322,-2.4349041406302154,0.0,1.3273719327921307,0.0,-1.8377883046032708,0.0,-2.476644085611099,1,0
0.0,0.47276688453159044,-0.123612495476627,0.6341326826755145,0.6341326826755145,0.3333333333333333,-1.3909164748280816,-1.4809843220475034,-0.23691367145164213,0.0,-0.13596651434476648,0.0,0.1111111111111111,-0.2223216907830225,-2.4349041406302154,0.25,0.4544096728511559,0.1111111111111111,-1.8377883046032708,0.3333333333333333,-0.37265151389121803,0,1
0.1111111111111111,2.5098039215686274,-0.2844958199592799,-0.4668695745617363,-0.4668695745617363,0.1111111111111111,0.9660376017505685,0.3566434482280004,0.3009742891538064,0.1111111111111111,0.3955971410661783,0.1111111111111111,0.0,13.665620131308454,0.6377535762702007,0.0,1.3273719327921307,0.1111111111111111,0.3936450172452983,0.1111111111111111,0.6008800809249746,1,0
0.1111111111111111,0.39215686274509803,-0.2844958199592799,-0.4668695745617363,-0.4668695745617363,0.0,1.0828992973145168,-1.4809843220475034,0.7038911297402352,0.1111111111111111,0.18743409499561126,0.0,0.0,-0.15182428161134093,-0.14738568857174558,0.0,0.3871513198050401,0.0,-0.030269367775838486,0.1111111111111111,-0.1940527750620471,1,0
0.2222222222222222,-0.29411764705882354,0.9891280815368592,0.9093832469848272,0.9093832469848272,0.1111111111111111,-0.24866960732997528,0.006539905894159156,-0.015781955055106312,0.3333333333333333,0.12776328546361485,0.1111111111111111,0.1388888888888889,-0.10783843783754189,0.0096341289758159,0.25,-1.3723900433022265,0.1111111111111111,0.07824744290209906,0.3333333333333333,-2.476644085611099,0,1
0.2222222222222222,0.5577342047930284,-0.1698664210999171,0.3588821183662018,0.3588821183662018,0.1111111111111111,0.4394768788525151,0.3048613289981392,-0.015781955055106312,0.1111111111111111,0.2759431547214016,0.1111111111111111,0.08333333333333333,-0.006516891404223983,-1.6637639611143773,0.25,0.5191192900072952,0.1111111111111111,0.5297795323036212,0.3333333333333333,-0.12976947015969262,0,1
0.0,0.2440087145969499,-0.2844958199592799,-0.4668695745617363,-0.4668695745617363,0.0,-0.5484664859849743,-1.4809843220475034,-0.06032768875422031,0.0,-0.22139741587053635,0.0,0.0,-0.21066420774411276,0.04906186284719808,0.0,0.2439439807007004,0.0,-0.3332952455651344,0.0,-0.08534635739684174,1,0
0.0,0.5577342047930284,-0.2844958199592799,-0.4668695745617363,-0.4668695745617363,0.0,1.1978183864044771,0.8608592304605054,0.07811587074190778,0.0,-1.4978381506157068,0.0,0.0,0.09393557025599672,-2.4349041406302154,0.0,0.5191192900072952,0.0,-1.8377883046032708,0.0,-0.27101129602529567,1,0
0.1111111111111111,-0.25925925925925924,-0.2844958199592799,-0.4668695745617363,-0.4668695745617363,0.1111111111111111,0.060976074898961743,0.0875416019734784,0.14857534644596138,0.1111111111111111,0.09515327130109466,0.1111111111111111,0.0,0.13916058157998212,-0.031453945427883115,0.0,-0.9531238224996238,0.1111111111111111,0.21664681015404083,0.1111111111111111,0.01576148151205687,1,0
0.2222222222222222,-0.25925925925925924,0.4796887097258397,0.9093832469848272,0.9093832469848272,0.1111111111111111,-0.5332904047840868,-0.053751546627400455,-1.2558335710649353,0.1111111111111111,0.07273196882745898,0.1111111111111111,0.1388888888888889,-0.10421675352536822,-2.4349041406302154,0.25,-0.9531238224996238,0.3333333333333333,-0.030269367775838486,0.3333333333333333,-0.04179336298102906,0,1
0.1111111111111111,-0.23529411764705882,1.243878333889583,2.836137197150016,2.8361371971500167,0.3333333333333333,0.5147910485732438,0.3057862080103784,-0.015781955055106312,0.3333333333333333,0.3236529324331165,0.5555555555555556,0.3333333333333333,0.2719725138252173,0.30420801898878946,0.5,-0.7891132362483021,0.5555555555555556,0.3091352594538665,0.1111111111111111,0.33742708388807957,0,1
0.3333333333333333,3.0,-0.2453061864262523,0.0836315540568891,0.083631554056889,0.1111111111111111,1.194873593999174,0.4711651514597781,0.43006921587535435,0.1111111111111111,0.48545149980426605,0.1111111111111111,0.05555555555555555,18.899471879184276,0.6977170950397797,0.25,1.4475584443037126,0.1111111111111111,0.5078490532608906,0.1111111111111111,0.597890366091483,0,1
0.0,0.39215686274509803,-0.2844958199592799,-0.4668695745617363,-0.4668695745617363,0.0,-5.028059896155144,-1.4809843220475034,-1.2558335710649353,0.0,-1.4978381506157068,0.0,0.0,-0.23333009790892031,-2.4349041406302154,0.0,0.3871513198050401,0.0,-1.8377883046032708,0.0,-2.476644085611099,1,0
0.0,-0.23529411764705882,-0.2844958199592799,-0.4668695745617363,-0.4668695745617363,0.0,-0.024892450820688746,-1.4809843220475034,0.3862042784272381,0.0,-0.10590229582854539,0.0,0.0,-0.22599663515861046,-0.602773378399174,0.0,-0.7891132362483021,0.0,-0.32755904072907777,0.0,-0.2947596113612805,1,0
0.2222222222222222,-0.29411764705882354,0.9891280815368592,0.9093832469848272,0.9093832469848272,0.1111111111111111,0.1578111063287888,0.006539905894159156,-1.2558335710649353,0.3333333333333333,0.5101198978461506,0.0,0.1388888888888889,-0.16472093220043704,0.0096341289758159,0.25,-1.3723900433022265,0.0,-1.8377883046032708,0.3333333333333333,-2.476644085611099,0,1
0.0,-0.29411764705882354,1.243852861836087,1.18463381129414,1.18463381129414,0.3333333333333333,-0.8068281725029249,-0.3136645943316165,-0.1480757270230598,0.3333333333333333,-0.22249411296978905,0.1111111111111111,0.16666666666666666,-0.19507244861897155,-2.4349041406302154,0.25,-1.3723900433022265,0.1111111111111111,-1.8377883046032708,0.3333333333333333,0.09486410584134773,0,1
0.1111111111111111,0.5577342047930284,0.0211825769990206,1.7351349399127651,1.7351349399127654,0.3333333333333333,0.8354251510158989,0.3509039468803462,0.3974729178490605,0.3333333333333333,0.3236529324331165,0.3333333333333333,0.2222222222222222,5.0601278739279545,0.5577332855671004,0.25,0.5191192900072952,0.3333333333333333,0.3939692146618301,0.1111111111111111,0.16869886832993028,0,1
0.0,-0.13725490196078433,-0.2844958199592799,-0.4668695745617363,-0.4668695745617363,0.1111111111111111,0.5755438254737038,0.23098125874457032,0.27295236848406923,0.1111111111111111,0.3236529324331165,0.1111111111111111,0.0,-0.08215414557418829,0.30420801898878946,0.0,-0.3945035917891138,0.1111111111111111,0.2529015249281053,0.1111111111111111,0.39765349836135255,1,0
0.2222222222222222,-0.09586056644880174,-0.20807660281388,-0.1916190102524235,-0.1916190102524236,0.0,-1.2506009682855697,-0.038055625166334095,-0.04918950752030197,0.0,-1.4978381506157068,0.0,0.027777777777777776,-0.23091597353920587,-2.4349041406302154,0.125,-0.2847917733012345,0.0,-1.8377883046032708,0.0,-2.476644085611099,1,0
0.3333333333333333,0.5577342047930284,0.1740217754781709,2.836137197150016,2.8361371971500167,0.3333333333333333,0.5974671360048284,0.3057862080103784,-1.2558335710649353,0.3333333333333333,0.3626362666558231,0.3333333333333333,0.3333333333333333,4.133636716591754,0.3934761399043834,0.25,0.5191192900072952,0.3333333333333333,0.3491332798513553,0.3333333333333333,0.39765349836135255,0,1
0.3333333333333333,0.5577342047930284,-0.1316566214801296,0.6341326826755145,0.6341326826755145,0.0,1.45702821975554,0.8502932328288908,0.3889145409846745,0.0,0.30591797830373885,0.0,0.1111111111111111,1.3808480296265329,0.6863976063636682,0.25,0.5191192900072952,0.0,0.44239163212516935,0.3333333333333333,0.016460352490262262,0,1
0.2222222222222222,0.11328976034858387,0.1521866685233528,1.7351349399127651,1.7351349399127654,0.3333333333333333,1.4271928502194131,-0.031672403407900916,0.7995160221711602,0.4444444444444444,0.21507898006499682,0.1111111111111111,0.2222222222222222,0.8583473949855899,0.31681855183423063,0.375,0.0869332819236188,0.1111111111111111,-1.8377883046032708,0.3333333333333333,-2.476644085611099,0,1
0.1111111111111111,-0.17429193899782136,-0.2844958199592799,-0.4668695745617363,-0.4668695745617363,0.0,0.5716173350639234,-0.011697378387615939,0.3973473314367822,0.1111111111111111,0.4767774073979444,0.0,0.0,0.17560763759264508,-0.12856791632892892,0.0,-0.5135592262370264,0.1111111111111111,-0.22493634798497716,0.1111111111111111,0.3438388357858415,1,0
0.1111111111111111,-0.17429193899782136,-0.2844958199592799,-0.4668695745617363,-0.4668695745617363,0.0,0.022438986812522627,-0.4458351364207994,-0.5209401274467481,0.1111111111111111,0.066276523690121,0.1111111111111111,0.0,-0.11781648672729356,-0.08282810616588625,0.0,-0.5135592262370264,0.1111111111111111,0.3615932332523762,0.1111111111111111,0.16869886832993028,1,0
0.3333333333333333,-0.29411764705882354,0.7344033012376314,0.6341326826755145,0.6341326826755145,0.1111111111111111,-0.3922243496178539,0.05331580804312823,-0.015781955055106312,0.1111111111111111,0.0,0.1111111111111111,0.1111111111111111,-0.10986779558090802,-2.4349041406302154,0.25,-1.3723900433022265,0.1111111111111111,-0.09634369408832952,0.3333333333333333,0.034791834629782185,0,1
0.0,0.3159041394335512,-0.2844958199592799,-0.4668695745617363,-0.4668695745617363,0.0,-0.06502625635193732,-1.4809843220475034,0.09003829874520847,0.0,0.25389174687423394,0.0,0.0,-0.17990179242512483,-0.02351749157871017,0.0,0.3170934418812415,0.1111111111111111,0.05226311250319606,0.0,0.0007329811808440312,1,0
0.2222222222222222,-0.23529411764705882,0.0975977185029357,0.3588821183662018,0.3588821183662018,0.1111111111111111,-0.04836959152228214,0.11363053313180634,0.1812882605018963,0.1111111111111111,0.12776328546361485,0.1111111111111111,0.08333333333333333,0.19911125380162367,-2.4349041406302154,0.25,-0.7891132362483021,0.1111111111111111,0.07824744290209906,0.3333333333333333,0.05090380957037403,0,1
0.2222222222222222,-0.20697167755991286,0.916372445798759,2.5608866328407034,2.560886632840704,0.3333333333333333,0.10518826667169565,0.16864486108146495,-0.015781955055106312,0.3333333333333333,0.1754623776158648,0.3333333333333333,0.3055555555555555,0.43744705103508696,0.1290755331518779,0.25,-0.6440902286753902,0.3333333333333333,0.13446858275768922,0.3333333333333333,0.10848346083980917,0,1
0.3333333333333333,0.2440087145969499,-0.0934470606700971,0.6341326826755145,0.6341326826755145,0.1111111111111111,1.3439706051499278,0.20342236012512438,0.7637217755964261,0.1111111111111111,0.16159774707448948,0.1111111111111111,0.1111111111111111,2.393165539245698,-2.4349041406302154,0.25,0.2439439807007004,0.1111111111111111,0.11070627445229987,0.3333333333333333,0.4149222687345443,0,1
0.0,0.8387799564270153,-0.2844958199592799,-0.4668695745617363,-0.4668695745617363,0.0,-0.5304446413108445,-0.1271490900706133,-1.2558335710649353,0.0,-0.1744440448263983,0.0,0.0,-0.19512670419758985,-0.2970711568850465,0.0,0.6999923241170234,0.0,-1.8377883046032708,0.0,0.21629356925476145,1,0
0.2222222222222222,0.0,-0.2208130328678629,-0.1916190102524235,-0.1916190102524236,0.0,-5.028059896155144,-1.4809843220475034,-1.2558335710649353,0.0,-1.4978381506157068,0.0,0.027777777777777776,-0.23333009790892031,-2.4349041406302154,0.125,-0.0875094222424097,0.0,-1.8377883046032708,0.0,-2.476644085611099,1,0
0.2222222222222222,-0.29411764705882354,-0.029771039660052,-0.1916190102524235,-0.1916190102524236,0.0,-1.8012328682280123,-1.4809843220475034,-1.2558335710649353,0.0,-1.4978381506157068,0.0,0.027777777777777776,-0.23274772151457684,-0.2929268929199516,0.125,-1.3723900433022265,0.0,-1.8377883046032708,0.0,-2.476644085611099,1,0
0.2222222222222222,-0.17429193899782136,0.1931230931641269,0.9093832469848272,0.9093832469848272,0.1111111111111111,0.17733541995033536,0.19675774023533074,0.17082120715671992,0.3333333333333333,0.2217931105533013,0.1111111111111111,0.1388888888888889,0.7452235180511794,0.2087853837024527,0.25,-0.5135592262370264,0.1111111111111111,0.17948276435970328,0.3333333333333333,-2.476644085611099,0,1
0.1111111111111111,0.8387799564270153,-0.0851402136682515,1.18463381129414,1.18463381129414,0.3333333333333333,0.10518826667169565,0.19865366409457927,0.1812882605018963,0.3333333333333333,-1.4978381506157068,0.3333333333333333,0.16666666666666666,1.1866695536607583,0.30420801898878946,0.25,0.6999923241170234,0.1111111111111111,0.18040838650574129,0.1111111111111111,-2.476644085611099,0,1
0.0,1.6470588235294117,-0.2844958199592799,-0.4668695745617363,-0.4668695745617363,0.0,1.2347826266139037,0.11363053313180634,0.1629808427605812,0.1111111111111111,0.44472421755600344,0.1111111111111111,0.0,1.0102898940274065,0.7653467389388845,0.0,1.0629938337787594,0.1111111111111111,0.8181552124201018,0.1111111111111111,0.33742708388807957,1,0
0.2222222222222222,1.0479302832244008,0.0517507529397424,2.5608866328407034,2.560886632840704,0.3333333333333333,1.0055226073185473,0.43088293549916945,0.36817999423781783,0.3333333333333333,0.620087484288594,0.3333333333333333,0.3055555555555555,7.4550960423293064,-2.4349041406302154,0.25,0.8111528623165425,0.3333333333333333,-1.8377883046032708,0.3333333333333333,0.7417049963359509,0,1
0.0,0.9411764705882353,-0.2208127675240223,0.0836315540568891,0.083631554056889,0.0,-0.3773632303684587,0.10561660846824521,0.10168445010439077,0.3333333333333333,-1.4978381506157068,0.1111111111111111,0.05555555555555555,-0.18912922285105602,-0.3514774183874196,0.25,0.7564222381735122,0.0,0.10792224508343672,0.0,-2.476644085611099,1,0
0.1111111111111111,-0.30501089324618735,1.2438273906316173,0.6341326826755145,0.6341326826755145,0.1111111111111111,-0.3346827978395721,0.1336150799250516,-1.2558335710649353,0.1111111111111111,-1.4978381506157068,0.3333333333333333,0.1111111111111111,-0.19006849144603563,0.0096341289758159,0.25,-1.666848273078999,0.3333333333333333,0.005775291400744047,0.1111111111111111,-0.060200737786788555,1,0
0.2222222222222222,-0.25925925925925924,0.1740148978517919,0.3588821183662018,0.3588821183662018,0.1111111111111111,-0.5127802940355883,-0.031672403407900916,-1.2558335710649353,0.1111111111111111,-0.020363180020070946,0.1111111111111111,0.08333333333333333,-0.02920094972150466,-2.4349041406302154,0.25,-0.9531238224996238,0.0,0.005775291400744047,0.3333333333333333,0.034791834629782185,0,1
0.3333333333333333,0.47276688453159044,0.0372708290060258,1.7351349399127651,1.7351349399127654,0.3333333333333333,0.8381321288222603,0.38653568819576345,0.3973473314367822,0.3333333333333333,0.3966028045321756,0.1111111111111111,0.2222222222222222,5.174341840010751,0.49320600580578183,0.25,0.4544096728511559,0.1111111111111111,-1.8377883046032708,0.3333333333333333,0.5315972218020605,0,1
0.1111111111111111,-0.17429193899782136,-0.2844958199592799,-0.4668695745617363,-0.4668695745617363,0.0,-1.6378921616938666,-1.4809843220475034,-1.2558335710649353,0.1111111111111111,-1.4978381506157068,0.0,0.0,-0.13330272124081016,-0.2131146983687719,0.0,-0.5135592262370264,0.0,-1.8377883046032708,0.1111111111111111,-2.476644085611099,1,0
0.2222222222222222,-0.25925925925925924,0.1740148978517919,0.3588821183662018,0.3588821183662018,0.1111111111111111,-0.5327946096705561,-0.031672403407900916,-0.14001564323410587,0.1111111111111111,0.066276523690121,0.1111111111111111,0.08333333333333333,-0.0623267181348027,-2.4349041406302154,0.25,-0.9531238224996238,0.1111111111111111,-0.18614051716160288,0.3333333333333333,-0.03154467737125205,0,1
0.1111111111111111,0.3159041394335512,-0.1945904884170285,0.0836315540568891,0.083631554056889,0.3333333333333333,0.792848032350251,0.3057862080103784,0.2540452092359328,0.1111111111111111,0.3236529324331165,0.1111111111111111,0.05555555555555555,3.035201915371253,0.36283016970125886,0.25,0.3170934418812415,0.1111111111111111,-1.8377883046032708,0.1111111111111111,0.7798044091232375,1,0
0.0,0.11328976034858387,-0.2844958199592799,-0.4668695745617363,-0.4668695745617363,0.0,-5.028059896155144,-1.4809843220475034,-1.2558335710649353,0.0,-1.4978381506157068,0.0,0.0,-0.23333009790892031,-2.4349041406302154,0.0,0.0869332819236188,0.0,-1.8377883046032708,0.0,-2.476644085611099,1,0
0.1111111111111111,-0.29411764705882354,0.7344033012376314,0.6341326826755145,0.6341326826755145,0.3333333333333333,-1.181084203433356,-1.4809843220475034,-1.2558335710649353,0.3333333333333333,-1.4978381506157068,0.0,0.1111111111111111,-0.19060756292900485,0.0096341289758159,0.25,-1.3723900433022265,0.0,-1.8377883046032708,0.1111111111111111,-2.476644085611099,0,1
0.0,0.5577342047930284,-0.1316566214801296,0.6341326826755145,0.6341326826755145,0.3333333333333333,-0.8262296815205835,-0.22887460301959633,-0.1845109244123129,0.0,-0.22139741587053635,0.0,0.1111111111111111,-0.19751146086878613,-2.4349041406302154,0.25,0.5191192900072952,0.0,-1.8377883046032708,0.3333333333333333,0.07412799133137572,0,1
0.3333333333333333,0.3159041394335512,-0.1945904884170285,0.0836315540568891,0.083631554056889,0.1111111111111111,0.7208855538070074,0.28368844135924903,0.27295236848406923,0.1111111111111111,0.3236529324331165,0.1111111111111111,0.05555555555555555,3.9622388639180492,0.45533257435354596,0.25,0.3170934418812415,0.1111111111111111,0.3091352594538665,0.1111111111111111,0.4926873395741765,0,1
0.2222222222222222,-0.30501089324618735,2.7721506012225148,1.7351349399127651,1.7351349399127654,0.3333333333333333,-0.32528900545476125,-0.17687068600338346,0.1812882605018963,0.4444444444444444,-0.09654852506560477,0.1111111111111111,0.2222222222222222,-0.19169416777417736,0.150515689149979,0.375,-1.666848273078999,0.1111111111111111,-1.8377883046032708,0.3333333333333333,-2.0186247226964618,0,1
0.1111111111111111,-0.25925925925925924,-0.2844958199592799,-0.4668695745617363,-0.4668695745617363,0.1111111111111111,-1.1488849341938483,-1.4809843220475034,-1.2558335710649353,0.1111111111111111,-1.4978381506157068,0.0,0.0,-0.21621345837004297,-0.1824930639723371,0.0,-0.9531238224996238,0.0,-1.8377883046032708,0.1111111111111111,-0.1940527750620471,1,0
0.3333333333333333,-0.30501089324618735,4.300473811813412,2.836137197150016,2.8361371971500167,0.3333333333333333,-0.07992157036782734,0.33626388956270875,-1.2558335710649353,0.3333333333333333,-1.4978381506157068,0.3333333333333333,0.3333333333333333,-0.18395652585104108,0.11779445949640988,0.25,-1.666848273078999,0.3333333333333333,0.07837338018006512,0.3333333333333333,-2.476644085611099,0,1
0.5555555555555556,-0.29411764705882354,3.026926323930682,3.1113877614593286,3.111387761459329,0.3333333333333333,0.6873726584911085,-0.025477690417612765,0.5992603517425905,0.3333333333333333,-0.9049048982835057,0.3333333333333333,0.3611111111111111,-0.10363263497941773,-2.4349041406302154,0.5,-1.3723900433022265,0.1111111111111111,0.06532490766478248,0.4444444444444444,-2.476644085611099,0,1
0.1111111111111111,-0.25925925925925924,-0.2844958199592799,-0.4668695745617363,-0.4668695745617363,0.1111111111111111,0.3319866428999716,-0.1785522904881659,-0.1319591349622806,0.1111111111111111,0.5376793712371717,0.1111111111111111,0.0,0.11151139118272183,-0.026560674523550487,0.0,-0.9531238224996238,0.1111111111111111,-0.0538096811009098,0.1111111111111111,0.0555880723231873,1,0
0.1111111111111111,-0.30501089324618735,-0.2844958199592799,-0.4668695745617363,-0.4668695745617363,0.1111111111111111,-0.6404657313705363,-0.1386932439311027,-0.3039439713470323,0.1111111111111111,-0.13341407439500422,0.1111111111111111,0.0,-0.17694959208764519,-0.10823002357858277,0.0,-1.666848273078999,0.1111111111111111,-0.23784343999602506,0.1111111111111111,-0.13691037109541274,1,0
0.3333333333333333,-0.29411764705882354,2.7722015436314544,2.836137197150016,2.8361371971500167,0.3333333333333333,0.48883749843295926,0.5062066625999129,-1.2558335710649353,0.3333333333333333,-1.4978381506157068,0.3333333333333333,0.3333333333333333,-0.14007371790085665,0.5270853668270672,0.25,-1.3723900433022265,0.3333333333333333,-0.09634369408832952,0.3333333333333333,-0.1940527750620471,0,1
0.2222222222222222,4.705882352941177,-0.2685750236822781,-0.1916190102524235,-0.1916190102524236,0.0,-5.028059896155144,-1.4809843220475034,-1.2558335710649353,0.0,-1.4978381506157068,0.0,0.027777777777777776,-0.23333009790892031,-2.4349041406302154,0.125,1.7715522582507326,0.0,-1.8377883046032708,0.0,-2.476644085611099,0,1
0.1111111111111111,-0.29411764705882354,-0.2844958199592799,-0.4668695745617363,-0.4668695745617363,0.1111111111111111,-0.12632858634667274,0.11363053313180634,0.023947006219769564,0.1111111111111111,0.066276523690121,0.1111111111111111,0.0,-0.07371566094743183,-0.05849106770536915,0.0,-1.3723900433022265,0.1111111111111111,0.005775291400744047,0.1111111111111111,0.034791834629782185,1,0
0.4444444444444444,-0.29411764705882354,1.498577642135315,1.4598843756034523,1.4598843756034523,0.0,0.12208309146701556,-0.11904850696642434,0.2916156980402305,0.3333333333333333,0.40454404768044466,0.0,0.19444444444444442,-0.22005490266350095,-0.4855975843289521,0.375,-1.3723900433022265,0.0,-0.30991652155209237,0.3333333333333333,-2.476644085611099,0,1
0.0,0.17647058823529413,-0.2844958199592799,-0.4668695745617363,-0.4668695745617363,0.0,-0.7026324074066205,-0.2728874586092021,-0.059868635084055696,0.0,0.11634909971178356,0.0,0.0,-0.2235566273935919,-0.43506183432298773,0.0,0.1673597344439074,0.0,-1.8377883046032708,0.0,-0.3454658624929588,1,0
0.0,5.132897603485839,-0.2844958199592799,-0.4668695745617363,-0.4668695745617363,0.1111111111111111,0.7280423553198458,0.42055880506221127,-0.21659427311646556,0.0,0.5438151803952896,0.1111111111111111,0.0,0.4158578105634118,-0.3625331782752416,0.0,1.8373853869087895,0.0,0.35508346069795704,0.0,0.41324595053307717,1,0
0.0,0.39215686274509803,-0.2844958199592799,-0.4668695745617363,-0.4668695745617363,0.1111111111111111,0.5371421838163026,0.3174923418631515,0.4118728814732875,0.0,0.4143095268659429,0.0,0.0,-0.050316076077271905,0.10311277760326307,0.0,0.3871513198050401,0.0,-1.8377883046032708,0.0,-0.45893788208214203,1,0
0.2222222222222222,-0.30501089324618735,1.6259081932793418,0.9093832469848272,0.9093832469848272,0.1111111111111111,-0.6454412443315191,-1.4809843220475034,-0.23146499342530566,0.1111111111111111,0.08086949332276064,0.1111111111111111,0.1388888888888889,-0.17549016679857246,-2.4349041406302154,0.25,-1.666848273078999,0.3333333333333333,-0.09634369408832952,0.3333333333333333,-0.04013205900676944,0,1
0.0,0.3159041394335512,-0.1046851568747772,0.6341326826755145,0.6341326826755145,0.0,-5.028059896155144,-1.4809843220475034,-1.2558335710649353,0.3333333333333333,-1.4978381506157068,0.0,0.1111111111111111,-0.225079765655721,-2.4349041406302154,0.25,0.3170934418812415,0.0,-1.8377883046032708,0.3333333333333333,-2.476644085611099,0,1
0.1111111111111111,-0.30501089324618735,0.4796657853361687,0.0836315540568891,0.083631554056889,0.1111111111111111,-0.5809694047277155,-0.25635085550528847,-0.20184781142551123,0.3333333333333333,-0.1718253737510574,0.1111111111111111,0.05555555555555555,-0.2066398375319187,-0.09505569193186081,0.25,-1.666848273078999,0.1111111111111111,-0.37604896494356493,0.1111111111111111,0.034791834629782185,1,0
0.3333333333333333,-0.25925925925925924,2.160894675033103,3.937139454387266,3.937139454387268,0.5555555555555556,-0.09235143184624266,-0.031672403407900916,0.08964009583713212,0.3333333333333333,0.066276523690121,0.4444444444444444,0.4444444444444444,0.06716243323826154,0.0096341289758159,0.5,-0.9531238224996238,0.4444444444444444,-1.8377883046032708,0.3333333333333333,0.2707453360696211,0,1
0.2222222222222222,-0.30501089324618735,0.861746587983893,0.3588821183662018,0.3588821183662018,0.1111111111111111,-0.47334702756981967,-0.031672403407900916,-0.015781955055106312,0.1111111111111111,-0.09654852506560477,0.1111111111111111,0.08333333333333333,-0.17681370426229837,-0.13783918251201502,0.25,-1.666848273078999,0.1111111111111111,-0.21466339176895882,0.3333333333333333,-0.12065835064596687,0,1
0.1111111111111111,0.7407407407407407,-0.2150234254360083,0.0836315540568891,0.083631554056889,0.1111111111111111,0.7146674463898552,0.31621902058713014,0.2426020435703108,0.1111111111111111,-0.6487695245596323,0.3333333333333333,0.05555555555555555,5.489422899836238,0.5270853668270672,0.25,0.6417328970763176,0.1111111111111111,0.49913062057582563,0.1111111111111111,0.33828481471686156,1,0
0.2222222222222222,-0.30501089324618735,0.861746587983893,0.3588821183662018,0.3588821183662018,0.1111111111111111,-0.3773632303684587,-0.0023806147741462463,0.10854127650719715,0.1111111111111111,-1.4978381506157068,0.1111111111111111,0.08333333333333333,-0.17792967680598903,-2.4349041406302154,0.25,-1.666848273078999,0.1111111111111111,0.022032598257449288,0.3333333333333333,0.034791834629782185,0,1
0.2222222222222222,1.6470588235294117,-0.2590225777575635,-0.1916190102524235,-0.1916190102524236,0.0,-5.028059896155144,-1.4809843220475034,-1.2558335710649353,0.0,-1.4978381506157068,0.0,0.027777777777777776,-0.23333009790892031,-2.4349041406302154,0.125,1.0629938337787594,0.0,-1.8377883046032708,0.0,-2.476644085611099,1,0
0.0,2.5098039215686274,-0.2844958199592799,-0.4668695745617363,-0.4668695745617363,0.0,0.9583084171455607,-1.4809843220475034,0.11755045536250698,0.0,0.789231527405292,0.0,0.0,0.2107363825964032,-0.01874262151502056,0.0,1.3273719327921307,0.0,-1.8377883046032708,0.0,0.1430689883510878,1,0
0.0,1.159041394335512,-0.108142695153826,1.18463381129414,1.18463381129414,0.3333333333333333,-0.5963377234071661,-1.3355765745957204,-0.1305941862764505,0.3333333333333333,0.26525774640556726,0.0,0.16666666666666666,-0.20229590693923874,-0.42809112837654467,0.25,0.8643003776574393,0.3333333333333333,-1.663071230334876,0.0,-2.2476344041537804,0,1
0.0,0.3159041394335512,-0.2844958199592799,-0.4668695745617363,-0.4668695745617363,0.0,-0.9035375336996255,0.050784931065047535,-0.08282385252664477,0.0,-0.2035658030617731,0.0,0.0,-0.20318888407723207,-2.4349041406302154,0.0,0.3170934418812415,0.0,-1.8377883046032708,0.0,-0.4567377110318541,1,0
0.2222222222222222,2.5098039215686274,-0.2632681063313813,-0.1916190102524235,-0.1916190102524236,0.0,-5.028059896155144,-1.4809843220475034,-1.2558335710649353,0.0,-1.4978381506157068,0.0,0.027777777777777776,-0.23333009790892031,-2.4349041406302154,0.125,1.3273719327921307,0.0,-1.8377883046032708,0.0,-2.476644085611099,0,1
0.0,5.132897603485839,-0.2844958199592799,-0.4668695745617363,-0.4668695745617363,0.0,-1.0673735805422968,-0.22567993666888586,-0.18177752305139036,0.0,-0.2181406707131452,0.0,0.0,-0.20376329634994353,-0.5105274799617376,0.0,1.8373853869087895,0.0,-0.3294566415853505,0.0,-0.499604605490829,1,0
0.3333333333333333,0.39215686274509803,-0.1995852013098598,0.0836315540568891,0.083631554056889,0.0,-0.4199812198004186,-0.1386932439311027,-1.2558335710649353,0.0,-1.4978381506157068,0.0,0.05555555555555555,-0.19339699653062953,0.34795240176712494,0.25,0.3871513198050401,0.0,-1.8377883046032708,0.0,-2.476644085611099,0,1
0.3333333333333333,-0.29411764705882354,2.5174767633322266,2.5608866328407034,2.560886632840704,0.3333333333333333,-0.660295692859604,0.023317751353586928,0.10854127650719715,0.4444444444444444,0.0,0.1111111111111111,0.3055555555555555,-0.10026679807467362,-2.4349041406302154,0.5,-1.3723900433022265,0.1111111111111111,-1.8377883046032708,0.5555555555555556,-2.476644085611099,0,1
0.2222222222222222,2.5098039215686274,-0.1783572518197867,0.9093832469848272,0.9093832469848272,0.0,-0.4361315687365597,-0.2663720580178166,-1.2558335710649353,0.3333333333333333,0.1754623776158648,0.0,0.1388888888888889,-0.10266275429191493,-0.008039214435224009,0.25,1.3273719327921307,0.0,-0.0015511646281639075,0.3333333333333333,-2.476644085611099,0,1
0.1111111111111111,-0.25925925925925924,-0.2844958199592799,-0.4668695745617363,-0.4668695745617363,0.1111111111111111,0.20692139935584722,0.19865366409457927,0.27295236848406923,0.1111111111111111,0.214438587242051,0.1111111111111111,0.0,-0.1288619767945406,0.0096341289758159,0.0,-0.9531238224996238,0.1111111111111111,-0.37758127031044264,0.1111111111111111,0.16869886832993028,1,0
0.1111111111111111,-0.29411764705882354,-0.2844958199592799,-0.4668695745617363,-0.4668695745617363,0.1111111111111111,-0.8381102633080662,-1.4809843220475034,-1.2558335710649353,0.1111111111111111,-1.4978381506157068,0.1111111111111111,0.0,-0.19966874231586704,-0.1741321066630006,0.0,-1.3723900433022265,0.0,-0.07673021304024771,0.1111111111111111,-0.1473461271347972,1,0
0.2222222222222222,-0.09586056644880174,-0.0552381685230802,0.3588821183662018,0.3588821183662018,0.1111111111111111,0.15571279208284353,0.1906746880418703,0.16104975133497867,0.1111111111111111,0.20007058272241354,0.1111111111111111,0.08333333333333333,0.9211016869005131,-2.4349041406302154,0.25,-0.2847917733012345,0.1111111111111111,0.20158370076225468,0.3333333333333333,0.21724543142785702,0,1
0.2222222222222222,-0.13725490196078433,0.309875208543736,1.4598843756034523,1.4598843756034523,0.3333333333333333,-0.12585942475350823,0.05978376196511155,0.1812882605018963,0.3333333333333333,0.039927221256524106,0.1111111111111111,0.19444444444444442,0.25563984250949456,-2.4349041406302154,0.25,-0.3945035917891138,0.1111111111111111,-1.8377883046032708,0.3333333333333333,0.2637189492662903,0,1
0.3333333333333333,-0.25925925925925924,0.0211779919147679,0.0836315540568891,0.083631554056889,0.1111111111111111,0.2656703629446887,0.06867234758243834,0.08001860821264545,0.1111111111111111,0.03765903596436334,0.1111111111111111,0.05555555555555555,0.128934151646831,0.48248957089400496,0.25,-0.9531238224996238,0.1111111111111111,0.07887650101897097,0.1111111111111111,0.10861553804794595,0,1
0.0,0.5577342047930284,-0.2080762207197047,0.0836315540568891,0.083631554056889,0.0,-0.9763910430234779,-0.08481246015680924,-1.131420661815432,0.3333333333333333,-0.22139741587053635,0.0,0.05555555555555555,-0.21785481406264778,-0.2933389242808473,0.25,0.5191192900072952,0.0,-0.3332952455651344,0.0,-0.5037921283630488,1,0
0.2222222222222222,-0.30501089324618735,3.918393009165688,2.5608866328407034,2.560886632840704,0.3333333333333333,-0.5887437779974113,-1.4809843220475034,0.07938660091459916,0.3333333333333333,0.019125198902278005,0.3333333333333333,0.3055555555555555,-0.19753833977929428,-2.4349041406302154,0.25,-1.666848273078999,0.3333333333333333,-1.8377883046032708,0.3333333333333333,0.034791834629782185,0,1
0.1111111111111111,0.11328976034858387,-0.2844958199592799,-0.4668695745617363,-0.4668695745617363,0.1111111111111111,0.12060230932535139,0.09454656118245498,0.23146799829761128,0.1111111111111111,0.1167995589950884,0.1111111111111111,0.0,0.8780685511769476,0.08264609928666643,0.0,0.0869332819236188,0.1111111111111111,0.03372280955528098,0.1111111111111111,0.10181136148574509,1,0
0.2222222222222222,-0.09586056644880174,-0.20807660281388,-0.1916190102524235,-0.1916190102524236,0.0,-0.5206405524774478,0.19830385738328365,-1.2558335710649353,0.0,-1.4978381506157068,0.0,0.027777777777777776,-0.21982095659055953,-0.2649448665016757,0.125,-0.2847917733012345,0.0,-1.8377883046032708,0.0,-0.0411693946525023,1,0
0.0,-0.05010893246187364,-0.2844958199592799,-0.4668695745617363,-0.4668695745617363,0.0,-1.4857375387510106,-1.4809843220475034,-1.2558335710649353,0.0,-1.4978381506157068,0.0,0.0,-0.22301183169819963,-0.1388576803805532,0.0,-0.1828566844305228,0.0,-1.8377883046032708,0.0,-2.476644085611099,1,0
0.0,-0.3115468409586057,4.300244586254379,1.18463381129414,1.18463381129414,0.3333333333333333,-1.3079927442121226,-0.42846419375793426,-1.2558335710649353,0.3333333333333333,-1.4978381506157068,0.1111111111111111,0.16666666666666666,-0.22965863783654636,-2.4349041406302154,0.25,-2.102083711231995,0.1111111111111111,-1.8377883046032708,0.3333333333333333,-0.060200737786788555,0,1
0.1111111111111111,2.20479302832244,-0.2844958199592799,-0.4668695745617363,-0.4668695745617363,0.1111111111111111,1.294821085489817,0.4894167251625484,0.43739575281617793,0.1111111111111111,0.558568664766645,0.1111111111111111,0.0,15.94589300202587,0.6574683477978348,0.0,1.2431022551165405,0.1111111111111111,0.5860216664245851,0.1111111111111111,0.7003547950218976,1,0
0.2222222222222222,-0.30501089324618735,8.503362640938379,5.863893404552456,5.863893404552456,0.5555555555555556,-1.6378921616938666,-1.4809843220475034,-1.2558335710649353,0.6666666666666666,-1.4978381506157068,0.5555555555555556,0.6388888888888888,-0.17824923718647495,-2.4349041406302154,0.75,-1.666848273078999,0.4444444444444444,-0.09634369408832952,0.7777777777777777,-2.476644085611099,0,1
0.1111111111111111,-0.30501089324618735,-0.2844958199592799,-0.4668695745617363,-0.4668695745617363,0.1111111111111111,0.17881695579715476,-0.0950476137701424,0.10854127650719715,0.1111111111111111,0.26497661652982574,0.1111111111111111,0.0,-0.170061622391128,0.31114199490191086,0.0,-1.666848273078999,0.1111111111111111,0.12418304905625553,0.1111111111111111,-0.038891540158578077,1,0
0.0,0.11328976034858387,-0.2844958199592799,-0.4668695745617363,-0.4668695745617363,0.0,0.46454857704389113,0.4043673854716937,0.10854127650719715,0.0,0.2040722315813048,0.0,0.0,1.9098229973967282,0.30759826281013203,0.0,0.0869332819236188,0.0,0.14172056366742106,0.0,0.23029133334010166,1,0
0.0,-0.17429193899782136,-0.2844958199592799,-0.4668695745617363,-0.4668695745617363,0.1111111111111111,0.25203277934153984,0.11363053313180634,-0.015781955055106312,0.1111111111111111,0.12776328546361485,0.1111111111111111,0.0,-0.12563725416996432,0.4740311014665248,0.0,-0.5135592262370264,0.1111111111111111,0.07824744290209906,0.0,0.034791834629782185,1,0
0.1111111111111111,-0.23529411764705882,-0.2844958199592799,-0.4668695745617363,-0.4668695745617363,0.1111111111111111,-0.2715648817662647,-0.028552181737845614,-0.17997811061554644,0.1111111111111111,-0.05208651866781282,0.1111111111111111,0.0,0.19437608573376935,0.053999737950916026,0.0,-0.7891132362483021,0.1111111111111111,-0.14084400333363825,0.1111111111111111,0.10980186295541049,1,0
0.1111111111111111,-0.25925925925925924,-0.2844958199592799,-0.4668695745617363,-0.4668695745617363,0.1111111111111111,0.9468806718693972,0.7486921089191151,0.10854127650719715,0.1111111111111111,-0.4985281641814581,0.1111111111111111,0.0,0.12072488439579693,-0.02191797797529691,0.0,-0.9531238224996238,0.0,0.14915034027229246,0.1111111111111111,0.04758485615594852,1,0
0.1111111111111111,3.1721132897603486,-0.2844958199592799,-0.4668695745617363,-0.4668695745617363,0.1111111111111111,0.30301430856180595,0.20156923700768148,0.1746476260898993,0.0,-0.46527686787840006,0.1111111111111111,0.0,0.0699336986874132,0.1772681876304262,0.0,1.486110633212629,0.0,-0.07836623565539767,0.0,0.5079782972983412,1,0
0.1111111111111111,-0.25925925925925924,-0.2844958199592799,-0.4668695745617363,-0.4668695745617363,0.1111111111111111,-0.39282579122726646,-0.17561827012726708,-0.14001564323410587,0.1111111111111111,-0.16415642775348446,0.1111111111111111,0.0,0.052285702908397576,-0.027822168454001373,0.0,-0.9531238224996238,0.1111111111111111,-0.0587501541294098,0.1111111111111111,0.0571348501097541,1,0
0.1111111111111111,-0.23529411764705882,-0.0297667943178028,0.0836315540568891,0.083631554056889,0.1111111111111111,-0.10820807348150456,0.06684590165054824,0.03670377846036888,0.3333333333333333,0.08006953428893196,0.1111111111111111,0.05555555555555555,0.1027458798114494,0.19858926040308056,0.25,-0.7891132362483021,0.1111111111111111,0.07824744290209906,0.1111111111111111,-2.476644085611099,1,0
0.2222222222222222,-0.25925925925925924,-0.1316589140222559,-0.1916190102524235,-0.1916190102524236,0.0,-5.028059896155144,-1.4809843220475034,-1.2558335710649353,0.0,-1.4978381506157068,0.0,0.027777777777777776,-0.23333009790892031,-2.4349041406302154,0.125,-0.9531238224996238,0.0,-1.8377883046032708,0.0,-2.476644085611099,0,1
0.1111111111111111,0.3159041394335512,-0.2844958199592799,-0.4668695745617363,-0.4668695745617363,0.1111111111111111,0.6644892704931713,0.3057862080103784,0.27295236848406923,0.1111111111111111,0.3236529324331165,0.1111111111111111,0.0,3.008648538334802,0.4169568938128751,0.0,0.3170934418812415,0.1111111111111111,0.3091352594538665,0.1111111111111111,0.3689107160964178,1,0
0.2222222222222222,0.2440087145969499,-0.2367336301369842,-0.1916190102524235,-0.1916190102524236,0.0,-0.8853497567752245,0.05331580804312823,-1.2558335710649353,0.0,-1.4978381506157068,0.1111111111111111,0.027777777777777776,-0.22982588439081936,-2.4349041406302154,0.125,0.2439439807007004,0.0,0.026712128507652567,0.0,-2.476644085611099,1,0
0.1111111111111111,-0.30501089324618735,-0.2844958199592799,-0.4668695745617363,-0.4668695745617363,0.1111111111111111,-0.12438707816017627,-0.17687068600338346,0.27295236848406923,0.1111111111111111,-0.16838295792244487,0.1111111111111111,0.0,-0.2175905047759842,0.043758044823948676,0.0,-1.666848273078999,0.1111111111111111,-0.27080908240809903,0.1111111111111111,-0.1419460658450451,1,0
0.1111111111111111,-0.30501089324618735,-0.2844958199592799,-0.4668695745617363,-0.4668695745617363,0.1111111111111111,-0.2932067922159454,-0.031672403407900916,-0.055789143861963854,0.1111111111111111,-0.020363180020070946,0.1111111111111111,0.0,-0.17958521859025095,-0.13030156167666335,0.0,-1.666848273078999,0.1111111111111111,-0.038941679037892814,0.1111111111111111,0.08323582743865729,1,0
0.0,0.3159041394335512,-0.2844958199592799,-0.4668695745617363,-0.4668695745617363,0.0,-0.7186799078200585,-0.2663720580178166,0.0816931615802706,0.0,-0.25962352200296185,0.0,0.0,-0.21308082090183725,-0.3504909438924708,0.0,0.3170934418812415,0.0,-0.37835093031791756,0.0,-0.32326329735285253,1,0
0.3333333333333333,0.9411764705882353,-0.1571297150887646,0.6341326826755145,0.6341326826755145,0.1111111111111111,0.9205265941536265,-1.4809843220475034,0.3572998073251172,0.1111111111111111,0.5655804877219398,0.1111111111111111,0.1111111111111111,6.740032901777492,0.4785874030098646,0.25,0.7564222381735122,0.3333333333333333,0.4010330618240294,0.1111111111111111,0.5203977154990589,0,1
0.2222222222222222,-0.25925925925925924,0.4796887097258397,0.9093832469848272,0.9093832469848272,0.1111111111111111,-0.11331615688875653,0.114154064813948,0.18146760095364944,0.3333333333333333,0.12797692730523838,0.1111111111111111,0.1388888888888889,0.06639713092518196,-0.04071698307562879,0.25,-0.9531238224996238,0.1111111111111111,-0.04917293158888652,0.3333333333333333,-0.8511260193184813,0,1
0.1111111111111111,-0.30501089324618735,1.2438273906316173,0.6341326826755145,0.6341326826755145,0.3333333333333333,-0.17047763908357336,-0.14399543947912402,-0.015781955055106312,0.3333333333333333,-0.020363180020070946,0.1111111111111111,0.1111111111111111,-0.1892272810986506,0.36798678436129895,0.25,-1.666848273078999,0.1111111111111111,-1.8377883046032708,0.1111111111111111,-0.3931066564038441,0,1
0.3333333333333333,0.2440087145969499,0.2886504579082685,2.836137197150016,2.8361371971500167,0.3333333333333333,0.3055678994749043,0.21218812386795324,0.18717177273556096,0.3333333333333333,0.2250049321910802,0.3333333333333333,0.3333333333333333,1.6526017789856697,0.1706153525976616,0.25,0.2439439807007004,0.3333333333333333,0.19667093960107287,0.3333333333333333,0.16869886832993028,0,1
0.2222222222222222,0.39215686274509803,-0.2420405106345698,-0.1916190102524235,-0.1916190102524236,0.0,-5.028059896155144,-1.4809843220475034,-1.2558335710649353,0.0,-1.4978381506157068,0.0,0.027777777777777776,-0.23333009790892031,-2.4349041406302154,0.125,0.3871513198050401,0.0,-1.8377883046032708,0.0,-2.476644085611099,1,0
0.2222222222222222,-0.13725490196078433,-0.1995856730302776,-0.1916190102524235,-0.1916190102524236,0.0,0.15689391225559918,0.37605918844847325,0.2114934805888257,0.0,0.1713180967935814,0.0,0.027777777777777776,-0.20737402999487312,-2.4349041406302154,0.125,-0.3945035917891138,0.0,0.09599887654984592,0.0,-2.476644085611099,1,0
0.0,2.20479302832244,-0.2844958199592799,-0.4668695745617363,-0.4668695745617363,0.0,0.5241667612013204,-1.4809843220475034,-1.2558335710649353,0.0,-1.4978381506157068,0.1111111111111111,0.0,0.08354189376857259,0.32889364189057896,0.0,1.2431022551165405,0.1111111111111111,0.44637050066882383,0.0,0.6362136623588688,1,0
0.3333333333333333,-0.25925925925925924,0.9381994275369115,1.7351349399127651,1.7351349399127654,0.1111111111111111,-0.45359774942903885,-1.4809843220475034,0.10854127650719715,0.3333333333333333,-0.14533941959159932,0.1111111111111111,0.2222222222222222,-0.19740319859035046,0.07591639595647949,0.25,-0.9531238224996238,0.3333333333333333,-0.09634369408832952,0.3333333333333333,-2.476644085611099,0,1
0.2222222222222222,-0.20697167755991286,0.916372445798759,2.5608866328407034,2.560886632840704,0.3333333333333333,-0.21716775709951927,0.03885253254617039,0.044560169834700084,0.3333333333333333,0.035695544292043226,0.3333333333333333,0.3055555555555555,0.10095743674745267,-0.006852845220298006,0.25,-0.6440902286753902,0.3333333333333333,-0.01160329552774256,0.3333333333333333,-0.13387036432829214,0,1
0.6666666666666666,-0.25925925925925924,1.855220863159056,3.386638325768641,3.386638325768641,0.3333333333333333,-0.7408699878144791,0.0324674602928818,0.027785748141074307,0.4444444444444444,0.029356150555713754,0.1111111111111111,0.38888888888888884,0.10244971403825769,-2.4349041406302154,0.625,-0.9531238224996238,0.1111111111111111,-1.8377883046032708,0.5555555555555556,-2.476644085611099,0,1
0.3333333333333333,2.5098039215686274,-0.1995849654476854,0.6341326826755145,0.6341326826755145,0.0,-5.028059896155144,-1.4809843220475034,-1.2558335710649353,0.0,-1.4978381506157068,0.0,0.1111111111111111,-0.21093100581878638,-2.4349041406302154,0.25,1.3273719327921307,0.0,-1.8377883046032708,0.3333333333333333,-2.476644085611099,0,1
0.1111111111111111,-0.29411764705882354,-0.2844958199592799,-0.4668695745617363,-0.4668695745617363,0.1111111111111111,-0.17978844650629278,-0.031672403407900916,0.10854127650719715,0.1111111111111111,-0.020363180020070946,0.1111111111111111,0.0,-0.13967949388007028,-0.04260204376723723,0.0,-1.3723900433022265,0.1111111111111111,0.03730458856720431,0.1111111111111111,-0.018873842113316566,1,0
0.1111111111111111,-0.30501089324618735,0.4796657853361687,0.0836315540568891,0.083631554056889,0.1111111111111111,-0.41495361004645653,-0.031672403407900916,-0.015781955055106312,0.1111111111111111,-1.4978381506157068,0.3333333333333333,0.05555555555555555,-0.17884953285449054,-0.12881500849105557,0.25,-1.666848273078999,0.1111111111111111,0.05170390327415423,0.1111111111111111,-0.11333926044905676,1,0
0.0,1.5185185185185186,-0.2844958199592799,-0.4668695745617363,-0.4668695745617363,0.0,-0.24184887074182873,0.2558161295611148,0.1478562353590827,0.0,0.1116763456848486,0.0,0.0,-0.1915047710066152,-2.4349041406302154,0.0,1.0152348983243975,0.0,-1.8377883046032708,0.0,-2.476644085611099,1,0
0.1111111111111111,0.7407407407407407,-0.2844958199592799,-0.4668695745617363,-0.4668695745617363,0.1111111111111111,0.10599115446328246,-0.031672403407900916,0.1812882605018963,0.1111111111111111,-0.020363180020070946,0.1111111111111111,0.0,0.40652833982907,0.010276346729311395,0.0,0.6417328970763176,0.1111111111111111,0.30933678931197806,0.1111111111111111,0.03627451983353801,1,0
0.3333333333333333,-0.25925925925925924,0.3268518037888158,0.6341326826755145,0.6341326826755145,0.1111111111111111,-0.23977648855917028,0.016267069294569985,0.1820641115963835,0.1111111111111111,0.03454179331654632,0.1111111111111111,0.1111111111111111,0.0305872046430829,-2.4349041406302154,0.25,-0.9531238224996238,0.1111111111111111,-0.03378114456250664,0.3333333333333333,-0.06777067707031761,0,1
0.1111111111111111,-0.05010893246187364,-0.2844958199592799,-0.4668695745617363,-0.4668695745617363,0.1111111111111111,0.5575384436601554,0.2897068227468416,0.2501755266426272,0.1111111111111111,0.28122250121096015,0.1111111111111111,0.0,1.5136134215359802,0.322943102454672,0.0,-0.1828566844305228,0.1111111111111111,0.2529015249281053,0.1111111111111111,0.356674874839011,1,0
0.2222222222222222,-0.3115468409586057,3.5361211852187697,0.9093832469848272,0.9093832469848272,0.1111111111111111,-0.6754911822230814,-0.031672403407900916,-0.015781955055106312,0.1111111111111111,-1.4978381506157068,0.3333333333333333,0.1388888888888889,-0.21897377315195046,-2.4349041406302154,0.25,-2.102083711231995,0.1111111111111111,-0.09634369408832952,0.3333333333333333,-0.1074461255133846,0,1
0.2222222222222222,-0.13725490196078433,0.6495157962597452,2.5608866328407034,2.560886632840704,0.3333333333333333,0.22281720726367765,-0.8057316540023416,0.19839003656626086,0.3333333333333333,0.3696473999131176,0.3333333333333333,0.3055555555555555,0.9430030213886441,-2.4349041406302154,0.25,-0.3945035917891138,0.3333333333333333,-1.8377883046032708,0.3333333333333333,0.45788174772413515,0,1
0.1111111111111111,-0.3115468409586057,-0.2844958199592799,-0.4668695745617363,-0.4668695745617363,0.1111111111111111,-0.537270192471432,-0.2837522314751988,-0.015781955055106312,0.1111111111111111,-0.2773414272638226,0.1111111111111111,0.0,-0.22538837536896283,0.0096341289758159,0.0,-2.102083711231995,0.1111111111111111,-0.22493634798497716,0.1111111111111111,-0.1625931438033047,1,0
0.2222222222222222,0.2440087145969499,-0.1412092504923928,0.3588821183662018,0.3588821183662018,0.1111111111111111,-0.794018863812633,-0.031672403407900916,-1.2558335710649353,0.1111111111111111,-1.4978381506157068,0.1111111111111111,0.08333333333333333,-0.14636188968696026,-2.4349041406302154,0.25,0.2439439807007004,0.1111111111111111,0.005775291400744047,0.3333333333333333,-0.1643985643163983,1,0
0.1111111111111111,0.39215686274509803,-0.2844958199592799,-0.4668695745617363,-0.4668695745617363,0.1111111111111111,-5.028059896155144,-1.4809843220475034,-1.2558335710649353,0.1111111111111111,-1.4978381506157068,0.1111111111111111,0.0,-0.20555522371715423,-2.4349041406302154,0.0,0.3871513198050401,0.1111111111111111,-1.8377883046032708,0.1111111111111111,-2.476644085611099,1,0
0.1111111111111111,1.6470588235294117,-0.2844958199592799,-0.4668695745617363,-0.4668695745617363,0.1111111111111111,1.1892568333551126,0.42469251588060974,0.38744129150536455,0.1111111111111111,0.49682281922212856,0.1111111111111111,0.0,14.467320969034498,0.7499787905697693,0.0,1.0629938337787594,0.1111111111111111,0.4966995812540681,0.1111111111111111,0.6267182312445675,1,0
0.1111111111111111,-0.29411764705882354,-0.2844958199592799,-0.4668695745617363,-0.4668695745617363,0.1111111111111111,0.516722526286478,0.10441505902471358,0.3254477100920743,0.1111111111111111,0.500744461060229,0.0,0.0,-0.18272980224090474,0.08136281572751122,0.0,-1.3723900433022265,0.0,0.07824744290209906,0.1111111111111111,-0.056479831125268706,1,0
0.1111111111111111,2.0588235294117645,-0.2844958199592799,-0.4668695745617363,-0.4668695745617363,0.0,-5.028059896155144,-1.4809843220475034,-1.2558335710649353,0.0,-1.4978381506157068,0.0,0.0,-0.09903111482770123,-2.4349041406302154,0.0,1.199597083727945,0.0,-1.8377883046032708,0.1111111111111111,-2.476644085611099,1,0
0.1111111111111111,1.2745098039215685,-0.2844958199592799,-0.4668695745617363,-0.4668695745617363,0.1111111111111111,1.3394905435360744,0.12386069444290213,0.7189350798342334,0.1111111111111111,0.3104232686633314,0.1111111111111111,0.0,5.417161188844257,0.40776928328536544,0.0,0.9159689132265976,0.1111111111111111,0.45160844652646404,0.1111111111111111,0.48853194418979096,1,0
0.1111111111111111,-0.30501089324618735,2.0079889959270663,1.18463381129414,1.18463381129414,0.3333333333333333,-0.31656268330822224,-0.031672403407900916,-0.17997811061554644,0.3333333333333333,-1.4978381506157068,0.3333333333333333,0.16666666666666666,-0.17367185827845558,0.13997425265217076,0.25,-1.666848273078999,0.1111111111111111,0.18040838650574129,0.1111111111111111,-2.476644085611099,0,1
0.1111111111111111,0.2440087145969499,-0.2844958199592799,-0.4668695745617363,-0.4668695745617363,0.1111111111111111,0.13018208024632463,-1.4809843220475034,-1.2558335710649353,0.1111111111111111,0.27540798060406974,0.1111111111111111,0.0,0.9416526050144098,0.25884044009829416,0.0,0.2439439807007004,0.0,0.10111237237752817,0.1111111111111111,0.26511978669091996,1,0
0.1111111111111111,4.098039215686274,-0.2844958199592799,-0.4668695745617363,-0.4668695745617363,0.1111111111111111,2.513159369903881,0.5624790264950417,0.5217512668649608,0.1111111111111111,1.2772538913451101,0.1111111111111111,0.0,34.62342024181064,0.7531785625839265,0.0,1.668921836399024,0.1111111111111111,0.7161328441463779,0.1111111111111111,0.7605885497259607,1,0
0.2222222222222222,0.0,0.4160148380463074,2.5608866328407034,2.560886632840704,0.3333333333333333,0.021206173705649995,-1.4809843220475034,-1.2558335710649353,0.3333333333333333,0.3459666543373588,0.3333333333333333,0.3055555555555555,1.5044840493576441,-2.4349041406302154,0.25,-0.0875094222424097,0.3333333333333333,-1.8377883046032708,0.3333333333333333,0.4380755058960076,0,1
0.1111111111111111,-0.20697167755991286,-0.0661561352760001,0.0836315540568891,0.083631554056889,0.1111111111111111,0.1027737431453153,0.11363053313180634,0.10854127650719715,0.3333333333333333,0.09527771440363407,0.1111111111111111,0.05555555555555555,0.3867504392710838,0.3582968514069958,0.25,-0.6440902286753902,0.1111111111111111,0.1150977349445994,0.1111111111111111,-2.476644085611099,1,0
0.2222222222222222,0.17647058823529413,-0.1316568762104289,0.3588821183662018,0.3588821183662018,0.1111111111111111,0.5099888257563723,0.3057862080103784,0.232909330105537,0.1111111111111111,0.24739437221879784,0.1111111111111111,0.08333333333333333,2.586099621206465,-1.610040965661923,0.25,0.1673597344439074,0.1111111111111111,0.32381986885411657,0.3333333333333333,0.4926873395741765,0,1
0.1111111111111111,-0.25925925925925924,-0.2844958199592799,-0.4668695745617363,-0.4668695745617363,0.1111111111111111,0.5099631886324959,-1.4809843220475034,0.49597082434690953,0.1111111111111111,-1.4978381506157068,0.1111111111111111,0.0,-0.03890348977854768,0.20956311185220755,0.0,-0.9531238224996238,0.0,0.12397299616359517,0.1111111111111111,0.09001042375076007,1,0
0.2222222222222222,5.132897603485839,-0.2080759914613655,0.9093832469848272,0.9093832469848272,0.1111111111111111,0.24987154651017163,0.22508700669610765,0.13447144374196576,0.1111111111111111,-1.0279496654271199,0.3333333333333333,0.1388888888888889,6.468266708478306,-2.4349041406302154,0.25,1.8373853869087895,0.1111111111111111,0.4010330618240294,0.3333333333333333,0.3026242443531959,0,1
0.1111111111111111,-0.13725490196078433,0.0551447677567291,0.6341326826755145,0.6341326826755145,0.1111111111111111,0.26034620195023156,0.25634775436706114,-1.2558335710649353,0.1111111111111111,0.08006953428893196,0.3333333333333333,0.1111111111111111,0.7831631002334483,0.1754499360286865,0.25,-0.3945035917891138,0.3333333333333333,0.33315489072787546,0.1111111111111111,0.20017849783525957,1,0
0.3333333333333333,0.17647058823529413,0.0211820675384221,1.18463381129414,1.18463381129414,0.1111111111111111,0.3510331460639733,0.19865366409457927,0.1812882605018963,0.3333333333333333,0.214438587242051,0.1111111111111111,0.16666666666666666,2.4630800742654344,0.37851806784192493,0.25,0.1673597344439074,0.1111111111111111,0.3091352594538665,0.3333333333333333,-2.476644085611099,0,1
0.4444444444444444,0.17647058823529413,-0.0297642470445282,0.9093832469848272,0.9093832469848272,0.1111111111111111,-0.8460182002134989,0.14493216620586116,-1.2558335710649353,0.1111111111111111,-1.4978381506157068,0.0,0.1388888888888889,-0.18650852907651033,-2.4349041406302154,0.375,0.1673597344439074,0.0,-1.8377883046032708,0.3333333333333333,-0.1940527750620471,0,1
0.0,1.6470588235294117,-0.2844958199592799,-0.4668695745617363,-0.4668695745617363,0.0,0.08508521591975649,-0.12387122594128142,-1.131420661815432,0.0,0.14618403215922673,0.0,0.0,-0.11808676910518118,0.09049015726292031,0.0,1.0629938337787594,0.0,0.2252988234060426,0.0,0.3098124681238251,1,0
0.2222222222222222,-0.29411764705882354,0.9891280815368592,0.9093832469848272,0.9093832469848272,0.0,0.6026357902618037,-1.4809843220475034,0.290610149823752,0.0,0.0968889193902196,0.0,0.1388888888888889,-0.19403387738239233,-2.4349041406302154,0.25,-1.3723900433022265,0.3333333333333333,0.3690542594284389,0.3333333333333333,0.7237552829321644,0,1
0.1111111111111111,-0.29411764705882354,-0.2844958199592799,-0.4668695745617363,-0.4668695745617363,0.1111111111111111,0.841884762138378,0.7105535314860727,-0.024979145528007687,0.1111111111111111,-0.020363180020070946,0.1111111111111111,0.0,-0.09457742868377958,0.08213340020129119,0.0,-1.3723900433022265,0.0,-0.030269367775838486,0.1111111111111111,0.09910433174327209,1,0
0.1111111111111111,-0.30501089324618735,-0.2844958199592799,-0.4668695745617363,-0.4668695745617363,0.0,0.19394883638544505,0.19865366409457927,-1.2558335710649353,0.0,-0.020363180020070946,0.1111111111111111,0.0,-0.21699070686557062,0.13997425265217076,0.0,-1.666848273078999,0.1111111111111111,0.35508346069795704,0.0,0.16979797490495446,1,0
0.3333333333333333,-0.20697167755991286,-0.0661561352760001,0.0836315540568891,0.083631554056889,0.1111111111111111,0.019540914553971733,-0.011697378387615939,0.016913033023074397,0.1111111111111111,0.035695544292043226,0.1111111111111111,0.05555555555555555,0.28457673182313664,0.20739809469992543,0.25,-0.6440902286753902,0.1111111111111111,-0.030269367775838486,0.1111111111111111,0.23796784272265611,0,1
0.2222222222222222,1.3943355119825709,-0.2572030669556937,-0.1916190102524235,-0.1916190102524236,0.0,-5.028059896155144,-1.4809843220475034,-1.2558335710649353,0.0,-1.4978381506157068,0.0,0.027777777777777776,-0.23333009790892031,-2.4349041406302154,0.125,0.9662521913648202,0.0,-1.8377883046032708,0.0,-2.476644085611099,1,0
0.3333333333333333,-0.25925925925925924,0.0211779919147679,0.0836315540568891,0.083631554056889,0.1111111111111111,-0.10077085586842727,-0.28445033207336795,0.3341194922899548,0.1111111111111111,-0.5634078453642654,0.1111111111111111,0.05555555555555555,-0.07856730429415484,-0.04411808868776136,0.25,-0.9531238224996238,0.0,-0.624812482164508,0.1111111111111111,-0.18333644759720805,0,1
0.3333333333333333,-0.25925925925925924,0.0211779919147679,0.0836315540568891,0.083631554056889,0.1111111111111111,0.608118155975231,0.0021270583613964395,-1.2558335710649353,0.1111111111111111,-0.02975293223915765,0.1111111111111111,0.05555555555555555,0.01715646014703757,0.8217364061401269,0.25,-0.9531238224996238,0.1111111111111111,-0.15378898118743553,0.1111111111111111,0.03643885265550539,0,1
0.2222222222222222,0.39215686274509803,-0.2420405106345698,-0.1916190102524235,-0.1916190102524236,0.0,-5.028059896155144,-1.4809843220475034,-1.2558335710649353,0.0,-1.4978381506157068,0.0,0.027777777777777776,-0.23333009790892031,-2.4349041406302154,0.125,0.3871513198050401,0.0,-1.8377883046032708,0.0,-2.476644085611099,1,0
0.0,4.917211328976035,-0.2844958199592799,-0.4668695745617363,-0.4668695745617363,0.0,-1.2386158656751924,-0.48742917650202766,-1.2558335710649353,0.0,-1.4978381506157068,0.1111111111111111,0.0,-0.20824485691957734,-0.9232746236089249,0.0,1.8047152235915511,0.0,-0.4659536841973853,0.0,-0.08749098821305488,1,0
0.2222222222222222,-0.25925925925925924,0.7853625215998877,1.4598843756034523,1.4598843756034523,0.3333333333333333,-0.2902799908347457,-0.011697378387615939,0.10854127650719715,0.3333333333333333,0.0,0.1111111111111111,0.19444444444444442,-0.025096938292990093,-2.4349041406302154,0.25,-0.9531238224996238,0.1111111111111111,-1.8377883046032708,0.3333333333333333,0.21961315785587668,0,1
0.1111111111111111,0.11328976034858387,-0.2844958199592799,-0.4668695745617363,-0.4668695745617363,0.1111111111111111,0.514307297182614,0.2526518197548504,0.2416645349056016,0.1111111111111111,0.2534171714435722,0.1111111111111111,0.0,2.0568466558155505,0.38856701644178904,0.0,0.0869332819236188,0.1111111111111111,0.21925214039343546,0.1111111111111111,0.2876072932488321,1,0
0.2222222222222222,2.6688453159041394,-0.2225338403936263,0.3588821183662018,0.3588821183662018,0.1111111111111111,1.067510464570943,0.4895215797312873,0.3891776951234196,0.1111111111111111,0.5172071519175309,0.1111111111111111,0.08333333333333333,18.396767811011397,-1.8586914367545917,0.25,1.3682240822548568,0.1111111111111111,0.5298635324565625,0.3333333333333333,0.6776797026530302,1,0
0.1111111111111111,-0.20697167755991286,0.698032761115479,2.0103855042220777,2.010385504222078,0.3333333333333333,-0.5996191337007027,-1.4809843220475034,-0.17997811061554644,0.3333333333333333,-1.4978381506157068,0.4444444444444444,0.25,-0.1455134618543462,0.08136281572751122,0.375,-0.6440902286753902,0.3333333333333333,-0.116519535660596,0.1111111111111111,-0.1940527750620471,0,1
0.1111111111111111,-0.29411764705882354,0.2249537406391757,0.0836315540568891,0.083631554056889,0.3333333333333333,-0.8210383886685736,-0.42846419375793426,-1.2558335710649353,0.1111111111111111,-1.4978381506157068,0.1111111111111111,0.05555555555555555,-0.22448469644252644,0.0096341289758159,0.25,-1.3723900433022265,0.1111111111111111,-1.8377883046032708,0.1111111111111111,-0.1074461255133846,1,0
0.2222222222222222,-0.30501089324618735,2.3900697985747907,1.4598843756034523,1.4598843756034523,0.3333333333333333,-1.0643240459742764,-0.39632517311084764,-1.2558335710649353,0.3333333333333333,-1.4978381506157068,0.1111111111111111,0.19444444444444442,-0.22625646462685603,-2.4349041406302154,0.25,-1.666848273078999,0.1111111111111111,-1.8377883046032708,0.3333333333333333,0.06806288418602986,0,1
0.1111111111111111,0.17647058823529413,-0.2844958199592799,-0.4668695745617363,-0.4668695745617363,0.1111111111111111,-0.3379977619255093,-0.06996156194360863,-0.04768389148960487,0.1111111111111111,-0.06749693863522563,0.1111111111111111,0.0,0.23953340202388226,0.005265286089826876,0.0,0.1673597344439074,0.1111111111111111,-0.017795917333693467,0.1111111111111111,-0.09425361589553392,1,0
0.3333333333333333,0.3159041394335512,-0.0147798253325259,1.18463381129414,1.18463381129414,0.1111111111111111,0.1075940141604836,0.11373534404388194,0.1812882605018963,0.3333333333333333,0.214438587242051,0.1111111111111111,0.16666666666666666,1.3259192338514991,0.08772862993864343,0.25,0.3170934418812415,0.1111111111111111,0.21925214039343546,0.3333333333333333,-2.476644085611099,0,1
0.2222222222222222,0.3159041394335512,-0.2395431541881542,-0.1916190102524235,-0.1916190102524236,0.0,-0.8688825149803978,-1.4809843220475034,-1.2558335710649353,0.0,-1.4978381506157068,0.0,0.027777777777777776,-0.21975301267788613,0.1616254477748026,0.125,0.3170934418812415,0.0,-1.8377883046032708,0.0,-2.476644085611099,1,0
0.1111111111111111,3.0,-0.2844958199592799,-0.4668695745617363,-0.4668695745617363,0.1111111111111111,0.7392694063850916,0.3057862080103784,0.27295236848406923,0.1111111111111111,0.47186486317693166,0.1111111111111111,0.0,7.544995793948264,0.30420801898878946,0.0,1.4475584443037126,0.1111111111111111,0.35508346069795704,0.1111111111111111,0.3689107160964178,1,0
0.1111111111111111,-0.17429193899782136,0.479694441038171,1.7351349399127651,1.7351349399127654,0.3333333333333333,-0.17935246903156637,-0.004395095027663922,-1.2558335710649353,0.3333333333333333,0.05153219759664451,0.3333333333333333,0.2222222222222222,0.13008272731345286,0.0663595593112858,0.25,-0.5135592262370264,0.3333333333333333,-0.054022482680966204,0.1111111111111111,0.1684786075672701,0,1
0.1111111111111111,-0.30501089324618735,1.6259081932793418,0.9093832469848272,0.9093832469848272,0.3333333333333333,-0.46513032303023666,-0.2837522314751988,0.05693515131531388,0.4444444444444444,-0.2773414272638226,0.1111111111111111,0.1388888888888889,-0.2172365991209601,0.1706153525976616,0.375,-1.666848273078999,0.1111111111111111,-0.26533463618771924,0.1111111111111111,-2.476644085611099,0,1
0.2222222222222222,0.47276688453159044,-0.1638333265972902,0.3588821183662018,0.3588821183662018,0.1111111111111111,0.655908081426619,0.3321612178466729,0.30567126224700725,0.1111111111111111,0.3436035864739946,0.1111111111111111,0.08333333333333333,4.647905436010771,-2.4349041406302154,0.25,0.4544096728511559,0.1111111111111111,0.35508346069795704,0.3333333333333333,0.5323671509932838,1,0
0.1111111111111111,-0.05010893246187364,-0.1455516624742182,0.0836315540568891,0.083631554056889,0.1111111111111111,0.18976163561156847,0.1336150799250516,0.12201581779487031,0.3333333333333333,0.1754623776158648,0.1111111111111111,0.05555555555555555,0.9180066301312585,0.4123958978726874,0.25,-0.1828566844305228,0.1111111111111111,0.08483689987623327,0.1111111111111111,-2.476644085611099,1,0
0.0,0.6470588235294118,-0.2844958199592799,-0.4668695745617363,-0.4668695745617363,0.0,-0.06362207852056918,-0.08319876730620854,0.15950328460205204,0.0,0.21149672770108943,0.0,0.0,-0.18361083319645,-0.15614601918580906,0.0,0.5814972662319737,0.0,0.1675720388696863,0.0,-0.4930130425863576,1,0
0.0,-0.30501089324618735,1.2438273906316173,0.6341326826755145,0.6341326826755145,0.0,0.3697686995461401,0.5665482625190613,-0.20593892613466808,0.3333333333333333,0.1996891746211727,0.0,0.1111111111111111,-0.22261785655621424,-2.4349041406302154,0.25,-1.666848273078999,0.0,-0.32442777739848877,0.3333333333333333,-2.476644085611099,0,1
0.1111111111111111,5.5773420479302835,-0.2844958199592799,-0.4668695745617363,-0.4668695745617363,0.1111111111111111,1.6693302740865512,0.6595231729018657,0.5618014829009423,0.1111111111111111,0.70679484969058,0.1111111111111111,0.0,24.701801135882846,0.7806281708752216,0.0,1.9013142578933817,0.1111111111111111,0.7294623092469033,0.1111111111111111,0.7660493836186342,1,0
0.3333333333333333,-0.29411764705882354,2.7722015436314544,2.836137197150016,2.8361371971500167,0.3333333333333333,-0.4776649287085658,-1.4809843220475034,-1.2558335710649353,0.3333333333333333,-1.4978381506157068,0.3333333333333333,0.3333333333333333,-0.12378360486010526,0.1706153525976616,0.25,-1.3723900433022265,0.3333333333333333,0.13446858275768922,0.3333333333333333,-2.476644085611099,0,1
0.1111111111111111,0.2440087145969499,0.1453638884413813,2.0103855042220777,2.010385504222078,0.3333333333333333,0.4478931444214867,0.10287579294346057,-1.2558335710649353,0.3333333333333333,0.34010830410539794,0.3333333333333333,0.25,1.9758256554223221,0.49320600580578183,0.375,0.2439439807007004,0.4444444444444444,0.23325537736854896,0.1111111111111111,0.21961315785587668,0,1
0.2222222222222222,-0.25925925925925924,1.3967101453479835,2.5608866328407034,2.560886632840704,0.3333333333333333,-0.6910437409392006,-1.4809843220475034,-0.055789143861963854,0.3333333333333333,-0.0680302443123023,0.3333333333333333,0.3055555555555555,-0.1790085664083305,-2.4349041406302154,0.25,-0.9531238224996238,0.3333333333333333,-1.8377883046032708,0.3333333333333333,0.12143655569952808,0,1
0.1111111111111111,-0.30501089324618735,1.2438273906316173,0.6341326826755145,0.6341326826755145,0.1111111111111111,-0.2848055822015288,0.19865366409457927,-1.2558335710649353,0.1111111111111111,-1.4978381506157068,0.3333333333333333,0.1111111111111111,-0.18438658841917163,-0.08282810616588625,0.25,-1.666848273078999,0.3333333333333333,0.07824744290209906,0.1111111111111111,-0.11671725661758069,1,0
0.0,0.17647058823529413,-0.2844958199592799,-0.4668695745617363,-0.4668695745617363,0.0,-5.028059896155144,-1.4809843220475034,-1.2558335710649353,0.0,-1.4978381506157068,0.0,0.0,-0.22250013688334055,-2.4349041406302154,0.0,0.1673597344439074,0.0,-1.8377883046032708,0.0,-2.476644085611099,1,0
0.0,0.2440087145969499,-0.2844958199592799,-0.4668695745617363,-0.4668695745617363,0.0,-0.5308151347129706,-0.2267394290025756,-0.09411286476616676,0.0,-1.4978381506157068,0.0,0.0,-0.20968860284418694,0.2358215233683933,0.0,0.2439439807007004,0.0,-1.8377883046032708,0.0,-0.6257537081600761,1,0
0.2222222222222222,-0.13725490196078433,0.309875208543736,1.4598843756034523,1.4598843756034523,0.3333333333333333,-1.2691840655128304,-1.4809843220475034,-1.2558335710649353,0.3333333333333333,-0.031321287366632165,0.0,0.19444444444444442,-0.22761832942593618,-0.2847952224357086,0.25,-0.3945035917891138,0.3333333333333333,-1.8377883046032708,0.0,-2.476644085611099,0,1
0.1111111111111111,2.355119825708061,-0.2844958199592799,-0.4668695745617363,-0.4668695745617363,0.1111111111111111,1.6357324050348383,0.4880136329916922,0.3088434346509004,0.1111111111111111,0.9546901613220271,0.1111111111111111,0.0,11.717411809796861,0.6038174536731904,0.0,1.285678693674575,0.1111111111111111,0.32391495126060277,0.1111111111111111,0.5593923385526708,1,0
0.0,0.5577342047930284,-0.1316566214801296,0.6341326826755145,0.6341326826755145,0.0,-0.638282486579757,0.28595985295951926,-1.2558335710649353,0.3333333333333333,-1.4978381506157068,0.0,0.1111111111111111,-0.14592386299719765,-2.4349041406302154,0.25,0.5191192900072952,0.0,-1.8377883046032708,0.3333333333333333,-2.476644085611099,0,1
0.3333333333333333,0.8387799564270153,0.1142153926227767,2.836137197150016,2.8361371971500167,0.3333333333333333,0.4507029909134518,-1.4809843220475034,0.2540452092359328,0.3333333333333333,0.3236529324331165,0.3333333333333333,0.3333333333333333,3.9123105410127366,0.35192960291975667,0.25,0.6999923241170234,0.3333333333333333,0.23997567561776,0.3333333333333333,0.3026242443531959,0,1
0.2222222222222222,0.8387799564270153,0.0809894582409387,2.5608866328407034,2.560886632840704,0.3333333333333333,-0.43356694255490164,0.006539905894159156,-1.2558335710649353,0.3333333333333333,-1.4978381506157068,0.3333333333333333,0.3055555555555555,0.16326051139616024,-0.2131146983687719,0.25,0.6999923241170234,0.3333333333333333,0.18040838650574129,0.3333333333333333,-0.1940527750620471,0,1
0.1111111111111111,-0.05010893246187364,0.2712808099809667,1.7351349399127651,1.7351349399127654,0.3333333333333333,0.15413467940451595,-1.4809843220475034,0.10854127650719715,0.3333333333333333,0.1140824598848333,0.3333333333333333,0.2222222222222222,0.5143403965137057,0.3376469404255859,0.25,-0.1828566844305228,0.3333333333333333,0.3399806609796267,0.1111111111111111,-2.476644085611099,0,1
0.1111111111111111,-0.20697167755991286,-0.2844958199592799,-0.4668695745617363,-0.4668695745617363,0.1111111111111111,0.23714109383088752,0.18418539902762215,0.18068916152380704,0.1111111111111111,0.1996891746211727,0.1111111111111111,0.0,0.5092881568533756,0.11779445949640988,0.0,-0.6440902286753902,0.1111111111111111,0.1718659405051064,0.1111111111111111,0.14591209917705136,1,0
0.2222222222222222,2.20479302832244,-0.26201942096705,-0.1916190102524235,-0.1916190102524236,0.0,-0.823917412110048,-0.16467079312609492,-1.2558335710649353,0.0,-1.4978381506157068,0.0,0.027777777777777776,-0.20463586542625473,-2.4349041406302154,0.125,1.2431022551165405,0.0,0.17230000890341282,0.0,-2.476644085611099,1,0
0.4444444444444444,-0.09586056644880174,0.2504387000585193,1.4598843756034523,1.4598843756034523,0.1111111111111111,-0.10482445471163458,0.12215638704494965,0.10298443427682366,0.1111111111111111,-1.4978381506157068,0.3333333333333333,0.19444444444444442,0.5313973051403427,-2.4349041406302154,0.375,-0.2847917733012345,0.1111111111111111,0.27340185045077775,0.3333333333333333,0.0056385211519427774,0,1
0.0,0.47276688453159044,-0.2844958199592799,-0.4668695745617363,-0.4668695745617363,0.0,-5.028059896155144,-1.4809843220475034,-1.2558335710649353,0.0,-1.4978381506157068,0.0,0.0,-0.23333009790892031,-2.4349041406302154,0.0,0.4544096728511559,0.0,-1.8377883046032708,0.0,-2.476644085611099,1,0
0.0,0.8387799564270153,-0.2844958199592799,-0.4668695745617363,-0.4668695745617363,0.0,-5.028059896155144,-1.4809843220475034,-1.2558335710649353,0.0,-1.4978381506157068,0.0,0.0,-0.23333009790892031,-2.4349041406302154,0.0,0.6999923241170234,0.0,-1.8377883046032708,0.0,-2.476644085611099,1,0
0.1111111111111111,1.3943355119825709,-0.2844958199592799,-0.4668695745617363,-0.4668695745617363,0.1111111111111111,0.9554110687168929,0.3491032574021598,0.27298825569546475,0.1111111111111111,0.36284997966396115,0.1111111111111111,0.0,9.554439997809867,0.6975468062175926,0.0,0.9662521913648202,0.1111111111111111,0.355335356245175,0.1111111111111111,0.5808502435108827,1,0
0.3333333333333333,-0.29411764705882354,0.2249537406391757,0.0836315540568891,0.083631554056889,0.1111111111111111,-0.4620055793279756,-1.4809843220475034,-1.2558335710649353,0.1111111111111111,-0.44104090910723037,0.1111111111111111,0.05555555555555555,-0.13920537976416247,-0.06208652614907963,0.25,-1.3723900433022265,0.1111111111111111,-0.05042906437089462,0.1111111111111111,0.16869886832993028,0,1
0.0,0.0,-0.2844958199592799,-0.4668695745617363,-0.4668695745617363,0.0,-5.028059896155144,-1.4809843220475034,-1.2558335710649353,0.0,-1.4978381506157068,0.0,0.0,-0.23333009790892031,-2.4349041406302154,0.0,-0.0875094222424097,0.0,-1.8377883046032708,0.0,-2.476644085611099,1,0
0.0,-0.13725490196078433,-0.1146755261012753,0.0836315540568891,0.083631554056889,0.1111111111111111,0.529927652614,-0.0264975224512116,-0.14001564323410587,0.0,0.0215975439604977,0.1111111111111111,0.05555555555555555,0.05380162368529765,-0.2131146983687719,0.25,-0.3945035917891138,0.1111111111111111,-0.05042906437089462,0.3333333333333333,0.8217329592103494,1,0
0.2222222222222222,0.8387799564270153,-0.1848180168137657,0.3588821183662018,0.3588821183662018,0.1111111111111111,-0.11806655846847715,0.07582314704025643,0.16878080280743718,0.1111111111111111,0.2956882614645087,0.0,0.08333333333333333,0.4260247584631233,-2.4349041406302154,0.25,0.6999923241170234,0.0,-0.599487532994048,0.3333333333333333,-0.1940527750620471,0,1
0.1111111111111111,-0.13725490196078433,-0.2844958199592799,-0.4668695745617363,-0.4668695745617363,0.0,-0.28200043413773246,-0.005687182925108412,0.002931841927049252,0.0,0.12776328546361485,0.0,0.0,-0.18715884938352723,-0.19591324900479126,0.0,-0.3945035917891138,0.0,0.13446858275768922,0.0,-2.476644085611099,1,0
0.0,1.159041394335512,-0.2844958199592799,-0.4668695745617363,-0.4668695745617363,0.0,0.14507577234328692,0.21133442806778266,0.10601193578836506,0.0,0.13304132892194565,0.0,0.0,-0.11207933260660724,0.2147853792575757,0.0,0.8643003776574393,0.0,0.1266901244106837,0.0,-0.07116629926950806,1,0
0.0,2.5098039215686274,-0.2844958199592799,-0.4668695745617363,-0.4668695745617363,0.0,-1.0337845739024458,-1.4809843220475034,-1.2558335710649353,0.0,-1.4978381506157068,0.0,0.0,-0.20066326200466897,0.08136281572751122,0.0,1.3273719327921307,0.0,-1.8377883046032708,0.0,-2.476644085611099,1,0
0.1111111111111111,-0.29411764705882354,-0.2844958199592799,-0.4668695745617363,-0.4668695745617363,0.1111111111111111,-0.4084528412766086,0.15873609898101454,-1.2558335710649353,0.1111111111111111,-0.07926674806640066,0.0,0.0,-0.19808363323228856,-0.18483830997736975,0.0,-1.3723900433022265,0.0,-0.09634369408832952,0.1111111111111111,-0.1599033775354381,1,0
0.2222222222222222,-0.25925925925925924,0.4796887097258397,0.9093832469848272,0.9093832469848272,0.1111111111111111,-0.4215188604529613,-0.011506929862364968,-0.1299155847603933,0.3333333333333333,-0.09593924982249426,0.1111111111111111,0.1388888888888889,0.06340560773714415,-0.02191797797529691,0.25,-0.9531238224996238,0.1111111111111111,0.09868477618238311,0.3333333333333333,-2.476644085611099,0,1
0.2222222222222222,-0.30501089324618735,0.861746587983893,0.3588821183662018,0.3588821183662018,0.1111111111111111,-0.7568405224820541,-1.4809843220475034,-0.28210990437877315,0.1111111111111111,-0.21922075111849637,0.1111111111111111,0.08333333333333333,-0.1753637363676637,-2.4349041406302154,0.25,-1.666848273078999,0.1111111111111111,-0.01160329552774256,0.3333333333333333,-0.003318688825041914,0,1
0.2222222222222222,-0.13725490196078433,0.1400549146857315,0.9093832469848272,0.9093832469848272,0.1111111111111111,-0.1639874554561933,0.11519722477629865,0.016913033023074397,0.3333333333333333,0.066276523690121,0.1111111111111111,0.1388888888888889,0.37071965794097583,0.14061657729950422,0.25,-0.3945035917891138,0.1111111111111111,0.005775291400744047,0.3333333333333333,-0.9551366959425549,0,1
0.3333333333333333,-0.29411764705882354,2.2627519830329987,2.2856360685313906,2.2856360685313915,0.3333333333333333,-0.6138895564621334,0.021699077920150803,-0.028794164538211788,0.3333333333333333,-1.4978381506157068,0.3333333333333333,0.2777777777777778,-0.20578742763848862,-2.4349041406302154,0.25,-1.3723900433022265,0.0,-1.8377883046032708,0.3333333333333333,0.10848346083980917,0,1
0.2222222222222222,-0.30501089324618735,3.5363122065179637,2.2856360685313906,2.2856360685313915,0.3333333333333333,-1.532861009001251,-0.2343095970677861,-0.2064569348266685,0.4444444444444444,-0.1918179270424799,0.1111111111111111,0.2777777777777778,-0.1790794968666159,-2.4349041406302154,0.5,-1.666848273078999,0.1111111111111111,-1.8377883046032708,0.5555555555555556,-2.476644085611099,0,1
0.0,-0.30501089324618735,2.0079889959270663,1.18463381129414,1.18463381129414,0.3333333333333333,-0.6778008964860062,-1.4809843220475034,-0.027832780947905762,0.3333333333333333,-0.008721913572890243,0.0,0.16666666666666666,-0.22205190616273687,-2.4349041406302154,0.25,-1.666848273078999,0.0,-1.8377883046032708,0.3333333333333333,0.08008376324506211,0,1
0.2222222222222222,-0.25925925925925924,0.4796887097258397,0.9093832469848272,0.9093832469848272,0.1111111111111111,0.03311609130321688,0.15661152100610903,0.232909330105537,0.3333333333333333,0.12776328546361485,0.1111111111111111,0.1388888888888889,0.19371605915351342,0.025316925826723576,0.25,-0.9531238224996238,0.1111111111111111,0.07824744290209906,0.3333333333333333,-2.476644085611099,0,1
0.2222222222222222,1.0479302832244008,-0.2539279496957324,-0.1916190102524235,-0.1916190102524236,0.0,0.9169320812701459,0.3958048792670328,-1.2558335710649353,0.0,0.4756796490799884,0.0,0.027777777777777776,0.037636696681450046,0.24738346427493746,0.125,0.8111528623165425,0.0,-1.8377883046032708,0.0,0.8781131104969889,1,0
0.0,0.11328976034858387,-0.1753251978386217,0.0836315540568891,0.083631554056889,0.1111111111111111,-0.7203227144356046,-0.02104840994986472,-0.0924560232735743,0.3333333333333333,-1.4978381506157068,0.1111111111111111,0.05555555555555555,-0.20885635213363798,0.05650999692275741,0.25,0.0869332819236188,0.0,-1.8377883046032708,0.0,-2.476644085611099,1,0
0.3333333333333333,-0.17429193899782136,0.8617895715368965,2.836137197150016,2.8361371971500167,0.3333333333333333,0.21789314332142565,-1.4809843220475034,0.2416645349056016,0.3333333333333333,0.22144857130416912,0.3333333333333333,0.3333333333333333,0.662404617199516,0.1706153525976616,0.25,-0.5135592262370264,0.3333333333333333,0.35508346069795704,0.3333333333333333,-2.476644085611099,0,1
0.0,0.054466230936819175,-0.2844958199592799,-0.4668695745617363,-0.4668695745617363,0.1111111111111111,-1.2673021010785497,-0.20315520606063805,-0.23691367145164213,0.0,-0.19517823918609783,0.0,0.0,-0.2257689110556941,-2.4349041406302154,0.0,0.0021753538983214,0.0,-1.8377883046032708,0.0,-0.37265151389121803,1,0
0.1111111111111111,-0.17429193899782136,-0.2844958199592799,-0.4668695745617363,-0.4668695745617363,0.1111111111111111,-0.3183525341707236,-0.031672403407900916,0.10854127650719715,0.1111111111111111,0.043918667201769915,0.1111111111111111,0.0,-0.13882185753181916,-0.08282810616588625,0.0,-0.5135592262370264,0.1111111111111111,-0.39018706978679374,0.1111111111111111,-0.1289553642896601,1,0
0.1111111111111111,-0.23529411764705882,-0.2844958199592799,-0.4668695745617363,-0.4668695745617363,0.1111111111111111,0.2895959161969545,0.19865366409457927,0.14857534644596138,0.1111111111111111,0.1754623776158648,0.1111111111111111,0.0,0.29451943992314616,0.30420801898878946,0.0,-0.7891132362483021,0.1111111111111111,0.13446858275768922,0.1111111111111111,0.16869886832993028,1,0
0.2222222222222222,4.098039215686274,-0.2675136396224425,-0.1916190102524235,-0.1916190102524236,0.0,0.8352997046387189,-1.4809843220475034,-1.2558335710649353,0.0,-1.4978381506157068,0.0,0.027777777777777776,0.23257101756586576,-2.4349041406302154,0.125,1.668921836399024,0.0,0.845540293476656,0.0,-0.724479175000734,1,0
0.3333333333333333,-0.30501089324618735,2.0079889959270663,1.18463381129414,1.18463381129414,0.1111111111111111,-0.5723638991764706,-0.32269757252797804,-1.2558335710649353,0.3333333333333333,-0.22359646317184267,0.1111111111111111,0.16666666666666666,-0.17953195852683662,0.2324632635633931,0.25,-1.666848273078999,0.1111111111111111,-0.3326514049683238,0.3333333333333333,-2.476644085611099,0,1
0.1111111111111111,0.5577342047930284,-0.2844958199592799,-0.4668695745617363,-0.4668695745617363,0.1111111111111111,0.3872791170118365,0.19865366409457927,0.03126839304430128,0.1111111111111111,0.22144857130416912,0.1111111111111111,0.0,3.210186858203792,0.2733899399151538,0.0,0.5191192900072952,0.1111111111111111,0.2825833239152785,0.1111111111111111,0.33742708388807957,1,0
0.3333333333333333,-0.09586056644880174,-0.1316573856684801,0.0836315540568891,0.083631554056889,0.1111111111111111,0.1595981637688137,0.05331580804312823,0.10854127650719715,0.1111111111111111,0.08006953428893196,0.1111111111111111,0.05555555555555555,0.8498153319296569,0.30420801898878946,0.25,-0.2847917733012345,0.1111111111111111,0.07824744290209906,0.1111111111111111,0.1795287835743337,0,1
0.1111111111111111,-0.25925925925925924,0.3268518037888158,0.6341326826755145,0.6341326826755145,0.3333333333333333,0.029152212851664205,-0.031672403407900916,-1.2558335710649353,0.3333333333333333,0.24739437221879784,0.1111111111111111,0.1111111111111111,-0.12268107177166866,0.18953232746223397,0.25,-0.9531238224996238,0.1111111111111111,0.07571539291516126,0.1111111111111111,0.10848346083980917,0,1
0.1111111111111111,-0.13725490196078433,-0.2844958199592799,-0.4668695745617363,-0.4668695745617363,0.1111111111111111,-0.24866960732997528,0.16042040378299907,-1.2558335710649353,0.1111111111111111,0.018591671476249207,0.1111111111111111,0.0,-0.0880428668846845,-0.08282810616588625,0.0,-0.3945035917891138,0.1111111111111111,0.005775291400744047,0.1111111111111111,-0.060200737786788555,1,0
0.3333333333333333,-0.30501089324618735,4.300473811813412,2.836137197150016,2.8361371971500167,0.3333333333333333,-0.1133819017555218,-0.05351884661889676,-1.131420661815432,0.3333333333333333,-0.06776342523130284,0.3333333333333333,0.3333333333333333,-0.18115464830936634,0.15951467317198714,0.25,-1.666848273078999,0.3333333333333333,0.22424224735877346,0.3333333333333333,-0.038891540158578077,0,1
0.2222222222222222,-0.29411764705882354,-0.029771039660052,-0.1916190102524235,-0.1916190102524236,0.0,-0.3500146075820022,0.37740517675852714,-1.2558335710649353,0.0,-1.4978381506157068,0.0,0.027777777777777776,-0.2280775108137839,-2.4349041406302154,0.125,-1.3723900433022265,0.0,-1.8377883046032708,0.0,-2.476644085611099,1,0
0.2222222222222222,-0.30501089324618735,5.064635417108861,3.386638325768641,3.386638325768641,0.3333333333333333,-0.8379137703733847,-1.4809843220475034,0.10854127650719715,0.4444444444444444,0.04580841851773005,0.3333333333333333,0.38888888888888884,-0.1891765098232463,-2.4349041406302154,0.5,-1.666848273078999,0.3333333333333333,-1.8377883046032708,0.5555555555555556,-2.476644085611099,0,1
0.2222222222222222,0.5577342047930284,-0.2462860203394923,-0.1916190102524235,-0.1916190102524236,0.0,-1.8420440395132285,-1.4809843220475034,-1.2558335710649353,0.0,-1.4978381506157068,0.0,0.027777777777777776,-0.2297313104464388,-0.31288676373097957,0.125,0.5191192900072952,0.0,-1.8377883046032708,0.0,-2.476644085611099,1,0
0.0,-0.29411764705882354,1.7533024224345426,1.7351349399127651,1.7351349399127654,0.1111111111111111,-1.162539108570257,-1.4809843220475034,-1.2558335710649353,0.3333333333333333,0.13376996835145818,0.0,0.2222222222222222,-0.22686721320451367,-2.4349041406302154,0.375,-1.3723900433022265,0.4444444444444444,-1.8377883046032708,0.4444444444444444,-2.476644085611099,0,1
0.0,-0.05010893246187364,-0.2844958199592799,-0.4668695745617363,-0.4668695745617363,0.0,-0.09637623514361728,-1.4809843220475034,0.27971441169799716,0.0,0.24794342378015582,0.0,0.0,-0.2092468429724093,-0.5073034887176503,0.0,-0.1828566844305228,0.1111111111111111,-0.11679247933275104,0.0,-0.5910654661956495,1,0
0.0,-0.23529411764705882,-0.2844958199592799,-0.4668695745617363,-0.4668695745617363,0.1111111111111111,0.07214763072735397,0.11363053313180634,0.10854127650719715,0.1111111111111111,0.06994916488101137,0.1111111111111111,0.0,0.287962479031961,0.08136281572751122,0.0,-0.7891132362483021,0.1111111111111111,0.11258200154198865,0.1111111111111111,0.16869886832993028,1,0
0.0,2.355119825708061,-0.2844958199592799,-0.4668695745617363,-0.4668695745617363,0.0,-5.028059896155144,-1.4809843220475034,-1.2558335710649353,0.0,-1.4978381506157068,0.0,0.0,-0.23333009790892031,-2.4349041406302154,0.0,1.285678693674575,0.0,-1.8377883046032708,0.0,-2.476644085611099,1,0
0.0,5.132897603485839,-0.2844958199592799,-0.4668695745617363,-0.4668695745617363,0.0,0.6554143512273469,-1.4809843220475034,0.5863612297963795,0.0,-1.4978381506157068,0.0,0.0,-0.18990074713416064,0.05817268274552819,0.0,1.8373853869087895,0.0,-1.8377883046032708,0.0,-0.14392530832581077,1,0
0.3333333333333333,0.17647058823529413,-0.1826031907933792,0.0836315540568891,0.083631554056889,0.1111111111111111,0.04935568636988595,0.11363053313180634,0.27295236848406923,0.1111111111111111,0.066276523690121,0.1111111111111111,0.05555555555555555,0.42651355642829053,-0.06208652614907963,0.25,0.1673597344439074,0.1111111111111111,-0.08429741416826127,0.1111111111111111,-0.01539600861323546,0,1
0.1111111111111111,-0.25925925925925924,0.3268518037888158,0.6341326826755145,0.6341326826755145,0.1111111111111111,0.06248999698079908,0.07955596859360854,-0.07972466956477688,0.1111111111111111,0.09302658345236761,0.3333333333333333,0.1111111111111111,0.054438504537060534,0.0055909473158203245,0.25,-0.9531238224996238,0.3333333333333333,0.3141257898515911,0.1111111111111111,0.026431289036103117,0,1
0.1111111111111111,-0.3115468409586057,-0.2844958199592799,-0.4668695745617363,-0.4668695745617363,0.1111111111111111,-0.6510467346955375,-1.4809843220475034,-1.2558335710649353,0.1111111111111111,-0.43060686582819924,0.1111111111111111,0.0,-0.22327290556045018,-0.16821050218130285,0.0,-2.102083711231995,0.1111111111111111,0.07824744290209906,0.1111111111111111,-0.14335859955607017,1,0
0.0,-0.29411764705882354,1.7533024224345426,1.7351349399127651,1.7351349399127654,0.0,-0.9437861896128196,0.0012332392156009556,-1.2558335710649353,0.3333333333333333,-1.4978381506157068,0.3333333333333333,0.2222222222222222,-0.22884729294528153,-0.729412017925748,0.25,-1.3723900433022265,0.3333333333333333,0.004934238045837286,0.3333333333333333,-2.476644085611099,0,1
0.0,0.9411764705882353,-0.2844958199592799,-0.4668695745617363,-0.4668695745617363,0.0,0.5499314351301734,-0.047783688003817014,0.3383662254209425,0.0,0.25359526066886406,0.0,0.0,-0.07144140646388022,0.026234009432593384,0.0,0.7564222381735122,0.0,0.2286504090501567,0.0,0.5647809979641775,1,0
0.1111111111111111,-0.13725490196078433,-0.2844958199592799,-0.4668695745617363,-0.4668695745617363,0.1111111111111111,0.16302797231611899,0.14293598384450348,0.13967441346545956,0.1111111111111111,0.15763820015463306,0.1111111111111111,0.0,0.5822029258191845,0.13997425265217076,0.0,-0.3945035917891138,0.1111111111111111,0.1134598899578306,0.1111111111111111,0.16869886832993028,1,0
0.3333333333333333,0.11328976034858387,0.3705279127646692,2.836137197150016,2.8361371971500167,0.3333333333333333,0.0860101484033496,0.11363053313180634,0.1412512015314614,0.3333333333333333,0.14813617228388773,0.3333333333333333,0.3333333333333333,1.0030783818895874,0.11779445949640988,0.25,0.0869332819236188,0.3333333333333333,0.09053966174801081,0.3333333333333333,0.05090380957037403,0,1
0.2222222222222222,-0.30501089324618735,2.0079889959270663,1.18463381129414,1.18463381129414,0.1111111111111111,-0.6910437409392006,-0.031672403407900916,-0.015781955055106312,0.3333333333333333,-0.020363180020070946,0.1111111111111111,0.16666666666666666,-0.204682156883241,-2.4349041406302154,0.375,-1.666848273078999,0.1111111111111111,-0.05042906437089462,0.4444444444444444,-2.476644085611099,0,1
0.2222222222222222,-0.30501089324618735,0.861746587983893,0.3588821183662018,0.3588821183662018,0.1111111111111111,-0.8580601293056114,-0.3824885742007073,-0.21714401286381083,0.1111111111111111,-0.25897052770727974,0.1111111111111111,0.08333333333333333,-0.1873900577896576,-2.4349041406302154,0.25,-1.666848273078999,0.1111111111111111,-0.08048541778705759,0.3333333333333333,-0.09303580717522368,0,1
0.2222222222222222,1.6470588235294117,-0.1316563667489812,1.18463381129414,1.18463381129414,0.1111111111111111,-1.070995784401508,0.14833599979593173,-1.2558335710649353,0.3333333333333333,-1.4978381506157068,0.1111111111111111,0.16666666666666666,-0.021136032175051406,-2.4349041406302154,0.375,1.0629938337787594,0.0,-1.8377883046032708,0.4444444444444444,-2.0186247226964618,0,1
0.0,1.6470588235294117,-0.2844958199592799,-0.4668695745617363,-0.4668695745617363,0.0,1.1021058348677182,-1.4809843220475034,0.23019726812492006,0.0,0.7762396513015173,0.0,0.0,0.2166900612739608,-0.7215101355434785,0.0,1.0629938337787594,0.0,0.5619554417770158,0.0,0.25232871258353157,1,0
0.2222222222222222,1.7799564270152506,-0.1612381831491223,0.9093832469848272,0.9093832469848272,0.1111111111111111,0.8608937442669415,0.4030786993189654,0.3588633179710675,0.1111111111111111,-1.0054177432868876,0.3333333333333333,0.1388888888888889,11.48022160168441,-1.1346975320108106,0.25,1.1095988810204689,0.1111111111111111,0.6295554148173989,0.3333333333333333,0.5647477978303261,0,1
0.2222222222222222,-0.2788671023965142,0.288639711684214,0.3588821183662018,0.3588821183662018,0.1111111111111111,-0.704235815277989,-0.04801010900383921,-0.18497056585990598,0.1111111111111111,-0.12839880850339674,0.1111111111111111,0.08333333333333333,-0.0182460515378221,-2.4349041406302154,0.25,-1.1433092459291831,0.1111111111111111,-1.4321078212029634,0.3333333333333333,0.06566547769940452,0,1
0.1111111111111111,1.159041394335512,-0.2844958199592799,-0.4668695745617363,-0.4668695745617363,0.1111111111111111,0.7450999294475514,0.3332312389949168,0.28999105002565684,0.1111111111111111,0.2985926356523543,0.1111111111111111,0.0,6.668309017874477,0.5081452849150417,0.0,0.8643003776574393,0.1111111111111111,0.31024168502232874,0.1111111111111111,0.43553251837854445,1,0
0.0,-0.30501089324618735,1.2438273906316173,0.6341326826755145,0.6341326826755145,0.3333333333333333,-1.8012328682280123,-1.4809843220475034,-1.2558335710649353,0.3333333333333333,-1.4978381506157068,0.0,0.1111111111111111,-0.23235947058501452,-0.2929268929199516,0.25,-1.666848273078999,0.0,-1.8377883046032708,0.0,-2.476644085611099,1,0
0.1111111111111111,0.11328976034858387,-0.2844958199592799,-0.4668695745617363,-0.4668695745617363,0.1111111111111111,0.36761054475459626,0.28674218217918074,0.10573880884669949,0.1111111111111111,0.21178552648323645,0.1111111111111111,0.0,2.1480552610489747,0.31971162338110404,0.0,0.0869332819236188,0.1111111111111111,0.16810176962144419,0.1111111111111111,0.19135401979127187,1,0
0.2222222222222222,0.054466230936819175,0.0094249242564235,0.9093832469848272,0.9093832469848272,0.3333333333333333,0.24804607135916634,0.20573287497193513,0.1478562353590827,0.3333333333333333,0.3273412834499127,0.0,0.1388888888888889,-0.1880470978243015,0.39802337281328487,0.25,0.0021753538983214,0.0,-1.8377883046032708,0.0,-2.476644085611099,0,1
0.2222222222222222,-0.29411764705882354,2.0080272027337704,2.0103855042220777,2.010385504222078,0.3333333333333333,-0.5127802940355883,-0.031672403407900916,-0.015781955055106312,0.3333333333333333,-1.4978381506157068,0.3333333333333333,0.25,-0.12552550758831466,-0.04260204376723723,0.25,-1.3723900433022265,0.1111111111111111,0.05170390327415423,0.3333333333333333,-2.476644085611099,0,1
0.2222222222222222,0.11328976034858387,-0.1207398867782926,0.3588821183662018,0.3588821183662018,0.1111111111111111,0.003205276774789403,0.11363053313180634,0.1812882605018963,0.1111111111111111,0.12776328546361485,0.1111111111111111,0.08333333333333333,1.0978200705820278,-2.4349041406302154,0.25,0.0869332819236188,0.1111111111111111,0.07824744290209906,0.3333333333333333,0.16869886832993028,0,1
0.1111111111111111,-0.30501089324618735,2.3900697985747907,1.4598843756034523,1.4598843756034523,0.3333333333333333,-0.22490377837556208,-1.4809843220475034,-0.14001564323410587,0.1111111111111111,0.19191458288873467,0.3333333333333333,0.19444444444444442,-0.17801429559832954,0.0096341289758159,0.375,-1.666848273078999,0.4444444444444444,-1.8377883046032708,0.1111111111111111,0.20017849783525957,0,1
0.1111111111111111,0.3159041394335512,-0.2844958199592799,-0.4668695745617363,-0.4668695745617363,0.1111111111111111,0.6853694400178262,0.2711570126632358,0.2779778473858904,0.1111111111111111,0.29185262718417543,0.1111111111111111,0.0,4.135525457812554,0.40650860048090914,0.0,0.3170934418812415,0.1111111111111111,0.33647785214048076,0.1111111111111111,0.4717633163120872,1,0
0.0,1.6470588235294117,-0.2844958199592799,-0.4668695745617363,-0.4668695745617363,0.0,0.5351661048233629,-1.4809843220475034,0.20247563716727848,0.0,0.4827454549732312,0.0,0.0,-0.052039312895406205,-0.2896495098213908,0.0,1.0629938337787594,0.0,-0.020204480265315877,0.0,0.5910322583744911,1,0
0.2222222222222222,-0.23529411764705882,1.243878333889583,2.836137197150016,2.8361371971500167,0.3333333333333333,-0.9133725801173161,-1.4809843220475034,-1.2558335710649353,0.3333333333333333,0.066276523690121,0.3333333333333333,0.3333333333333333,-0.1741263109690843,-2.4349041406302154,0.375,-0.7891132362483021,0.4444444444444444,-1.8377883046032708,0.3333333333333333,-0.060200737786788555,0,1
0.3333333333333333,-0.30501089324618735,0.4796657853361687,0.0836315540568891,0.083631554056889,0.1111111111111111,-0.3055723505586457,-0.09963313046765077,0.07991342808235943,0.1111111111111111,-0.06197608529062502,0.1111111111111111,0.05555555555555555,-0.17380973713421038,-0.12269395516060319,0.25,-1.666848273078999,0.1111111111111111,0.023445601714410378,0.1111111111111111,-0.09768755612109054,0,1
0.0,-0.13725490196078433,-0.2844958199592799,-0.4668695745617363,-0.4668695745617363,0.1111111111111111,-0.05761178653492708,-0.04553281838202407,-0.01399774665372392,0.1111111111111111,-0.020363180020070946,0.1111111111111111,0.0,0.12188590400246879,0.13997425265217076,0.0,-0.3945035917891138,0.1111111111111111,0.07824744290209906,0.1111111111111111,0.16869886832993028,1,0
0.3333333333333333,-0.29411764705882354,2.7722015436314544,2.836137197150016,2.8361371971500167,0.3333333333333333,-0.2889071379793501,-1.4809843220475034,0.00787151142008286,0.3333333333333333,0.04580841851773005,0.3333333333333333,0.3333333333333333,-0.10666024559360084,-0.08282810616588625,0.25,-1.3723900433022265,0.3333333333333333,0.2340713374766228,0.3333333333333333,-2.476644085611099,0,1
0.2222222222222222,0.054466230936819175,0.126993221942705,1.4598843756034523,1.4598843756034523,0.3333333333333333,-0.7701840433154586,-0.08373528687271306,-1.2558335710649353,0.3333333333333333,-1.4978381506157068,0.1111111111111111,0.19444444444444442,-0.1754515905844172,-2.4349041406302154,0.25,0.0021753538983214,0.0,-1.8377883046032708,0.3333333333333333,0.16269967152135997,0,1
0.1111111111111111,0.9411764705882353,-0.2844958199592799,-0.4668695745617363,-0.4668695745617363,0.0,0.9558948417343863,0.6763282002141258,0.4898911972877406,0.0,0.26793795442497165,0.0,0.0,-0.0071888641669280015,-0.2916939568416265,0.0,0.7564222381735122,0.0,-1.8377883046032708,0.0,-2.476644085611099,1,0
0.4444444444444444,-0.25925925925925924,0.7853625215998877,1.4598843756034523,1.4598843756034523,0.1111111111111111,-0.4552487516460558,-0.031672403407900916,-0.015781955055106312,0.3333333333333333,-0.020363180020070946,0.1111111111111111,0.19444444444444442,-0.007784928895326542,-0.2131146983687719,0.375,-0.9531238224996238,0.1111111111111111,-0.09634369408832952,0.3333333333333333,-0.1940527750620471,0,1
0.3333333333333333,-0.25925925925925924,0.9381994275369115,1.7351349399127651,1.7351349399127654,0.3333333333333333,-0.1151594861562758,0.035380040281312794,0.09763173650770275,0.3333333333333333,0.03154610356751331,0.1111111111111111,0.2222222222222222,0.11154001224483705,0.2324632635633931,0.25,-0.9531238224996238,0.1111111111111111,-1.8377883046032708,0.3333333333333333,-0.060200737786788555,0,1
0.0,0.11328976034858387,-0.2844958199592799,-0.4668695745617363,-0.4668695745617363,0.1111111111111111,0.4757388778975263,0.23098125874457032,0.2089482041426418,0.1111111111111111,0.24800434258577472,0.1111111111111111,0.0,2.2154939497563477,0.3348530150164412,0.0,0.0869332819236188,0.1111111111111111,0.21925214039343546,0.1111111111111111,0.33742708388807957,1,0
0.2222222222222222,-0.3115468409586057,6.592614789361209,2.0103855042220777,2.010385504222078,0.3333333333333333,-0.353312973572868,0.11363053313180634,-0.015781955055106312,0.3333333333333333,-1.4978381506157068,0.3333333333333333,0.25,-0.22274105156270999,-0.2131146983687719,0.25,-2.102083711231995,0.1111111111111111,-0.09634369408832952,0.3333333333333333,0.034791834629782185,0,1
0.2222222222222222,-0.25925925925925924,0.7853625215998877,1.4598843756034523,1.4598843756034523,0.3333333333333333,-0.25393330656605906,0.19865366409457927,-1.2558335710649353,0.3333333333333333,-0.07234525507737063,0.1111111111111111,0.19444444444444442,-0.07805959154011181,-2.4349041406302154,0.25,-0.9531238224996238,0.1111111111111111,-1.8377883046032708,0.3333333333333333,0.29150192929081603,0,1
0.1111111111111111,-0.17429193899782136,-0.2844958199592799,-0.4668695745617363,-0.4668695745617363,0.1111111111111111,-0.9963044491650136,-0.4631300898850235,-0.5432063233629901,0.1111111111111111,-0.4291569927107801,0.1111111111111111,0.0,-0.02993439554805602,-0.18074528557693115,0.0,-0.5135592262370264,0.1111111111111111,-0.5665251365008932,0.1111111111111111,-0.17481992779125646,1,0
0.0,2.355119825708061,-0.2844958199592799,-0.4668695745617363,-0.4668695745617363,0.0,1.4353189503925328,0.30043311104165377,-1.2558335710649353,0.0,0.6416033724158484,0.0,0.0,0.9401483815411571,1.1053867612069872,0.0,1.285678693674575,0.0,0.4825637791908985,0.0,0.4554410466834606,1,0
0.2222222222222222,0.39215686274509803,0.0126913453136904,1.4598843756034523,1.4598843756034523,0.1111111111111111,0.41404061355346167,-1.4809843220475034,0.1723992891279564,0.3333333333333333,0.356343818966518,0.1111111111111111,0.19444444444444442,2.9834886337051585,0.4405692628934085,0.25,0.3871513198050401,0.3333333333333333,0.3552094399375331,0.3333333333333333,-2.0186247226964618,0,1
0.0,0.0,0.2249664767720562,1.7351349399127651,1.7351349399127654,0.3333333333333333,0.7979781860023655,0.45117298070474154,-1.2558335710649353,0.3333333333333333,-1.4978381506157068,0.3333333333333333,0.2222222222222222,0.07096306140835534,0.5233985495585937,0.25,-0.0875094222424097,0.3333333333333333,0.6585316031976932,0.0,-2.476644085611099,0,1
0.2222222222222222,-0.13725490196078433,-0.029765379172273,0.3588821183662018,0.3588821183662018,0.1111111111111111,0.9497343742493898,0.08635102536032951,0.09877196196547983,0.2222222222222222,0.7769383709062632,0.1111111111111111,0.08333333333333333,0.3427835102861608,0.150515689149979,0.125,-0.3945035917891138,0.1111111111111111,-0.16214899472576216,0.2222222222222222,-0.1940527750620471,0,1
0.1111111111111111,1.6470588235294117,-0.2844958199592799,-0.4668695745617363,-0.4668695745617363,0.0,0.44402418650183634,-1.4809843220475034,-0.03308651856516118,0.0,-1.4978381506157068,0.1111111111111111,0.0,0.12652624924714162,0.5162949236288303,0.0,1.0629938337787594,0.1111111111111111,0.4880757730499001,0.0,0.1233364524343845,1,0
0.1111111111111111,-0.25925925925925924,-0.2844958199592799,-0.4668695745617363,-0.4668695745617363,0.1111111111111111,-0.5844431808858424,-0.015543114615442104,-0.18822144181412054,0.1111111111111111,0.047992227807580876,0.0,0.0,-0.21029138730021257,-0.19560885671213027,0.0,-0.9531238224996238,0.0,-0.9017324931156265,0.1111111111111111,-0.1940527750620471,1,0
0.1111111111111111,-0.25925925925925924,-0.2844958199592799,-0.4668695745617363,-0.4668695745617363,0.1111111111111111,0.8736250210937907,-0.009800629153445282,0.6470861309345056,0.1111111111111111,-0.278053093363775,0.1111111111111111,0.0,-0.08089307668951375,-0.043169723408355946,0.0,-0.9531238224996238,0.1111111111111111,-0.4121194582348165,0.1111111111111111,-0.1572353323627636,1,0
0.1111111111111111,-0.25925925925925924,-0.2844958199592799,-0.4668695745617363,-0.4668695745617363,0.1111111111111111,0.711593066262855,0.0921213430019922,0.546835951604776,0.1111111111111111,0.066276523690121,0.1111111111111111,0.0,0.06157759294378814,0.2324632635633931,0.0,-0.9531238224996238,0.1111111111111111,0.03251748289939617,0.1111111111111111,0.1722032154742507,1,0
0.3333333333333333,-0.23529411764705882,-0.0297667943178028,0.0836315540568891,0.083631554056889,0.0,-0.15482478779154255,-0.37807201031139825,-1.2558335710649353,0.0,-1.4978381506157068,0.0,0.05555555555555555,-0.21878711405119936,-0.3976112996289958,0.25,-0.7891132362483021,0.0,-0.1890336732462665,0.0,0.49285247321837566,0,1
0.1111111111111111,-0.09586056644880174,-0.2844958199592799,-0.4668695745617363,-0.4668695745617363,0.1111111111111111,0.4432306595184482,0.23098125874457032,0.33588111491225797,0.1111111111111111,0.24739437221879784,0.1111111111111111,0.0,1.0538660832947573,0.14370318797513737,0.0,-0.2847917733012345,0.1111111111111111,0.18867079311683255,0.1111111111111111,0.1795287835743337,1,0
0.1111111111111111,-0.23529411764705882,-0.2844958199592799,-0.4668695745617363,-0.4668695745617363,0.1111111111111111,0.7792829607184433,-0.024462792278651634,-0.005502675510889944,0.1111111111111111,-0.024461393026417897,0.1111111111111111,0.0,0.19983847765814994,0.04027036021255999,0.0,-0.7891132362483021,0.1111111111111111,0.7689951840530072,0.1111111111111111,0.10848346083980917,1,0
0.2222222222222222,-0.20697167755991286,-0.0661561352760001,0.0836315540568891,0.083631554056889,0.1111111111111111,1.6522448968834278,-0.01112655072613305,-0.013820297418117232,0.0,-0.015923114670434158,0.1111111111111111,0.05555555555555555,0.1971102682415717,-2.4349041406302154,0.125,-0.6440902286753902,0.1111111111111111,0.05586804186357465,0.2222222222222222,1.438395652520333,0,1
0.2222222222222222,0.8387799564270153,-0.2512698855774418,-0.1916190102524235,-0.1916190102524236,0.0,-5.028059896155144,-1.4809843220475034,-1.2558335710649353,0.0,-1.4978381506157068,0.0,0.027777777777777776,-0.23333009790892031,-2.4349041406302154,0.125,0.6999923241170234,0.0,-1.8377883046032708,0.0,-2.476644085611099,1,0
0.0,0.3159041394335512,-0.2844958199592799,-0.4668695745617363,-0.4668695745617363,0.0,-0.8506084155800197,-0.08917733099000497,-0.13093445156735328,0.0,-0.11735865579923827,0.0,0.0,-0.21956262039511998,-0.5729083411369763,0.0,0.3170934418812415,0.0,-0.25805607109716167,0.0,-0.4060166034490112,1,0
0.0,1.6470588235294117,-0.2844958199592799,-0.4668695745617363,-0.4668695745617363,0.0,-5.028059896155144,-1.4809843220475034,-1.2558335710649353,0.0,-1.4978381506157068,0.0,0.0,-0.23333009790892031,-2.4349041406302154,0.0,1.0629938337787594,0.0,-1.8377883046032708,0.0,-2.476644085611099,1,0
0.0,5.132897603485839,-0.2844958199592799,-0.4668695745617363,-0.4668695745617363,0.0,1.8459052636914013,0.6675263227636592,0.49672552763116873,0.0,0.6362480173940595,0.0,0.0,2.5179503835222325,1.2025084876210335,0.0,1.8373853869087895,0.0,0.7375583099079474,0.0,0.7646926135743174,1,0
0.0,-0.25925925925925924,-0.2844958199592799,-0.4668695745617363,-0.4668695745617363,0.0,-0.9015879404031287,-0.22887460301959633,-1.2558335710649353,0.0,-0.22139741587053635,0.0,0.0,-0.2283574994649106,-0.23230994787292963,0.0,-0.9531238224996238,0.0,-0.3332952455651344,0.0,-0.21377332503343166,1,0
0.0,0.39215686274509803,-0.2844958199592799,-0.4668695745617363,-0.4668695745617363,0.0,-0.5232001018153101,0.010861835359376126,0.12766757480169946,0.0,-0.14959731612145427,0.0,0.0,-0.21758353616955617,-0.5729083411369763,0.0,0.3871513198050401,0.0,-0.2486671474714884,0.0,-0.39371011069353196,1,0
0.3333333333333333,0.054466230936819175,0.1857773707858456,1.7351349399127651,1.7351349399127654,0.1111111111111111,0.45903397363275916,0.3057862080103784,-1.2558335710649353,0.3333333333333333,0.4241497408825051,0.1111111111111111,0.2222222222222222,1.9123192517707728,0.3348530150164412,0.25,0.0021753538983214,0.3333333333333333,0.32848391785588393,0.3333333333333333,-2.476644085611099,0,1
0.1111111111111111,0.11328976034858387,-0.2844958199592799,-0.4668695745617363,-0.4668695745617363,0.1111111111111111,0.5438455817574468,0.19865366409457927,0.27295236848406923,0.1111111111111111,0.32838949388922595,0.1111111111111111,0.0,1.5139713092518208,0.36400698231355433,0.0,0.0869332819236188,0.1111111111111111,0.30973936628971593,0.1111111111111111,0.17100278394743545,1,0
0.3333333333333333,-0.05010893246187364,-0.0066075049891565,0.6341326826755145,0.6341326826755145,0.1111111111111111,0.27220164386391876,-1.4809843220475034,0.1812882605018963,0.1111111111111111,0.3236529324331165,0.1111111111111111,0.1111111111111111,0.9884851245140641,0.30420801898878946,0.25,-0.1828566844305228,0.3333333333333333,0.08075431047294637,0.1111111111111111,0.16869886832993028,0,1
0.0,1.5185185185185186,-0.2844958199592799,-0.4668695745617363,-0.4668695745617363,0.0,0.023883278332515738,0.10907339582883313,-1.2558335710649353,0.0,-1.4978381506157068,0.0,0.0,-0.1393800926824655,0.3998435201298191,0.0,1.0152348983243975,0.0,0.23270993283522226,0.0,-2.476644085611099,1,0
0.1111111111111111,0.17647058823529413,-0.2844958199592799,-0.4668695745617363,-0.4668695745617363,0.1111111111111111,0.7144227737833012,0.3060377416570077,0.23358099068921864,0.1111111111111111,0.4740137547625252,0.1111111111111111,0.0,2.8101801384761647,0.36336561843166226,0.0,0.1673597344439074,0.1111111111111111,0.3099404139227915,0.1111111111111111,0.3378892156293813,1,0
0.2222222222222222,-0.29411764705882354,1.498577642135315,1.4598843756034523,1.4598843756034523,0.3333333333333333,-0.402320433799515,0.006539905894159156,0.016913033023074397,0.3333333333333333,0.018591671476249207,0.1111111111111111,0.19444444444444442,-0.16882295259854357,-0.2131146983687719,0.25,-1.3723900433022265,0.1111111111111111,-0.09634369408832952,0.3333333333333333,-0.22882628365535493,0,1
0.1111111111111111,-0.25925925925925924,-0.2844958199592799,-0.4668695745617363,-0.4668695745617363,0.1111111111111111,-0.5114592828193004,-0.1386932439311027,-0.055789143861963854,0.1111111111111111,-0.09654852506560477,0.1111111111111111,0.0,-0.12989855700071182,-0.06208652614907963,0.0,-0.9531238224996238,0.1111111111111111,-0.26533463618771924,0.1111111111111111,-0.1074461255133846,1,0
0.2222222222222222,-0.05010893246187364,-0.0760795837316874,0.3588821183662018,0.3588821183662018,0.1111111111111111,0.43443849050689803,0.45117298070474154,0.1812882605018963,0.1111111111111111,0.214438587242051,0.1111111111111111,0.08333333333333333,1.1752076893594356,-1.3632990487359211,0.25,-0.1828566844305228,0.1111111111111111,0.18040838650574129,0.3333333333333333,0.2637189492662903,0,1
0.0,1.6470588235294117,-0.2844958199592799,-0.4668695745617363,-0.4668695745617363,0.0,-0.1623571051540555,0.03060688014818684,-1.2558335710649353,0.0,-1.4978381506157068,0.0,0.0,-0.058945699623197505,0.3895548545190453,0.0,1.0629938337787594,0.0,-1.8377883046032708,0.0,-0.06530254847913172,1,0
0.4444444444444444,-0.09586056644880174,0.9382116543671184,3.937139454387266,3.937139454387268,0.4444444444444444,-1.3708374898582583,-1.4809843220475034,0.05693515131531388,0.3333333333333333,-1.4978381506157068,0.4444444444444444,0.4444444444444444,-0.22213055186385336,-2.4349041406302154,0.375,-0.2847917733012345,0.4444444444444444,-1.8377883046032708,0.3333333333333333,-2.476644085611099,0,1
0.0,0.8387799564270153,-0.2844958199592799,-0.4668695745617363,-0.4668695745617363,0.0,-0.26137352653786355,-1.4809843220475034,-1.2558335710649353,0.0,-1.4978381506157068,0.0,0.0,-0.1649028626039691,0.45055438633744394,0.0,0.6999923241170234,0.0,-1.8377883046032708,0.0,-0.7937141918942113,1,0
0.2222222222222222,0.5577342047930284,-0.2462860203394923,-0.1916190102524235,-0.1916190102524236,0.0,-2.2020050273202654,-1.4809843220475034,-0.1699675956144802,0.0,-1.4978381506157068,0.0,0.027777777777777776,-0.2964358066908577,-2.4349041406302154,0.125,0.5191192900072952,0.0,-1.8377883046032708,0.0,-2.476644085611099,1,0
0.0,1.9172113289760349,-0.2844958199592799,-0.4668695745617363,-0.4668695745617363,0.0,0.9126904084197974,-1.4809843220475034,0.5360373388483075,0.0,-1.4978381506157068,0.0,0.0,0.4385232029706173,0.30420801898878946,0.0,1.155113830650042,0.0,0.6002798085416851,0.0,0.33109053001490035,1,0
0.1111111111111111,-0.25925925925925924,-0.2844958199592799,-0.4668695745617363,-0.4668695745617363,0.1111111111111111,-0.001219853835365164,-0.11464518712119652,-0.09383566025207715,0.1111111111111111,-0.020363180020070946,0.1111111111111111,0.0,-0.058449186415199535,-0.06919490848682809,0.0,-0.9531238224996238,0.1111111111111111,-0.15410544507910598,0.1111111111111111,0.45971192070069744,1,0
0.3333333333333333,0.054466230936819175,0.4209139661584085,2.836137197150016,2.8361371971500167,0.3333333333333333,0.2467499735453131,-1.4809843220475034,0.22698051738498706,0.3333333333333333,0.21228998779878952,0.3333333333333333,0.3333333333333333,1.2686995087132469,0.25571528866671944,0.25,0.0021753538983214,0.3333333333333333,0.1538601831392337,0.3333333333333333,0.21961315785587668,0,1
0.3333333333333333,3.1721132897603486,-0.055236449094993,2.836137197150016,2.8361371971500167,0.3333333333333333,-0.06039766094675669,0.06684590165054824,-1.2558335710649353,0.3333333333333333,0.31492470755012675,0.3333333333333333,0.3333333333333333,2.9025726601659523,-2.4349041406302154,0.25,1.486110633212629,0.3333333333333333,-1.8377883046032708,0.3333333333333333,0.3026242443531959,0,1
0.4444444444444444,0.39215686274509803,0.0976019639631105,2.0103855042220777,2.010385504222078,0.1111111111111111,0.5157829056445609,-0.9779561629179789,0.27309587429798743,0.3333333333333333,0.47199312515539443,0.1111111111111111,0.25,3.232136475179317,0.36315154591040283,0.375,0.3871513198050401,0.3333333333333333,0.30953815817158364,0.3333333333333333,-1.8846626467418335,0,1
0.3333333333333333,4.098039215686274,-0.2165670986119306,0.6341326826755145,0.6341326826755145,0.0,-5.028059896155144,-1.4809843220475034,-1.2558335710649353,0.0,-1.4978381506157068,0.0,0.1111111111111111,-0.22213055186385336,-2.4349041406302154,0.25,1.668921836399024,0.0,-1.8377883046032708,0.3333333333333333,-2.476644085611099,0,1
0.1111111111111111,-0.3115468409586057,-0.2844958199592799,-0.4668695745617363,-0.4668695745617363,0.1111111111111111,-0.7901690772058958,-0.3633075946028502,-0.23146499342530566,0.1111111111111111,-0.2773414272638226,0.1111111111111111,0.0,-0.22602276743271563,-0.19047778834714044,0.0,-2.102083711231995,0.1111111111111111,-0.27080908240809903,0.1111111111111111,-0.12384542807743885,1,0
0.2222222222222222,0.0,-0.2208130328678629,-0.1916190102524235,-0.1916190102524236,0.0,-0.9507388422563658,0.10670298601867687,-1.2558335710649353,0.0,-0.09654852506560477,0.0,0.027777777777777776,-0.22725247758846398,-2.4349041406302154,0.125,-0.0875094222424097,0.0,-0.5010189380442357,0.0,-2.476644085611099,1,0
0.1111111111111111,-0.20697167755991286,-0.0661561352760001,0.0836315540568891,0.083631554056889,0.3333333333333333,-0.24834705057621564,0.006539905894159156,0.03126839304430128,0.1111111111111111,0.018591671476249207,0.1111111111111111,0.05555555555555555,0.09054633874395841,-0.0819722428977582,0.25,-0.6440902286753902,0.1111111111111111,-1.8377883046032708,0.1111111111111111,0.16869886832993028,1,0
0.0,0.5577342047930284,-0.2080762207197047,0.0836315540568891,0.083631554056889,0.3333333333333333,0.5226091441601467,0.30803922647500964,0.2748800826993697,0.1111111111111111,0.3236529324331165,0.1111111111111111,0.05555555555555555,0.37424278624795304,0.3734251912084697,0.25,0.5191192900072952,0.1111111111111111,-1.8377883046032708,0.1111111111111111,0.33742708388807957,1,0
0.1111111111111111,0.2440087145969499,-0.1889714403146885,0.0836315540568891,0.083631554056889,0.1111111111111111,0.6602738729898877,0.3057862080103784,0.232909330105537,0.1111111111111111,0.3629923364445079,0.1111111111111111,0.05555555555555555,3.0727559842907697,0.3467885169152568,0.25,0.2439439807007004,0.3333333333333333,0.2682383588659233,0.1111111111111111,0.46800254638615246,1,0
0.1111111111111111,3.3485838779956425,-0.2844958199592799,-0.4668695745617363,-0.4668695745617363,0.1111111111111111,1.2026254242576417,0.41769963712290153,0.3265161054322891,0.1111111111111111,0.4786003622367501,0.1111111111111111,0.0,22.09488529176062,0.660030664784649,0.0,1.5239621819167464,0.1111111111111111,0.6104107014165182,0.1111111111111111,0.7274890168735264,1,0
0.0,2.5098039215686274,-0.2844958199592799,-0.4668695745617363,-0.4668695745617363,0.0,-0.4280441096177104,-0.2619287655770087,-0.2952291583938945,0.0,-1.4978381506157068,0.0,0.0,-0.17621241307907876,-0.5660967913891942,0.0,1.3273719327921307,0.0,-0.37301201909082315,0.0,0.3402557360423794,1,0
0.0,-0.3115468409586057,-0.2844958199592799,-0.4668695745617363,-0.4668695745617363,0.0,-1.8012328682280123,-1.4809843220475034,-1.2558335710649353,0.0,-1.4978381506157068,0.0,0.0,-0.2330389097117486,-2.4349041406302154,0.0,-2.102083711231995,0.0,-1.8377883046032708,0.0,-0.27604912372276585,1,0
0.2222222222222222,3.1721132897603486,-0.265390872387256,-0.1916190102524235,-0.1916190102524236,0.0,-5.028059896155144,-1.4809843220475034,-1.2558335710649353,0.0,-1.4978381506157068,0.0,0.027777777777777776,-0.23333009790892031,-2.4349041406302154,0.125,1.486110633212629,0.0,-1.8377883046032708,0.0,-2.476644085611099,0,1
0.1111111111111111,-0.30501089324618735,1.2438273906316173,0.6341326826755145,0.6341326826755145,0.1111111111111111,-0.13844010994670872,0.05331580804312823,-1.2558335710649353,0.1111111111111111,-1.4978381506157068,0.3333333333333333,0.1111111111111111,-0.1876548648339232,-0.08282810616588625,0.25,-1.666848273078999,0.3333333333333333,0.10076700106530087,0.1111111111111111,0.3026242443531959,1,0
0.0,0.11328976034858387,-0.2844958199592799,-0.4668695745617363,-0.4668695745617363,0.0,-0.6407573755460482,-1.4809843220475034,-0.09135989841847457,0.0,0.15064760227911717,0.0,0.0,-0.21827790802435032,-2.4349041406302154,0.0,0.0869332819236188,0.0,-1.8377883046032708,0.0,-0.028731110584263763,1,0
0.0,-0.20697167755991286,-0.2844958199592799,-0.4668695745617363,-0.4668695745617363,0.1111111111111111,-0.49148832941334936,-0.17687068600338346,-0.14001564323410587,0.1111111111111111,-0.22693802280839556,0.1111111111111111,0.0,-0.18037217335901765,-0.08282810616588625,0.0,-0.6440902286753902,0.1111111111111111,0.005775291400744047,0.1111111111111111,-0.1074461255133846,1,0
0.3333333333333333,3.0,-0.1669269193601973,1.18463381129414,1.18463381129414,0.1111111111111111,0.487459671867676,0.26416456912840275,0.19839003656626086,0.3333333333333333,0.3033943049726788,0.1111111111111111,0.16666666666666666,8.46139416926745,0.30420801898878946,0.25,1.4475584443037126,0.1111111111111111,0.3091352594538665,0.3333333333333333,0.16869886832993028,0,1
0.1111111111111111,0.6470588235294118,-0.2844958199592799,-0.4668695745617363,-0.4668695745617363,0.1111111111111111,0.7010551015282895,0.05331580804312823,-1.2558335710649353,0.1111111111111111,0.08033651992370812,0.1111111111111111,0.0,6.749689150377549,0.5074624299325249,0.0,0.5814972662319737,0.1111111111111111,0.5221458312047668,0.1111111111111111,0.5761687351037486,1,0
0.1111111111111111,-0.20697167755991286,-0.2844958199592799,-0.4668695745617363,-0.4668695745617363,0.1111111111111111,0.11967827393080173,0.16042040378299907,0.13361543138497342,0.1111111111111111,0.1631431493008054,0.1111111111111111,0.0,0.46718732111836175,0.08136281572751122,0.0,-0.6440902286753902,0.1111111111111111,0.1134598899578306,0.1111111111111111,0.08804880821545209,1,0
0.3333333333333333,-0.30501089324618735,2.7721506012225148,1.7351349399127651,1.7351349399127654,0.3333333333333333,-0.44431907057553993,-0.031672403407900916,-0.015781955055106312,0.3333333333333333,-0.020363180020070946,0.1111111111111111,0.2222222222222222,-0.17444985341038624,-2.4349041406302154,0.25,-1.666848273078999,0.1111111111111111,-0.09634369408832952,0.3333333333333333,0.05090380957037403,0,1
0.1111111111111111,-0.09586056644880174,-0.2844958199592799,-0.4668695745617363,-0.4668695745617363,0.1111111111111111,0.5304105480278947,0.2426354096288557,0.35275609204122216,0.1111111111111111,0.2603700582259767,0.1111111111111111,0.0,1.2797011961115177,0.2159720611693672,0.0,-0.2847917733012345,0.1111111111111111,0.22649094658022392,0.1111111111111111,0.2637189492662903,1,0
0.2222222222222222,-0.25925925925925924,-0.1316589140222559,-0.1916190102524235,-0.1916190102524236,0.0,-5.028059896155144,-1.4809843220475034,-1.2558335710649353,0.0,-1.4978381506157068,0.0,0.027777777777777776,-0.23333009790892031,-2.4349041406302154,0.125,-0.9531238224996238,0.0,-1.8377883046032708,0.0,-2.476644085611099,0,1
0.2222222222222222,0.5577342047930284,-0.093446821860342,0.9093832469848272,0.9093832469848272,0.1111111111111111,0.48679623291950613,0.2712064830174694,0.17520533721866213,0.3333333333333333,0.35509233762685,0.1111111111111111,0.1388888888888889,4.576835107839184,0.35693521657921984,0.25,0.5191192900072952,0.1111111111111111,0.35924920509891195,0.3333333333333333,-2.476644085611099,0,1
0.3333333333333333,0.0,0.9254771347776436,4.762891147315205,4.762891147315205,0.4444444444444444,0.6247507697233096,0.2882981420238792,0.2799907094430656,0.4444444444444444,0.30582503807381917,0.5555555555555556,0.5277777777777778,1.5835259655253089,0.32895319016094393,0.5,-0.0875094222424097,0.5555555555555556,0.33315489072787546,0.4444444444444444,0.36284943562907873,0,1
0.0,0.5577342047930284,-0.2844958199592799,-0.4668695745617363,-0.4668695745617363,0.0,-0.11718890891604564,-1.4809843220475034,-1.2558335710649353,0.0,-1.4978381506157068,0.0,0.0,-0.059582829353761295,0.4176473974166618,0.0,0.5191192900072952,0.0,0.09268997915793745,0.0,-0.2803068003213725,1,0
0.4444444444444444,0.17647058823529413,0.9382157300315282,6.139143968861768,6.139143968861769,0.5555555555555556,0.9065933880855237,0.45117298070474154,0.27295236848406923,0.5555555555555556,0.4241497408825051,0.6666666666666666,0.6666666666666666,2.3572592968676114,0.45533257435354596,0.625,0.1673597344439074,0.6666666666666666,0.42758709717101306,0.4444444444444444,0.4926873395741765,0,1
0.1111111111111111,-0.29411764705882354,0.2249537406391757,0.0836315540568891,0.083631554056889,0.3333333333333333,-0.21716775709951927,0.17655900353217985,-0.14001564323410587,0.1111111111111111,-0.020363180020070946,0.1111111111111111,0.05555555555555555,-0.17269948880294275,-0.12881500849105557,0.25,-1.3723900433022265,0.1111111111111111,-0.0723423737244373,0.1111111111111111,0.034791834629782185,1,0
0.2222222222222222,-0.25925925925925924,0.1740148978517919,0.3588821183662018,0.3588821183662018,0.1111111111111111,-0.6997560252793735,-0.17687068600338346,-0.1165413978294205,0.1111111111111111,-0.020363180020070946,0.1111111111111111,0.08333333333333333,-0.11504920333895799,-2.4349041406302154,0.25,-0.9531238224996238,0.1111111111111111,-0.22493634798497716,0.3333333333333333,-0.0657499299039619,0,1
0.1111111111111111,-0.29411764705882354,0.2249537406391757,0.0836315540568891,0.083631554056889,0.1111111111111111,-0.0631343662792039,0.05331580804312823,0.10854127650719715,0.1111111111111111,-1.4978381506157068,0.3333333333333333,0.05555555555555555,-0.1101821295065729,-0.0926168696506475,0.25,-1.3723900433022265,0.1111111111111111,0.2825833239152785,0.1111111111111111,-0.08297964862498919,1,0
0.1111111111111111,2.355119825708061,-0.2844958199592799,-0.4668695745617363,-0.4668695745617363,0.1111111111111111,0.950922618062173,0.3936085075620369,0.35275609204122216,0.1111111111111111,0.3955971410661783,0.1111111111111111,0.0,10.71106664476533,0.5320629547956942,0.0,1.285678693674575,0.1111111111111111,0.44872801915153265,0.1111111111111111,0.5315972218020605,1,0
0.1111111111111111,-0.25925925925925924,-0.2844958199592799,-0.4668695745617363,-0.4668695745617363,0.0,-1.6378921616938666,-1.4809843220475034,-1.2558335710649353,0.1111111111111111,-1.4978381506157068,0.0,0.0,-0.120564357569151,-0.2131146983687719,0.0,-0.9531238224996238,0.0,-1.8377883046032708,0.1111111111111111,-2.476644085611099,1,0
0.2222222222222222,-0.09586056644880174,-0.20807660281388,-0.1916190102524235,-0.1916190102524236,0.0,-5.028059896155144,-1.4809843220475034,-1.2558335710649353,0.0,-1.4978381506157068,0.0,0.027777777777777776,-0.23333009790892031,-2.4349041406302154,0.125,-0.2847917733012345,0.0,-1.8377883046032708,0.0,-2.476644085611099,0,1
0.1111111111111111,-0.20697167755991286,0.3705232340905594,1.18463381129414,1.18463381129414,0.3333333333333333,0.08112751748607913,0.2882981420238792,-1.2558335710649353,0.1111111111111111,-1.4978381506157068,0.3333333333333333,0.16666666666666666,0.3040505024862991,0.0096341289758159,0.25,-0.6440902286753902,0.3333333333333333,0.06532490766478248,0.1111111111111111,0.33742708388807957,0,1
0.2222222222222222,-0.17429193899782136,0.0020755279147641,0.3588821183662018,0.3588821183662018,0.1111111111111111,-0.3048695244287735,0.05331580804312823,0.019140904660609845,0.1111111111111111,0.0373330367157476,0.1111111111111111,0.08333333333333333,0.43835197435552825,-1.1025116492186362,0.25,-0.5135592262370264,0.1111111111111111,-0.030269367775838486,0.3333333333333333,0.05790553189553427,0,1
0.1111111111111111,-0.30501089324618735,1.2438273906316173,0.6341326826755145,0.6341326826755145,0.3333333333333333,-0.27006362658371985,-0.07843085670165796,-0.04492081912399398,0.1111111111111111,-1.4978381506157068,0.3333333333333333,0.1111111111111111,-0.17626617090009508,-0.0574994220439325,0.25,-1.666848273078999,0.1111111111111111,-0.16877390843147166,0.1111111111111111,0.25670861931193345,0,1
0.0,-0.30501089324618735,-0.2844958199592799,-0.4668695745617363,-0.4668695745617363,0.0,-1.233239016889461,-1.4809843220475034,-1.2558335710649353,0.0,-1.4978381506157068,0.0,0.0,-0.23117580300745144,-0.7648988974320066,0.0,-1.666848273078999,0.0,-1.8377883046032708,0.0,-0.02495062278230895,1,0
0.0,0.5577342047930284,-0.2844958199592799,-0.4668695745617363,-0.4668695745617363,0.1111111111111111,0.5831621484635054,0.45152926668025395,0.11121230626217653,0.1111111111111111,0.13010168860569205,0.1111111111111111,0.0,0.003353641843495043,0.5494421237049821,0.0,0.5191192900072952,0.1111111111111111,-0.08963485714009167,0.0,0.17023659578816655,1,0
0.1111111111111111,-0.25925925925925924,-0.2844958199592799,-0.4668695745617363,-0.4668695745617363,0.1111111111111111,-0.158052481720776,-0.011697378387615939,0.03126839304430128,0.1111111111111111,0.05153219759664451,0.1111111111111111,0.0,0.04383626761439713,-0.061284054283687765,0.0,-0.9531238224996238,0.1111111111111111,0.1022602043091449,0.1111111111111111,0.0,1,0
0.1111111111111111,-0.25925925925925924,0.0211779919147679,0.0836315540568891,0.083631554056889,0.1111111111111111,-0.30154125422486494,-1.4809843220475034,0.0013089566649129294,0.1111111111111111,0.20719101239677884,0.1111111111111111,0.05555555555555555,-0.06154399430565304,-0.10500025033056164,0.25,-0.9531238224996238,0.3333333333333333,-0.14939970561179475,0.1111111111111111,-0.09254993777625764,1,0
0.2222222222222222,-0.25925925925925924,1.7023839572220312,3.1113877614593286,3.111387761459329,0.3333333333333333,-0.15833389603012424,0.11363053313180634,0.07938660091459916,0.4444444444444444,0.22823604885022128,0.3333333333333333,0.3611111111111111,0.0782786048849931,0.08136281572751122,0.375,-0.9531238224996238,0.3333333333333333,-1.8377883046032708,0.4444444444444444,-2.476644085611099,0,1
0.3333333333333333,3.5294117647058822,-0.1753246779797541,1.18463381129414,1.18463381129414,0.1111111111111111,0.09167747521833144,0.11141732005898379,0.12774819006790825,0.3333333333333333,0.11589768959023583,0.1111111111111111,0.16666666666666666,3.7415769458589057,0.34179283691229695,0.25,1.561142456786503,0.1111111111111111,0.07824744290209906,0.3333333333333333,-2.476644085611099,0,1
0.3333333333333333,0.054466230936819175,-0.0493592245867171,0.6341326826755145,0.6341326826755145,0.0,-1.8602039288275516,-1.4809843220475034,-1.2558335710649353,0.0,-1.4978381506157068,0.0,0.1111111111111111,-0.21753152050014687,-1.5862085507944117,0.25,0.0021753538983214,0.0,-1.8377883046032708,0.3333333333333333,-0.31175358898650224,0,1
0.1111111111111111,-0.23529411764705882,-0.2844958199592799,-0.4668695745617363,-0.4668695745617363,0.1111111111111111,-0.3731638629568178,-0.02608899450096146,-0.04282395079970484,0.1111111111111111,-0.020363180020070946,0.1111111111111111,0.0,0.008400903927805226,-0.09461089181504942,0.0,-0.7891132362483021,0.1111111111111111,-0.10662293519913023,0.1111111111111111,-0.060200737786788555,1,0
0.2222222222222222,0.39215686274509803,-0.2420405106345698,-0.1916190102524235,-0.1916190102524236,0.0,-0.8480100357389969,-1.4809843220475034,-1.2558335710649353,0.0,-1.4978381506157068,0.0,0.027777777777777776,-0.21865421277146457,-2.4349041406302154,0.125,0.3871513198050401,0.0,-1.8377883046032708,0.0,0.20137737837090833,1,0
0.2222222222222222,-0.2788671023965142,0.6707300661132101,0.9093832469848272,0.9093832469848272,0.1111111111111111,-0.4552487516460558,-0.053751546627400455,-0.015781955055106312,0.3333333333333333,-0.020363180020070946,0.1111111111111111,0.1388888888888889,-0.16260969333154143,0.08136281572751122,0.25,-1.1433092459291831,0.1111111111111111,-0.22493634798497716,0.3333333333333333,-2.476644085611099,0,1
0.0,0.39215686274509803,-0.2844958199592799,-0.4668695745617363,-0.4668695745617363,0.0,0.7406278285626579,-1.4809843220475034,-0.15690802732181308,0.0,-0.02975293223915765,0.0,0.0,-0.06882668578055859,-0.022095309346311764,0.0,0.3871513198050401,0.0,0.7433763626676516,0.0,0.3595912959155551,1,0
0.3333333333333333,0.17647058823529413,0.3268599550361241,2.836137197150016,2.8361371971500167,0.3333333333333333,0.6805328711065662,0.32577647222926504,0.2799907094430656,0.3333333333333333,0.3320388515893662,0.3333333333333333,0.3333333333333333,2.9833475194249903,0.4123958978726874,0.25,0.1673597344439074,0.3333333333333333,0.32381986885411657,0.3333333333333333,0.35038271872316956,0,1
0.2222222222222222,-0.29411764705882354,2.0080272027337704,2.0103855042220777,2.010385504222078,0.3333333333333333,-0.3060119961713659,0.004785890356522094,-0.010481671689235427,0.3333333333333333,-1.4978381506157068,0.3333333333333333,0.25,-0.10428295528643464,-0.03420494965608872,0.25,-1.3723900433022265,0.1111111111111111,0.2231103298502092,0.3333333333333333,-2.476644085611099,0,1
0.4444444444444444,0.054466230936819175,0.0094249242564235,0.9093832469848272,0.9093832469848272,0.0,0.44317394259933685,0.20136232030227635,0.14020155007693494,0.0,0.3308017359199472,0.0,0.1388888888888889,0.6740640912688336,-2.4349041406302154,0.375,0.0021753538983214,0.1111111111111111,0.1330536278021515,0.3333333333333333,0.5746255996406899,0,1
0.1111111111111111,-0.25925925925925924,-0.2844958199592799,-0.4668695745617363,-0.4668695745617363,0.1111111111111111,-0.24001527869306294,-0.031672403407900916,-0.015781955055106312,0.1111111111111111,-0.020363180020070946,0.1111111111111111,0.0,0.05396812360316772,0.021931732114335037,0.0,-0.9531238224996238,0.1111111111111111,-0.006262768286539617,0.1111111111111111,0.0,1,0
0.4444444444444444,-0.25925925925925924,2.619405392844175,4.762891147315205,4.762891147315205,0.5555555555555556,-5.028059896155144,-1.4809843220475034,-1.2558335710649353,0.3333333333333333,-1.4978381506157068,0.5555555555555556,0.5277777777777778,-0.23034355229690245,-2.4349041406302154,0.5,-0.9531238224996238,0.5555555555555556,-1.8377883046032708,0.3333333333333333,-2.476644085611099,0,1
0.0,-0.09586056644880174,-0.2844958199592799,-0.4668695745617363,-0.4668695745617363,0.0,-1.1977909572614942,-0.22887460301959633,-0.1845109244123129,0.0,-0.22139741587053635,0.0,0.0,-0.2275063339654855,-2.4349041406302154,0.0,-0.2847917733012345,0.0,-0.3332952455651344,0.0,-0.504636039758671,1,0
0.2222222222222222,0.17647058823529413,-0.1316568762104289,0.3588821183662018,0.3588821183662018,0.0,-1.2691840655128304,-0.3684621299960217,-1.2558335710649353,0.0,-0.14803916375906678,0.0,0.08333333333333333,-0.22773032488638684,-0.3771772238460933,0.25,0.1673597344439074,0.3333333333333333,-0.5010189380442357,0.0,-0.724479175000734,0,1
0.2222222222222222,-0.3115468409586057,3.5361211852187697,0.9093832469848272,0.9093832469848272,0.1111111111111111,-1.6255079082735364,-1.4809843220475034,-1.2558335710649353,0.3333333333333333,-1.4978381506157068,0.1111111111111111,0.1388888888888889,-0.2264851842449764,-0.20706779262344316,0.25,-2.102083711231995,0.1111111111111111,-1.8377883046032708,0.3333333333333333,-2.476644085611099,0,1
0.1111111111111111,-0.29411764705882354,-0.2844958199592799,-0.4668695745617363,-0.4668695745617363,0.1111111111111111,0.4271570015958182,0.19865366409457927,0.43533071906682486,0.1111111111111111,0.066276523690121,0.1111111111111111,0.0,-0.10644222776392355,0.20739809469992543,0.0,-1.3723900433022265,0.1111111111111111,0.005775291400744047,0.1111111111111111,-0.303377027112511,1,0
0.2222222222222222,-0.09586056644880174,0.5561155686401189,2.5608866328407034,2.560886632840704,0.3333333333333333,0.48352239361960164,0.4195369149043385,-1.2558335710649353,0.3333333333333333,-1.4978381506157068,0.3333333333333333,0.3055555555555555,1.2595420132303972,0.46327250199540776,0.25,-0.2847917733012345,0.3333333333333333,0.42758709717101306,0.3333333333333333,-2.476644085611099,0,1
0.2222222222222222,-0.05010893246187364,-0.215023741216749,-0.1916190102524235,-0.1916190102524236,0.0,0.2357010026209398,0.19865366409457927,0.10854127650719715,0.0,0.214438587242051,0.1111111111111111,0.027777777777777776,0.15878865709976545,-0.4357030916305518,0.125,-0.1828566844305228,0.1111111111111111,0.4323568792924019,0.0,-0.49629238595325237,1,0
0.3333333333333333,-0.25925925925925924,0.0211779919147679,0.0836315540568891,0.083631554056889,0.1111111111111111,-0.22428155840436637,-0.031672403407900916,0.10854127650719715,0.1111111111111111,0.066276523690121,0.1111111111111111,0.05555555555555555,-0.16007013404612222,-0.08282810616588625,0.25,-0.9531238224996238,0.1111111111111111,-0.09634369408832952,0.1111111111111111,-0.05844450172187581,0,1
0.1111111111111111,-0.30501089324618735,2.7721506012225148,1.7351349399127651,1.7351349399127654,0.3333333333333333,-0.3346827978395721,-1.4809843220475034,0.016913033023074397,0.3333333333333333,0.066276523690121,0.3333333333333333,0.2222222222222222,-0.1829923693759613,0.1607225259841257,0.25,-1.666848273078999,0.3333333333333333,-1.8377883046032708,0.1111111111111111,-0.1074461255133846,0,1
0.1111111111111111,0.054466230936819175,-0.1669275222729985,0.0836315540568891,0.083631554056889,0.3333333333333333,-0.271731898281311,-1.4809843220475034,-1.2558335710649353,0.1111111111111111,-0.020363180020070946,0.1111111111111111,0.05555555555555555,0.4815207490256392,0.01267330515405439,0.25,0.0021753538983214,0.1111111111111111,-1.8377883046032708,0.1111111111111111,0.3307536368157761,1,0
0.2222222222222222,-0.30501089324618735,0.0975849826884444,-0.1916190102524235,-0.1916190102524236,0.0,-5.028059896155144,-1.4809843220475034,-1.2558335710649353,0.0,-1.4978381506157068,0.0,0.027777777777777776,-0.23333009790892031,-2.4349041406302154,0.125,-1.666848273078999,0.0,-1.8377883046032708,0.0,-2.476644085611099,0,1
0.0,0.5577342047930284,-0.1316566214801296,0.6341326826755145,0.6341326826755145,0.0,-0.14980413328403547,-1.4809843220475034,-0.015781955055106312,0.0,-0.2773414272638226,0.3333333333333333,0.1111111111111111,2.104318793833779,-2.4349041406302154,0.25,0.5191192900072952,0.3333333333333333,0.4344857140621355,0.0,-2.476644085611099,1,0
0.2222222222222222,-0.30501089324618735,0.861746587983893,0.3588821183662018,0.3588821183662018,0.1111111111111111,0.2348917558809188,-0.1064055331039316,-0.015423691688263465,0.1111111111111111,0.12776328546361485,0.1111111111111111,0.08333333333333333,-0.17487145409928273,-2.0816009388130823,0.25,-1.666848273078999,0.1111111111111111,0.5148314913968784,0.3333333333333333,0.03791418142094069,0,1
0.2222222222222222,-0.17429193899782136,0.1931230931641269,0.9093832469848272,0.9093832469848272,0.1111111111111111,0.004747109458457148,0.19865366409457927,0.12564033518978174,0.3333333333333333,0.13073502213574434,0.1111111111111111,0.1388888888888889,0.43811902379779083,0.09397087625544337,0.25,-0.5135592262370264,0.1111111111111111,0.1022602043091449,0.3333333333333333,-2.476644085611099,0,1
0.6666666666666666,-0.30501089324618735,5.828797022404309,3.937139454387266,3.937139454387268,0.3333333333333333,-5.028059896155144,-1.4809843220475034,-1.2558335710649353,0.4444444444444444,-1.4978381506157068,0.3333333333333333,0.4444444444444444,-0.17443442292472416,-2.4349041406302154,0.625,-1.666848273078999,0.0,-1.8377883046032708,0.5555555555555556,-2.476644085611099,0,1
0.0,3.7145969498910674,-0.248951725253653,0.0836315540568891,0.083631554056889,0.1111111111111111,0.9067482597857456,0.5362240682264986,0.27295236848406923,0.3333333333333333,0.620087484288594,0.1111111111111111,0.05555555555555555,2.0771646233717105,0.30491459967153045,0.25,1.5976789290256574,0.1111111111111111,0.07824744290209906,0.0,-2.476644085611099,1,0
0.0,5.132897603485839,-0.2844958199592799,-0.4668695745617363,-0.4668695745617363,0.0,0.8889998801157007,-0.9273654190816489,0.13228442066958604,0.0,-0.7930054228328264,0.1111111111111111,0.0,0.5166163931488643,0.13587612997095738,0.0,1.8373853869087895,0.1111111111111111,0.7609486921091106,0.0,0.5811663165587653,1,0
0.0,0.6470588235294118,-0.2117152319262978,0.0836315540568891,0.083631554056889,0.0,0.8767110197269392,0.112579533758308,0.3565579731828387,0.3333333333333333,0.07479556282933351,0.0,0.05555555555555555,0.11897999512197549,0.8055934999075154,0.25,0.5814972662319737,0.0,0.47435100730084245,0.0,-2.476644085611099,1,0
0.2222222222222222,-0.17429193899782136,0.0020755279147641,0.3588821183662018,0.3588821183662018,0.0,0.22538380967230054,-1.4809843220475034,0.3493650072827895,0.3333333333333333,-1.4978381506157068,0.0,0.08333333333333333,-0.2141604571405817,0.24173255425619858,0.25,-0.5135592262370264,0.0,0.31004087763739585,0.0,-2.476644085611099,1,0
0.1111111111111111,0.17647058823529413,-0.2844958199592799,-0.4668695745617363,-0.4668695745617363,0.1111111111111111,0.41041513210684943,0.32192791380229946,0.1556123075256298,0.1111111111111111,0.1754623776158648,0.1111111111111111,0.0,1.1778351028616083,0.1991246497051848,0.0,0.1673597344439074,0.1111111111111111,0.13446858275768922,0.1111111111111111,0.37486279801674366,1,0
0.1111111111111111,-0.25925925925925924,0.0211779919147679,0.0836315540568891,0.083631554056889,0.3333333333333333,-0.13632665295051544,-0.031672403407900916,-0.004489559629042367,0.1111111111111111,0.010054481087972354,0.1111111111111111,0.05555555555555555,0.0739605576876172,0.0096341289758159,0.25,-0.9531238224996238,0.1111111111111111,-1.8377883046032708,0.1111111111111111,0.3026242443531959,1,0
0.1111111111111111,-0.2788671023965142,0.097594534469716,0.0836315540568891,0.083631554056889,0.3333333333333333,-0.1329997304374345,0.20553002657306216,-1.2558335710649353,0.1111111111111111,0.05153219759664451,0.1111111111111111,0.05555555555555555,0.0026637498071189173,0.004286319022765226,0.25,-1.1433092459291831,0.1111111111111111,-1.8377883046032708,0.1111111111111111,0.20017849783525957,1,0
0.0,1.9172113289760349,-0.2844958199592799,-0.4668695745617363,-0.4668695745617363,0.0,1.6193879185165885,0.2749810878976646,0.694851696073546,0.0,0.5023636694844008,0.1111111111111111,0.0,0.6808316036256661,0.18630116344591463,0.0,1.155113830650042,0.0,-0.1268206354590579,0.0,1.186415312349923,1,0
0.3333333333333333,-0.25925925925925924,0.0211779919147679,0.0836315540568891,0.083631554056889,0.1111111111111111,-0.12989164219267443,0.05498625378660191,0.13423839040405586,0.1111111111111111,0.03254933667716632,0.1111111111111111,0.05555555555555555,-0.11358828477707927,-0.0809056069839912,0.25,-0.9531238224996238,0.1111111111111111,-0.05042906437089462,0.1111111111111111,0.03528680271000362,0,1
0.2222222222222222,-0.30501089324618735,1.6259081932793418,0.9093832469848272,0.9093832469848272,0.1111111111111111,-0.40548174938693815,0.11363053313180634,-0.04303253872230458,0.3333333333333333,-0.28977413430248194,0.1111111111111111,0.1388888888888889,-0.18920438424895844,-0.12220926715146689,0.25,-1.666848273078999,0.1111111111111111,0.07824744290209906,0.3333333333333333,-2.476644085611099,0,1
0.0,-0.30501089324618735,-0.2844958199592799,-0.4668695745617363,-0.4668695745617363,0.1111111111111111,0.8137178305723554,-0.031672403407900916,-0.0649839780700351,0.1111111111111111,-0.020363180020070946,0.1111111111111111,0.0,-0.17652649812594268,0.9403086634282667,0.0,-1.666848273078999,0.1111111111111111,-0.20171409462498122,0.0,-0.11230678732209605,1,0
0.2222222222222222,-0.30501089324618735,0.861746587983893,0.3588821183662018,0.3588821183662018,0.1111111111111111,-0.26227858614830707,-1.4809843220475034,-1.2558335710649353,0.1111111111111111,0.13126137107405406,0.1111111111111111,0.08333333333333333,-0.19400177201706315,-2.4349041406302154,0.25,-1.666848273078999,0.1111111111111111,0.2529015249281053,0.3333333333333333,0.034791834629782185,0,1
0.0,-0.30501089324618735,-0.2844958199592799,-0.4668695745617363,-0.4668695745617363,0.1111111111111111,0.17869009687091786,-1.4809843220475034,-1.2558335710649353,0.0,-1.4978381506157068,0.1111111111111111,0.0,-0.21887223060114186,0.6519546778979629,0.0,-1.666848273078999,0.0,-1.8377883046032708,0.0,-0.22882628365535493,1,0
0.1111111111111111,-0.23529411764705882,-0.2844958199592799,-0.4668695745617363,-0.4668695745617363,0.1111111111111111,-0.32556073441332944,0.05331580804312823,-0.055789143861963854,0.1111111111111111,-0.020363180020070946,0.1111111111111111,0.0,-0.16925376180307716,-0.08282810616588625,0.0,-0.7891132362483021,0.1111111111111111,-0.05042906437089462,0.1111111111111111,-0.1074461255133846,1,0
0.2222222222222222,0.9411764705882353,-0.2526542937416511,-0.1916190102524235,-0.1916190102524236,0.0,-5.028059896155144,-1.4809843220475034,-1.2558335710649353,0.0,-1.4978381506157068,0.0,0.027777777777777776,-0.23333009790892031,-2.4349041406302154,0.125,0.7564222381735122,0.0,-1.8377883046032708,0.0,-2.476644085611099,1,0
0.1111111111111111,5.132897603485839,-0.2844958199592799,-0.4668695745617363,-0.4668695745617363,0.0,0.6001646065755226,-1.4809843220475034,0.13025582910048622,0.0,0.1095921936279005,0.0,0.0,0.5141276051388495,-0.018567128777685005,0.0,1.8373853869087895,0.0,0.6794885602993717,0.0,0.021311489296875236,1,0
0.2222222222222222,-0.3115468409586057,0.4796275810763299,-0.1916190102524235,-0.1916190102524236,0.1111111111111111,0.13688295107400164,-0.25452403087362385,-0.18589339507626995,0.1111111111111111,-0.16838295792244487,0.1111111111111111,0.027777777777777776,-0.22007779951319306,0.5621750926978308,0.125,-2.102083711231995,0.1111111111111111,-0.06114766292860823,0.0,-0.1473461271347972,0,1
0.0,1.2745098039215685,-0.2844958199592799,-0.4668695745617363,-0.4668695745617363,0.0,0.3283535916903464,0.20841894286237111,-1.2558335710649353,0.0,0.35947702152708216,0.0,0.0,-0.09972175350048036,0.18077976037818289,0.0,0.9159689132265976,0.0,0.2635110955490019,0.0,0.16682195459724505,1,0
0.3333333333333333,-0.13725490196078433,0.7344259431887474,2.836137197150016,2.8361371971500167,0.3333333333333333,0.2896316812765634,0.19872355549491127,0.18717177273556096,0.3333333333333333,0.2759431547214016,0.3333333333333333,0.3333333333333333,0.8263373502371815,0.1706153525976616,0.25,-0.3945035917891138,0.3333333333333333,0.09053966174801081,0.3333333333333333,0.16869886832993028,0,1
0.0,0.0,-0.1571302457764458,0.0836315540568891,0.083631554056889,0.0,-0.41133419229413304,-1.4809843220475034,-0.30040711036179746,0.0,0.12787013306297937,0.0,0.05555555555555555,-0.20395443526911267,-2.4349041406302154,0.25,-0.0875094222424097,0.0,0.22753815812639652,0.3333333333333333,-0.36814866897427173,1,0
0.2222222222222222,0.6470588235294118,-0.1389346438933157,0.6341326826755145,0.6341326826755145,0.0,-1.470235976700075,-1.4809843220475034,-1.2558335710649353,0.0,0.0340454167710367,0.0,0.1111111111111111,-0.22141378091696906,-2.4349041406302154,0.375,0.5814972662319737,0.4444444444444444,-1.8377883046032708,0.0,-2.476644085611099,1,0
0.2222222222222222,1.3943355119825709,-0.2026175609485213,0.3588821183662018,0.3588821183662018,0.3333333333333333,0.4204405457239915,0.3001316733929302,-0.27136798817519453,0.0,0.3795207013604932,0.0,0.08333333333333333,-0.05321949616975525,0.45274982892121496,0.25,0.9662521913648202,0.0,-0.9804707359834501,0.0,0.16648962484742727,0,1
0.1111111111111111,0.054466230936819175,-0.2844958199592799,-0.4668695745617363,-0.4668695745617363,0.1111111111111111,-0.18709733753227867,0.11363053313180634,0.10854127650719715,0.1111111111111111,-0.020363180020070946,0.1111111111111111,0.0,-0.06927790304677427,-0.08282810616588625,0.0,0.0021753538983214,0.1111111111111111,-0.09634369408832952,0.1111111111111111,-0.060200737786788555,1,0
0.1111111111111111,-0.09586056644880174,-0.2844958199592799,-0.4668695745617363,-0.4668695745617363,0.1111111111111111,1.0718796584401418,0.45117298070474154,0.3973473314367822,0.1111111111111111,0.3236529324331165,0.1111111111111111,0.0,0.8695215553929547,0.5329482696925635,0.0,-0.2847917733012345,0.1111111111111111,0.31658448527850985,0.1111111111111111,0.7953968943269203,1,0
0.1111111111111111,-0.20697167755991286,-0.2844958199592799,-0.4668695745617363,-0.4668695745617363,0.1111111111111111,-0.06343914431360566,0.009143733731478516,0.030854026056428695,0.1111111111111111,0.015181398750347182,0.1111111111111111,0.0,0.25910299102543033,0.17448881626611276,0.0,-0.6440902286753902,0.1111111111111111,0.04789643880933675,0.1111111111111111,0.04197808421722694,1,0
0.2222222222222222,-0.25925925925925924,0.1740148978517919,0.3588821183662018,0.3588821183662018,0.1111111111111111,-1.0150359466448555,-0.1386932439311027,-1.2558335710649353,0.1111111111111111,-0.1918179270424799,0.1111111111111111,0.08333333333333333,-0.1036107336449296,-2.4349041406302154,0.25,-0.9531238224996238,0.1111111111111111,-0.3499501435104418,0.3333333333333333,-0.1453463476423171,0,1
0.0,-0.30501089324618735,1.6259081932793418,0.9093832469848272,0.9093832469848272,0.1111111111111111,-1.3079927442121215,0.07329717990281231,-1.2558335710649353,0.3333333333333333,-1.4978381506157068,0.1111111111111111,0.1388888888888889,-0.22697423108894432,-2.4349041406302154,0.375,-1.666848273078999,0.0,-1.8377883046032708,0.4444444444444444,-2.476644085611099,0,1
0.0,-0.23529411764705882,-0.2844958199592799,-0.4668695745617363,-0.4668695745617363,0.0,-0.013148076562743853,0.45117298070474154,-0.015781955055106312,0.0,-1.4978381506157068,0.0,0.0,-0.2199667995679464,-0.5154248908491185,0.0,-0.7891132362483021,0.0,-1.8377883046032708,0.0,-0.5729134080294558,1,0
0.3333333333333333,-0.30501089324618735,3.918393009165688,2.5608866328407034,2.560886632840704,0.3333333333333333,-0.44431907057553993,-0.1064055331039316,0.11729434608643115,0.3333333333333333,-0.12946365119646047,0.3333333333333333,0.3055555555555555,-0.18401426573287344,-0.24696193764719315,0.375,-1.666848273078999,0.1111111111111111,-0.5010189380442357,0.4444444444444444,-0.038891540158578077,0,1
0.0,5.132897603485839,-0.2844958199592799,-0.4668695745617363,-0.4668695745617363,0.0,-0.42508925450657975,-0.08239655204119443,-1.2558335710649353,0.0,-1.4978381506157068,0.0,0.0,-0.1260384467971787,0.19814242076861333,0.0,1.8373853869087895,0.0,-0.3513313165914255,0.0,-0.05215527813029519,1,0
0.2222222222222222,-0.30501089324618735,2.3900697985747907,1.4598843756034523,1.4598843756034523,0.3333333333333333,-0.6504544425346577,-0.06182096594394337,-1.2558335710649353,0.3333333333333333,-0.020363180020070946,0.1111111111111111,0.19444444444444442,-0.20747806133369173,-2.4349041406302154,0.25,-1.666848273078999,0.1111111111111111,-0.09634369408832952,0.3333333333333333,-0.038891540158578077,0,1
0.1111111111111111,-0.29411764705882354,2.0080272027337704,2.0103855042220777,2.010385504222078,0.3333333333333333,0.08459788969717065,0.023317751353586928,0.2656267287362194,0.4444444444444444,0.17296815730366835,0.3333333333333333,0.25,-0.10712316016346363,0.30420801898878946,0.375,-1.3723900433022265,0.3333333333333333,-1.8377883046032708,0.1111111111111111,-2.476644085611099,0,1
0.2222222222222222,0.39215686274509803,-0.2420405106345698,-0.1916190102524235,-0.1916190102524236,0.0,-1.7846016805521125,-1.4809843220475034,-0.055789143861963854,0.0,-1.4978381506157068,0.0,0.027777777777777776,-0.23333009790892031,-2.4349041406302154,0.125,0.3871513198050401,0.0,-1.8377883046032708,0.0,-2.476644085611099,1,0
0.0,-0.09586056644880174,-0.2844958199592799,-0.4668695745617363,-0.4668695745617363,0.0,-1.6306941165555182,-0.4697903012166485,-0.18177752305139036,0.0,-0.4669945916971359,0.0,0.0,-0.23149337235752934,-0.8847477038648844,0.0,-0.2847917733012345,0.0,-0.6227714713644112,0.0,-0.8840658037777406,1,0
0.0,1.6470588235294117,-0.2844958199592799,-0.4668695745617363,-0.4668695745617363,0.0,-5.028059896155144,-1.4809843220475034,-1.2558335710649353,0.0,-1.4978381506157068,0.0,0.0,-0.23333009790892031,-2.4349041406302154,0.0,1.0629938337787594,0.0,-1.8377883046032708,0.0,-2.476644085611099,1,0
0.2222222222222222,1.159041394335512,-0.2551036324917042,-0.1916190102524235,-0.1916190102524236,0.0,-5.028059896155144,-1.4809843220475034,-1.2558335710649353,0.0,-1.4978381506157068,0.0,0.027777777777777776,-0.23333009790892031,-2.4349041406302154,0.125,0.8643003776574393,0.0,-1.8377883046032708,0.0,-2.476644085611099,1,0
0.3333333333333333,-0.29411764705882354,1.243852861836087,1.18463381129414,1.18463381129414,0.3333333333333333,-1.2744822128635878,-1.4809843220475034,-1.2558335710649353,0.0,-1.4978381506157068,0.1111111111111111,0.16666666666666666,-0.20330710150770778,-2.4349041406302154,0.25,-1.3723900433022265,0.1111111111111111,-1.8377883046032708,0.3333333333333333,-0.011954403204065225,0,1
0.0,0.39215686274509803,-0.2844958199592799,-0.4668695745617363,-0.4668695745617363,0.0,-0.7190081431085188,-0.11526860224910948,-0.08730803590223243,0.0,-0.1055838215095548,0.0,0.0,-0.21529434895794447,-0.3412673407433161,0.0,0.3871513198050401,0.0,-0.1967900838952974,0.0,-0.3257124644745118,1,0
0.2222222222222222,-0.25925925925925924,0.1740148978517919,0.3588821183662018,0.3588821183662018,0.1111111111111111,-0.6796544886769769,-0.23708082674892444,-0.015781955055106312,0.1111111111111111,-0.25318160525213945,0.1111111111111111,0.08333333333333333,-0.015759005679414226,-1.1580962442728895,0.25,-0.9531238224996238,0.1111111111111111,-0.3722584655950471,0.3333333333333333,0.06264404711563214,0,1
0.0,-0.09586056644880174,0.0211810486223196,0.6341326826755145,0.6341326826755145,0.3333333333333333,-1.3449792621981862,-1.4809843220475034,-1.2558335710649353,0.3333333333333333,-0.07343775025371661,0.0,0.1111111111111111,-0.2275063339654855,-0.2929268929199516,0.25,-0.2847917733012345,0.0,-1.8377883046032708,0.0,-2.476644085611099,1,0
0.2222222222222222,-0.20697167755991286,0.2613533917489195,0.9093832469848272,0.9093832469848272,0.1111111111111111,-0.4020152998199508,-1.4809843220475034,-0.0346731798337947,0.1111111111111111,0.10524323791544427,0.1111111111111111,0.1388888888888889,0.0019405080114086042,-0.1824930639723371,0.25,-0.6440902286753902,0.3333333333333333,-0.09634369408832952,0.3333333333333333,-0.018291654946366694,0,1
0.1111111111111111,-0.13725490196078433,0.2249650616147337,1.18463381129414,1.18463381129414,0.3333333333333333,0.05615901511641034,0.11363053313180634,0.10854127650719715,0.1111111111111111,0.066276523690121,0.3333333333333333,0.16666666666666666,0.31202955684640693,0.0096341289758159,0.25,-0.3945035917891138,0.3333333333333333,0.005775291400744047,0.1111111111111111,0.2637189492662903,0,1
0.0,0.11328976034858387,-0.1753251978386217,0.0836315540568891,0.083631554056889,0.3333333333333333,-0.9636782109704226,-0.031672403407900916,-1.2558335710649353,0.0,-1.4978381506157068,0.1111111111111111,0.05555555555555555,-0.21958800603282214,-0.4357030916305518,0.25,0.0869332819236188,0.1111111111111111,-0.27692001095111834,0.0,-0.27101129602529567,1,0
0.0,-0.30501089324618735,1.2438273906316173,0.6341326826755145,0.6341326826755145,0.1111111111111111,0.4814914097155206,0.32192791380229946,0.44885318982764166,0.1111111111111111,0.3236529324331165,0.1111111111111111,0.1111111111111111,-0.19863689080691485,-2.4349041406302154,0.25,-1.666848273078999,0.3333333333333333,-1.8377883046032708,0.3333333333333333,-0.1940527750620471,0,1
0.0,0.5577342047930284,-0.2844958199592799,-0.4668695745617363,-0.4668695745617363,0.0,-5.028059896155144,-1.4809843220475034,-1.2558335710649353,0.0,-1.4978381506157068,0.0,0.0,-0.23333009790892031,-2.4349041406302154,0.0,0.5191192900072952,0.0,-1.8377883046032708,0.0,-2.476644085611099,1,0
0.1111111111111111,-0.3115468409586057,1.24375098211194,0.0836315540568891,0.083631554056889,0.1111111111111111,-0.45712487955087855,-1.4809843220475034,0.022938228606256113,0.1111111111111111,-0.0601670252462973,0.1111111111111111,0.05555555555555555,-0.2176238545353184,0.053999737950916026,0.25,-2.102083711231995,0.3333333333333333,-0.28265489746020966,0.1111111111111111,-0.15109242520006672,1,0
0.2222222222222222,1.6470588235294117,-0.2080760933541306,0.3588821183662018,0.3588821183662018,0.0,0.1717606209045288,0.1485136281182765,-0.9669557417118418,0.0,0.3110592029721128,0.0,0.08333333333333333,-0.029565557164971813,-1.3411116013076303,0.25,1.0629938337787594,0.0,0.3268448556975215,0.3333333333333333,0.16968822863862287,0,1
0.2222222222222222,-0.09586056644880174,0.7853732200763186,3.386638325768641,3.386638325768641,0.3333333333333333,-0.6910437409392006,-1.4809843220475034,-1.2558335710649353,0.3333333333333333,-1.4978381506157068,0.5555555555555556,0.38888888888888884,-0.06544392511734634,-2.4349041406302154,0.5,-0.2847917733012345,0.4444444444444444,0.03730458856720431,0.3333333333333333,0.10848346083980917,0,1
0.2222222222222222,1.6470588235294117,-0.1571296089506977,0.9093832469848272,0.9093832469848272,0.0,-0.056223234171866115,0.19074728850501263,0.11505928987542202,0.3333333333333333,0.1812825069391218,0.0,0.1388888888888889,-0.08291272815964083,-0.006008110210854344,0.25,1.0629938337787594,0.0,0.010269113513309428,0.3333333333333333,-1.8846626467418335,0,1
0.1111111111111111,2.5098039215686274,-0.2844958199592799,-0.4668695745617363,-0.4668695745617363,0.1111111111111111,-0.037200491331884605,0.11363053313180634,-0.015781955055106312,0.1111111111111111,0.2759431547214016,0.1111111111111111,0.0,1.2173067829428426,0.0096341289758159,0.0,1.3273719327921307,0.1111111111111111,-0.09634369408832952,0.1111111111111111,-0.11025147038747765,1,0
0.1111111111111111,-0.25925925925925924,-0.2844958199592799,-0.4668695745617363,-0.4668695745617363,0.1111111111111111,0.5680716631915533,0.17248092749006577,-1.2558335710649353,0.1111111111111111,0.5297208167707709,0.1111111111111111,0.0,0.12573232587194683,0.38886368660414455,0.0,-0.9531238224996238,0.1111111111111111,0.2053396192356298,0.1111111111111111,0.1223245339350631,1,0
0.2222222222222222,-0.29411764705882354,0.4796785209384036,0.3588821183662018,0.3588821183662018,0.1111111111111111,-0.3039043554499308,-0.0047634516388248855,0.03126839304430128,0.1111111111111111,0.0,0.1111111111111111,0.08333333333333333,-0.11103852146081904,-2.4349041406302154,0.25,-1.3723900433022265,0.1111111111111111,0.07824744290209906,0.3333333333333333,0.03578103037397228,0,1
0.3333333333333333,0.11328976034858387,-0.1753251978386217,0.0836315540568891,0.083631554056889,0.0,-0.6407573755460482,-0.1064055331039316,-0.07972466956477688,0.0,-1.4978381506157068,0.1111111111111111,0.05555555555555555,-0.2144591117017835,-0.30466813456434527,0.25,0.0869332819236188,0.1111111111111111,0.018863939853956672,0.0,-0.2676949205590814,0,1
0.3333333333333333,0.5577342047930284,-0.0552370222405545,1.18463381129414,1.18463381129414,0.1111111111111111,0.6460880579481927,0.344759279908375,0.2764708454355412,0.1111111111111111,-0.9187068137756446,0.3333333333333333,0.16666666666666666,5.316035012269724,-2.4349041406302154,0.25,0.5191192900072952,0.1111111111111111,0.564786405921726,0.3333333333333333,0.43822162123638037,0,1
0.2222222222222222,0.0,-0.2208130328678629,-0.1916190102524235,-0.1916190102524236,0.0,0.283812388164067,0.41206396452967514,-1.2558335710649353,0.0,-1.4978381506157068,0.1111111111111111,0.027777777777777776,-0.2085447558747841,-2.4349041406302154,0.125,-0.0875094222424097,0.0,0.4848332734233406,0.0,-2.476644085611099,1,0
0.1111111111111111,-0.13725490196078433,-0.2844958199592799,-0.4668695745617363,-0.4668695745617363,0.1111111111111111,0.07724460959138428,0.03750056845010685,0.043661113063807704,0.1111111111111111,0.06641895157795596,0.1111111111111111,0.0,0.7177151930552859,0.2324632635633931,0.0,-0.3945035917891138,0.1111111111111111,0.13557478761417843,0.1111111111111111,0.12459700769017,1,0
0.1111111111111111,-0.17429193899782136,-0.0934482547099171,0.0836315540568891,0.083631554056889,0.1111111111111111,0.27575378302788134,-1.4809843220475034,0.14857534644596138,0.1111111111111111,0.30721491817628616,0.1111111111111111,0.05555555555555555,0.6461777193742191,0.18509269963583025,0.25,-0.5135592262370264,0.3333333333333333,0.21701027590787064,0.1111111111111111,0.26912457671560036,1,0
0.0,-0.30501089324618735,-0.2844958199592799,-0.4668695745617363,-0.4668695745617363,0.0,-1.0920008048054988,-0.2728874586092021,-0.2221689412940948,0.0,-0.26626552996092573,0.0,0.0,-0.2320404079621306,-0.3235777349303374,0.0,-1.666848273078999,0.0,-0.38617961722740235,0.0,-0.5739540108794664,1,0
0.1111111111111111,-0.25925925925925924,-0.2844958199592799,-0.4668695745617363,-0.4668695745617363,0.1111111111111111,-0.4415066709223584,-0.031672403407900916,-0.015781955055106312,0.0,-0.020363180020070946,0.1111111111111111,0.0,-0.10923912772957826,0.03288054900149542,0.0,-0.9531238224996238,0.1111111111111111,-1.0703754552372704,0.1111111111111111,-0.20890431497177575,1,0
0.1111111111111111,-0.29411764705882354,-0.2844958199592799,-0.4668695745617363,-0.4668695745617363,0.1111111111111111,-0.15133418564170553,0.05331580804312823,0.05693515131531388,0.1111111111111111,0.066276523690121,0.1111111111111111,0.0,-0.18520490191686453,-0.08282810616588625,0.0,-1.3723900433022265,0.1111111111111111,0.07824744290209906,0.1111111111111111,-0.060200737786788555,1,0
0.2222222222222222,-0.05010893246187364,0.0628645737533742,0.9093832469848272,0.9093832469848272,0.1111111111111111,0.2450306381453696,0.18418539902762215,0.1812882605018963,0.3333333333333333,0.22282341027703087,0.1111111111111111,0.1388888888888889,1.393906202557479,0.2603917005075929,0.25,-0.1828566844305228,0.1111111111111111,0.25365639484073876,0.3333333333333333,-2.476644085611099,0,1
0.2222222222222222,1.2745098039215685,-0.1995850440685558,0.3588821183662018,0.3588821183662018,0.1111111111111111,0.6923154129280004,0.3057862080103784,0.1812882605018963,0.1111111111111111,0.3236529324331165,0.1111111111111111,0.08333333333333333,0.3776678563073354,-2.4349041406302154,0.25,0.9159689132265976,0.1111111111111111,0.483827131156964,0.3333333333333333,0.597890366091483,1,0
0.1111111111111111,-0.29411764705882354,1.7533024224345426,1.7351349399127651,1.7351349399127654,0.3333333333333333,-0.30768531786183584,-1.4809843220475034,-0.015781955055106312,0.3333333333333333,0.12776328546361485,0.3333333333333333,0.2222222222222222,-0.17174678075270905,0.08136281572751122,0.25,-1.3723900433022265,0.3333333333333333,-1.8377883046032708,0.1111111111111111,0.034791834629782185,0,1
0.3333333333333333,-0.23529411764705882,0.9891493082481057,2.2856360685313906,2.2856360685313915,0.3333333333333333,0.08196010996520661,0.19865366409457927,0.1812882605018963,0.3333333333333333,-1.0816946295191,0.3333333333333333,0.2777777777777778,0.277425946112762,-2.4349041406302154,0.25,-0.7891132362483021,0.1111111111111111,0.13557478761417843,0.3333333333333333,0.33742708388807957,0,1
0.3333333333333333,-0.23529411764705882,0.4796912569651514,1.18463381129414,1.18463381129414,0.1111111111111111,-0.3822799551434473,0.09153975395147536,-1.2558335710649353,0.1111111111111111,-1.4978381506157068,0.3333333333333333,0.16666666666666666,-0.035366922016316506,-0.04260204376723723,0.25,-0.7891132362483021,0.3333333333333333,0.05170390327415423,0.1111111111111111,-0.08297964862498919,0,1
0.1111111111111111,-0.23529411764705882,-0.2844958199592799,-0.4668695745617363,-0.4668695745617363,0.1111111111111111,-0.20474868880428235,-1.4809843220475034,-0.2221689412940948,0.1111111111111111,0.3379193856536766,0.1111111111111111,0.0,-0.08733281566542726,-0.07166869324800133,0.0,-0.7891132362483021,0.1111111111111111,-0.36121742511938004,0.1111111111111111,-0.13387036432829214,1,0
0.2222222222222222,-0.20697167755991286,0.916372445798759,2.5608866328407034,2.560886632840704,0.3333333333333333,-0.32556073441332944,-1.4809843220475034,0.11729434608643115,0.3333333333333333,-0.020363180020070946,0.3333333333333333,0.3055555555555555,0.0036844017700260207,-0.04260204376723723,0.25,-0.6440902286753902,0.3333333333333333,-0.09634369408832952,0.3333333333333333,-0.060200737786788555,0,1
0.0,0.5577342047930284,-0.2844958199592799,-0.4668695745617363,-0.4668695745617363,0.0,-5.028059896155144,-1.4809843220475034,-1.2558335710649353,0.0,-1.4978381506157068,0.0,0.0,-0.23333009790892031,-2.4349041406302154,0.0,0.5191192900072952,0.0,-1.8377883046032708,0.0,-2.476644085611099,1,0
0.1111111111111111,-0.25925925925925924,-0.2844958199592799,-0.4668695745617363,-0.4668695745617363,0.1111111111111111,0.17252941211318346,0.11363053313180634,0.10854127650719715,0.1111111111111111,0.12776328546361485,0.1111111111111111,0.0,0.1458628876909523,0.04027036021255999,0.0,-0.9531238224996238,0.1111111111111111,0.07824744290209906,0.1111111111111111,0.356674874839011,1,0
0.2222222222222222,-0.25925925925925924,-0.1316589140222559,-0.1916190102524235,-0.1916190102524236,0.0,-5.028059896155144,-1.4809843220475034,-1.2558335710649353,0.0,-1.4978381506157068,0.0,0.027777777777777776,-0.23346449246146114,-2.4349041406302154,0.125,-0.9531238224996238,0.0,-1.8377883046032708,0.0,-2.476644085611099,0,1
0.0,0.17647058823529413,-0.2844958199592799,-0.4668695745617363,-0.4668695745617363,0.0,-5.028059896155144,-1.4809843220475034,-1.2558335710649353,0.0,-1.4978381506157068,0.0,0.0,-0.23333009790892031,-2.4349041406302154,0.0,0.1673597344439074,0.0,-1.8377883046032708,0.0,-2.476644085611099,1,0
0.2222222222222222,-0.2788671023965142,1.052820420542206,1.4598843756034523,1.4598843756034523,0.3333333333333333,-0.09146034504576037,0.03885253254617039,0.10854127650719715,0.3333333333333333,0.12776328546361485,0.1111111111111111,0.19444444444444442,-0.006289913937710626,-2.4349041406302154,0.25,-1.1433092459291831,0.1111111111111111,-1.8377883046032708,0.3333333333333333,0.33742708388807957,0,1
0.2222222222222222,0.39215686274509803,-0.0722192733357296,0.9093832469848272,0.9093832469848272,0.1111111111111111,0.2727888781893319,0.3057862080103784,0.27295236848406923,0.3333333333333333,-0.020363180020070946,0.1111111111111111,0.1388888888888889,-0.0411862061413333,0.010436700975060591,0.25,0.3871513198050401,0.1111111111111111,0.3091352594538665,0.3333333333333333,-1.331595678324506,0,1
0.1111111111111111,-0.25925925925925924,0.9381994275369115,1.7351349399127651,1.7351349399127654,0.3333333333333333,-0.06858051115189785,0.09130666610954445,-1.2558335710649353,0.3333333333333333,-1.4978381506157068,0.3333333333333333,0.2222222222222222,-0.039401247380550605,0.29646318216372547,0.25,-0.9531238224996238,0.3333333333333333,0.25832379377896764,0.1111111111111111,-2.476644085611099,0,1
0.1111111111111111,2.355119825708061,-0.2844958199592799,-0.4668695745617363,-0.4668695745617363,0.1111111111111111,0.9764455385533345,0.344026457112197,0.3333354774730562,0.1111111111111111,0.3955971410661783,0.1111111111111111,0.0,12.594924863489977,0.611451783628661,0.0,1.285678693674575,0.1111111111111111,0.4347920624914409,0.1111111111111111,0.597890366091483,1,0
0.1111111111111111,0.0,-0.2844958199592799,-0.4668695745617363,-0.4668695745617363,0.1111111111111111,0.64454174005544,0.27434856336185637,0.2554750986168332,0.1111111111111111,0.302782280107225,0.1111111111111111,0.0,1.958170193279277,0.2709746259929604,0.0,-0.0875094222424097,0.1111111111111111,0.2682976330476441,0.1111111111111111,0.5493194936230215,1,0
0.0,0.0,-0.2844958199592799,-0.4668695745617363,-0.4668695745617363,0.0,-0.5132613161829338,-0.08481246015680924,-0.061249333332234875,0.0,-0.07453585518598009,0.0,0.0,-0.21691604322527017,-0.05888858374261785,0.0,-0.0875094222424097,0.0,-0.16019500465693898,0.0,-0.2777456159316628,1,0
0.0,0.6470588235294118,-0.1389346438933157,0.6341326826755145,0.6341326826755145,0.0,-0.40272749804704056,-0.37161676141537997,-1.2558335710649353,0.3333333333333333,-1.4978381506157068,0.0,0.1111111111111111,-0.17059173423726115,-2.4349041406302154,0.25,0.5814972662319737,0.0,0.3673396710512519,0.3333333333333333,-2.476644085611099,0,1
0.3333333333333333,2.355119825708061,-0.1971589479645469,0.6341326826755145,0.6341326826755145,0.1111111111111111,2.5163030166405727,-1.4809843220475034,0.8106219168379468,0.1111111111111111,1.0284444775080939,0.1111111111111111,0.1111111111111111,6.831329858985271,1.2675457627852986,0.25,1.285678693674575,0.3333333333333333,-1.8377883046032708,0.1111111111111111,1.5561357219691083,0,1
0.0,4.098039215686274,-0.2844958199592799,-0.4668695745617363,-0.4668695745617363,0.0,0.430489843160456,0.2686685014395808,0.06153922196064836,0.0,0.3927991934023552,0.0,0.0,0.3213050208809315,0.21537926757628734,0.0,1.668921836399024,0.0,0.1147710162253566,0.0,0.27571975013643923,1,0
0.1111111111111111,-0.20697167755991286,-0.2844958199592799,-0.4668695745617363,-0.4668695745617363,0.1111111111111111,0.10594395271994907,0.11363053313180634,0.10854127650719715,0.1111111111111111,0.12776328546361485,0.1111111111111111,0.0,0.11211243348714042,0.23374673918345623,0.0,-0.6440902286753902,0.1111111111111111,0.07824744290209906,0.1111111111111111,0.034791834629782185,1,0
0.1111111111111111,-0.23529411764705882,-0.0297667943178028,0.0836315540568891,0.083631554056889,0.1111111111111111,0.5632164404877932,0.45117298070474154,0.42305402106045265,0.3333333333333333,-0.10494829216908912,0.1111111111111111,0.05555555555555555,-0.12760339669787607,0.2540661033438065,0.25,-0.7891132362483021,0.1111111111111111,0.002904185811775181,0.1111111111111111,-2.476644085611099,1,0
0.2222222222222222,-0.30501089324618735,3.154231403870239,2.0103855042220777,2.010385504222078,0.3333333333333333,-0.5824368548706343,-0.031672403407900916,-1.2558335710649353,0.3333333333333333,-1.4978381506157068,0.3333333333333333,0.25,-0.23067456110223447,0.2030238374723125,0.25,-1.666848273078999,0.3333333333333333,-0.3992343640411307,0.0,-2.476644085611099,0,1
0.3333333333333333,-0.25925925925925924,0.0211779919147679,0.0836315540568891,0.083631554056889,0.1111111111111111,-0.4542576562091414,0.20928456144339183,-1.2558335710649353,0.1111111111111111,-0.23494424259429336,0.1111111111111111,0.05555555555555555,-0.19575686532172562,-0.14712391368290242,0.25,-0.9531238224996238,0.1111111111111111,-0.5302379076360083,0.1111111111111111,-0.16834448601303065,0,1
0.0,0.39215686274509803,-0.0297639640110196,1.18463381129414,1.18463381129414,0.3333333333333333,-0.9822291090588086,-1.4809843220475034,-1.2558335710649353,0.0,-1.4978381506157068,0.3333333333333333,0.16666666666666666,-0.1991938815635562,-2.4349041406302154,0.25,0.3871513198050401,0.0,-1.8377883046032708,0.3333333333333333,0.13426768242517784,0,1
0.1111111111111111,-0.29411764705882354,1.243852861836087,1.18463381129414,1.18463381129414,0.3333333333333333,-0.7810920500663378,-1.4809843220475034,-1.2558335710649353,0.3333333333333333,0.009497807110272313,0.0,0.16666666666666666,-0.2105173692515219,0.05678770888577281,0.25,-1.3723900433022265,0.3333333333333333,-1.8377883046032708,0.1111111111111111,-0.7261270144852363,0,1
0.1111111111111111,-0.2788671023965142,-0.2844958199592799,-0.4668695745617363,-0.4668695745617363,0.1111111111111111,0.009078017294976672,0.11363053313180634,-1.2558335710649353,0.1111111111111111,0.12776328546361485,0.1111111111111111,0.0,-0.07251855391461466,0.151240808810489,0.0,-1.1433092459291831,0.1111111111111111,0.07824744290209906,0.1111111111111111,0.16869886832993028,1,0
0.1111111111111111,-0.25925925925925924,-0.2844958199592799,-0.4668695745617363,-0.4668695745617363,0.1111111111111111,0.11879924381756,0.12840410916361136,0.11340819720802857,0.1111111111111111,0.14588966808566228,0.1111111111111111,0.0,0.28884002568429223,0.12303294640457062,0.0,-0.9531238224996238,0.1111111111111111,0.12376276808084535,0.1111111111111111,0.13033440821269368,1,0
0.0,0.2440087145969499,-0.2844958199592799,-0.4668695745617363,-0.4668695745617363,0.0,-1.1470018989390998,-0.18716865711566033,-0.21659427311646556,0.0,-1.4978381506157068,0.1111111111111111,0.0,-0.22364572600435043,-0.5729083411369763,0.0,0.2439439807007004,0.0,-0.20401956914178188,0.0,-0.5636925919375713,1,0
0.1111111111111111,-0.17429193899782136,-0.2844958199592799,-0.4668695745617363,-0.4668695745617363,0.1111111111111111,0.2495676500651563,0.0927013241183302,0.1812882605018963,0.1111111111111111,0.09922213452261994,0.1111111111111111,0.0,0.5949186415199527,0.11537430863826155,0.0,-0.5135592262370264,0.1111111111111111,0.3091352594538665,0.1111111111111111,0.1768544033270234,1,0
0.0,0.11328976034858387,-0.2844958199592799,-0.4668695745617363,-0.4668695745617363,0.1111111111111111,-0.21563134404748377,-0.5128287882829697,0.14857534644596138,0.1111111111111111,-0.016132469034368106,0.1111111111111111,0.0,-0.12871389390794472,0.0096341289758159,0.0,0.0869332819236188,0.1111111111111111,-0.09634369408832952,0.1111111111111111,0.034791834629782185,1,0
0.3333333333333333,-0.3115468409586057,1.24375098211194,0.0836315540568891,0.083631554056889,0.1111111111111111,-0.5308151347129706,-0.25151423697527286,-0.14001564323410587,0.1111111111111111,-0.12875316726828573,0.1111111111111111,0.05555555555555555,-0.22020348330769882,-0.12881500849105557,0.25,-2.102083711231995,0.1111111111111111,-0.030269367775838486,0.1111111111111111,-0.1074461255133846,0,1
0.3333333333333333,0.054466230936819175,-0.1669275222729985,0.0836315540568891,0.083631554056889,0.1111111111111111,-0.2650012141948678,-1.4809843220475034,-1.2558335710649353,0.1111111111111111,-1.4978381506157068,0.1111111111111111,0.05555555555555555,0.7347250635885336,0.27033223006329665,0.25,0.0021753538983214,0.0,-0.09634369408832952,0.1111111111111111,0.10848346083980917,0,1
0.0,0.9411764705882353,-0.2208127675240223,0.0836315540568891,0.083631554056889,0.1111111111111111,0.06891077223076271,-1.020052667996687,0.1643663624619466,0.0,0.34662058827914216,0.0,0.05555555555555555,-0.12753470614879966,0.05581466598552121,0.25,0.7564222381735122,0.3333333333333333,-1.560868293652152,0.0,0.1261033528455245,1,0
0.2222222222222222,-0.25925925925925924,0.1740148978517919,0.3588821183662018,0.3588821183662018,0.1111111111111111,-0.049741748329829465,0.3057862080103784,-1.2558335710649353,0.1111111111111111,0.12776328546361485,0.1111111111111111,0.08333333333333333,-0.030999099058740386,-2.4349041406302154,0.25,-0.9531238224996238,0.1111111111111111,0.07824744290209906,0.3333333333333333,0.0472670195448528,0,1
0.1111111111111111,0.054466230936819175,-0.2844958199592799,-0.4668695745617363,-0.4668695745617363,0.1111111111111111,0.6104130039316475,0.2993978021609803,0.2237050635851947,0.1111111111111111,0.3011257616335053,0.1111111111111111,0.0,2.0367957352128667,0.3348530150164412,0.0,0.0021753538983214,0.1111111111111111,0.3418025466936434,0.1111111111111111,0.38070954644942445,1,0
0.1111111111111111,0.5577342047930284,-0.2080762207197047,0.0836315540568891,0.083631554056889,0.1111111111111111,0.7957844158320478,-1.4809843220475034,0.30727917842602115,0.1111111111111111,0.5108517606774385,0.1111111111111111,0.05555555555555555,5.51939388056804,0.4123958978726874,0.25,0.5191192900072952,0.3333333333333333,0.3791038555333524,0.1111111111111111,0.4967911202162103,1,0
0.3333333333333333,-0.25925925925925924,0.3268518037888158,0.6341326826755145,0.6341326826755145,0.1111111111111111,0.15645670605328674,-1.4809843220475034,-0.08075179618569549,0.1111111111111111,0.10760500091082818,0.1111111111111111,0.1111111111111111,-0.08754560704028354,-0.05968509296264265,0.25,-0.9531238224996238,0.3333333333333333,-0.09634369408832952,0.1111111111111111,0.5664037311873185,0,1
0.0,2.355119825708061,-0.2844958199592799,-0.4668695745617363,-0.4668695745617363,0.0,0.0058462237024166,0.056368202368968154,-0.07972466956477688,0.0,-1.4978381506157068,0.0,0.0,-0.11400142358674176,-0.04545051618266507,0.0,1.285678693674575,0.0,0.41372934308019005,0.0,-0.38010210665738503,1,0
0.2222222222222222,0.6470588235294118,-0.2481055259427889,-0.1916190102524235,-0.1916190102524236,0.0,-1.1260270411684936,-0.28940318693090666,-1.2558335710649353,0.0,-0.4568893040027248,0.0,0.027777777777777776,-0.2219677851279984,-0.31332519656396846,0.125,0.5814972662319737,0.0,-0.5764763020576268,0.0,-0.2388783948372242,1,0
0.0,0.054466230936819175,-0.2844958199592799,-0.4668695745617363,-0.4668695745617363,0.0,-0.13680329564580224,-0.009989534196517125,0.2416645349056016,0.0,-1.4978381506157068,0.0,0.0,-0.21240013738109814,-2.4349041406302154,0.0,0.0021753538983214,0.0,-1.8377883046032708,0.0,0.29535118989975695,1,0
0.3333333333333333,0.47276688453159044,-0.2040541577179534,0.0836315540568891,0.083631554056889,0.1111111111111111,0.7189626850076584,0.49375898534313617,0.02637354662169581,0.1111111111111111,0.25834845200376205,0.1111111111111111,0.05555555555555555,3.9184093160312794,0.4261094569684939,0.25,0.4544096728511559,0.1111111111111111,0.29847984234923974,0.1111111111111111,0.40305957253974706,0,1
0.2222222222222222,-0.05010893246187364,0.0628645737533742,0.9093832469848272,0.9093832469848272,0.1111111111111111,1.086696606835317,-1.4809843220475034,0.1812882605018963,0.1111111111111111,0.8313016961771357,0.1111111111111111,0.1388888888888889,1.2358962872260466,-2.4349041406302154,0.25,-0.1828566844305228,0.3333333333333333,0.07824744290209906,0.3333333333333333,0.16869886832993028,0,1
0.1111111111111111,-0.25925925925925924,-0.2844958199592799,-0.4668695745617363,-0.4668695745617363,0.1111111111111111,-0.20648701560982222,-0.011697378387615939,0.03126839304430128,0.1111111111111111,0.025080608993885607,0.1111111111111111,0.0,0.055691609300103036,0.03733478133298129,0.0,-0.9531238224996238,0.1111111111111111,-0.08429741416826127,0.1111111111111111,0.013303725308661663,1,0
0.1111111111111111,0.9411764705882353,-0.2844958199592799,-0.4668695745617363,-0.4668695745617363,0.1111111111111111,1.0949790228136222,0.3057862080103784,0.27825682919794725,0.1111111111111111,0.7131989853465474,0.1111111111111111,0.0,5.61280307215992,0.43048133551638956,0.0,0.7564222381735122,0.1111111111111111,0.3552933911311837,0.1111111111111111,0.49289374373641753,1,0
0.2222222222222222,4.098039215686274,-0.2675136396224425,-0.1916190102524235,-0.1916190102524236,0.0,-0.8900094565976017,-0.2133666303559033,0.01750984117789908,0.0,-1.4978381506157068,0.0,0.027777777777777776,-0.21220775406792403,-0.2710415501951242,0.125,1.668921836399024,0.0,-0.20518026247408713,0.0,-2.476644085611099,1,0
0.1111111111111111,3.0,-0.2844958199592799,-0.4668695745617363,-0.4668695745617363,0.1111111111111111,1.091740226899512,0.46164672323856204,0.3333354774730562,0.1111111111111111,0.49224552210794104,0.1111111111111111,0.0,16.974640245693152,0.6116248877915788,0.0,1.4475584443037126,0.1111111111111111,0.4848583755950094,0.1111111111111111,0.586027172631468,1,0
0.1111111111111111,-0.29411764705882354,0.2249537406391757,0.0836315540568891,0.083631554056889,0.1111111111111111,-0.07885980372584772,-1.4809843220475034,0.21400316754995638,0.1111111111111111,0.12776328546361485,0.1111111111111111,0.05555555555555555,-0.16579459534795746,-0.08282810616588625,0.25,-1.3723900433022265,0.3333333333333333,0.07824744290209906,0.1111111111111111,-0.060200737786788555,1,0
0.0,-0.2788671023965142,0.097594534469716,0.0836315540568891,0.083631554056889,0.1111111111111111,-0.7923662126528624,0.09739763844794347,-1.2558335710649353,0.0,-1.4978381506157068,0.1111111111111111,0.05555555555555555,-0.22512705262791127,-1.9890851365132343,0.25,-1.1433092459291831,0.0,-1.8377883046032708,0.3333333333333333,-0.009490907584873259,0,1
0.1111111111111111,-0.29411764705882354,-0.2844958199592799,-0.4668695745617363,-0.4668695745617363,0.1111111111111111,-0.2021121377056024,-0.22887460301959633,-0.06032768875422031,0.1111111111111111,-1.4978381506157068,0.1111111111111111,0.0,-0.1355296887521715,-0.04260204376723723,0.0,-1.3723900433022265,0.1111111111111111,0.13727488481979017,0.1111111111111111,0.21003870833293808,1,0
0.3333333333333333,-0.17429193899782136,0.2886468757888082,1.18463381129414,1.18463381129414,0.1111111111111111,0.2375281393045306,0.24822835716826347,-1.2558335710649353,0.3333333333333333,0.12776328546361485,0.1111111111111111,0.16666666666666666,0.5939012249814585,0.45533257435354596,0.25,-0.5135592262370264,0.1111111111111111,0.204424964019951,0.3333333333333333,-2.476644085611099,0,1
0.2222222222222222,-0.25925925925925924,-0.1316589140222559,-0.1916190102524235,-0.1916190102524236,0.0,-0.5403961378567067,-1.4809843220475034,0.24484068043060625,0.0,-0.12946365119646047,0.0,0.027777777777777776,-0.23133906750090844,-2.4349041406302154,0.125,-0.9531238224996238,0.1111111111111111,-1.8377883046032708,0.0,-0.49629238595325237,1,0
0.2222222222222222,0.054466230936819175,0.0094249242564235,0.9093832469848272,0.9093832469848272,0.3333333333333333,-1.377463035128196,-1.4809843220475034,-1.2558335710649353,0.0,-1.4978381506157068,0.3333333333333333,0.1388888888888889,-0.2275581007560938,-2.4349041406302154,0.25,0.0021753538983214,0.0,-1.8377883046032708,0.0,-0.06351905625755919,0,1
0.1111111111111111,-0.25925925925925924,0.6325256156628638,1.18463381129414,1.18463381129414,0.3333333333333333,0.0860101484033496,-1.4809843220475034,0.0013089566649129294,0.1111111111111111,0.24739437221879784,0.3333333333333333,0.16666666666666666,0.06692226519529518,0.13997425265217076,0.25,-0.9531238224996238,0.3333333333333333,-1.8377883046032708,0.1111111111111111,0.39765349836135255,0,1
0.4444444444444444,-0.29411764705882354,3.28165110422991,3.386638325768641,3.386638325768641,0.3333333333333333,-0.602779158021517,-1.4809843220475034,-0.015781955055106312,0.3333333333333333,0.0,0.3333333333333333,0.38888888888888884,-0.10885460998203098,-2.4349041406302154,0.375,-1.3723900433022265,0.3333333333333333,0.005775291400744047,0.4444444444444444,-0.13387036432829214,0,1
0.1111111111111111,-0.23529411764705882,-0.2844958199592799,-0.4668695745617363,-0.4668695745617363,0.1111111111111111,0.7358519910218112,-0.03293360381684463,-0.01596135525714468,0.1111111111111111,0.695915895802482,0.0,0.0,0.1945015206494741,0.05455926907629866,0.0,-0.7891132362483021,0.1111111111111111,-0.09634369408832952,0.1111111111111111,0.10940689443048357,1,0
0.1111111111111111,-0.30501089324618735,2.3900697985747907,1.4598843756034523,1.4598843756034523,0.4444444444444444,-0.3662878134610376,0.09153975395147536,-0.08945764108225514,0.1111111111111111,-1.4978381506157068,0.3333333333333333,0.19444444444444442,-0.17814918790847234,-0.13179501838479385,0.375,-1.666848273078999,0.3333333333333333,-1.8377883046032708,0.1111111111111111,0.18091095283478892,0,1
0.1111111111111111,0.47276688453159044,-0.2844958199592799,-0.4668695745617363,-0.4668695745617363,0.1111111111111111,1.5085071416186988,0.21218812386795324,0.24588702761207146,0.1111111111111111,0.9466692425054704,0.0,0.0,3.481983663595503,0.4123958978726874,0.0,0.4544096728511559,0.1111111111111111,0.18867079311683255,0.1111111111111111,0.44857565069185484,1,0
0.2222222222222222,-0.29411764705882354,2.5174767633322266,2.5608866328407034,2.560886632840704,0.3333333333333333,-0.32892126286558143,-1.4809843220475034,0.007556892781777171,0.3333333333333333,0.1775047851717382,0.3333333333333333,0.3055555555555555,-0.10950717019825687,-2.4349041406302154,0.25,-1.3723900433022265,0.3333333333333333,-1.8377883046032708,0.3333333333333333,0.228917944366141,0,1
0.1111111111111111,-0.25925925925925924,-0.2844958199592799,-0.4668695745617363,-0.4668695745617363,0.1111111111111111,0.031744633402112685,0.11363053313180634,0.05693515131531388,0.1111111111111111,0.214438587242051,0.1111111111111111,0.0,0.09298112005415597,0.007052355485223839,0.0,-0.9531238224996238,0.1111111111111111,0.08150153470574284,0.1111111111111111,0.03791418142094069,1,0
0.1111111111111111,-0.25925925925925924,-0.2844958199592799,-0.4668695745617363,-0.4668695745617363,0.0,-1.6378921616938666,-1.4809843220475034,-1.2558335710649353,0.1111111111111111,-1.4978381506157068,0.0,0.0,-0.16129959532306956,-0.2131146983687719,0.0,-0.9531238224996238,0.0,-1.8377883046032708,0.1111111111111111,-2.476644085611099,1,0
